year,abbr,D_votes,R_votes,T_votes,third_party_votes,third_party_results,total_votes,source_url
1864,CA,43838,62140,0,8,"{""Other"": 8}",105986,https://en.wikipedia.org/wiki/1864_United_States_presidential_election
1864,CT,42288,44693,0,0,{},86981,https://en.wikipedia.org/wiki/1864_United_States_presidential_election
1864,DE,8767,8155,0,0,{},16922,https://en.wikipedia.org/wiki/1864_United_States_presidential_election
1864,IA,49525,88500,0,0,{},138025,https://en.wikipedia.org/wiki/1864_United_States_presidential_election
1864,IL,158724,189512,0,0,{},348236,https://en.wikipedia.org/wiki/1864_United_States_presidential_election
1864,IN,130233,150422,0,0,{},280655,https://en.wikipedia.org/wiki/1864_United_States_presidential_election
1864,KS,3836,17089,0,655,"{""Other"": 655}",21580,https://en.wikipedia.org/wiki/1864_United_States_presidential_election
1864,KY,64301,27787,0,0,{},92088,https://en.wikipedia.org/wiki/1864_United_States_presidential_election
1864,LA,0,0,0,0,{},0,https://en.wikipedia.org/wiki/1864_United_States_presidential_election
1864,MA,48745,126742,0,3,"{""Other"": 3}",175490,https://en.wikipedia.org/wiki/1864_United_States_presidential_election
1864,MD,32739,40153,0,0,{},72892,https://en.wikipedia.org/wiki/1864_United_States_presidential_election
1864,ME-AL,46992,67805,0,0,{},114797,https://en.wikipedia.org/wiki/1864_United_States_presidential_election
1864,MI,68513,79149,0,0,{},147662,https://en.wikipedia.org/wiki/1864_United_States_presidential_election
1864,MN,17357,25055,0,10,"{""Other"": 10}",42422,https://en.wikipedia.org/wiki/1864_United_States_presidential_election
1864,MO,31596,72750,0,0,{},104346,https://en.wikipedia.org/wiki/1864_United_States_presidential_election
1864,NATIONAL,1806227,2211317,0,658,"{""Other"": 658}",4018202,https://en.wikipedia.org/wiki/1864_United_States_presidential_election
1864,NH,33034,36596,0,0,{},69630,https://en.wikipedia.org/wiki/1864_United_States_presidential_election
1864,NJ,68024,60723,0,0,{},128747,https://en.wikipedia.org/wiki/1864_United_States_presidential_election
1864,NV,6594,9826,0,0,{},16420,https://en.wikipedia.org/wiki/1864_United_States_presidential_election
1864,NY,361986,368735,0,0,{},730721,https://en.wikipedia.org/wiki/1864_United_States_presidential_election
1864,OH,205599,265654,0,0,{},471253,https://en.wikipedia.org/wiki/1864_United_States_presidential_election
1864,OR,8457,9888,0,0,{},18345,https://en.wikipedia.org/wiki/1864_United_States_presidential_election
1864,PA,276316,296391,0,0,{},572707,https://en.wikipedia.org/wiki/1864_United_States_presidential_election
1864,RI,8470,13962,0,0,{},22432,https://en.wikipedia.org/wiki/1864_United_States_presidential_election
1864,TN,5000,30000,0,0,{},35000,https://en.wikipedia.org/wiki/1864_United_States_presidential_election
1864,VT,13322,42420,0,0,{},55742,https://en.wikipedia.org/wiki/1864_United_States_presidential_election
1864,WI,65884,83458,0,0,{},149342,https://en.wikipedia.org/wiki/1864_United_States_presidential_election
1864,WV,11078,23799,0,0,{},34877,https://en.wikipedia.org/wiki/1864_United_States_presidential_election
1868,AL,72921,76667,0,6,"{""Other"": 6}",149594,https://en.wikipedia.org/wiki/1868_United_States_presidential_election
1868,AR,19078,22112,0,0,{},41190,https://en.wikipedia.org/wiki/1868_United_States_presidential_election
1868,CA,54078,54592,0,0,{},108670,https://en.wikipedia.org/wiki/1868_United_States_presidential_election
1868,CT,47844,50788,0,0,{},98632,https://en.wikipedia.org/wiki/1868_United_States_presidential_election
1868,DE,10957,7614,0,0,{},18571,https://en.wikipedia.org/wiki/1868_United_States_presidential_election
1868,FL,0,0,0,0,{},0,https://en.wikipedia.org/wiki/1868_United_States_presidential_election
1868,GA,102707,57109,0,0,{},159816,https://en.wikipedia.org/wiki/1868_United_States_presidential_election
1868,IA,74040,120399,0,0,{},194439,https://en.wikipedia.org/wiki/1868_United_States_presidential_election
1868,IL,199116,250304,0,0,{},449420,https://en.wikipedia.org/wiki/1868_United_States_presidential_election
1868,IN,166980,176552,0,0,{},343532,https://en.wikipedia.org/wiki/1868_United_States_presidential_election
1868,KS,13600,30027,0,3,"{""Other"": 3}",43630,https://en.wikipedia.org/wiki/1868_United_States_presidential_election
1868,KY,115889,39566,0,0,{},155455,https://en.wikipedia.org/wiki/1868_United_States_presidential_election
1868,LA,80225,33263,0,0,{},113488,https://en.wikipedia.org/wiki/1868_United_States_presidential_election
1868,MA,59103,136379,0,26,"{""Other"": 26}",195508,https://en.wikipedia.org/wiki/1868_United_States_presidential_election
1868,MD,62357,30438,0,0,{},92795,https://en.wikipedia.org/wiki/1868_United_States_presidential_election
1868,ME-AL,42460,70502,0,0,{},112962,https://en.wikipedia.org/wiki/1868_United_States_presidential_election
1868,MI,97060,128560,0,0,{},225620,https://en.wikipedia.org/wiki/1868_United_States_presidential_election
1868,MN,28096,43722,0,0,{},71818,https://en.wikipedia.org/wiki/1868_United_States_presidential_election
1868,MO,65628,86860,0,0,{},152488,https://en.wikipedia.org/wiki/1868_United_States_presidential_election
1868,NATIONAL,2708980,3013790,0,0,{},5722440,https://en.wikipedia.org/wiki/1868_United_States_presidential_election
1868,NC,84559,96939,0,0,{},181498,https://en.wikipedia.org/wiki/1868_United_States_presidential_election
1868,NE-AL,5519,9772,0,0,{},15291,https://en.wikipedia.org/wiki/1868_United_States_presidential_election
1868,NH,30575,37718,0,11,"{""Other"": 11}",68304,https://en.wikipedia.org/wiki/1868_United_States_presidential_election
1868,NJ,83001,80131,0,0,{},163132,https://en.wikipedia.org/wiki/1868_United_States_presidential_election
1868,NV,5218,6480,0,0,{},11698,https://en.wikipedia.org/wiki/1868_United_States_presidential_election
1868,NY,429883,419888,0,0,{},849771,https://en.wikipedia.org/wiki/1868_United_States_presidential_election
1868,OH,238621,280167,0,0,{},518788,https://en.wikipedia.org/wiki/1868_United_States_presidential_election
1868,OR,11125,10961,0,0,{},22086,https://en.wikipedia.org/wiki/1868_United_States_presidential_election
1868,PA,313382,342280,0,0,{},655662,https://en.wikipedia.org/wiki/1868_United_States_presidential_election
1868,RI,6548,12993,0,0,{},19541,https://en.wikipedia.org/wiki/1868_United_States_presidential_election
1868,SC,45237,62301,0,0,{},107538,https://en.wikipedia.org/wiki/1868_United_States_presidential_election
1868,TN,26129,56628,0,0,{},82757,https://en.wikipedia.org/wiki/1868_United_States_presidential_election
1868,VT,12045,44167,0,0,{},56212,https://en.wikipedia.org/wiki/1868_United_States_presidential_election
1868,WI,84703,108900,0,0,{},193603,https://en.wikipedia.org/wiki/1868_United_States_presidential_election
1868,WV,20306,29015,0,0,{},49321,https://en.wikipedia.org/wiki/1868_United_States_presidential_election
1872,AL,79444,90272,0,0,{},169716,https://en.wikipedia.org/wiki/1872_United_States_presidential_election
1872,AR,37927,41373,0,0,{},79300,https://en.wikipedia.org/wiki/1872_United_States_presidential_election
1872,CA,39060,51181,920,1146,"{""Charles O'Conor"": 920}",91387,https://en.wikipedia.org/wiki/1872_United_States_presidential_election
1872,CT,45695,50314,0,0,{},96009,https://en.wikipedia.org/wiki/1872_United_States_presidential_election
1872,DE,10205,11129,488,488,"{""Charles O'Conor"": 488}",21822,https://en.wikipedia.org/wiki/1872_United_States_presidential_election
1872,FL,15427,17763,0,0,{},33190,https://en.wikipedia.org/wiki/1872_United_States_presidential_election
1872,GA,76356,62550,0,0,{},138906,https://en.wikipedia.org/wiki/1872_United_States_presidential_election
1872,IA,81636,131566,2221,3163,"{""Charles O'Conor"": 2221}",216365,https://en.wikipedia.org/wiki/1872_United_States_presidential_election
1872,IL,184884,241936,3151,3151,"{""Charles O'Conor"": 3151}",429971,https://en.wikipedia.org/wiki/1872_United_States_presidential_election
1872,IN,163632,186147,1417,1417,"{""Charles O'Conor"": 1417}",351196,https://en.wikipedia.org/wiki/1872_United_States_presidential_election
1872,KS,32970,66805,156,737,"{""Charles O'Conor"": 156}",100512,https://en.wikipedia.org/wiki/1872_United_States_presidential_election
1872,KY,99995,88766,2374,2374,"{""Charles O'Conor"": 2374}",191135,https://en.wikipedia.org/wiki/1872_United_States_presidential_election
1872,LA,57029,71663,0,0,{},128692,https://en.wikipedia.org/wiki/1872_United_States_presidential_election
1872,MA,59195,133455,0,214,"{""Other"": 214}",192864,https://en.wikipedia.org/wiki/1872_United_States_presidential_election
1872,MD,67687,66760,0,0,{},134447,https://en.wikipedia.org/wiki/1872_United_States_presidential_election
1872,ME-AL,29097,61426,0,0,{},90523,https://en.wikipedia.org/wiki/1872_United_States_presidential_election
1872,MI,78551,138758,2875,4146,"{""Charles O'Conor"": 2875}",221455,https://en.wikipedia.org/wiki/1872_United_States_presidential_election
1872,MN,35211,55708,0,0,{},90919,https://en.wikipedia.org/wiki/1872_United_States_presidential_election
1872,MO,151434,119196,2429,2429,"{""Charles O'Conor"": 2429}",273059,https://en.wikipedia.org/wiki/1872_United_States_presidential_election
1872,MS,47282,82175,0,0,{},129457,https://en.wikipedia.org/wiki/1872_United_States_presidential_election
1872,NATIONAL,2833710,3597439,23054,40834,"{""Charles O'Conor"": 23054}",6471983,https://en.wikipedia.org/wiki/1872_United_States_presidential_election
1872,NC,70130,94772,261,261,"{""Charles O'Conor"": 261}",165163,https://en.wikipedia.org/wiki/1872_United_States_presidential_election
1872,NE-AL,7603,18329,0,0,{},25932,https://en.wikipedia.org/wiki/1872_United_States_presidential_election
1872,NH,31425,37168,0,313,"{""Other"": 313}",68906,https://en.wikipedia.org/wiki/1872_United_States_presidential_election
1872,NJ,76456,91656,0,0,{},168112,https://en.wikipedia.org/wiki/1872_United_States_presidential_election
1872,NV,6236,8413,0,0,{},14649,https://en.wikipedia.org/wiki/1872_United_States_presidential_election
1872,NY,387282,440738,0,0,{},828020,https://en.wikipedia.org/wiki/1872_United_States_presidential_election
1872,OH,244321,281852,1163,3263,"{""Charles O'Conor"": 1163}",529436,https://en.wikipedia.org/wiki/1872_United_States_presidential_election
1872,OR,7742,11818,587,587,"{""Charles O'Conor"": 587}",20147,https://en.wikipedia.org/wiki/1872_United_States_presidential_election
1872,PA,212041,349589,0,1632,"{""Other"": 1632}",563262,https://en.wikipedia.org/wiki/1872_United_States_presidential_election
1872,RI,5329,13665,0,0,{},18994,https://en.wikipedia.org/wiki/1872_United_States_presidential_election
1872,SC,22699,72290,204,463,"{""Charles O'Conor"": 204}",95452,https://en.wikipedia.org/wiki/1872_United_States_presidential_election
1872,TN,93391,85655,0,0,{},179046,https://en.wikipedia.org/wiki/1872_United_States_presidential_election
1872,TX,66546,47468,2580,2580,"{""Charles O'Conor"": 2580}",116594,https://en.wikipedia.org/wiki/1872_United_States_presidential_election
1872,VA,91647,93463,85,85,"{""Charles O'Conor"": 85}",185195,https://en.wikipedia.org/wiki/1872_United_States_presidential_election
1872,VT,10926,41480,553,574,"{""Charles O'Conor"": 553}",52980,https://en.wikipedia.org/wiki/1872_United_States_presidential_election
1872,WI,86477,104994,834,834,"{""Charles O'Conor"": 834}",192305,https://en.wikipedia.org/wiki/1872_United_States_presidential_election
1872,WV,29532,32320,615,615,"{""Charles O'Conor"": 615}",62467,https://en.wikipedia.org/wiki/1872_United_States_presidential_election
1876,AL,102989,68708,0,2,"{""Other"": 2}",171699,https://en.wikipedia.org/wiki/1876_United_States_presidential_election
1876,AR,58086,38649,211,211,"{""Peter Cooper"": 211}",96946,https://en.wikipedia.org/wiki/1876_United_States_presidential_election
1876,CA,75845,78614,47,85,"{""Peter Cooper"": 47}",154544,https://en.wikipedia.org/wiki/1876_United_States_presidential_election
1876,CO,0,0,0,0,{},0,https://en.wikipedia.org/wiki/1876_United_States_presidential_election
1876,CT,61927,59033,774,1174,"{""Green Smith"": 374, ""Peter Cooper"": 774}",122134,https://en.wikipedia.org/wiki/1876_United_States_presidential_election
1876,DE,13381,10752,0,0,{},24133,https://en.wikipedia.org/wiki/1876_United_States_presidential_election
1876,FL,22927,23849,0,0,{},46776,https://en.wikipedia.org/wiki/1876_United_States_presidential_election
1876,GA,130157,50533,0,0,{},180690,https://en.wikipedia.org/wiki/1876_United_States_presidential_election
1876,IA,112121,171326,9431,9431,"{""Peter Cooper"": 9431}",292878,https://en.wikipedia.org/wiki/1876_United_States_presidential_election
1876,IL,258611,278232,17207,17384,"{""Peter Cooper"": 17207}",554227,https://en.wikipedia.org/wiki/1876_United_States_presidential_election
1876,IN,213526,208011,17233,17374,"{""Green Smith"": 141, ""Peter Cooper"": 17233}",438911,https://en.wikipedia.org/wiki/1876_United_States_presidential_election
1876,KS,37902,78324,7770,7908,"{""Green Smith"": 110, ""Peter Cooper"": 7770}",124134,https://en.wikipedia.org/wiki/1876_United_States_presidential_election
1876,KY,160060,97568,0,2998,"{""Other"": 2998}",260626,https://en.wikipedia.org/wiki/1876_United_States_presidential_election
1876,LA,70508,75315,0,0,{},145823,https://en.wikipedia.org/wiki/1876_United_States_presidential_election
1876,MA,108777,150064,0,779,"{""Other"": 779}",259620,https://en.wikipedia.org/wiki/1876_United_States_presidential_election
1876,MD,91779,71980,0,0,{},163759,https://en.wikipedia.org/wiki/1876_United_States_presidential_election
1876,ME-AL,49917,66300,0,828,"{""Other"": 828}",117045,https://en.wikipedia.org/wiki/1876_United_States_presidential_election
1876,MI,141685,166901,9023,9864,"{""Green Smith"": 766, ""Peter Cooper"": 9023}",318450,https://en.wikipedia.org/wiki/1876_United_States_presidential_election
1876,MN,48587,72955,2389,2533,"{""Green Smith"": 144, ""Peter Cooper"": 2389}",124075,https://en.wikipedia.org/wiki/1876_United_States_presidential_election
1876,MO,202086,145027,3497,3497,"{""Peter Cooper"": 3497}",350610,https://en.wikipedia.org/wiki/1876_United_States_presidential_election
1876,MS,112173,52603,0,0,{},164776,https://en.wikipedia.org/wiki/1876_United_States_presidential_election
1876,NATIONAL,4286808,4034142,83726,97709,"{""Green Smith"": 6945, ""Peter Cooper"": 83726}",8418659,https://en.wikipedia.org/wiki/1876_United_States_presidential_election
1876,NC,125427,108484,0,0,{},233911,https://en.wikipedia.org/wiki/1876_United_States_presidential_election
1876,NE-AL,17413,31915,0,0,{},49328,https://en.wikipedia.org/wiki/1876_United_States_presidential_election
1876,NH,38510,41540,0,91,"{""Other"": 91}",80141,https://en.wikipedia.org/wiki/1876_United_States_presidential_election
1876,NJ,115962,103517,714,714,"{""Peter Cooper"": 714}",220193,https://en.wikipedia.org/wiki/1876_United_States_presidential_election
1876,NV,9308,10383,0,0,{},19691,https://en.wikipedia.org/wiki/1876_United_States_presidential_election
1876,NY,521949,489207,2369,4347,"{""Green Smith"": 2369, ""Peter Cooper"": 1978}",1015503,https://en.wikipedia.org/wiki/1876_United_States_presidential_election
1876,OH,323182,330698,3057,4769,"{""Green Smith"": 1636, ""Peter Cooper"": 3057}",658649,https://en.wikipedia.org/wiki/1876_United_States_presidential_election
1876,OR,14157,15214,510,510,"{""Peter Cooper"": 510}",29881,https://en.wikipedia.org/wiki/1876_United_States_presidential_election
1876,PA,366204,384184,7204,8605,"{""Green Smith"": 1318, ""Peter Cooper"": 7204}",758993,https://en.wikipedia.org/wiki/1876_United_States_presidential_election
1876,RI,10712,15787,68,128,"{""Green Smith"": 60, ""Peter Cooper"": 68}",26627,https://en.wikipedia.org/wiki/1876_United_States_presidential_election
1876,SC,90897,91786,0,0,{},182683,https://en.wikipedia.org/wiki/1876_United_States_presidential_election
1876,TN,133177,89566,0,0,{},222743,https://en.wikipedia.org/wiki/1876_United_States_presidential_election
1876,TX,104755,44800,0,0,{},149555,https://en.wikipedia.org/wiki/1876_United_States_presidential_election
1876,VA,140770,95518,0,0,{},236288,https://en.wikipedia.org/wiki/1876_United_States_presidential_election
1876,VT,20254,44091,0,208,"{""Other"": 208}",64553,https://en.wikipedia.org/wiki/1876_United_States_presidential_election
1876,WI,123926,130067,1509,3184,"{""Green Smith"": 27, ""Peter Cooper"": 1509}",257177,https://en.wikipedia.org/wiki/1876_United_States_presidential_election
1876,WV,56546,41997,1104,1104,"{""Peter Cooper"": 1104}",99647,https://en.wikipedia.org/wiki/1876_United_States_presidential_election
1880,AL,91185,56221,4642,4642,"{""James Weaver"": 4642}",152048,https://en.wikipedia.org/wiki/1880_United_States_presidential_election
1880,AR,60775,42436,4079,4079,"{""James Weaver"": 4079}",107290,https://en.wikipedia.org/wiki/1880_United_States_presidential_election
1880,CA,80442,80348,3394,3531,"{""James Weaver"": 3394, ""John Phelps"": 6, ""Neal Dow"": 61}",164321,https://en.wikipedia.org/wiki/1880_United_States_presidential_election
1880,CO,24647,27450,1435,1449,"{""James Weaver"": 1435}",53546,https://en.wikipedia.org/wiki/1880_United_States_presidential_election
1880,CT,64415,67071,868,1316,"{""James Weaver"": 868, ""Neal Dow"": 409}",132802,https://en.wikipedia.org/wiki/1880_United_States_presidential_election
1880,DE,15275,14133,120,120,"{""James Weaver"": 120}",29528,https://en.wikipedia.org/wiki/1880_United_States_presidential_election
1880,FL,27964,23654,0,0,{},51618,https://en.wikipedia.org/wiki/1880_United_States_presidential_election
1880,GA,102470,54086,0,0,{},156556,https://en.wikipedia.org/wiki/1880_United_States_presidential_election
1880,IA,105845,183927,32701,33726,"{""James Weaver"": 32701, ""John Phelps"": 433, ""Neal Dow"": 592}",323498,https://en.wikipedia.org/wiki/1880_United_States_presidential_election
1880,IL,277321,318037,26358,26954,"{""James Weaver"": 26358, ""John Phelps"": 153, ""Neal Dow"": 443}",622312,https://en.wikipedia.org/wiki/1880_United_States_presidential_election
1880,IN,225522,232164,12986,12986,"{""James Weaver"": 12986}",470672,https://en.wikipedia.org/wiki/1880_United_States_presidential_election
1880,KS,59801,121549,19851,19876,"{""James Weaver"": 19851, ""Neal Dow"": 25}",201226,https://en.wikipedia.org/wiki/1880_United_States_presidential_election
1880,KY,149068,106306,11499,11730,"{""James Weaver"": 11499, ""Neal Dow"": 258}",267104,https://en.wikipedia.org/wiki/1880_United_States_presidential_election
1880,LA,65067,38637,439,439,"{""James Weaver"": 439}",104143,https://en.wikipedia.org/wiki/1880_United_States_presidential_election
1880,MA,111690,165205,4548,5230,"{""James Weaver"": 4548, ""Neal Dow"": 682}",282125,https://en.wikipedia.org/wiki/1880_United_States_presidential_election
1880,MD,93706,78515,818,818,"{""James Weaver"": 818}",173039,https://en.wikipedia.org/wiki/1880_United_States_presidential_election
1880,ME-AL,65171,74056,4480,4676,"{""James Weaver"": 4480, ""John Phelps"": 142, ""Neal Dow"": 93}",143903,https://en.wikipedia.org/wiki/1880_United_States_presidential_election
1880,MI,131597,185341,34895,35839,"{""James Weaver"": 34895, ""John Phelps"": 2, ""Neal Dow"": 942}",352777,https://en.wikipedia.org/wiki/1880_United_States_presidential_election
1880,MN,53315,93903,3267,3553,"{""James Weaver"": 3267, ""Neal Dow"": 286}",150771,https://en.wikipedia.org/wiki/1880_United_States_presidential_election
1880,MO,208609,153567,35135,38135,"{""James Weaver"": 35135}",400311,https://en.wikipedia.org/wiki/1880_United_States_presidential_election
1880,MS,75750,34854,5797,5797,"{""James Weaver"": 5797}",116401,https://en.wikipedia.org/wiki/1880_United_States_presidential_election
1880,NATIONAL,4444976,4454433,308649,320068,"{""James Weaver"": 308649, ""John Phelps"": 1045, ""Neal Dow"": 10364}",9219477,https://en.wikipedia.org/wiki/1880_United_States_presidential_election
1880,NC,124208,115874,1126,1126,"{""James Weaver"": 1126}",241208,https://en.wikipedia.org/wiki/1880_United_States_presidential_election
1880,NE-AL,28523,54979,3950,3950,"{""James Weaver"": 3950}",87452,https://en.wikipedia.org/wiki/1880_United_States_presidential_election
1880,NH,40794,44852,528,708,"{""James Weaver"": 528, ""Neal Dow"": 180}",86354,https://en.wikipedia.org/wiki/1880_United_States_presidential_election
1880,NJ,122565,120555,2617,2808,"{""James Weaver"": 2617, ""Neal Dow"": 191}",245928,https://en.wikipedia.org/wiki/1880_United_States_presidential_election
1880,NV,9613,8732,0,0,{},18345,https://en.wikipedia.org/wiki/1880_United_States_presidential_election
1880,NY,534511,555544,12373,13890,"{""James Weaver"": 12373, ""John Phelps"": 75, ""Neal Dow"": 1517}",1103945,https://en.wikipedia.org/wiki/1880_United_States_presidential_election
1880,OH,340821,375048,6456,9098,"{""James Weaver"": 6456, ""Neal Dow"": 2616}",724967,https://en.wikipedia.org/wiki/1880_United_States_presidential_election
1880,OR,19955,20619,245,245,"{""James Weaver"": 245}",40819,https://en.wikipedia.org/wiki/1880_United_States_presidential_election
1880,PA,407428,444704,20668,22651,"{""James Weaver"": 20668, ""John Phelps"": 44, ""Neal Dow"": 1939}",874783,https://en.wikipedia.org/wiki/1880_United_States_presidential_election
1880,RI,10779,18195,236,261,"{""James Weaver"": 236, ""Neal Dow"": 20}",29235,https://en.wikipedia.org/wiki/1880_United_States_presidential_election
1880,SC,112312,58071,566,566,"{""James Weaver"": 566}",170949,https://en.wikipedia.org/wiki/1880_United_States_presidential_election
1880,TN,129191,107677,5917,5960,"{""James Weaver"": 5917, ""Neal Dow"": 43}",242828,https://en.wikipedia.org/wiki/1880_United_States_presidential_election
1880,TX,156428,57893,27405,27405,"{""James Weaver"": 27405}",241726,https://en.wikipedia.org/wiki/1880_United_States_presidential_election
1880,VA,128083,83533,0,0,{},211616,https://en.wikipedia.org/wiki/1880_United_States_presidential_election
1880,VT,18316,45567,1215,1320,"{""James Weaver"": 1215, ""John Phelps"": 105}",65203,https://en.wikipedia.org/wiki/1880_United_States_presidential_election
1880,WI,114649,144400,7986,8146,"{""James Weaver"": 7986, ""John Phelps"": 91, ""Neal Dow"": 69}",267195,https://en.wikipedia.org/wiki/1880_United_States_presidential_election
1880,WV,57391,46243,9079,9079,"{""James Weaver"": 9079}",112713,https://en.wikipedia.org/wiki/1880_United_States_presidential_election
1884,AL,92736,59444,762,1444,"{""Benjamin Butler"": 762, ""John St. John"": 610}",153624,https://en.wikipedia.org/wiki/1884_United_States_presidential_election
1884,AR,72734,51198,1847,1847,"{""Benjamin Butler"": 1847}",125779,https://en.wikipedia.org/wiki/1884_United_States_presidential_election
1884,CA,89288,102369,2965,5331,"{""Benjamin Butler"": 2037, ""John St. John"": 2965}",196988,https://en.wikipedia.org/wiki/1884_United_States_presidential_election
1884,CO,27723,36084,1956,2712,"{""Benjamin Butler"": 1956, ""John St. John"": 756}",66519,https://en.wikipedia.org/wiki/1884_United_States_presidential_election
1884,CT,67182,65898,2493,4177,"{""Benjamin Butler"": 1684, ""John St. John"": 2493}",137257,https://en.wikipedia.org/wiki/1884_United_States_presidential_election
1884,DE,16957,12953,64,74,"{""Benjamin Butler"": 10, ""John St. John"": 64}",29984,https://en.wikipedia.org/wiki/1884_United_States_presidential_election
1884,FL,31769,28031,72,190,"{""John St. John"": 72}",59990,https://en.wikipedia.org/wiki/1884_United_States_presidential_election
1884,GA,94667,48603,195,340,"{""Benjamin Butler"": 145, ""John St. John"": 195}",143610,https://en.wikipedia.org/wiki/1884_United_States_presidential_election
1884,IA,177316,197089,1499,2796,"{""John St. John"": 1499}",377201,https://en.wikipedia.org/wiki/1884_United_States_presidential_election
1884,IL,312351,337469,12074,22850,"{""Benjamin Butler"": 10776, ""John St. John"": 12074}",672670,https://en.wikipedia.org/wiki/1884_United_States_presidential_election
1884,IN,245005,238489,8810,11838,"{""Benjamin Butler"": 8810, ""John St. John"": 3028}",495332,https://en.wikipedia.org/wiki/1884_United_States_presidential_election
1884,KS,90132,154406,16346,21310,"{""Benjamin Butler"": 16346, ""John St. John"": 4495}",265848,https://en.wikipedia.org/wiki/1884_United_States_presidential_election
1884,KY,152961,118690,3139,4830,"{""Benjamin Butler"": 1691, ""John St. John"": 3139}",276481,https://en.wikipedia.org/wiki/1884_United_States_presidential_election
1884,LA,62594,46347,338,458,"{""Benjamin Butler"": 120, ""John St. John"": 338}",109399,https://en.wikipedia.org/wiki/1884_United_States_presidential_election
1884,MA,122352,146724,24382,34307,"{""Benjamin Butler"": 24382, ""John St. John"": 9923}",303383,https://en.wikipedia.org/wiki/1884_United_States_presidential_election
1884,MD,96866,85748,2827,3405,"{""Benjamin Butler"": 578, ""John St. John"": 2827}",186019,https://en.wikipedia.org/wiki/1884_United_States_presidential_election
1884,ME-AL,52153,72217,3955,6121,"{""Benjamin Butler"": 3955, ""John St. John"": 2160}",130491,https://en.wikipedia.org/wiki/1884_United_States_presidential_election
1884,MI,189361,192669,18403,19156,"{""Benjamin Butler"": 753, ""John St. John"": 18403}",401186,https://en.wikipedia.org/wiki/1884_United_States_presidential_election
1884,MN,70065,111685,4684,8267,"{""Benjamin Butler"": 3583, ""John St. John"": 4684}",190017,https://en.wikipedia.org/wiki/1884_United_States_presidential_election
1884,MO,236023,203081,2164,2164,"{""John St. John"": 2164}",441268,https://en.wikipedia.org/wiki/1884_United_States_presidential_election
1884,MS,77653,43035,0,0,{},120688,https://en.wikipedia.org/wiki/1884_United_States_presidential_election
1884,NATIONAL,4914482,4856903,150890,288760,"{""Benjamin Butler"": 134294, ""John St. John"": 150890}",10060145,https://en.wikipedia.org/wiki/1884_United_States_presidential_election
1884,NC,142905,125021,430,430,"{""John St. John"": 430}",268356,https://en.wikipedia.org/wiki/1884_United_States_presidential_election
1884,NE-AL,54391,76912,2899,2899,"{""John St. John"": 2899}",134202,https://en.wikipedia.org/wiki/1884_United_States_presidential_election
1884,NH,39198,43254,1580,2134,"{""Benjamin Butler"": 554, ""John St. John"": 1580}",84586,https://en.wikipedia.org/wiki/1884_United_States_presidential_election
1884,NJ,127798,123440,6159,9683,"{""Benjamin Butler"": 3496, ""John St. John"": 6159}",260921,https://en.wikipedia.org/wiki/1884_United_States_presidential_election
1884,NV,5578,7193,26,26,"{""Benjamin Butler"": 26}",12797,https://en.wikipedia.org/wiki/1884_United_States_presidential_election
1884,NY,563154,562005,25006,42010,"{""Benjamin Butler"": 17004, ""John St. John"": 25006}",1167169,https://en.wikipedia.org/wiki/1884_United_States_presidential_election
1884,OH,368280,400082,11069,16248,"{""Benjamin Butler"": 5179, ""John St. John"": 11069}",784610,https://en.wikipedia.org/wiki/1884_United_States_presidential_election
1884,OR,24604,26860,726,1218,"{""Benjamin Butler"": 726, ""John St. John"": 492}",52682,https://en.wikipedia.org/wiki/1884_United_States_presidential_election
1884,PA,392785,478804,16992,32275,"{""Benjamin Butler"": 16992, ""John St. John"": 15283}",903864,https://en.wikipedia.org/wiki/1884_United_States_presidential_election
1884,RI,12391,19030,928,1350,"{""Benjamin Butler"": 422, ""John St. John"": 928}",32771,https://en.wikipedia.org/wiki/1884_United_States_presidential_election
1884,SC,69845,21730,0,1237,"{""Other"": 1237}",92812,https://en.wikipedia.org/wiki/1884_United_States_presidential_election
1884,TN,133770,124101,1150,2107,"{""Benjamin Butler"": 957, ""John St. John"": 1150}",259978,https://en.wikipedia.org/wiki/1884_United_States_presidential_election
1884,TX,225309,93141,3534,6855,"{""Benjamin Butler"": 3321, ""John St. John"": 3534}",325305,https://en.wikipedia.org/wiki/1884_United_States_presidential_election
1884,VA,145491,139356,130,130,"{""John St. John"": 130}",284977,https://en.wikipedia.org/wiki/1884_United_States_presidential_election
1884,VT,17331,39514,1753,2556,"{""Benjamin Butler"": 785, ""John St. John"": 1753}",59401,https://en.wikipedia.org/wiki/1884_United_States_presidential_election
1884,WI,146453,161135,7649,12247,"{""Benjamin Butler"": 4598, ""John St. John"": 7649}",319835,https://en.wikipedia.org/wiki/1884_United_States_presidential_election
1884,WV,67311,63096,939,1738,"{""Benjamin Butler"": 799, ""John St. John"": 939}",132145,https://en.wikipedia.org/wiki/1884_United_States_presidential_election
1888,AL,117314,57177,594,594,"{""Clinton Fisk"": 594}",175085,https://en.wikipedia.org/wiki/1888_United_States_presidential_election
1888,AR,86062,59752,10630,11244,"{""Alson Streeter"": 10630, ""Clinton Fisk"": 614}",157058,https://en.wikipedia.org/wiki/1888_United_States_presidential_election
1888,CA,117729,124816,5761,8794,"{""Clinton Fisk"": 5761}",251339,https://en.wikipedia.org/wiki/1888_United_States_presidential_election
1888,CO,37549,50772,2182,3625,"{""Alson Streeter"": 1266, ""Clinton Fisk"": 2182}",91946,https://en.wikipedia.org/wiki/1888_United_States_presidential_election
1888,CT,74920,74584,4234,4474,"{""Alson Streeter"": 240, ""Clinton Fisk"": 4234}",153978,https://en.wikipedia.org/wiki/1888_United_States_presidential_election
1888,DE,16414,12950,399,400,"{""Clinton Fisk"": 399}",29764,https://en.wikipedia.org/wiki/1888_United_States_presidential_election
1888,FL,39557,26529,414,414,"{""Clinton Fisk"": 414}",66500,https://en.wikipedia.org/wiki/1888_United_States_presidential_election
1888,GA,100493,40499,1808,1944,"{""Alson Streeter"": 136, ""Clinton Fisk"": 1808}",142936,https://en.wikipedia.org/wiki/1888_United_States_presidential_election
1888,IA,179877,211603,9105,12655,"{""Alson Streeter"": 9105, ""Clinton Fisk"": 3550}",404135,https://en.wikipedia.org/wiki/1888_United_States_presidential_election
1888,IL,348351,370475,21703,28987,"{""Alson Streeter"": 7134, ""Clinton Fisk"": 21703}",747813,https://en.wikipedia.org/wiki/1888_United_States_presidential_election
1888,IN,261013,263361,9881,12575,"{""Alson Streeter"": 2694, ""Clinton Fisk"": 9881}",536949,https://en.wikipedia.org/wiki/1888_United_States_presidential_election
1888,KS,102745,182904,37788,45500,"{""Alson Streeter"": 37788, ""Clinton Fisk"": 6779}",331149,https://en.wikipedia.org/wiki/1888_United_States_presidential_election
1888,KY,183830,155138,5223,5900,"{""Alson Streeter"": 677, ""Clinton Fisk"": 5223}",344868,https://en.wikipedia.org/wiki/1888_United_States_presidential_election
1888,LA,85032,30660,160,199,"{""Alson Streeter"": 39, ""Clinton Fisk"": 160}",115891,https://en.wikipedia.org/wiki/1888_United_States_presidential_election
1888,MA,151590,183892,8701,8761,"{""Clinton Fisk"": 8701}",344243,https://en.wikipedia.org/wiki/1888_United_States_presidential_election
1888,MD,106188,99986,4767,4767,"{""Clinton Fisk"": 4767}",210941,https://en.wikipedia.org/wiki/1888_United_States_presidential_election
1888,ME-AL,50472,73730,2691,4051,"{""Alson Streeter"": 1344, ""Clinton Fisk"": 2691}",128253,https://en.wikipedia.org/wiki/1888_United_States_presidential_election
1888,MI,213469,236387,20945,25500,"{""Alson Streeter"": 4555, ""Clinton Fisk"": 20945}",475356,https://en.wikipedia.org/wiki/1888_United_States_presidential_election
1888,MN,104385,142492,15311,16408,"{""Alson Streeter"": 1097, ""Clinton Fisk"": 15311}",263285,https://en.wikipedia.org/wiki/1888_United_States_presidential_election
1888,MO,261943,236252,18626,23165,"{""Alson Streeter"": 18626, ""Clinton Fisk"": 4539}",521360,https://en.wikipedia.org/wiki/1888_United_States_presidential_election
1888,MS,85451,30095,240,240,"{""Clinton Fisk"": 240}",115786,https://en.wikipedia.org/wiki/1888_United_States_presidential_election
1888,NATIONAL,5538163,5443633,250017,407050,"{""Alson Streeter"": 149115, ""Clinton Fisk"": 250017}",11388846,https://en.wikipedia.org/wiki/1888_United_States_presidential_election
1888,NC,147902,134784,2840,2877,"{""Clinton Fisk"": 2840}",285563,https://en.wikipedia.org/wiki/1888_United_States_presidential_election
1888,NE-AL,80552,108425,9429,13655,"{""Alson Streeter"": 4226, ""Clinton Fisk"": 9429}",202632,https://en.wikipedia.org/wiki/1888_United_States_presidential_election
1888,NH,43456,45728,1593,1651,"{""Clinton Fisk"": 1593}",90835,https://en.wikipedia.org/wiki/1888_United_States_presidential_election
1888,NJ,151508,144360,7933,7933,"{""Clinton Fisk"": 7933}",303801,https://en.wikipedia.org/wiki/1888_United_States_presidential_election
1888,NV,5149,7088,41,41,"{""Clinton Fisk"": 41}",12278,https://en.wikipedia.org/wiki/1888_United_States_presidential_election
1888,NY,635965,650338,30231,33445,"{""Alson Streeter"": 627, ""Clinton Fisk"": 30231}",1319748,https://en.wikipedia.org/wiki/1888_United_States_presidential_election
1888,OH,396455,416054,24356,27852,"{""Alson Streeter"": 3496, ""Clinton Fisk"": 24356}",840361,https://en.wikipedia.org/wiki/1888_United_States_presidential_election
1888,OR,26522,33291,1677,2040,"{""Clinton Fisk"": 1677}",61853,https://en.wikipedia.org/wiki/1888_United_States_presidential_election
1888,PA,446633,526091,20947,24844,"{""Alson Streeter"": 3873, ""Clinton Fisk"": 20947}",997568,https://en.wikipedia.org/wiki/1888_United_States_presidential_election
1888,RI,17530,21969,1251,1276,"{""Alson Streeter"": 18, ""Clinton Fisk"": 1251}",40775,https://en.wikipedia.org/wiki/1888_United_States_presidential_election
1888,SC,65824,13736,0,437,"{""Other"": 437}",79997,https://en.wikipedia.org/wiki/1888_United_States_presidential_election
1888,TN,158699,138978,5969,6017,"{""Alson Streeter"": 48, ""Clinton Fisk"": 5969}",303694,https://en.wikipedia.org/wiki/1888_United_States_presidential_election
1888,TX,234883,88422,29459,34208,"{""Alson Streeter"": 29459, ""Clinton Fisk"": 4749}",357513,https://en.wikipedia.org/wiki/1888_United_States_presidential_election
1888,VA,152004,150399,1684,1684,"{""Clinton Fisk"": 1684}",304087,https://en.wikipedia.org/wiki/1888_United_States_presidential_election
1888,VT,16788,45192,1977,3472,"{""Alson Streeter"": 1977, ""Clinton Fisk"": 1460}",65452,https://en.wikipedia.org/wiki/1888_United_States_presidential_election
1888,WI,155232,176553,14277,22829,"{""Alson Streeter"": 8552, ""Clinton Fisk"": 14277}",354614,https://en.wikipedia.org/wiki/1888_United_States_presidential_election
1888,WV,78677,78171,1508,2592,"{""Alson Streeter"": 1508, ""Clinton Fisk"": 1084}",159440,https://en.wikipedia.org/wiki/1888_United_States_presidential_election
1892,AL,138135,9184,84984,85224,"{""James Weaver"": 84984, ""John Bidwell"": 240}",232543,https://en.wikipedia.org/wiki/1892_United_States_presidential_election
1892,AR,87834,47072,11831,13211,"{""James Weaver"": 11831, ""John Bidwell"": 113}",148117,https://en.wikipedia.org/wiki/1892_United_States_presidential_election
1892,CA,118174,118027,25311,33408,"{""James Weaver"": 25311, ""John Bidwell"": 8096}",269609,https://en.wikipedia.org/wiki/1892_United_States_presidential_election
1892,CO,0,38620,53584,55271,"{""James Weaver"": 53584, ""John Bidwell"": 1687}",93891,https://en.wikipedia.org/wiki/1892_United_States_presidential_election
1892,CT,82395,77032,4026,5168,"{""James Weaver"": 809, ""John Bidwell"": 4026, ""Simon Wing"": 333}",164595,https://en.wikipedia.org/wiki/1892_United_States_presidential_election
1892,DE,18581,18077,564,577,"{""John Bidwell"": 564}",37235,https://en.wikipedia.org/wiki/1892_United_States_presidential_election
1892,FL,30153,0,4843,5318,"{""James Weaver"": 4843, ""John Bidwell"": 475}",35471,https://en.wikipedia.org/wiki/1892_United_States_presidential_election
1892,GA,129446,48408,41939,45272,"{""James Weaver"": 41939, ""John Bidwell"": 988}",223126,https://en.wikipedia.org/wiki/1892_United_States_presidential_election
1892,IA,196367,219795,20595,26997,"{""James Weaver"": 20595, ""John Bidwell"": 6402}",443159,https://en.wikipedia.org/wiki/1892_United_States_presidential_election
1892,ID,0,8599,10520,10808,"{""James Weaver"": 10520, ""John Bidwell"": 288}",19407,https://en.wikipedia.org/wiki/1892_United_States_presidential_election
1892,IL,426281,399288,25871,48078,"{""James Weaver"": 22207, ""John Bidwell"": 25871}",873647,https://en.wikipedia.org/wiki/1892_United_States_presidential_election
1892,IN,262740,255615,22208,35258,"{""James Weaver"": 22208, ""John Bidwell"": 13050}",553613,https://en.wikipedia.org/wiki/1892_United_States_presidential_election
1892,KS,0,157241,163111,167664,"{""James Weaver"": 163111, ""John Bidwell"": 4553}",324905,https://en.wikipedia.org/wiki/1892_United_States_presidential_election
1892,KY,175461,135462,23500,29941,"{""James Weaver"": 23500, ""John Bidwell"": 6441}",340864,https://en.wikipedia.org/wiki/1892_United_States_presidential_election
1892,LA,87926,26963,0,0,{},114889,https://en.wikipedia.org/wiki/1892_United_States_presidential_election
1892,MA,176813,202814,7539,11401,"{""James Weaver"": 3210, ""John Bidwell"": 7539, ""Simon Wing"": 649}",391028,https://en.wikipedia.org/wiki/1892_United_States_presidential_election
1892,MD,113866,92736,5877,6673,"{""James Weaver"": 796, ""John Bidwell"": 5877}",213275,https://en.wikipedia.org/wiki/1892_United_States_presidential_election
1892,ME-AL,48049,62936,3066,5466,"{""James Weaver"": 2396, ""John Bidwell"": 3066}",116451,https://en.wikipedia.org/wiki/1892_United_States_presidential_election
1892,MI,201624,222708,20857,41713,"{""James Weaver"": 19931, ""John Bidwell"": 20857}",466045,https://en.wikipedia.org/wiki/1892_United_States_presidential_election
1892,MN,100920,122823,29313,43495,"{""James Weaver"": 29313, ""John Bidwell"": 14182}",267238,https://en.wikipedia.org/wiki/1892_United_States_presidential_election
1892,MO,268400,227646,41204,45537,"{""James Weaver"": 41204, ""John Bidwell"": 4333}",541583,https://en.wikipedia.org/wiki/1892_United_States_presidential_election
1892,MS,40030,1398,10118,11091,"{""James Weaver"": 10118, ""John Bidwell"": 973}",52519,https://en.wikipedia.org/wiki/1892_United_States_presidential_election
1892,MT,17690,18871,7338,7900,"{""James Weaver"": 7338, ""John Bidwell"": 562}",44461,https://en.wikipedia.org/wiki/1892_United_States_presidential_election
1892,NATIONAL,5553898,5190799,1026595,1323330,"{""James Weaver"": 1026595, ""John Bidwell"": 270889, ""Simon Wing"": 21173}",12068027,https://en.wikipedia.org/wiki/1892_United_States_presidential_election
1892,NC,132951,100346,44336,46973,"{""James Weaver"": 44336, ""John Bidwell"": 2637}",280270,https://en.wikipedia.org/wiki/1892_United_States_presidential_election
1892,ND,0,17519,17700,18599,"{""James Weaver"": 17700, ""John Bidwell"": 899}",36118,https://en.wikipedia.org/wiki/1892_United_States_presidential_election
1892,NE-AL,24943,87213,83134,88036,"{""James Weaver"": 83134, ""John Bidwell"": 4902}",200192,https://en.wikipedia.org/wiki/1892_United_States_presidential_election
1892,NH,42081,45658,1297,1590,"{""James Weaver"": 293, ""John Bidwell"": 1297}",89329,https://en.wikipedia.org/wiki/1892_United_States_presidential_election
1892,NJ,171066,156101,8134,10456,"{""James Weaver"": 985, ""John Bidwell"": 8134, ""Simon Wing"": 1337}",337623,https://en.wikipedia.org/wiki/1892_United_States_presidential_election
1892,NV,714,2811,7264,7353,"{""James Weaver"": 7264, ""John Bidwell"": 89}",10878,https://en.wikipedia.org/wiki/1892_United_States_presidential_election
1892,NY,654868,609350,38190,72575,"{""James Weaver"": 16429, ""John Bidwell"": 38190, ""Simon Wing"": 17956}",1336793,https://en.wikipedia.org/wiki/1892_United_States_presidential_election
1892,OH,404115,405187,26012,40862,"{""James Weaver"": 14850, ""John Bidwell"": 26012}",850164,https://en.wikipedia.org/wiki/1892_United_States_presidential_election
1892,OR,14243,35002,26965,29246,"{""James Weaver"": 26965, ""John Bidwell"": 2281}",78491,https://en.wikipedia.org/wiki/1892_United_States_presidential_election
1892,PA,452264,516011,25123,34735,"{""James Weaver"": 8714, ""John Bidwell"": 25123, ""Simon Wing"": 898}",1003010,https://en.wikipedia.org/wiki/1892_United_States_presidential_election
1892,RI,24336,26975,1654,1885,"{""James Weaver"": 228, ""John Bidwell"": 1654}",53196,https://en.wikipedia.org/wiki/1892_United_States_presidential_election
1892,SC,54680,13345,2407,2479,"{""James Weaver"": 2407}",70504,https://en.wikipedia.org/wiki/1892_United_States_presidential_election
1892,SD,9081,34888,26544,26544,"{""James Weaver"": 26544}",70513,https://en.wikipedia.org/wiki/1892_United_States_presidential_election
1892,TN,136468,100537,23918,28727,"{""James Weaver"": 23918, ""John Bidwell"": 4809}",265732,https://en.wikipedia.org/wiki/1892_United_States_presidential_election
1892,TX,239148,81144,99688,101853,"{""James Weaver"": 99688, ""John Bidwell"": 2165}",422145,https://en.wikipedia.org/wiki/1892_United_States_presidential_election
1892,VA,164136,113098,12275,15004,"{""James Weaver"": 12275, ""John Bidwell"": 2729}",292238,https://en.wikipedia.org/wiki/1892_United_States_presidential_election
1892,VT,16325,37992,1424,1479,"{""James Weaver"": 44, ""John Bidwell"": 1424}",55796,https://en.wikipedia.org/wiki/1892_United_States_presidential_election
1892,WA,29802,36460,19165,21707,"{""James Weaver"": 19165, ""John Bidwell"": 2542}",87969,https://en.wikipedia.org/wiki/1892_United_States_presidential_election
1892,WI,177325,171101,13136,23155,"{""James Weaver"": 10019, ""John Bidwell"": 13136}",371581,https://en.wikipedia.org/wiki/1892_United_States_presidential_election
1892,WV,84467,80292,4167,6320,"{""James Weaver"": 4167, ""John Bidwell"": 2153}",171079,https://en.wikipedia.org/wiki/1892_United_States_presidential_election
1892,WY,0,8454,7722,8281,"{""James Weaver"": 7722, ""John Bidwell"": 530}",16735,https://en.wikipedia.org/wiki/1892_United_States_presidential_election
1896,AL,130298,55673,6375,8609,"{""John Palmer"": 6375, ""Joshua Levering"": 2234}",194580,https://en.wikipedia.org/wiki/1896_United_States_presidential_election
1896,AR,110103,37512,893,1732,"{""Charles Bentley"": 893, ""Joshua Levering"": 839}",149347,https://en.wikipedia.org/wiki/1896_United_States_presidential_election
1896,CA,144766,146688,2573,6965,"{""Charles Bentley"": 1047, ""Charles Matchett"": 1611, ""John Palmer"": 1730, ""Joshua Levering"": 2573}",298419,https://en.wikipedia.org/wiki/1896_United_States_presidential_election
1896,CO,161005,26271,1717,2263,"{""Charles Bentley"": 386, ""Charles Matchett"": 159, ""John Palmer"": 1, ""Joshua Levering"": 1717}",189539,https://en.wikipedia.org/wiki/1896_United_States_presidential_election
1896,CT,56740,110285,4336,7365,"{""Charles Matchett"": 1223, ""John Palmer"": 4336, ""Joshua Levering"": 1806}",174390,https://en.wikipedia.org/wiki/1896_United_States_presidential_election
1896,DE,16574,20450,966,1432,"{""John Palmer"": 966, ""Joshua Levering"": 466}",38456,https://en.wikipedia.org/wiki/1896_United_States_presidential_election
1896,FL,32756,11298,1778,2434,"{""John Palmer"": 1778, ""Joshua Levering"": 656}",46488,https://en.wikipedia.org/wiki/1896_United_States_presidential_election
1896,GA,93885,59395,5483,9200,"{""John Palmer"": 3670, ""Joshua Levering"": 5483}",162480,https://en.wikipedia.org/wiki/1896_United_States_presidential_election
1896,IA,223741,289293,4516,8513,"{""Charles Bentley"": 352, ""Charles Matchett"": 453, ""John Palmer"": 4516, ""Joshua Levering"": 3192}",521547,https://en.wikipedia.org/wiki/1896_United_States_presidential_election
1896,ID,23135,6314,172,172,"{""Joshua Levering"": 172}",29621,https://en.wikipedia.org/wiki/1896_United_States_presidential_election
1896,IL,465613,607130,9796,18126,"{""Charles Bentley"": 793, ""Charles Matchett"": 1147, ""John Palmer"": 6390, ""Joshua Levering"": 9796}",1090869,https://en.wikipedia.org/wiki/1896_United_States_presidential_election
1896,IN,305573,323754,3056,7792,"{""Charles Bentley"": 2267, ""Charles Matchett"": 324, ""John Palmer"": 2145, ""Joshua Levering"": 3056}",637119,https://en.wikipedia.org/wiki/1896_United_States_presidential_election
1896,KS,171675,159345,1698,3527,"{""Charles Bentley"": 620, ""John Palmer"": 1209, ""Joshua Levering"": 1698}",334547,https://en.wikipedia.org/wiki/1896_United_States_presidential_election
1896,KY,217894,218171,5084,9863,"{""John Palmer"": 5084, ""Joshua Levering"": 4779}",445928,https://en.wikipedia.org/wiki/1896_United_States_presidential_election
1896,LA,77175,22037,1834,1834,"{""John Palmer"": 1834}",101046,https://en.wikipedia.org/wiki/1896_United_States_presidential_election
1896,MA,105711,278976,11749,16881,"{""Charles Matchett"": 2114, ""John Palmer"": 11749, ""Joshua Levering"": 2998}",401568,https://en.wikipedia.org/wiki/1896_United_States_presidential_election
1896,MD,104150,136959,5918,9140,"{""Charles Bentley"": 136, ""Charles Matchett"": 587, ""John Palmer"": 2499, ""Joshua Levering"": 5918}",250249,https://en.wikipedia.org/wiki/1896_United_States_presidential_election
1896,ME-AL,34587,80403,1867,3429,"{""John Palmer"": 1867, ""Joshua Levering"": 1562}",118419,https://en.wikipedia.org/wiki/1896_United_States_presidential_election
1896,MI,237166,293336,6923,15083,"{""Charles Bentley"": 1816, ""Charles Matchett"": 293, ""John Palmer"": 6923, ""Joshua Levering"": 4978}",545585,https://en.wikipedia.org/wiki/1896_United_States_presidential_election
1896,MN,139735,193503,4348,8524,"{""Charles Matchett"": 954, ""John Palmer"": 3222, ""Joshua Levering"": 4348}",341762,https://en.wikipedia.org/wiki/1896_United_States_presidential_election
1896,MO,363667,304940,2365,5299,"{""Charles Bentley"": 292, ""Charles Matchett"": 599, ""John Palmer"": 2365, ""Joshua Levering"": 2043}",673906,https://en.wikipedia.org/wiki/1896_United_States_presidential_election
1896,MS,63355,4819,1021,1417,"{""John Palmer"": 1021, ""Joshua Levering"": 396}",69591,https://en.wikipedia.org/wiki/1896_United_States_presidential_election
1896,MT,42628,10509,193,193,"{""Joshua Levering"": 193}",53330,https://en.wikipedia.org/wiki/1896_United_States_presidential_election
1896,NATIONAL,6510807,7112138,133537,315729,"{""Charles Bentley"": 19367, ""Charles Matchett"": 36359, ""John Palmer"": 133537, ""Joshua Levering"": 124896}",13938674,https://en.wikipedia.org/wiki/1896_United_States_presidential_election
1896,NC,174408,155122,635,1807,"{""Charles Bentley"": 222, ""John Palmer"": 578, ""Joshua Levering"": 635}",331337,https://en.wikipedia.org/wiki/1896_United_States_presidential_election
1896,ND,20686,26335,358,370,"{""Joshua Levering"": 358}",47391,https://en.wikipedia.org/wiki/1896_United_States_presidential_election
1896,NE-AL,115007,103064,2885,5111,"{""Charles Bentley"": 797, ""Charles Matchett"": 186, ""John Palmer"": 2885, ""Joshua Levering"": 1243}",223182,https://en.wikipedia.org/wiki/1896_United_States_presidential_election
1896,NH,21650,57444,3520,4576,"{""Charles Bentley"": 49, ""Charles Matchett"": 228, ""John Palmer"": 3520, ""Joshua Levering"": 779}",83670,https://en.wikipedia.org/wiki/1896_United_States_presidential_election
1896,NJ,133695,221535,6378,15981,"{""Charles Bentley"": 5617, ""Charles Matchett"": 3986, ""John Palmer"": 6378}",371211,https://en.wikipedia.org/wiki/1896_United_States_presidential_election
1896,NV,8376,1938,0,0,{},10314,https://en.wikipedia.org/wiki/1896_United_States_presidential_election
1896,NY,551369,819838,18950,52669,"{""Charles Matchett"": 17667, ""John Palmer"": 18950, ""Joshua Levering"": 16052}",1423876,https://en.wikipedia.org/wiki/1896_United_States_presidential_election
1896,OH,477497,525991,5068,10807,"{""Charles Bentley"": 2716, ""Charles Matchett"": 1165, ""John Palmer"": 1858, ""Joshua Levering"": 5068}",1014295,https://en.wikipedia.org/wiki/1896_United_States_presidential_election
1896,OR,46739,48779,977,1896,"{""John Palmer"": 977, ""Joshua Levering"": 919}",97414,https://en.wikipedia.org/wiki/1896_United_States_presidential_election
1896,PA,433228,728300,19274,32827,"{""Charles Bentley"": 870, ""Charles Matchett"": 1683, ""John Palmer"": 11000, ""Joshua Levering"": 19274}",1194355,https://en.wikipedia.org/wiki/1896_United_States_presidential_election
1896,RI,14459,37437,1166,2889,"{""Charles Matchett"": 558, ""John Palmer"": 1166, ""Joshua Levering"": 1160}",54785,https://en.wikipedia.org/wiki/1896_United_States_presidential_election
1896,SC,58801,9313,824,824,"{""John Palmer"": 824}",68938,https://en.wikipedia.org/wiki/1896_United_States_presidential_election
1896,SD,41225,41042,683,683,"{""Joshua Levering"": 683}",82950,https://en.wikipedia.org/wiki/1896_United_States_presidential_election
1896,TN,167168,148683,3099,5052,"{""John Palmer"": 1953, ""Joshua Levering"": 3099}",320903,https://en.wikipedia.org/wiki/1896_United_States_presidential_election
1896,TX,370434,167520,5046,6832,"{""John Palmer"": 5046, ""Joshua Levering"": 1786}",544786,https://en.wikipedia.org/wiki/1896_United_States_presidential_election
1896,UT,64607,13491,0,21,"{""Other"": 21}",78119,https://en.wikipedia.org/wiki/1896_United_States_presidential_election
1896,VA,154708,135379,2350,4587,"{""Charles Matchett"": 108, ""John Palmer"": 2129, ""Joshua Levering"": 2350}",294674,https://en.wikipedia.org/wiki/1896_United_States_presidential_election
1896,VT,10640,51127,1331,2080,"{""John Palmer"": 1331, ""Joshua Levering"": 733}",63847,https://en.wikipedia.org/wiki/1896_United_States_presidential_election
1896,WA,53314,39153,968,1116,"{""Charles Bentley"": 148, ""Joshua Levering"": 968}",93583,https://en.wikipedia.org/wiki/1896_United_States_presidential_election
1896,WI,165523,268135,7507,13751,"{""Charles Bentley"": 346, ""Charles Matchett"": 1314, ""John Palmer"": 4584, ""Joshua Levering"": 7507}",447409,https://en.wikipedia.org/wiki/1896_United_States_presidential_election
1896,WV,94480,105379,1220,1898,"{""John Palmer"": 678, ""Joshua Levering"": 1220}",201757,https://en.wikipedia.org/wiki/1896_United_States_presidential_election
1896,WY,10861,10072,159,159,"{""Joshua Levering"": 159}",21092,https://en.wikipedia.org/wiki/1896_United_States_presidential_election
1900,AL,97129,55612,4188,6951,"{""John Woolley"": 2763, ""Wharton"": 4188}",159692,https://en.wikipedia.org/wiki/1900_United_States_presidential_election
1900,AR,81142,44800,972,1924,"{""John Woolley"": 584, ""Wharton"": 972}",127866,https://en.wikipedia.org/wiki/1900_United_States_presidential_election
1900,CA,124985,164755,7554,12578,"{""John Woolley"": 5024, ""Joseph F. Malloney"": 7554}",302318,https://en.wikipedia.org/wiki/1900_United_States_presidential_election
1900,CO,122733,93072,3790,5603,"{""John Woolley"": 3790, ""Joseph F. Malloney"": 684, ""Wharton"": 389}",221408,https://en.wikipedia.org/wiki/1900_United_States_presidential_election
1900,CT,74014,102572,1617,3609,"{""John Woolley"": 1617, ""Joseph F. Malloney"": 908}",180195,https://en.wikipedia.org/wiki/1900_United_States_presidential_election
1900,DE,18852,22535,546,602,"{""John Woolley"": 546}",41989,https://en.wikipedia.org/wiki/1900_United_States_presidential_election
1900,FL,28273,7355,2244,4021,"{""John Woolley"": 2244, ""Wharton"": 1143}",39649,https://en.wikipedia.org/wiki/1900_United_States_presidential_election
1900,GA,81180,34260,4568,5970,"{""John Woolley"": 1402, ""Wharton"": 4568}",121410,https://en.wikipedia.org/wiki/1900_United_States_presidential_election
1900,IA,209265,307808,9502,13282,"{""John Woolley"": 9502, ""Joseph F. Malloney"": 259, ""Wharton"": 613}",530355,https://en.wikipedia.org/wiki/1900_United_States_presidential_election
1900,ID,29414,27198,857,1302,"{""John Woolley"": 857, ""Wharton"": 445}",57914,https://en.wikipedia.org/wiki/1900_United_States_presidential_election
1900,IL,503061,597985,17626,30851,"{""John Woolley"": 17626, ""Joseph F. Malloney"": 1373, ""Wharton"": 1141}",1131897,https://en.wikipedia.org/wiki/1900_United_States_presidential_election
1900,IN,309584,336063,13718,18447,"{""John Woolley"": 13718, ""Joseph F. Malloney"": 663, ""Wharton"": 1438}",664094,https://en.wikipedia.org/wiki/1900_United_States_presidential_election
1900,KS,162601,185955,3605,5210,"{""John Woolley"": 3605}",353766,https://en.wikipedia.org/wiki/1900_United_States_presidential_election
1900,KY,235126,227132,2890,6007,"{""John Woolley"": 2890, ""Joseph F. Malloney"": 390, ""Wharton"": 1961}",468265,https://en.wikipedia.org/wiki/1900_United_States_presidential_election
1900,LA,53668,14234,0,4,"{""Other"": 4}",67906,https://en.wikipedia.org/wiki/1900_United_States_presidential_election
1900,MA,156997,238866,6202,18941,"{""John Woolley"": 6202, ""Joseph F. Malloney"": 2599}",414804,https://en.wikipedia.org/wiki/1900_United_States_presidential_election
1900,MD,122238,136185,4574,6011,"{""John Woolley"": 4574, ""Joseph F. Malloney"": 388}",264434,https://en.wikipedia.org/wiki/1900_United_States_presidential_election
1900,ME-AL,36822,65412,2581,3459,"{""John Woolley"": 2581}",105693,https://en.wikipedia.org/wiki/1900_United_States_presidential_election
1900,MI,211685,316269,11859,16425,"{""John Woolley"": 11859, ""Joseph F. Malloney"": 837, ""Wharton"": 903}",544379,https://en.wikipedia.org/wiki/1900_United_States_presidential_election
1900,MN,112901,190461,8555,12949,"{""John Woolley"": 8555, ""Joseph F. Malloney"": 1329}",316311,https://en.wikipedia.org/wiki/1900_United_States_presidential_election
1900,MO,351922,314092,5965,17642,"{""John Woolley"": 5965, ""Joseph F. Malloney"": 1294, ""Wharton"": 4244}",683656,https://en.wikipedia.org/wiki/1900_United_States_presidential_election
1900,MS,51706,5707,1642,1642,"{""Wharton"": 1642}",59055,https://en.wikipedia.org/wiki/1900_United_States_presidential_election
1900,MT,37311,25409,306,1136,"{""John Woolley"": 306, ""Joseph F. Malloney"": 119}",63856,https://en.wikipedia.org/wiki/1900_United_States_presidential_election
1900,NATIONAL,6370932,7228864,210867,397633,"{""John Woolley"": 210867, ""Joseph F. Malloney"": 40943, ""Wharton"": 50989}",13997429,https://en.wikipedia.org/wiki/1900_United_States_presidential_election
1900,NC,157733,132997,990,1788,"{""John Woolley"": 990, ""Wharton"": 798}",292518,https://en.wikipedia.org/wiki/1900_United_States_presidential_election
1900,ND,20531,35898,731,1362,"{""John Woolley"": 731, ""Wharton"": 111}",57791,https://en.wikipedia.org/wiki/1900_United_States_presidential_election
1900,NE-AL,114013,121835,3655,5582,"{""John Woolley"": 3655, ""Wharton"": 1104}",241430,https://en.wikipedia.org/wiki/1900_United_States_presidential_election
1900,NH,35489,54799,1270,2076,"{""John Woolley"": 1270}",92364,https://en.wikipedia.org/wiki/1900_United_States_presidential_election
1900,NJ,164808,221707,7183,14535,"{""John Woolley"": 7183, ""Joseph F. Malloney"": 2074, ""Wharton"": 669}",401050,https://en.wikipedia.org/wiki/1900_United_States_presidential_election
1900,NV,6347,3849,0,0,{},10196,https://en.wikipedia.org/wiki/1900_United_States_presidential_election
1900,NY,678462,822013,22077,47567,"{""John Woolley"": 22077, ""Joseph F. Malloney"": 12621}",1548042,https://en.wikipedia.org/wiki/1900_United_States_presidential_election
1900,OH,474882,543918,10203,21273,"{""John Woolley"": 10203, ""Joseph F. Malloney"": 1688, ""Wharton"": 251}",1040073,https://en.wikipedia.org/wiki/1900_United_States_presidential_election
1900,OR,32810,46172,2536,4269,"{""John Woolley"": 2536, ""Wharton"": 269}",83251,https://en.wikipedia.org/wiki/1900_United_States_presidential_election
1900,PA,424232,712665,27908,36313,"{""John Woolley"": 27908, ""Joseph F. Malloney"": 2936, ""Wharton"": 638}",1173210,https://en.wikipedia.org/wiki/1900_United_States_presidential_election
1900,RI,19812,33784,1529,2952,"{""John Woolley"": 1529, ""Joseph F. Malloney"": 1423}",56548,https://en.wikipedia.org/wiki/1900_United_States_presidential_election
1900,SC,47233,3579,0,0,{},50812,https://en.wikipedia.org/wiki/1900_United_States_presidential_election
1900,SD,39544,54530,1542,2050,"{""John Woolley"": 1542, ""Wharton"": 339}",96124,https://en.wikipedia.org/wiki/1900_United_States_presidential_election
1900,TN,145240,123108,3844,5512,"{""John Woolley"": 3844, ""Wharton"": 1322}",273860,https://en.wikipedia.org/wiki/1900_United_States_presidential_election
1900,TX,267432,130641,20981,25633,"{""John Woolley"": 2644, ""Joseph F. Malloney"": 162, ""Wharton"": 20981}",423706,https://en.wikipedia.org/wiki/1900_United_States_presidential_election
1900,UT,45006,47139,209,1044,"{""John Woolley"": 209, ""Joseph F. Malloney"": 106}",93189,https://en.wikipedia.org/wiki/1900_United_States_presidential_election
1900,VA,146079,115769,2130,2360,"{""John Woolley"": 2130, ""Joseph F. Malloney"": 167, ""Wharton"": 63}",264208,https://en.wikipedia.org/wiki/1900_United_States_presidential_election
1900,VT,12849,42569,383,794,"{""John Woolley"": 383, ""Wharton"": 367}",56212,https://en.wikipedia.org/wiki/1900_United_States_presidential_election
1900,WA,44833,57456,2363,5235,"{""John Woolley"": 2363, ""Joseph F. Malloney"": 866}",107524,https://en.wikipedia.org/wiki/1900_United_States_presidential_election
1900,WI,159163,265760,10027,17578,"{""John Woolley"": 10027, ""Joseph F. Malloney"": 503}",442501,https://en.wikipedia.org/wiki/1900_United_States_presidential_election
1900,WV,98807,119829,1628,2160,"{""John Woolley"": 1628, ""Wharton"": 246}",220796,https://en.wikipedia.org/wiki/1900_United_States_presidential_election
1900,WY,10164,14482,20,41,"{""Wharton"": 20}",24687,https://en.wikipedia.org/wiki/1900_United_States_presidential_election
1904,AL,79797,22472,5051,6516,"{""Eugene V. Debs"": 853, ""Silas Swallow"": 612, ""Thomas Watson"": 5051}",108785,https://en.wikipedia.org/wiki/1904_United_States_presidential_election
1904,AR,64434,46860,2318,5127,"{""Eugene V. Debs"": 1816, ""Silas Swallow"": 993, ""Thomas Watson"": 2318}",116421,https://en.wikipedia.org/wiki/1904_United_States_presidential_election
1904,CA,89404,205226,29535,37248,"{""Eugene V. Debs"": 29535, ""Silas Swallow"": 7380, ""Thomas Watson"": 2}",331878,https://en.wikipedia.org/wiki/1904_United_States_presidential_election
1904,CO,100105,134661,4304,8901,"{""Charles Corregan"": 335, ""Eugene V. Debs"": 4304, ""Silas Swallow"": 3438, ""Thomas Watson"": 824}",243667,https://en.wikipedia.org/wiki/1904_United_States_presidential_election
1904,CT,72909,111089,4543,7130,"{""Charles Corregan"": 575, ""Eugene V. Debs"": 4543, ""Silas Swallow"": 1506, ""Thomas Watson"": 495}",191128,https://en.wikipedia.org/wiki/1904_United_States_presidential_election
1904,DE,19347,23705,607,804,"{""Eugene V. Debs"": 146, ""Silas Swallow"": 607, ""Thomas Watson"": 51}",43856,https://en.wikipedia.org/wiki/1904_United_States_presidential_election
1904,FL,26449,8314,2337,3942,"{""Eugene V. Debs"": 2337, ""Thomas Watson"": 1605}",38705,https://en.wikipedia.org/wiki/1904_United_States_presidential_election
1904,GA,83466,24004,22635,23516,"{""Eugene V. Debs"": 196, ""Silas Swallow"": 685, ""Thomas Watson"": 22635}",130986,https://en.wikipedia.org/wiki/1904_United_States_presidential_election
1904,IA,149276,308158,14849,28659,"{""Eugene V. Debs"": 14849, ""Silas Swallow"": 11603, ""Thomas Watson"": 2207}",486093,https://en.wikipedia.org/wiki/1904_United_States_presidential_election
1904,ID,18480,47783,4949,6315,"{""Eugene V. Debs"": 4949, ""Silas Swallow"": 1013, ""Thomas Watson"": 353}",72578,https://en.wikipedia.org/wiki/1904_United_States_presidential_election
1904,IL,327606,632645,69225,116248,"{""Charles Corregan"": 4698, ""Eugene V. Debs"": 69225, ""Silas Swallow"": 34770, ""Thomas Watson"": 6725}",1076499,https://en.wikipedia.org/wiki/1904_United_States_presidential_election
1904,IN,274345,368289,23496,39551,"{""Charles Corregan"": 1598, ""Eugene V. Debs"": 12013, ""Silas Swallow"": 23496, ""Thomas Watson"": 2444}",682185,https://en.wikipedia.org/wiki/1904_United_States_presidential_election
1904,KS,86174,212955,15869,29432,"{""Eugene V. Debs"": 15869, ""Silas Swallow"": 7306, ""Thomas Watson"": 6257}",328561,https://en.wikipedia.org/wiki/1904_United_States_presidential_election
1904,KY,217170,205457,6603,13319,"{""Charles Corregan"": 596, ""Eugene V. Debs"": 3599, ""Silas Swallow"": 6603, ""Thomas Watson"": 2521}",435946,https://en.wikipedia.org/wiki/1904_United_States_presidential_election
1904,LA,47708,5205,995,995,"{""Eugene V. Debs"": 995}",53908,https://en.wikipedia.org/wiki/1904_United_States_presidential_election
1904,MA,165746,257822,13604,21541,"{""Charles Corregan"": 2359, ""Eugene V. Debs"": 13604, ""Silas Swallow"": 4279, ""Thomas Watson"": 1294}",445109,https://en.wikipedia.org/wiki/1904_United_States_presidential_election
1904,MD,109446,109497,3034,5286,"{""Eugene V. Debs"": 2247, ""Silas Swallow"": 3034, ""Thomas Watson"": 1}",224229,https://en.wikipedia.org/wiki/1904_United_States_presidential_election
1904,ME-AL,27642,65432,2102,3949,"{""Eugene V. Debs"": 2102, ""Silas Swallow"": 1510, ""Thomas Watson"": 337}",97023,https://en.wikipedia.org/wiki/1904_United_States_presidential_election
1904,MI,135392,364957,13441,24678,"{""Charles Corregan"": 1036, ""Eugene V. Debs"": 9042, ""Silas Swallow"": 13441, ""Thomas Watson"": 1159}",525027,https://en.wikipedia.org/wiki/1904_United_States_presidential_election
1904,MN,55187,216651,11692,21022,"{""Charles Corregan"": 974, ""Eugene V. Debs"": 11692, ""Silas Swallow"": 6253, ""Thomas Watson"": 2103}",292860,https://en.wikipedia.org/wiki/1904_United_States_presidential_election
1904,MO,296312,321449,13009,26100,"{""Charles Corregan"": 1674, ""Eugene V. Debs"": 13009, ""Silas Swallow"": 7191, ""Thomas Watson"": 4226}",643861,https://en.wikipedia.org/wiki/1904_United_States_presidential_election
1904,MS,53480,3280,1499,1961,"{""Eugene V. Debs"": 462, ""Thomas Watson"": 1499}",58721,https://en.wikipedia.org/wiki/1904_United_States_presidential_election
1904,MT,21773,34932,5676,7739,"{""Charles Corregan"": 208, ""Eugene V. Debs"": 5676, ""Silas Swallow"": 335, ""Thomas Watson"": 1520}",64444,https://en.wikipedia.org/wiki/1904_United_States_presidential_election
1904,NATIONAL,5083880,7630557,402810,810658,"{""Charles Corregan"": 33454, ""Eugene V. Debs"": 402810, ""Silas Swallow"": 259103, ""Thomas Watson"": 114062}",13525095,https://en.wikipedia.org/wiki/1904_United_States_presidential_election
1904,NC,124091,82442,819,1285,"{""Eugene V. Debs"": 124, ""Silas Swallow"": 342, ""Thomas Watson"": 819}",207818,https://en.wikipedia.org/wiki/1904_United_States_presidential_election
1904,ND,14273,52595,2009,3146,"{""Eugene V. Debs"": 2009, ""Silas Swallow"": 1137}",70014,https://en.wikipedia.org/wiki/1904_United_States_presidential_election
1904,NE-AL,52921,138558,20518,34253,"{""Eugene V. Debs"": 7412, ""Silas Swallow"": 6323, ""Thomas Watson"": 20518}",225732,https://en.wikipedia.org/wiki/1904_United_States_presidential_election
1904,NH,34074,54163,1090,1924,"{""Eugene V. Debs"": 1090, ""Silas Swallow"": 750, ""Thomas Watson"": 83}",90161,https://en.wikipedia.org/wiki/1904_United_States_presidential_election
1904,NJ,164566,245164,9587,22817,"{""Charles Corregan"": 2680, ""Eugene V. Debs"": 9587, ""Silas Swallow"": 6845, ""Thomas Watson"": 3705}",432547,https://en.wikipedia.org/wiki/1904_United_States_presidential_election
1904,NV,3982,6864,925,1269,"{""Eugene V. Debs"": 925, ""Thomas Watson"": 344}",12115,https://en.wikipedia.org/wiki/1904_United_States_presidential_election
1904,NY,683981,859533,36883,74256,"{""Charles Corregan"": 9127, ""Eugene V. Debs"": 36883, ""Silas Swallow"": 20787, ""Thomas Watson"": 7459}",1617770,https://en.wikipedia.org/wiki/1904_United_States_presidential_election
1904,OH,344674,600095,36260,59624,"{""Charles Corregan"": 2633, ""Eugene V. Debs"": 36260, ""Silas Swallow"": 19339, ""Thomas Watson"": 1392}",1004393,https://en.wikipedia.org/wiki/1904_United_States_presidential_election
1904,OR,17521,60455,7619,12178,"{""Eugene V. Debs"": 7619, ""Silas Swallow"": 3806, ""Thomas Watson"": 753}",90154,https://en.wikipedia.org/wiki/1904_United_States_presidential_election
1904,PA,337998,840949,33717,57791,"{""Charles Corregan"": 2211, ""Eugene V. Debs"": 21863, ""Silas Swallow"": 33717}",1236738,https://en.wikipedia.org/wiki/1904_United_States_presidential_election
1904,RI,24839,41605,956,2212,"{""Charles Corregan"": 488, ""Eugene V. Debs"": 956, ""Silas Swallow"": 768}",68656,https://en.wikipedia.org/wiki/1904_United_States_presidential_election
1904,SC,52563,2554,1,1,"{""Thomas Watson"": 1}",55118,https://en.wikipedia.org/wiki/1904_United_States_presidential_election
1904,SD,21969,72083,3138,7343,"{""Eugene V. Debs"": 3138, ""Silas Swallow"": 2965, ""Thomas Watson"": 1240}",101395,https://en.wikipedia.org/wiki/1904_United_States_presidential_election
1904,TN,131653,105363,2491,5734,"{""Eugene V. Debs"": 1354, ""Silas Swallow"": 1889, ""Thomas Watson"": 2491}",242750,https://en.wikipedia.org/wiki/1904_United_States_presidential_election
1904,TX,167200,51242,8062,15566,"{""Charles Corregan"": 421, ""Eugene V. Debs"": 2791, ""Silas Swallow"": 4292, ""Thomas Watson"": 8062}",234008,https://en.wikipedia.org/wiki/1904_United_States_presidential_election
1904,UT,33413,62446,5767,5813,"{""Eugene V. Debs"": 5767}",101672,https://en.wikipedia.org/wiki/1904_United_States_presidential_election
1904,VA,80649,48180,1379,1581,"{""Eugene V. Debs"": 202, ""Silas Swallow"": 1379}",130410,https://en.wikipedia.org/wiki/1904_United_States_presidential_election
1904,VT,9777,40459,859,1652,"{""Eugene V. Debs"": 859, ""Silas Swallow"": 792}",51888,https://en.wikipedia.org/wiki/1904_United_States_presidential_election
1904,WA,28098,101540,10023,15513,"{""Charles Corregan"": 1592, ""Eugene V. Debs"": 10023, ""Silas Swallow"": 3229, ""Thomas Watson"": 669}",145151,https://en.wikipedia.org/wiki/1904_United_States_presidential_election
1904,WI,124205,280315,28240,38921,"{""Charles Corregan"": 249, ""Eugene V. Debs"": 28240, ""Silas Swallow"": 9872, ""Thomas Watson"": 560}",443441,https://en.wikipedia.org/wiki/1904_United_States_presidential_election
1904,WV,100855,132620,4599,6511,"{""Eugene V. Debs"": 1573, ""Silas Swallow"": 4599, ""Thomas Watson"": 339}",239986,https://en.wikipedia.org/wiki/1904_United_States_presidential_election
1904,WY,8930,20489,1072,1289,"{""Eugene V. Debs"": 1072, ""Silas Swallow"": 217}",30708,https://en.wikipedia.org/wiki/1904_United_States_presidential_election
1908,AL,74391,25561,1576,5200,"{""Eugene Chafin"": 690, ""Eugene V. Debs"": 1450, ""Thomas Hisgen"": 497, ""Thomas Watson"": 1576}",105152,https://en.wikipedia.org/wiki/1908_United_States_presidential_election
1908,AR,87015,56624,5842,8183,"{""Eugene Chafin"": 1026, ""Eugene V. Debs"": 5842, ""Thomas Hisgen"": 289, ""Thomas Watson"": 1026}",151822,https://en.wikipedia.org/wiki/1908_United_States_presidential_election
1908,CA,127492,214398,28659,44707,"{""Eugene Chafin"": 11770, ""Eugene V. Debs"": 28659, ""Thomas Hisgen"": 4278}",386597,https://en.wikipedia.org/wiki/1908_United_States_presidential_election
1908,CO,126644,123693,7960,13521,"{""Eugene Chafin"": 5559, ""Eugene V. Debs"": 7960}",263858,https://en.wikipedia.org/wiki/1908_United_States_presidential_election
1908,CT,68255,112915,5113,8833,"{""August Gillhaus"": 608, ""Eugene Chafin"": 2380, ""Eugene V. Debs"": 5113, ""Thomas Hisgen"": 728}",190003,https://en.wikipedia.org/wiki/1908_United_States_presidential_election
1908,DE,22055,25014,670,938,"{""Eugene Chafin"": 670, ""Eugene V. Debs"": 239, ""Thomas Hisgen"": 29}",48007,https://en.wikipedia.org/wiki/1908_United_States_presidential_election
1908,FL,31104,10654,3747,7602,"{""Eugene Chafin"": 1356, ""Eugene V. Debs"": 3747, ""Thomas Hisgen"": 553, ""Thomas Watson"": 1946}",49360,https://en.wikipedia.org/wiki/1908_United_States_presidential_election
1908,GA,72350,41355,16687,18799,"{""Eugene Chafin"": 1452, ""Eugene V. Debs"": 584, ""Thomas Hisgen"": 76, ""Thomas Watson"": 16687}",132504,https://en.wikipedia.org/wiki/1908_United_States_presidential_election
1908,IA,200771,275209,9837,18789,"{""Eugene Chafin"": 9837, ""Eugene V. Debs"": 8287, ""Thomas Hisgen"": 404, ""Thomas Watson"": 261}",494769,https://en.wikipedia.org/wiki/1908_United_States_presidential_election
1908,ID,36162,52621,6400,8510,"{""Eugene Chafin"": 1986, ""Eugene V. Debs"": 6400, ""Thomas Hisgen"": 124}",97293,https://en.wikipedia.org/wiki/1908_United_States_presidential_election
1908,IL,450810,629932,34711,74512,"{""August Gillhaus"": 1680, ""Eugene Chafin"": 29364, ""Eugene V. Debs"": 34711, ""Thomas Hisgen"": 7724, ""Thomas Watson"": 633}",1155254,https://en.wikipedia.org/wiki/1908_United_States_presidential_election
1908,IN,338262,348993,18045,33871,"{""August Gillhaus"": 643, ""Eugene Chafin"": 18045, ""Eugene V. Debs"": 13476, ""Thomas Hisgen"": 514, ""Thomas Watson"": 1193}",721126,https://en.wikipedia.org/wiki/1908_United_States_presidential_election
1908,KS,161209,197216,12420,17521,"{""Eugene Chafin"": 5033, ""Eugene V. Debs"": 12420, ""Thomas Hisgen"": 68}",375946,https://en.wikipedia.org/wiki/1908_United_States_presidential_election
1908,KY,244092,235711,5885,10916,"{""August Gillhaus"": 405, ""Eugene Chafin"": 5885, ""Eugene V. Debs"": 4093, ""Thomas Hisgen"": 200, ""Thomas Watson"": 333}",490719,https://en.wikipedia.org/wiki/1908_United_States_presidential_election
1908,LA,63568,8958,2514,2591,"{""Eugene V. Debs"": 2514, ""Thomas Hisgen"": 77}",75117,https://en.wikipedia.org/wiki/1908_United_States_presidential_election
1908,MA,155543,265966,19237,35410,"{""August Gillhaus"": 1011, ""Eugene Chafin"": 4374, ""Eugene V. Debs"": 10779, ""Thomas Hisgen"": 19237}",456919,https://en.wikipedia.org/wiki/1908_United_States_presidential_election
1908,MD,115908,116513,3302,6110,"{""Eugene Chafin"": 3302, ""Eugene V. Debs"": 2323, ""Thomas Hisgen"": 485}",238531,https://en.wikipedia.org/wiki/1908_United_States_presidential_election
1908,ME-AL,35403,66987,1758,3946,"{""Eugene Chafin"": 1487, ""Eugene V. Debs"": 1758, ""Thomas Hisgen"": 700, ""Thomas Watson"": 1}",106336,https://en.wikipedia.org/wiki/1908_United_States_presidential_election
1908,MI,175771,335580,16974,30479,"{""August Gillhaus"": 1096, ""Eugene Chafin"": 16974, ""Eugene V. Debs"": 11586, ""Thomas Hisgen"": 760}",541830,https://en.wikipedia.org/wiki/1908_United_States_presidential_election
1908,MN,109401,195843,14527,26060,"{""Eugene Chafin"": 11107, ""Eugene V. Debs"": 14527, ""Thomas Hisgen"": 426}",331304,https://en.wikipedia.org/wiki/1908_United_States_presidential_election
1908,MO,346574,347203,15431,22150,"{""August Gillhaus"": 868, ""Eugene Chafin"": 4284, ""Eugene V. Debs"": 15431, ""Thomas Hisgen"": 402, ""Thomas Watson"": 1165}",715927,https://en.wikipedia.org/wiki/1908_United_States_presidential_election
1908,MS,60287,4363,1276,2254,"{""Eugene V. Debs"": 978, ""Thomas Watson"": 1276}",66904,https://en.wikipedia.org/wiki/1908_United_States_presidential_election
1908,MT,29326,32333,5855,7163,"{""Eugene Chafin"": 827, ""Eugene V. Debs"": 5855, ""Thomas Hisgen"": 481}",68822,https://en.wikipedia.org/wiki/1908_United_States_presidential_election
1908,NATIONAL,6408979,7678335,420852,801925,"{""August Gillhaus"": 14031, ""Eugene Chafin"": 254087, ""Eugene V. Debs"": 420852, ""Thomas Hisgen"": 82574, ""Thomas Watson"": 28862}",14889239,https://en.wikipedia.org/wiki/1908_United_States_presidential_election
1908,NC,136928,114887,372,739,"{""Eugene Chafin"": 354, ""Eugene V. Debs"": 372}",252554,https://en.wikipedia.org/wiki/1908_United_States_presidential_election
1908,ND,32885,57680,2421,3960,"{""Eugene Chafin"": 1496, ""Eugene V. Debs"": 2421, ""Thomas Hisgen"": 43}",94525,https://en.wikipedia.org/wiki/1908_United_States_presidential_election
1908,NE-AL,131099,126997,5179,8703,"{""Eugene Chafin"": 5179, ""Eugene V. Debs"": 3524}",266799,https://en.wikipedia.org/wiki/1908_United_States_presidential_election
1908,NH,33655,53149,1299,2796,"{""Eugene Chafin"": 905, ""Eugene V. Debs"": 1299, ""Thomas Hisgen"": 584}",89600,https://en.wikipedia.org/wiki/1908_United_States_presidential_election
1908,NJ,182522,265298,10249,19291,"{""August Gillhaus"": 1196, ""Eugene Chafin"": 4930, ""Eugene V. Debs"": 10249, ""Thomas Hisgen"": 2916}",467111,https://en.wikipedia.org/wiki/1908_United_States_presidential_election
1908,NV,11212,10775,2103,2539,"{""Eugene V. Debs"": 2103, ""Thomas Hisgen"": 436}",24526,https://en.wikipedia.org/wiki/1908_United_States_presidential_election
1908,NY,667468,870070,38451,100812,"{""August Gillhaus"": 3877, ""Eugene Chafin"": 22667, ""Eugene V. Debs"": 38451, ""Thomas Hisgen"": 35817}",1638350,https://en.wikipedia.org/wiki/1908_United_States_presidential_election
1908,OH,502721,572312,33795,46519,"{""August Gillhaus"": 721, ""Eugene Chafin"": 11402, ""Eugene V. Debs"": 33795, ""Thomas Hisgen"": 439, ""Thomas Watson"": 162}",1121552,https://en.wikipedia.org/wiki/1908_United_States_presidential_election
1908,OK,123907,110550,21752,22460,"{""Eugene V. Debs"": 21752, ""Thomas Hisgen"": 274, ""Thomas Watson"": 412}",256917,https://en.wikipedia.org/wiki/1908_United_States_presidential_election
1908,OR,38049,62530,7339,10310,"{""August Gillhaus"": 274, ""Eugene Chafin"": 2682, ""Eugene V. Debs"": 7339, ""Thomas Hisgen"": 289}",110889,https://en.wikipedia.org/wiki/1908_United_States_presidential_election
1908,PA,448782,745779,36694,72889,"{""August Gillhaus"": 1224, ""Eugene Chafin"": 36694, ""Eugene V. Debs"": 33914, ""Thomas Hisgen"": 1057}",1267450,https://en.wikipedia.org/wiki/1908_United_States_presidential_election
1908,RI,24706,43942,1365,3669,"{""August Gillhaus"": 183, ""Eugene Chafin"": 1016, ""Eugene V. Debs"": 1365, ""Thomas Hisgen"": 1105}",72317,https://en.wikipedia.org/wiki/1908_United_States_presidential_election
1908,SC,62288,3945,100,146,"{""Eugene V. Debs"": 100, ""Thomas Hisgen"": 46}",66379,https://en.wikipedia.org/wiki/1908_United_States_presidential_election
1908,SD,40266,67536,4039,6973,"{""Eugene Chafin"": 4039, ""Eugene V. Debs"": 2846, ""Thomas Hisgen"": 88}",114775,https://en.wikipedia.org/wiki/1908_United_States_presidential_election
1908,TN,135608,117977,1870,3595,"{""Eugene Chafin"": 301, ""Eugene V. Debs"": 1870, ""Thomas Hisgen"": 332, ""Thomas Watson"": 1092}",257180,https://en.wikipedia.org/wiki/1908_United_States_presidential_election
1908,TX,217302,65666,7870,10789,"{""August Gillhaus"": 176, ""Eugene Chafin"": 1634, ""Eugene V. Debs"": 7870, ""Thomas Hisgen"": 115, ""Thomas Watson"": 994}",293757,https://en.wikipedia.org/wiki/1908_United_States_presidential_election
1908,UT,42601,61028,4895,4984,"{""Eugene V. Debs"": 4895, ""Thomas Hisgen"": 87}",108613,https://en.wikipedia.org/wiki/1908_United_States_presidential_election
1908,VA,82946,52572,1111,1547,"{""August Gillhaus"": 25, ""Eugene Chafin"": 1111, ""Eugene V. Debs"": 255, ""Thomas Hisgen"": 51, ""Thomas Watson"": 105}",137065,https://en.wikipedia.org/wiki/1908_United_States_presidential_election
1908,VT,11496,39552,804,1632,"{""Eugene Chafin"": 799, ""Thomas Hisgen"": 804}",52680,https://en.wikipedia.org/wiki/1908_United_States_presidential_election
1908,WA,58691,106062,14177,19126,"{""Eugene Chafin"": 4700, ""Eugene V. Debs"": 14177, ""Thomas Hisgen"": 249}",183879,https://en.wikipedia.org/wiki/1908_United_States_presidential_election
1908,WI,166662,247747,28147,40032,"{""August Gillhaus"": 318, ""Eugene Chafin"": 11565, ""Eugene V. Debs"": 28147}",454441,https://en.wikipedia.org/wiki/1908_United_States_presidential_election
1908,WV,111418,137869,5139,8818,"{""Eugene Chafin"": 5139, ""Eugene V. Debs"": 3679}",258105,https://en.wikipedia.org/wiki/1908_United_States_presidential_election
1908,WY,14918,20846,1715,1845,"{""Eugene Chafin"": 66, ""Eugene V. Debs"": 1715, ""Thomas Hisgen"": 64}",37609,https://en.wikipedia.org/wiki/1908_United_States_presidential_election
1912,AL,82438,22680,9807,12841,"{""Eugene V. Debs"": 3029, ""William H. Taft"": 9807}",117959,https://en.wikipedia.org/wiki/1912_United_States_presidential_election
1912,AR,68814,21644,25585,34646,"{""Eugene Chafin"": 908, ""Eugene V. Debs"": 8153, ""William H. Taft"": 25585}",125104,https://en.wikipedia.org/wiki/1912_United_States_presidential_election
1912,AZ,10324,6949,3163,6449,"{""Eugene Chafin"": 265, ""Eugene V. Debs"": 3163, ""William H. Taft"": 3021}",23722,https://en.wikipedia.org/wiki/1912_United_States_presidential_election
1912,CA,283436,283610,79201,106481,"{""Eugene Chafin"": 23366, ""Eugene V. Debs"": 79201, ""William H. Taft"": 3914}",673527,https://en.wikipedia.org/wiki/1912_United_States_presidential_election
1912,CO,114232,72306,58386,80342,"{""Arthur Reimer"": 475, ""Eugene Chafin"": 5063, ""Eugene V. Debs"": 16418, ""William H. Taft"": 58386}",266880,https://en.wikipedia.org/wiki/1912_United_States_presidential_election
1912,CT,74561,34129,68324,81708,"{""Arthur Reimer"": 1260, ""Eugene Chafin"": 2068, ""Eugene V. Debs"": 10056, ""William H. Taft"": 68324}",190398,https://en.wikipedia.org/wiki/1912_United_States_presidential_election
1912,DE,22631,8886,15998,17177,"{""Eugene Chafin"": 623, ""Eugene V. Debs"": 556, ""William H. Taft"": 15998}",48694,https://en.wikipedia.org/wiki/1912_United_States_presidential_election
1912,FL,35343,4555,4806,10939,"{""Eugene Chafin"": 1854, ""Eugene V. Debs"": 4806, ""William H. Taft"": 4279}",50837,https://en.wikipedia.org/wiki/1912_United_States_presidential_election
1912,GA,93087,21985,5191,6398,"{""Eugene Chafin"": 149, ""Eugene V. Debs"": 1058, ""William H. Taft"": 5191}",121470,https://en.wikipedia.org/wiki/1912_United_States_presidential_election
1912,IA,185325,161819,119805,145212,"{""Eugene Chafin"": 8440, ""Eugene V. Debs"": 16967, ""William H. Taft"": 119805}",492356,https://en.wikipedia.org/wiki/1912_United_States_presidential_election
1912,ID,33921,25527,32810,46306,"{""Eugene Chafin"": 1536, ""Eugene V. Debs"": 11960, ""William H. Taft"": 32810}",105754,https://en.wikipedia.org/wiki/1912_United_States_presidential_election
1912,IL,405048,386478,253593,354647,"{""Arthur Reimer"": 4066, ""Eugene Chafin"": 15710, ""Eugene V. Debs"": 81278, ""William H. Taft"": 253593}",1146173,https://en.wikipedia.org/wiki/1912_United_States_presidential_election
1912,IN,281890,162007,151267,210577,"{""Arthur Reimer"": 3130, ""Eugene Chafin"": 19249, ""Eugene V. Debs"": 36931, ""William H. Taft"": 151267}",654474,https://en.wikipedia.org/wiki/1912_United_States_presidential_election
1912,KS,143663,120210,74845,101624,"{""Eugene V. Debs"": 26779, ""William H. Taft"": 74845}",365497,https://en.wikipedia.org/wiki/1912_United_States_presidential_election
1912,KY,219484,101766,115510,131464,"{""Arthur Reimer"": 1055, ""Eugene Chafin"": 3253, ""Eugene V. Debs"": 11646, ""William H. Taft"": 115510}",452714,https://en.wikipedia.org/wiki/1912_United_States_presidential_election
1912,LA,60871,9283,5261,9094,"{""Eugene V. Debs"": 5261, ""William H. Taft"": 3833}",79248,https://en.wikipedia.org/wiki/1912_United_States_presidential_election
1912,MA,173408,142228,155948,172420,"{""Arthur Reimer"": 1102, ""Eugene Chafin"": 2754, ""Eugene V. Debs"": 12616, ""William H. Taft"": 155948}",488056,https://en.wikipedia.org/wiki/1912_United_States_presidential_election
1912,MD,112674,57789,54956,61518,"{""Arthur Reimer"": 322, ""Eugene Chafin"": 2244, ""Eugene V. Debs"": 3996, ""William H. Taft"": 54956}",231981,https://en.wikipedia.org/wiki/1912_United_States_presidential_election
1912,ME-AL,51113,48495,26545,30032,"{""Eugene Chafin"": 946, ""Eugene V. Debs"": 2541, ""William H. Taft"": 26545}",129640,https://en.wikipedia.org/wiki/1912_United_States_presidential_election
1912,MI,150751,214584,152244,185641,"{""Arthur Reimer"": 1252, ""Eugene Chafin"": 8934, ""Eugene V. Debs"": 23211, ""William H. Taft"": 152244}",550976,https://en.wikipedia.org/wiki/1912_United_States_presidential_election
1912,MN,106426,125856,64334,101937,"{""Arthur Reimer"": 2212, ""Eugene Chafin"": 7886, ""Eugene V. Debs"": 27505, ""William H. Taft"": 64334}",334219,https://en.wikipedia.org/wiki/1912_United_States_presidential_election
1912,MO,330746,124375,207821,243445,"{""Arthur Reimer"": 1778, ""Eugene Chafin"": 5380, ""Eugene V. Debs"": 28466, ""William H. Taft"": 207821}",698566,https://en.wikipedia.org/wiki/1912_United_States_presidential_election
1912,MS,57324,3549,2050,3610,"{""Eugene V. Debs"": 2050, ""William H. Taft"": 1560}",64483,https://en.wikipedia.org/wiki/1912_United_States_presidential_election
1912,MT,27941,22456,18512,29429,"{""Eugene Chafin"": 32, ""Eugene V. Debs"": 10885, ""William H. Taft"": 18512}",79826,https://en.wikipedia.org/wiki/1912_United_States_presidential_election
1912,NATIONAL,6296284,4122721,3486242,4625273,"{""Arthur Reimer"": 29324, ""Eugene Chafin"": 208156, ""Eugene V. Debs"": 901551, ""William H. Taft"": 3486242}",15044278,https://en.wikipedia.org/wiki/1912_United_States_presidential_election
1912,NC,144407,69135,29129,30234,"{""Eugene Chafin"": 118, ""Eugene V. Debs"": 987, ""William H. Taft"": 29129}",243776,https://en.wikipedia.org/wiki/1912_United_States_presidential_election
1912,ND,29555,25726,23090,31299,"{""Eugene Chafin"": 1243, ""Eugene V. Debs"": 6966, ""William H. Taft"": 23090}",86580,https://en.wikipedia.org/wiki/1912_United_States_presidential_election
1912,NE-AL,109008,72681,54226,67794,"{""Eugene Chafin"": 3383, ""Eugene V. Debs"": 10185, ""William H. Taft"": 54226}",249483,https://en.wikipedia.org/wiki/1912_United_States_presidential_election
1912,NH,34724,17794,32927,35443,"{""Eugene Chafin"": 535, ""Eugene V. Debs"": 1981, ""William H. Taft"": 32927}",87961,https://en.wikipedia.org/wiki/1912_United_States_presidential_election
1912,NJ,178289,145410,88835,109040,"{""Arthur Reimer"": 1321, ""Eugene Chafin"": 2936, ""Eugene V. Debs"": 15948, ""William H. Taft"": 88835}",432739,https://en.wikipedia.org/wiki/1912_United_States_presidential_election
1912,NM,20437,8347,17733,20592,"{""Eugene V. Debs"": 2859, ""William H. Taft"": 17733}",49376,https://en.wikipedia.org/wiki/1912_United_States_presidential_election
1912,NV,7986,5620,3313,6509,"{""Eugene V. Debs"": 3313, ""William H. Taft"": 3196}",20115,https://en.wikipedia.org/wiki/1912_United_States_presidential_election
1912,NY,655573,390093,455487,542649,"{""Arthur Reimer"": 4273, ""Eugene Chafin"": 19455, ""Eugene V. Debs"": 63434, ""William H. Taft"": 455487}",1588315,https://en.wikipedia.org/wiki/1912_United_States_presidential_election
1912,OH,424834,229807,278168,382453,"{""Arthur Reimer"": 2630, ""Eugene Chafin"": 11511, ""Eugene V. Debs"": 90144, ""William H. Taft"": 278168}",1037094,https://en.wikipedia.org/wiki/1912_United_States_presidential_election
1912,OK,119156,0,90786,134645,"{""Eugene Chafin"": 2185, ""Eugene V. Debs"": 41674, ""William H. Taft"": 90786}",253801,https://en.wikipedia.org/wiki/1912_United_States_presidential_election
1912,OR,47064,37600,34673,52376,"{""Eugene Chafin"": 4360, ""Eugene V. Debs"": 13343, ""William H. Taft"": 34673}",137040,https://en.wikipedia.org/wiki/1912_United_States_presidential_election
1912,PA,395637,444894,273360,377205,"{""Arthur Reimer"": 706, ""Eugene Chafin"": 19525, ""Eugene V. Debs"": 83614, ""William H. Taft"": 273360}",1217736,https://en.wikipedia.org/wiki/1912_United_States_presidential_election
1912,RI,30412,16878,27703,30604,"{""Arthur Reimer"": 236, ""Eugene Chafin"": 616, ""Eugene V. Debs"": 2049, ""William H. Taft"": 27703}",77894,https://en.wikipedia.org/wiki/1912_United_States_presidential_election
1912,SC,48357,1293,536,700,"{""Eugene V. Debs"": 164, ""William H. Taft"": 536}",50350,https://en.wikipedia.org/wiki/1912_United_States_presidential_election
1912,SD,48942,58811,4662,8572,"{""Eugene Chafin"": 3910, ""Eugene V. Debs"": 4662}",116325,https://en.wikipedia.org/wiki/1912_United_States_presidential_election
1912,TN,133021,54041,60475,64871,"{""Eugene Chafin"": 832, ""Eugene V. Debs"": 3564, ""William H. Taft"": 60475}",251933,https://en.wikipedia.org/wiki/1912_United_States_presidential_election
1912,TX,221589,28853,26755,54678,"{""Arthur Reimer"": 442, ""Eugene Chafin"": 1738, ""Eugene V. Debs"": 25743, ""William H. Taft"": 26755}",305120,https://en.wikipedia.org/wiki/1912_United_States_presidential_election
1912,UT,36579,24174,42100,51633,"{""Arthur Reimer"": 510, ""Eugene V. Debs"": 9023, ""William H. Taft"": 42100}",112386,https://en.wikipedia.org/wiki/1912_United_States_presidential_election
1912,VA,90332,21776,23288,24867,"{""Arthur Reimer"": 50, ""Eugene Chafin"": 709, ""Eugene V. Debs"": 820, ""William H. Taft"": 23288}",136975,https://en.wikipedia.org/wiki/1912_United_States_presidential_election
1912,VT,15354,22132,23332,25355,"{""Eugene Chafin"": 1095, ""Eugene V. Debs"": 928, ""William H. Taft"": 23332}",62841,https://en.wikipedia.org/wiki/1912_United_States_presidential_election
1912,WA,86840,113698,70445,122261,"{""Arthur Reimer"": 1872, ""Eugene Chafin"": 9810, ""Eugene V. Debs"": 40134, ""William H. Taft"": 70445}",322799,https://en.wikipedia.org/wiki/1912_United_States_presidential_election
1912,WI,164230,62448,130596,173288,"{""Arthur Reimer"": 632, ""Eugene Chafin"": 8584, ""Eugene V. Debs"": 33476, ""William H. Taft"": 130596}",399966,https://en.wikipedia.org/wiki/1912_United_States_presidential_election
1912,WV,113197,79112,56754,76519,"{""Eugene Chafin"": 4517, ""Eugene V. Debs"": 15248, ""William H. Taft"": 56754}",268828,https://en.wikipedia.org/wiki/1912_United_States_presidential_election
1912,WY,15310,9232,14560,17754,"{""Eugene Chafin"": 434, ""Eugene V. Debs"": 2760, ""William H. Taft"": 14560}",42296,https://en.wikipedia.org/wiki/1912_United_States_presidential_election
1916,AL,99409,28662,1916,2657,"{""Allan Benson"": 1916, ""James Hanly"": 741}",130728,https://en.wikipedia.org/wiki/1916_United_States_presidential_election
1916,AR,112211,48879,6999,9014,"{""Allan Benson"": 6999, ""James Hanly"": 2015}",170104,https://en.wikipedia.org/wiki/1916_United_States_presidential_election
1916,AZ,33170,20524,3174,4327,"{""Allan Benson"": 3174, ""James Hanly"": 1153}",58021,https://en.wikipedia.org/wiki/1916_United_States_presidential_election
1916,CA,466289,462516,42898,70798,"{""Allan Benson"": 42898, ""James Hanly"": 27713}",999603,https://en.wikipedia.org/wiki/1916_United_States_presidential_election
1916,CO,178816,102308,10049,13251,"{""Allan Benson"": 10049, ""James Hanly"": 2793, ""No Candidate (Bull Moose)"": 409}",294375,https://en.wikipedia.org/wiki/1916_United_States_presidential_election
1916,CT,99786,106514,5179,7574,"{""Allan Benson"": 5179, ""Arthur Reimer"": 606, ""James Hanly"": 1789}",213874,https://en.wikipedia.org/wiki/1916_United_States_presidential_election
1916,DE,24753,26011,566,1046,"{""Allan Benson"": 480, ""James Hanly"": 566}",51810,https://en.wikipedia.org/wiki/1916_United_States_presidential_election
1916,FL,55984,14611,5353,10139,"{""Allan Benson"": 5353, ""James Hanly"": 4786}",80734,https://en.wikipedia.org/wiki/1916_United_States_presidential_election
1916,GA,127754,11294,20692,21633,"{""Allan Benson"": 941, ""No Candidate (Bull Moose)"": 20692}",160681,https://en.wikipedia.org/wiki/1916_United_States_presidential_election
1916,IA,218699,280439,10973,14804,"{""Allan Benson"": 10973, ""Arthur Reimer"": 460, ""James Hanly"": 3371}",513942,https://en.wikipedia.org/wiki/1916_United_States_presidential_election
1916,ID,70054,55368,8066,9193,"{""Allan Benson"": 8066, ""James Hanly"": 1127}",134615,https://en.wikipedia.org/wiki/1916_United_States_presidential_election
1916,IL,950229,1152549,61394,89929,"{""Allan Benson"": 61394, ""Arthur Reimer"": 2488, ""James Hanly"": 26047}",2192707,https://en.wikipedia.org/wiki/1916_United_States_presidential_election
1916,IN,334063,341005,21855,43780,"{""Allan Benson"": 21855, ""Arthur Reimer"": 1659, ""James Hanly"": 16368, ""No Candidate (Bull Moose)"": 3898}",718848,https://en.wikipedia.org/wiki/1916_United_States_presidential_election
1916,KS,314588,277658,24685,37567,"{""Allan Benson"": 24685, ""James Hanly"": 12882}",629813,https://en.wikipedia.org/wiki/1916_United_States_presidential_election
1916,KY,269990,241854,4734,8234,"{""Allan Benson"": 4734, ""Arthur Reimer"": 332, ""James Hanly"": 3039, ""No Candidate (Bull Moose)"": 129}",520078,https://en.wikipedia.org/wiki/1916_United_States_presidential_election
1916,LA,79875,6466,6349,6641,"{""Allan Benson"": 292, ""No Candidate (Bull Moose)"": 6349}",92982,https://en.wikipedia.org/wiki/1916_United_States_presidential_election
1916,MA,247885,268784,11058,15154,"{""Allan Benson"": 11058, ""Arthur Reimer"": 1097, ""James Hanly"": 2993}",531823,https://en.wikipedia.org/wiki/1916_United_States_presidential_election
1916,MD,138359,117347,2903,6333,"{""Allan Benson"": 2674, ""Arthur Reimer"": 756, ""James Hanly"": 2903}",262039,https://en.wikipedia.org/wiki/1916_United_States_presidential_election
1916,ME-AL,64033,69508,2177,2773,"{""Allan Benson"": 2177, ""James Hanly"": 596}",136314,https://en.wikipedia.org/wiki/1916_United_States_presidential_election
1916,MI,286775,339097,16120,25101,"{""Allan Benson"": 16120, ""Arthur Reimer"": 842, ""James Hanly"": 8139}",650973,https://en.wikipedia.org/wiki/1916_United_States_presidential_election
1916,MN,179152,179544,20117,28668,"{""Allan Benson"": 20117, ""Arthur Reimer"": 468, ""James Hanly"": 7793, ""No Candidate (Bull Moose)"": 290}",387364,https://en.wikipedia.org/wiki/1916_United_States_presidential_election
1916,MO,398032,369339,14612,19398,"{""Allan Benson"": 14612, ""Arthur Reimer"": 902, ""James Hanly"": 3884}",786769,https://en.wikipedia.org/wiki/1916_United_States_presidential_election
1916,MS,80422,4253,1484,2004,"{""Allan Benson"": 1484, ""No Candidate (Bull Moose)"": 520}",86679,https://en.wikipedia.org/wiki/1916_United_States_presidential_election
1916,MT,101063,66750,9564,9866,"{""Allan Benson"": 9564, ""No Candidate (Bull Moose)"": 302}",177679,https://en.wikipedia.org/wiki/1916_United_States_presidential_election
1916,NATIONAL,9126868,8548728,590524,860989,"{""Allan Benson"": 590524, ""Arthur Reimer"": 15295, ""James Hanly"": 221302, ""No Candidate (Bull Moose)"": 33406}",18536585,https://en.wikipedia.org/wiki/1916_United_States_presidential_election
1916,NC,168383,120890,509,564,"{""Allan Benson"": 509, ""James Hanly"": 55}",289837,https://en.wikipedia.org/wiki/1916_United_States_presidential_election
1916,ND,55206,53471,5716,6713,"{""Allan Benson"": 5716, ""James Hanly"": 997}",115390,https://en.wikipedia.org/wiki/1916_United_States_presidential_election
1916,NE-AL,158827,117771,7141,10717,"{""Allan Benson"": 7141, ""Arthur Reimer"": 624, ""James Hanly"": 2952}",287315,https://en.wikipedia.org/wiki/1916_United_States_presidential_election
1916,NH,43781,43725,1318,1621,"{""Allan Benson"": 1318, ""James Hanly"": 303}",89127,https://en.wikipedia.org/wiki/1916_United_States_presidential_election
1916,NJ,211018,268982,10405,14442,"{""Allan Benson"": 10405, ""Arthur Reimer"": 855, ""James Hanly"": 3182}",494442,https://en.wikipedia.org/wiki/1916_United_States_presidential_election
1916,NM,33527,31152,1996,2108,"{""Allan Benson"": 1996, ""James Hanly"": 112}",66787,https://en.wikipedia.org/wiki/1916_United_States_presidential_election
1916,NV,17776,12127,3065,3413,"{""Allan Benson"": 3065, ""James Hanly"": 348}",33316,https://en.wikipedia.org/wiki/1916_United_States_presidential_election
1916,NY,759426,879238,45944,67641,"{""Allan Benson"": 45944, ""Arthur Reimer"": 2666, ""James Hanly"": 19031}",1706305,https://en.wikipedia.org/wiki/1916_United_States_presidential_election
1916,OH,604161,514753,38092,46172,"{""Allan Benson"": 38092, ""James Hanly"": 8080}",1165086,https://en.wikipedia.org/wiki/1916_United_States_presidential_election
1916,OK,148113,97233,45527,47407,"{""Allan Benson"": 45527, ""James Hanly"": 1646, ""No Candidate (Bull Moose)"": 234}",292753,https://en.wikipedia.org/wiki/1916_United_States_presidential_election
1916,OR,120087,126813,9711,14750,"{""Allan Benson"": 9711, ""James Hanly"": 4729, ""No Candidate (Bull Moose)"": 310}",261650,https://en.wikipedia.org/wiki/1916_United_States_presidential_election
1916,PA,521784,703823,42638,71582,"{""Allan Benson"": 42638, ""Arthur Reimer"": 419, ""James Hanly"": 28525}",1297189,https://en.wikipedia.org/wiki/1916_United_States_presidential_election
1916,RI,40394,44858,1914,2564,"{""Allan Benson"": 1914, ""Arthur Reimer"": 180, ""James Hanly"": 470}",87816,https://en.wikipedia.org/wiki/1916_United_States_presidential_election
1916,SC,61846,1550,162,556,"{""Allan Benson"": 135, ""No Candidate (Bull Moose)"": 162}",63952,https://en.wikipedia.org/wiki/1916_United_States_presidential_election
1916,SD,59191,64217,3760,5534,"{""Allan Benson"": 3760, ""James Hanly"": 1774}",128942,https://en.wikipedia.org/wiki/1916_United_States_presidential_election
1916,TN,153280,116223,2542,2687,"{""Allan Benson"": 2542, ""James Hanly"": 145}",272190,https://en.wikipedia.org/wiki/1916_United_States_presidential_election
1916,TX,286514,64999,18969,20954,"{""Allan Benson"": 18969, ""James Hanly"": 1985}",372467,https://en.wikipedia.org/wiki/1916_United_States_presidential_election
1916,UT,84145,54137,4460,4864,"{""Allan Benson"": 4460, ""Arthur Reimer"": 144, ""James Hanly"": 149, ""No Candidate (Bull Moose)"": 111}",143146,https://en.wikipedia.org/wiki/1916_United_States_presidential_election
1916,VA,101840,48384,1056,1801,"{""Allan Benson"": 1056, ""Arthur Reimer"": 67, ""James Hanly"": 678}",152025,https://en.wikipedia.org/wiki/1916_United_States_presidential_election
1916,VT,22708,40250,798,1517,"{""Allan Benson"": 798, ""James Hanly"": 709}",64475,https://en.wikipedia.org/wiki/1916_United_States_presidential_election
1916,WA,183388,167208,22800,30398,"{""Allan Benson"": 22800, ""Arthur Reimer"": 730, ""James Hanly"": 6868}",380994,https://en.wikipedia.org/wiki/1916_United_States_presidential_election
1916,WI,191363,220822,27631,34949,"{""Allan Benson"": 27631, ""James Hanly"": 7318}",447134,https://en.wikipedia.org/wiki/1916_United_States_presidential_election
1916,WV,140403,143124,6150,6325,"{""Allan Benson"": 6150, ""James Hanly"": 175}",289852,https://en.wikipedia.org/wiki/1916_United_States_presidential_election
1916,WY,28316,21698,1453,1826,"{""Allan Benson"": 1453, ""James Hanly"": 373}",51840,https://en.wikipedia.org/wiki/1916_United_States_presidential_election
1920,AL,159965,74556,2369,3117,"{""Aaron Watkins"": 748, ""Eugene Debs"": 2369}",237638,https://en.wikipedia.org/wiki/1920_United_States_presidential_election
1920,AR,107409,71117,5111,5111,"{""Eugene Debs"": 5111}",183637,https://en.wikipedia.org/wiki/1920_United_States_presidential_election
1920,AZ,29546,37016,222,0,"{""Aaron Watkins"": 4, ""Eugene Debs"": 222, ""Parley Christensen"": 15}",66562,https://en.wikipedia.org/wiki/1920_United_States_presidential_election
1920,CA,229191,624992,64076,89867,"{""Aaron Watkins"": 25204, ""Eugene Debs"": 64076}",944050,https://en.wikipedia.org/wiki/1920_United_States_presidential_election
1920,CO,104936,173248,8046,13869,"{""Aaron Watkins"": 2807, ""Eugene Debs"": 8046, ""Parley Christensen"": 3016}",292053,https://en.wikipedia.org/wiki/1920_United_States_presidential_election
1920,CT,120721,229238,10350,15559,"{""Aaron Watkins"": 1771, ""Eugene Debs"": 10350, ""Parley Christensen"": 1947}",365518,https://en.wikipedia.org/wiki/1920_United_States_presidential_election
1920,DE,39911,52858,988,2106,"{""Aaron Watkins"": 986, ""Eugene Debs"": 988, ""Parley Christensen"": 93}",94875,https://en.wikipedia.org/wiki/1920_United_States_presidential_election
1920,FL,90515,44853,5189,10313,"{""Aaron Watkins"": 5124, ""Eugene Debs"": 5189}",145681,https://en.wikipedia.org/wiki/1920_United_States_presidential_election
1920,GA,107162,41089,465,0,"{""Eugene Debs"": 465}",148251,https://en.wikipedia.org/wiki/1920_United_States_presidential_election
1920,IA,227921,634674,16981,32487,"{""Aaron Watkins"": 4197, ""Eugene Debs"": 16981, ""Parley Christensen"": 10321}",895082,https://en.wikipedia.org/wiki/1920_United_States_presidential_election
1920,ID,46579,88975,38,70,"{""Aaron Watkins"": 32, ""Eugene Debs"": 38}",135624,https://en.wikipedia.org/wiki/1920_United_States_presidential_election
1920,IL,534395,1420480,74747,139839,"{""Aaron Watkins"": 11216, ""Eugene Debs"": 74747, ""Parley Christensen"": 49630}",2094714,https://en.wikipedia.org/wiki/1920_United_States_presidential_election
1920,IN,511364,696370,24703,55230,"{""Aaron Watkins"": 13462, ""Eugene Debs"": 24703, ""Parley Christensen"": 16499}",1262964,https://en.wikipedia.org/wiki/1920_United_States_presidential_election
1920,KS,185464,369268,15511,15586,"{""Eugene Debs"": 15511}",570318,https://en.wikipedia.org/wiki/1920_United_States_presidential_election
1920,KY,456497,452480,6409,9731,"{""Aaron Watkins"": 3322, ""Eugene Debs"": 6409}",918708,https://en.wikipedia.org/wiki/1920_United_States_presidential_election
1920,LA,87519,38538,0,339,"{""Other"": 339}",126396,https://en.wikipedia.org/wiki/1920_United_States_presidential_election
1920,MA,276691,681153,32267,35874,"{""Eugene Debs"": 32267}",993718,https://en.wikipedia.org/wiki/1920_United_States_presidential_election
1920,MD,180626,236117,8876,11700,"{""Eugene Debs"": 8876, ""Parley Christensen"": 1645}",428443,https://en.wikipedia.org/wiki/1920_United_States_presidential_election
1920,ME-AL,58961,136355,2214,2524,"{""Eugene Debs"": 2214}",197840,https://en.wikipedia.org/wiki/1920_United_States_presidential_election
1920,MI,233450,762865,28947,52096,"{""Aaron Watkins"": 9646, ""Eugene Debs"": 28947, ""Parley Christensen"": 10480}",1048411,https://en.wikipedia.org/wiki/1920_United_States_presidential_election
1920,MN,142994,519421,56106,73423,"{""Aaron Watkins"": 11489, ""Eugene Debs"": 56106}",735838,https://en.wikipedia.org/wiki/1920_United_States_presidential_election
1920,MO,574799,727162,20242,30839,"{""Aaron Watkins"": 5142, ""Eugene Debs"": 20242, ""Parley Christensen"": 3291}",1332800,https://en.wikipedia.org/wiki/1920_United_States_presidential_election
1920,MS,69277,11576,1639,1639,"{""Eugene Debs"": 1639}",82492,https://en.wikipedia.org/wiki/1920_United_States_presidential_election
1920,MT,57372,109430,12204,12204,"{""Parley Christensen"": 12204}",179006,https://en.wikipedia.org/wiki/1920_United_States_presidential_election
1920,NATIONAL,9139661,16144093,913693,1481426,"{""Aaron Watkins"": 188787, ""Eugene Debs"": 913693, ""James Ferguson"": 47968, ""Parley Christensen"": 265398}",26765180,https://en.wikipedia.org/wiki/1920_United_States_presidential_election
1920,NC,305447,232848,446,446,"{""Eugene Debs"": 446}",538741,https://en.wikipedia.org/wiki/1920_United_States_presidential_election
1920,ND,37422,160072,8282,8282,"{""Eugene Debs"": 8282}",205776,https://en.wikipedia.org/wiki/1920_United_States_presidential_election
1920,NE-AL,119608,247498,9600,15637,"{""Aaron Watkins"": 5947, ""Eugene Debs"": 9600}",382743,https://en.wikipedia.org/wiki/1920_United_States_presidential_election
1920,NH,62662,95196,1234,1234,"{""Eugene Debs"": 1234}",159092,https://en.wikipedia.org/wiki/1920_United_States_presidential_election
1920,NJ,256887,611541,27141,35515,"{""Aaron Watkins"": 4734, ""Eugene Debs"": 27141, ""Parley Christensen"": 2200}",903943,https://en.wikipedia.org/wiki/1920_United_States_presidential_election
1920,NM,46668,57634,1104,1104,"{""Parley Christensen"": 1104}",105406,https://en.wikipedia.org/wiki/1920_United_States_presidential_election
1920,NV,9851,15479,1864,1864,"{""Eugene Debs"": 1864}",27194,https://en.wikipedia.org/wiki/1920_United_States_presidential_election
1920,NY,781238,1871167,203201,246108,"{""Aaron Watkins"": 19653, ""Eugene Debs"": 203201, ""Parley Christensen"": 18413}",2898513,https://en.wikipedia.org/wiki/1920_United_States_presidential_election
1920,OH,780037,1182022,57147,59594,"{""Eugene Debs"": 57147}",2021653,https://en.wikipedia.org/wiki/1920_United_States_presidential_election
1920,OK,217053,243831,25726,25726,"{""Eugene Debs"": 25726}",486610,https://en.wikipedia.org/wiki/1920_United_States_presidential_election
1920,OR,80019,143592,9801,14911,"{""Aaron Watkins"": 3595, ""Eugene Debs"": 9801}",238522,https://en.wikipedia.org/wiki/1920_United_States_presidential_election
1920,PA,503843,1218216,70571,130557,"{""Aaron Watkins"": 42696, ""Eugene Debs"": 70571, ""Parley Christensen"": 15704}",1852616,https://en.wikipedia.org/wiki/1920_United_States_presidential_election
1920,RI,55062,107463,4351,5456,"{""Aaron Watkins"": 510, ""Eugene Debs"": 4351}",167981,https://en.wikipedia.org/wiki/1920_United_States_presidential_election
1920,SC,64170,2610,28,28,"{""Eugene Debs"": 28}",66808,https://en.wikipedia.org/wiki/1920_United_States_presidential_election
1920,SD,35938,110692,34707,35607,"{""Aaron Watkins"": 900, ""Parley Christensen"": 34707}",182237,https://en.wikipedia.org/wiki/1920_United_States_presidential_election
1920,TN,206558,219829,2239,2239,"{""Eugene Debs"": 2239}",428626,https://en.wikipedia.org/wiki/1920_United_States_presidential_election
1920,TX,288767,114538,47968,83336,"{""Eugene Debs"": 8121, ""James Ferguson"": 47968}",486641,https://en.wikipedia.org/wiki/1920_United_States_presidential_election
1920,UT,56639,81555,4475,7634,"{""Eugene Debs"": 3159, ""Parley Christensen"": 4475}",145828,https://en.wikipedia.org/wiki/1920_United_States_presidential_election
1920,VA,141670,87456,857,1907,"{""Aaron Watkins"": 857, ""Eugene Debs"": 807, ""Parley Christensen"": 243}",231033,https://en.wikipedia.org/wiki/1920_United_States_presidential_election
1920,VT,20919,68212,774,830,"{""Aaron Watkins"": 774}",89961,https://en.wikipedia.org/wiki/1920_United_States_presidential_election
1920,WA,84298,223137,77246,91280,"{""Aaron Watkins"": 3800, ""Eugene Debs"": 8913, ""Parley Christensen"": 77246}",398715,https://en.wikipedia.org/wiki/1920_United_States_presidential_election
1920,WI,113422,498576,80635,89282,"{""Aaron Watkins"": 8647, ""Eugene Debs"": 80635}",701280,https://en.wikipedia.org/wiki/1920_United_States_presidential_election
1920,WV,220789,282007,5618,7146,"{""Aaron Watkins"": 1528, ""Eugene Debs"": 5618}",509942,https://en.wikipedia.org/wiki/1920_United_States_presidential_election
1920,WY,17429,35091,2180,2180,"{""Parley Christensen"": 2180}",54700,https://en.wikipedia.org/wiki/1920_United_States_presidential_election
1924,AL,112966,45005,8084,8622,"{""Herman Faris"": 538, ""Robert La Follette"": 8084}",166593,https://en.wikipedia.org/wiki/1924_United_States_presidential_election
1924,AR,84795,40564,13173,13173,"{""Robert La Follette"": 13173}",138532,https://en.wikipedia.org/wiki/1924_United_States_presidential_election
1924,AZ,26235,30516,17210,17210,"{""Robert La Follette"": 17210}",73961,https://en.wikipedia.org/wiki/1924_United_States_presidential_election
1924,CA,105514,733250,424649,443136,"{""Herman Faris"": 18365, ""Robert La Follette"": 424649}",1281900,https://en.wikipedia.org/wiki/1924_United_States_presidential_election
1924,CO,75238,195171,69945,71851,"{""Frank Johns"": 378, ""Herman Faris"": 966, ""Robert La Follette"": 69945, ""William Foster"": 562}",342260,https://en.wikipedia.org/wiki/1924_United_States_presidential_election
1924,CT,110184,246322,42416,43789,"{""Frank Johns"": 1373, ""Robert La Follette"": 42416}",400295,https://en.wikipedia.org/wiki/1924_United_States_presidential_election
1924,DE,33445,52441,4979,4999,"{""Robert La Follette"": 4979}",90885,https://en.wikipedia.org/wiki/1924_United_States_presidential_election
1924,FL,62083,30633,8625,16438,"{""Herman Faris"": 5498, ""Robert La Follette"": 8625}",109154,https://en.wikipedia.org/wiki/1924_United_States_presidential_election
1924,GA,123200,30300,12691,13077,"{""Herman Faris"": 231, ""Robert La Follette"": 12691}",166577,https://en.wikipedia.org/wiki/1924_United_States_presidential_election
1924,IA,162600,537635,272243,276725,"{""Robert La Follette"": 272243, ""William Foster"": 4037}",976960,https://en.wikipedia.org/wiki/1924_United_States_presidential_election
1924,ID,24256,69879,54160,54160,"{""Robert La Follette"": 54160}",148295,https://en.wikipedia.org/wiki/1924_United_States_presidential_election
1924,IL,576975,1453321,432027,439771,"{""Frank Johns"": 2334, ""Herman Faris"": 2367, ""Robert La Follette"": 432027, ""William Foster"": 2622}",2470067,https://en.wikipedia.org/wiki/1924_United_States_presidential_election
1924,IN,492245,703042,71700,77103,"{""Herman Faris"": 4416, ""Robert La Follette"": 71700, ""William Foster"": 987}",1272390,https://en.wikipedia.org/wiki/1924_United_States_presidential_election
1924,KS,156319,407671,98461,98464,"{""Robert La Follette"": 98461}",662454,https://en.wikipedia.org/wiki/1924_United_States_presidential_election
1924,KY,374855,398966,38465,41511,"{""Frank Johns"": 1499, ""Robert La Follette"": 38465}",815332,https://en.wikipedia.org/wiki/1924_United_States_presidential_election
1924,LA,93218,24670,0,4063,"{""Other"": 4063}",121951,https://en.wikipedia.org/wiki/1924_United_States_presidential_election
1924,MA,280831,703476,141225,145530,"{""Frank Johns"": 1668, ""Robert La Follette"": 141225, ""William Foster"": 2635}",1129837,https://en.wikipedia.org/wiki/1924_United_States_presidential_election
1924,MD,148072,162414,47157,48144,"{""Frank Johns"": 987, ""Robert La Follette"": 47157}",358630,https://en.wikipedia.org/wiki/1924_United_States_presidential_election
1924,ME-AL,41964,138440,11382,11788,"{""Frank Johns"": 406, ""Robert La Follette"": 11382}",192192,https://en.wikipedia.org/wiki/1924_United_States_presidential_election
1924,MI,152359,874631,122014,133429,"{""Herman Faris"": 6085, ""Robert La Follette"": 122014, ""William Foster"": 5330}",1160419,https://en.wikipedia.org/wiki/1924_United_States_presidential_election
1924,MN,55913,420759,339192,345474,"{""Frank Johns"": 1855, ""Robert La Follette"": 339192, ""William Foster"": 4427}",822146,https://en.wikipedia.org/wiki/1924_United_States_presidential_election
1924,MO,572753,648486,84160,86719,"{""Frank Johns"": 883, ""Herman Faris"": 1418, ""Robert La Follette"": 84160}",1307958,https://en.wikipedia.org/wiki/1924_United_States_presidential_election
1924,MS,100474,8494,3494,3494,"{""Robert La Follette"": 3494}",112462,https://en.wikipedia.org/wiki/1924_United_States_presidential_election
1924,MT,33805,74138,66123,66480,"{""Robert La Follette"": 66123, ""William Foster"": 357}",174423,https://en.wikipedia.org/wiki/1924_United_States_presidential_election
1924,NATIONAL,8386242,15723789,4831706,4987076,"{""Frank Johns"": 28633, ""Herman Faris"": 55951, ""Robert La Follette"": 4831706, ""William Foster"": 38669}",29097107,https://en.wikipedia.org/wiki/1924_United_States_presidential_election
1924,NC,284270,191753,6651,6664,"{""Herman Faris"": 13, ""Robert La Follette"": 6651}",482687,https://en.wikipedia.org/wiki/1924_United_States_presidential_election
1924,ND,13858,94931,89922,90292,"{""Robert La Follette"": 89922, ""William Foster"": 370}",199081,https://en.wikipedia.org/wiki/1924_United_States_presidential_election
1924,NE-AL,137289,218585,106701,108299,"{""Herman Faris"": 1594, ""Robert La Follette"": 106701}",464173,https://en.wikipedia.org/wiki/1924_United_States_presidential_election
1924,NH,57201,98575,8993,8993,"{""Robert La Follette"": 8993}",164769,https://en.wikipedia.org/wiki/1924_United_States_presidential_election
1924,NJ,297743,675162,108901,113174,"{""Frank Johns"": 819, ""Herman Faris"": 1337, ""Robert La Follette"": 108901, ""William Foster"": 1540}",1086079,https://en.wikipedia.org/wiki/1924_United_States_presidential_election
1924,NM,48542,54745,9543,9543,"{""Robert La Follette"": 9543}",112830,https://en.wikipedia.org/wiki/1924_United_States_presidential_election
1924,NV,5909,11243,9769,9769,"{""Robert La Follette"": 9769}",26921,https://en.wikipedia.org/wiki/1924_United_States_presidential_election
1924,NY,950796,1820058,474913,493085,"{""Frank Johns"": 9928, ""Robert La Follette"": 474913, ""William Foster"": 8244}",3263939,https://en.wikipedia.org/wiki/1924_United_States_presidential_election
1924,OH,477888,1176130,357948,362219,"{""Frank Johns"": 3025, ""Robert La Follette"": 357948}",2016237,https://en.wikipedia.org/wiki/1924_United_States_presidential_election
1924,OK,255798,226242,46375,46375,"{""Robert La Follette"": 46375}",528415,https://en.wikipedia.org/wiki/1924_United_States_presidential_election
1924,OR,67589,142579,68403,69320,"{""Frank Johns"": 917, ""Robert La Follette"": 68403}",279488,https://en.wikipedia.org/wiki/1924_United_States_presidential_election
1924,PA,409192,1401481,307567,334177,"{""Frank Johns"": 634, ""Herman Faris"": 9779, ""Robert La Follette"": 307567, ""William Foster"": 2735}",2144850,https://en.wikipedia.org/wiki/1924_United_States_presidential_election
1924,RI,76606,125286,7628,8223,"{""Frank Johns"": 268, ""Robert La Follette"": 7628, ""William Foster"": 289}",210115,https://en.wikipedia.org/wiki/1924_United_States_presidential_election
1924,SC,49008,1123,620,621,"{""Robert La Follette"": 620}",50752,https://en.wikipedia.org/wiki/1924_United_States_presidential_election
1924,SD,27214,101299,75355,75355,"{""Robert La Follette"": 75355}",203868,https://en.wikipedia.org/wiki/1924_United_States_presidential_election
1924,TN,158537,130882,10656,10856,"{""Herman Faris"": 100, ""Robert La Follette"": 10656}",300275,https://en.wikipedia.org/wiki/1924_United_States_presidential_election
1924,TX,484605,130023,42881,42881,"{""Robert La Follette"": 42881}",657509,https://en.wikipedia.org/wiki/1924_United_States_presidential_election
1924,UT,47001,77327,32662,32662,"{""Robert La Follette"": 32662}",156990,https://en.wikipedia.org/wiki/1924_United_States_presidential_election
1924,VA,139716,73312,10377,10574,"{""Frank Johns"": 197, ""Robert La Follette"": 10377}",223602,https://en.wikipedia.org/wiki/1924_United_States_presidential_election
1924,VT,16124,80498,5964,6295,"{""Herman Faris"": 326, ""Robert La Follette"": 5964}",102917,https://en.wikipedia.org/wiki/1924_United_States_presidential_election
1924,WA,42842,220224,150727,158483,"{""Frank Johns"": 1004, ""Robert La Follette"": 150727, ""William Foster"": 761}",421549,https://en.wikipedia.org/wiki/1924_United_States_presidential_election
1924,WI,68115,311614,453678,461097,"{""Frank Johns"": 458, ""Herman Faris"": 2918, ""Robert La Follette"": 453678, ""William Foster"": 3773}",840826,https://en.wikipedia.org/wiki/1924_United_States_presidential_election
1924,WV,257232,288635,36723,37795,"{""Robert La Follette"": 36723}",583662,https://en.wikipedia.org/wiki/1924_United_States_presidential_election
1924,WY,12868,41858,25174,25174,"{""Robert La Follette"": 25174}",79900,https://en.wikipedia.org/wiki/1924_United_States_presidential_election
1928,AL,127797,120725,460,460,"{""Norman Thomas"": 460}",248982,https://en.wikipedia.org/wiki/1928_United_States_presidential_election
1928,AR,119196,77751,429,746,"{""Norman Thomas"": 429, ""William Foster"": 317}",197693,https://en.wikipedia.org/wiki/1928_United_States_presidential_election
1928,AZ,38537,52533,184,184,"{""William Foster"": 184}",91254,https://en.wikipedia.org/wiki/1928_United_States_presidential_election
1928,CA,614365,1162323,19595,19968,"{""Norman Thomas"": 19595, ""William Foster"": 112}",1796656,https://en.wikipedia.org/wiki/1928_United_States_presidential_election
1928,CO,133131,253872,3472,5239,"{""Norman Thomas"": 3472, ""William Foster"": 675}",392242,https://en.wikipedia.org/wiki/1928_United_States_presidential_election
1928,CT,252040,296614,3019,4377,"{""Norman Thomas"": 3019, ""Verne Reynolds"": 622, ""William Foster"": 730}",553031,https://en.wikipedia.org/wiki/1928_United_States_presidential_election
1928,DE,36643,68860,329,388,"{""Norman Thomas"": 329, ""William Foster"": 59}",105891,https://en.wikipedia.org/wiki/1928_United_States_presidential_election
1928,FL,101764,144168,4036,7740,"{""Norman Thomas"": 4036, ""William Foster"": 3704}",253672,https://en.wikipedia.org/wiki/1928_United_States_presidential_election
1928,GA,129602,99369,124,188,"{""Norman Thomas"": 124, ""William Foster"": 64}",229159,https://en.wikipedia.org/wiki/1928_United_States_presidential_election
1928,IA,379311,623570,2960,6608,"{""Norman Thomas"": 2960, ""Verne Reynolds"": 230, ""William Foster"": 328}",1009489,https://en.wikipedia.org/wiki/1928_United_States_presidential_election
1928,ID,52926,97322,1293,1293,"{""Norman Thomas"": 1293}",151541,https://en.wikipedia.org/wiki/1928_United_States_presidential_election
1928,IL,1313817,1769141,19138,24531,"{""Norman Thomas"": 19138, ""Verne Reynolds"": 1812, ""William Foster"": 3581}",3107489,https://en.wikipedia.org/wiki/1928_United_States_presidential_election
1928,IN,562691,848290,3871,10333,"{""Norman Thomas"": 3871, ""Verne Reynolds"": 645, ""William Foster"": 321}",1421314,https://en.wikipedia.org/wiki/1928_United_States_presidential_election
1928,KS,193003,513672,6205,6525,"{""Norman Thomas"": 6205, ""William Foster"": 320}",713200,https://en.wikipedia.org/wiki/1928_United_States_presidential_election
1928,KY,381070,558064,837,1470,"{""Norman Thomas"": 837, ""Verne Reynolds"": 340, ""William Foster"": 293}",940604,https://en.wikipedia.org/wiki/1928_United_States_presidential_election
1928,LA,164655,51160,0,18,"{""Other"": 18}",215833,https://en.wikipedia.org/wiki/1928_United_States_presidential_election
1928,MA,792758,775566,6262,9499,"{""Norman Thomas"": 6262, ""Verne Reynolds"": 772, ""William Foster"": 2461}",1577823,https://en.wikipedia.org/wiki/1928_United_States_presidential_election
1928,MD,223626,301479,1701,3243,"{""Norman Thomas"": 1701, ""Verne Reynolds"": 906, ""William Foster"": 636}",528348,https://en.wikipedia.org/wiki/1928_United_States_presidential_election
1928,ME-AL,81179,179923,1068,1069,"{""Norman Thomas"": 1068}",262171,https://en.wikipedia.org/wiki/1928_United_States_presidential_election
1928,MI,396762,965396,3516,9924,"{""Norman Thomas"": 3516, ""Verne Reynolds"": 799, ""William Foster"": 2881}",1372082,https://en.wikipedia.org/wiki/1928_United_States_presidential_election
1928,MN,396451,560977,6774,13548,"{""Norman Thomas"": 6774, ""Verne Reynolds"": 1921, ""William Foster"": 4853}",970976,https://en.wikipedia.org/wiki/1928_United_States_presidential_election
1928,MO,662562,834080,3739,4079,"{""Norman Thomas"": 3739, ""Verne Reynolds"": 340}",1500721,https://en.wikipedia.org/wiki/1928_United_States_presidential_election
1928,MS,124539,27153,0,0,{},151692,https://en.wikipedia.org/wiki/1928_United_States_presidential_election
1928,MT,78578,113300,1667,2230,"{""Norman Thomas"": 1667, ""William Foster"": 563}",194108,https://en.wikipedia.org/wiki/1928_United_States_presidential_election
1928,NATIONAL,15015464,21427123,267478,364425,"{""Norman Thomas"": 267478, ""Verne Reynolds"": 21590, ""William Foster"": 48551}",36807012,https://en.wikipedia.org/wiki/1928_United_States_presidential_election
1928,NC,286227,348923,0,0,{},635150,https://en.wikipedia.org/wiki/1928_United_States_presidential_election
1928,ND,106648,131441,936,1778,"{""Norman Thomas"": 936, ""William Foster"": 842}",239867,https://en.wikipedia.org/wiki/1928_United_States_presidential_election
1928,NE-AL,197959,345745,3434,3440,"{""Norman Thomas"": 3434}",547144,https://en.wikipedia.org/wiki/1928_United_States_presidential_election
1928,NH,80715,115404,465,638,"{""Norman Thomas"": 465, ""William Foster"": 173}",196757,https://en.wikipedia.org/wiki/1928_United_States_presidential_election
1928,NJ,616162,925285,4866,6748,"{""Norman Thomas"": 4866, ""Verne Reynolds"": 488, ""William Foster"": 1240}",1548195,https://en.wikipedia.org/wiki/1928_United_States_presidential_election
1928,NM,48211,69645,158,158,"{""William Foster"": 158}",118014,https://en.wikipedia.org/wiki/1928_United_States_presidential_election
1928,NV,14090,18327,0,0,{},32417,https://en.wikipedia.org/wiki/1928_United_States_presidential_election
1928,NY,2089863,2193344,107332,122419,"{""Norman Thomas"": 107332, ""Verne Reynolds"": 4211, ""William Foster"": 10876}",4405626,https://en.wikipedia.org/wiki/1928_United_States_presidential_election
1928,OH,864210,1627546,8683,16590,"{""Norman Thomas"": 8683, ""Verne Reynolds"": 1515, ""William Foster"": 2836}",2508346,https://en.wikipedia.org/wiki/1928_United_States_presidential_election
1928,OK,219174,394046,3924,5207,"{""Norman Thomas"": 3924}",618427,https://en.wikipedia.org/wiki/1928_United_States_presidential_election
1928,OR,109223,205341,2720,5378,"{""Norman Thomas"": 2720, ""Verne Reynolds"": 1564, ""William Foster"": 1094}",319942,https://en.wikipedia.org/wiki/1928_United_States_presidential_election
1928,PA,1067586,2055382,18647,27642,"{""Norman Thomas"": 18647, ""Verne Reynolds"": 380, ""William Foster"": 4726}",3150610,https://en.wikipedia.org/wiki/1928_United_States_presidential_election
1928,RI,118973,117522,416,699,"{""Verne Reynolds"": 416, ""William Foster"": 283}",237194,https://en.wikipedia.org/wiki/1928_United_States_presidential_election
1928,SC,62700,5858,47,47,"{""Norman Thomas"": 47}",68605,https://en.wikipedia.org/wiki/1928_United_States_presidential_election
1928,SD,102660,157603,443,1602,"{""Norman Thomas"": 443, ""William Foster"": 232}",261865,https://en.wikipedia.org/wiki/1928_United_States_presidential_election
1928,TN,167343,195388,631,742,"{""Norman Thomas"": 631, ""William Foster"": 111}",363473,https://en.wikipedia.org/wiki/1928_United_States_presidential_election
1928,TX,341032,367036,722,931,"{""Norman Thomas"": 722, ""William Foster"": 209}",708999,https://en.wikipedia.org/wiki/1928_United_States_presidential_election
1928,UT,80985,94618,954,1000,"{""Norman Thomas"": 954, ""William Foster"": 46}",176603,https://en.wikipedia.org/wiki/1928_United_States_presidential_election
1928,VA,140146,164609,250,603,"{""Norman Thomas"": 250, ""Verne Reynolds"": 180, ""William Foster"": 173}",305358,https://en.wikipedia.org/wiki/1928_United_States_presidential_election
1928,VT,44440,90404,0,347,"{""Other"": 347}",135191,https://en.wikipedia.org/wiki/1928_United_States_presidential_election
1928,WA,156772,335844,4068,8224,"{""Norman Thomas"": 2615, ""Verne Reynolds"": 4068, ""William Foster"": 1541}",500840,https://en.wikipedia.org/wiki/1928_United_States_presidential_election
1928,WI,450259,544205,18213,22367,"{""Norman Thomas"": 18213, ""Verne Reynolds"": 381, ""William Foster"": 1528}",1016831,https://en.wikipedia.org/wiki/1928_United_States_presidential_election
1928,WV,263784,375551,1313,3417,"{""Norman Thomas"": 1313, ""William Foster"": 401}",642752,https://en.wikipedia.org/wiki/1928_United_States_presidential_election
1928,WY,29299,52748,788,788,"{""Norman Thomas"": 788}",82835,https://en.wikipedia.org/wiki/1928_United_States_presidential_election
1932,AL,207910,34675,2030,2769,"{""Other"": 739, ""Thomas/Maurer"": 2030}",245354,https://en.wikipedia.org/wiki/1932_United_States_presidential_election
1932,AR,189602,28467,1269,2493,"{""Other"": 1224, ""Thomas/Maurer"": 1269}",220562,https://en.wikipedia.org/wiki/1932_United_States_presidential_election
1932,AZ,79264,36104,2618,2883,"{""Other"": 265, ""Thomas/Maurer"": 2618}",118251,https://en.wikipedia.org/wiki/1932_United_States_presidential_election
1932,CA,1324157,847902,63299,95907,"{""Other"": 32608, ""Thomas/Maurer"": 63299}",2267966,https://en.wikipedia.org/wiki/1932_United_States_presidential_election
1932,CO,250877,189617,13591,17202,"{""Other"": 3611, ""Thomas/Maurer"": 13591}",457696,https://en.wikipedia.org/wiki/1932_United_States_presidential_election
1932,CT,281632,288420,20480,24131,"{""Other"": 3651, ""Thomas/Maurer"": 20480}",594183,https://en.wikipedia.org/wiki/1932_United_States_presidential_election
1932,DE,54319,57073,1376,1509,"{""Other"": 133, ""Thomas/Maurer"": 1376}",112901,https://en.wikipedia.org/wiki/1932_United_States_presidential_election
1932,FL,206307,69170,775,775,"{""Thomas/Maurer"": 775}",276252,https://en.wikipedia.org/wiki/1932_United_States_presidential_election
1932,GA,234118,19863,461,1609,"{""Other"": 1148, ""Thomas/Maurer"": 461}",255590,https://en.wikipedia.org/wiki/1932_United_States_presidential_election
1932,IA,598019,414433,20467,24235,"{""Other"": 3768, ""Thomas/Maurer"": 20467}",1036687,https://en.wikipedia.org/wiki/1932_United_States_presidential_election
1932,ID,109479,71417,526,5729,"{""Other"": 5203, ""Thomas/Maurer"": 526}",186625,https://en.wikipedia.org/wiki/1932_United_States_presidential_election
1932,IL,1882304,1432756,67258,92866,"{""Other"": 25608, ""Thomas/Maurer"": 67258}",3407926,https://en.wikipedia.org/wiki/1932_United_States_presidential_election
1932,IN,862054,677184,21388,37689,"{""Other"": 16301, ""Thomas/Maurer"": 21388}",1576927,https://en.wikipedia.org/wiki/1932_United_States_presidential_election
1932,KS,424204,349498,18276,18276,"{""Thomas/Maurer"": 18276}",791978,https://en.wikipedia.org/wiki/1932_United_States_presidential_election
1932,KY,580574,394716,3853,7773,"{""Other"": 3920, ""Thomas/Maurer"": 3853}",983063,https://en.wikipedia.org/wiki/1932_United_States_presidential_election
1932,LA,249418,18853,0,533,"{""Other"": 533}",268804,https://en.wikipedia.org/wiki/1932_United_States_presidential_election
1932,MA,800148,736959,34305,43007,"{""Other"": 8702, ""Thomas/Maurer"": 34305}",1580114,https://en.wikipedia.org/wiki/1932_United_States_presidential_election
1932,MD,314314,184184,10489,12556,"{""Other"": 2067, ""Thomas/Maurer"": 10489}",511054,https://en.wikipedia.org/wiki/1932_United_States_presidential_election
1932,ME-AL,128907,166631,2489,2906,"{""Other"": 417, ""Thomas/Maurer"": 2489}",298444,https://en.wikipedia.org/wiki/1932_United_States_presidential_election
1932,MI,871700,739894,39205,53171,"{""Other"": 13966, ""Thomas/Maurer"": 39205}",1664765,https://en.wikipedia.org/wiki/1932_United_States_presidential_election
1932,MN,600806,363959,25476,38078,"{""Other"": 12602, ""Thomas/Maurer"": 25476}",1002843,https://en.wikipedia.org/wiki/1932_United_States_presidential_election
1932,MO,1025406,564713,16374,19775,"{""Other"": 3401, ""Thomas/Maurer"": 16374}",1609894,https://en.wikipedia.org/wiki/1932_United_States_presidential_election
1932,MS,140168,5180,686,686,"{""Thomas/Maurer"": 686}",146034,https://en.wikipedia.org/wiki/1932_United_States_presidential_election
1932,MT,127286,78078,7891,11115,"{""Other"": 3224, ""Thomas/Maurer"": 7891}",216479,https://en.wikipedia.org/wiki/1932_United_States_presidential_election
1932,NATIONAL,22821277,15761254,884885,1169367,"{""Other"": 284482, ""Thomas/Maurer"": 884885}",39751898,https://en.wikipedia.org/wiki/1932_United_States_presidential_election
1932,NC,497566,208344,5591,5591,"{""Thomas/Maurer"": 5591}",711501,https://en.wikipedia.org/wiki/1932_United_States_presidential_election
1932,ND,178350,71772,3521,6168,"{""Other"": 2647, ""Thomas/Maurer"": 3521}",256290,https://en.wikipedia.org/wiki/1932_United_States_presidential_election
1932,NE-AL,359082,201177,9876,9878,"{""Other"": 2, ""Thomas/Maurer"": 9876}",570137,https://en.wikipedia.org/wiki/1932_United_States_presidential_election
1932,NH,100680,103629,947,1211,"{""Other"": 264, ""Thomas/Maurer"": 947}",205520,https://en.wikipedia.org/wiki/1932_United_States_presidential_election
1932,NJ,806394,775406,42988,47707,"{""Other"": 4719, ""Thomas/Maurer"": 42988}",1629507,https://en.wikipedia.org/wiki/1932_United_States_presidential_election
1932,NM,95089,54217,1776,2300,"{""Other"": 524, ""Thomas/Maurer"": 1776}",151606,https://en.wikipedia.org/wiki/1932_United_States_presidential_election
1932,NV,28756,12674,0,0,{},41430,https://en.wikipedia.org/wiki/1932_United_States_presidential_election
1932,NY,2534959,1937963,177397,215692,"{""Other"": 38295, ""Thomas/Maurer"": 177397}",4688614,https://en.wikipedia.org/wiki/1932_United_States_presidential_election
1932,OH,1301695,1227319,64094,80714,"{""Other"": 16620, ""Thomas/Maurer"": 64094}",2609728,https://en.wikipedia.org/wiki/1932_United_States_presidential_election
1932,OK,516468,188165,0,0,{},704633,https://en.wikipedia.org/wiki/1932_United_States_presidential_election
1932,OR,213871,136019,15450,18918,"{""Other"": 3468, ""Thomas/Maurer"": 15450}",368808,https://en.wikipedia.org/wiki/1932_United_States_presidential_election
1932,PA,1295948,1453540,91223,109689,"{""Other"": 18466, ""Thomas/Maurer"": 91223}",2859177,https://en.wikipedia.org/wiki/1932_United_States_presidential_election
1932,RI,146604,115266,3138,4300,"{""Other"": 1162, ""Thomas/Maurer"": 3138}",266170,https://en.wikipedia.org/wiki/1932_United_States_presidential_election
1932,SC,102347,1978,82,82,"{""Thomas/Maurer"": 82}",104407,https://en.wikipedia.org/wiki/1932_United_States_presidential_election
1932,SD,183515,99212,1551,5711,"{""Other"": 4160, ""Thomas/Maurer"": 1551}",288438,https://en.wikipedia.org/wiki/1932_United_States_presidential_election
1932,TN,259473,126752,1796,4031,"{""Other"": 2235, ""Thomas/Maurer"": 1796}",390256,https://en.wikipedia.org/wiki/1932_United_States_presidential_election
1932,TX,760348,97959,4450,5119,"{""Other"": 669, ""Thomas/Maurer"": 4450}",863426,https://en.wikipedia.org/wiki/1932_United_States_presidential_election
1932,UT,116750,84795,4087,5033,"{""Other"": 946, ""Thomas/Maurer"": 4087}",206578,https://en.wikipedia.org/wiki/1932_United_States_presidential_election
1932,VA,203979,89637,2382,4326,"{""Other"": 1944, ""Thomas/Maurer"": 2382}",297942,https://en.wikipedia.org/wiki/1932_United_States_presidential_election
1932,VT,56266,78984,1533,1730,"{""Other"": 197, ""Thomas/Maurer"": 1533}",136980,https://en.wikipedia.org/wiki/1932_United_States_presidential_election
1932,WA,353260,208645,17080,52909,"{""Other"": 35829, ""Thomas/Maurer"": 17080}",614814,https://en.wikipedia.org/wiki/1932_United_States_presidential_election
1932,WI,707410,347741,53379,59657,"{""Other"": 6278, ""Thomas/Maurer"": 53379}",1114808,https://en.wikipedia.org/wiki/1932_United_States_presidential_election
1932,WV,405124,330731,5133,7919,"{""Other"": 2786, ""Thomas/Maurer"": 5133}",743774,https://en.wikipedia.org/wiki/1932_United_States_presidential_election
1932,WY,54370,39583,2829,3009,"{""Other"": 180, ""Thomas/Maurer"": 2829}",96962,https://en.wikipedia.org/wiki/1932_United_States_presidential_election
1936,AL,238136,35358,551,1750,"{""Norman Thomas"": 242, ""Other"": 1397, ""William Lemke"": 551}",275244,https://en.wikipedia.org/wiki/1936_United_States_presidential_election
1936,AR,146765,32039,446,619,"{""Norman Thomas"": 446, ""Other"": 169, ""William Lemke"": 4}",179423,https://en.wikipedia.org/wiki/1936_United_States_presidential_election
1936,AZ,86722,33433,3307,4008,"{""Norman Thomas"": 317, ""Other"": 384, ""William Lemke"": 3307}",124163,https://en.wikipedia.org/wiki/1936_United_States_presidential_election
1936,CA,1766836,836431,11331,35615,"{""Norman Thomas"": 11331, ""Other"": 24284}",2638882,https://en.wikipedia.org/wiki/1936_United_States_presidential_election
1936,CO,295021,181267,9962,12396,"{""Norman Thomas"": 1593, ""Other"": 841, ""William Lemke"": 9962}",488684,https://en.wikipedia.org/wiki/1936_United_States_presidential_election
1936,CT,382129,278685,21805,29909,"{""Norman Thomas"": 5683, ""Other"": 2421, ""William Lemke"": 21805}",690723,https://en.wikipedia.org/wiki/1936_United_States_presidential_election
1936,DE,69702,57236,442,665,"{""Norman Thomas"": 172, ""Other"": 51, ""William Lemke"": 442}",127603,https://en.wikipedia.org/wiki/1936_United_States_presidential_election
1936,FL,249117,78248,0,0,{},327365,https://en.wikipedia.org/wiki/1936_United_States_presidential_election
1936,GA,255364,36942,141,869,"{""Norman Thomas"": 68, ""Other"": 660, ""William Lemke"": 141}",293175,https://en.wikipedia.org/wiki/1936_United_States_presidential_election
1936,IA,621756,487977,29687,33000,"{""Norman Thomas"": 1373, ""Other"": 1940, ""William Lemke"": 29687}",1142733,https://en.wikipedia.org/wiki/1936_United_States_presidential_election
1936,ID,125683,66256,7678,7678,"{""William Lemke"": 7678}",199617,https://en.wikipedia.org/wiki/1936_United_States_presidential_election
1936,IL,2282999,1570393,89439,103130,"{""Norman Thomas"": 7530, ""Other"": 6161, ""William Lemke"": 89439}",3956522,https://en.wikipedia.org/wiki/1936_United_States_presidential_election
1936,IN,934974,691570,19407,24353,"{""Norman Thomas"": 3856, ""Other"": 1090, ""William Lemke"": 19407}",1650897,https://en.wikipedia.org/wiki/1936_United_States_presidential_election
1936,KS,464520,397727,2770,2767,"{""Norman Thomas"": 2770, ""William Lemke"": 497}",865014,https://en.wikipedia.org/wiki/1936_United_States_presidential_election
1936,KY,541944,369702,12501,14557,"{""Norman Thomas"": 632, ""Other"": 1424, ""William Lemke"": 12501}",926203,https://en.wikipedia.org/wiki/1936_United_States_presidential_election
1936,LA,292894,36791,0,93,"{""Other"": 93}",329778,https://en.wikipedia.org/wiki/1936_United_States_presidential_election
1936,MA,942716,768613,118639,129028,"{""Norman Thomas"": 5111, ""Other"": 5278, ""William Lemke"": 118639}",1840357,https://en.wikipedia.org/wiki/1936_United_States_presidential_election
1936,MD,389612,231435,1629,3849,"{""Norman Thomas"": 1629, ""Other"": 2220}",624896,https://en.wikipedia.org/wiki/1936_United_States_presidential_election
1936,ME-AL,126333,168823,7581,9084,"{""Norman Thomas"": 783, ""Other"": 720, ""William Lemke"": 7581}",304240,https://en.wikipedia.org/wiki/1936_United_States_presidential_election
1936,MI,1016794,699733,75795,88571,"{""Norman Thomas"": 8208, ""Other"": 4568, ""William Lemke"": 75795}",1805098,https://en.wikipedia.org/wiki/1936_United_States_presidential_election
1936,MN,698811,350461,74296,80703,"{""Norman Thomas"": 2872, ""Other"": 3535, ""William Lemke"": 74296}",1129975,https://en.wikipedia.org/wiki/1936_United_States_presidential_election
1936,MO,1111043,697891,14630,19701,"{""Norman Thomas"": 3454, ""Other"": 1617, ""William Lemke"": 14630}",1828635,https://en.wikipedia.org/wiki/1936_United_States_presidential_election
1936,MS,157318,4443,329,329,"{""Norman Thomas"": 329}",162090,https://en.wikipedia.org/wiki/1936_United_States_presidential_election
1936,MT,159690,63598,5549,7224,"{""Norman Thomas"": 1066, ""Other"": 609, ""William Lemke"": 5549}",230512,https://en.wikipedia.org/wiki/1936_United_States_presidential_election
1936,NATIONAL,27752648,16681862,892378,1213189,"{""Norman Thomas"": 187910, ""Other"": 132901, ""William Lemke"": 892378}",45647699,https://en.wikipedia.org/wiki/1936_United_States_presidential_election
1936,NC,616141,223283,21,40,"{""Norman Thomas"": 21, ""Other"": 17, ""William Lemke"": 2}",839464,https://en.wikipedia.org/wiki/1936_United_States_presidential_election
1936,ND,163148,72751,36708,37817,"{""Norman Thomas"": 552, ""Other"": 557, ""William Lemke"": 36708}",273716,https://en.wikipedia.org/wiki/1936_United_States_presidential_election
1936,NE-AL,347445,247731,12847,12847,"{""William Lemke"": 12847}",608023,https://en.wikipedia.org/wiki/1936_United_States_presidential_election
1936,NH,108460,104642,4819,5012,"{""Other"": 193, ""William Lemke"": 4819}",218114,https://en.wikipedia.org/wiki/1936_United_States_presidential_election
1936,NJ,1083850,720322,9407,16265,"{""Norman Thomas"": 3931, ""Other"": 2927, ""William Lemke"": 9407}",1820437,https://en.wikipedia.org/wiki/1936_United_States_presidential_election
1936,NM,106037,61727,924,1412,"{""Norman Thomas"": 343, ""Other"": 105, ""William Lemke"": 924}",169176,https://en.wikipedia.org/wiki/1936_United_States_presidential_election
1936,NV,31925,11923,0,0,{},43848,https://en.wikipedia.org/wiki/1936_United_States_presidential_election
1936,NY,3293222,2180670,86897,122506,"{""Norman Thomas"": 86897, ""Other"": 35609}",5596398,https://en.wikipedia.org/wiki/1936_United_States_presidential_election
1936,OH,1747140,1127855,132212,137594,"{""Norman Thomas"": 117, ""Other"": 5265, ""William Lemke"": 132212}",3012589,https://en.wikipedia.org/wiki/1936_United_States_presidential_election
1936,OK,501069,245122,2221,3549,"{""Norman Thomas"": 2221, ""Other"": 1328}",749740,https://en.wikipedia.org/wiki/1936_United_States_presidential_election
1936,OR,266733,122706,21831,24582,"{""Norman Thomas"": 2143, ""Other"": 608, ""William Lemke"": 21831}",414021,https://en.wikipedia.org/wiki/1936_United_States_presidential_election
1936,PA,2353987,1690200,67468,94239,"{""Norman Thomas"": 14599, ""Other"": 12172, ""William Lemke"": 67468}",4138426,https://en.wikipedia.org/wiki/1936_United_States_presidential_election
1936,RI,165238,125031,19569,20909,"{""Other"": 1340, ""William Lemke"": 19569}",311178,https://en.wikipedia.org/wiki/1936_United_States_presidential_election
1936,SC,113791,1646,0,0,{},115437,https://en.wikipedia.org/wiki/1936_United_States_presidential_election
1936,SD,160137,125977,10338,10358,"{""William Lemke"": 10338}",296472,https://en.wikipedia.org/wiki/1936_United_States_presidential_election
1936,TN,328083,146520,686,1935,"{""Norman Thomas"": 686, ""Other"": 953, ""William Lemke"": 296}",476538,https://en.wikipedia.org/wiki/1936_United_States_presidential_election
1936,TX,734485,103874,3281,5123,"{""Norman Thomas"": 1075, ""Other"": 767, ""William Lemke"": 3281}",843482,https://en.wikipedia.org/wiki/1936_United_States_presidential_election
1936,UT,150246,64555,1121,1876,"{""Norman Thomas"": 432, ""Other"": 323, ""William Lemke"": 1121}",216677,https://en.wikipedia.org/wiki/1936_United_States_presidential_election
1936,VA,234980,98336,313,1274,"{""Norman Thomas"": 313, ""Other"": 728, ""William Lemke"": 233}",334590,https://en.wikipedia.org/wiki/1936_United_States_presidential_election
1936,VT,62124,81023,0,542,"{""Other"": 542}",143689,https://en.wikipedia.org/wiki/1936_United_States_presidential_election
1936,WA,459579,206892,17463,25867,"{""Norman Thomas"": 3496, ""Other"": 4908, ""William Lemke"": 17463}",692338,https://en.wikipedia.org/wiki/1936_United_States_presidential_election
1936,WI,802984,380828,60297,74748,"{""Norman Thomas"": 10626, ""Other"": 3825, ""William Lemke"": 60297}",1258560,https://en.wikipedia.org/wiki/1936_United_States_presidential_election
1936,WV,502582,325358,832,2005,"{""Norman Thomas"": 832, ""Other"": 1173}",829945,https://en.wikipedia.org/wiki/1936_United_States_presidential_election
1936,WY,62624,38739,1653,2019,"{""Norman Thomas"": 200, ""Other"": 166, ""William Lemke"": 1653}",103382,https://en.wikipedia.org/wiki/1936_United_States_presidential_election
1940,AL,250726,42184,100,1309,"{""Norman Thomas"": 100, ""Other"": 1209}",294219,https://en.wikipedia.org/wiki/1940_United_States_presidential_election
1940,AR,158622,42121,0,0,{},200743,https://en.wikipedia.org/wiki/1940_United_States_presidential_election
1940,AZ,95267,54030,0,742,"{""Other"": 742}",150039,https://en.wikipedia.org/wiki/1940_United_States_presidential_election
1940,CA,1877618,1351419,16506,39754,"{""Norman Thomas"": 16506, ""Other"": 23248}",3268791,https://en.wikipedia.org/wiki/1940_United_States_presidential_election
1940,CO,265554,279576,1899,3874,"{""Norman Thomas"": 1899, ""Other"": 1975}",549004,https://en.wikipedia.org/wiki/1940_United_States_presidential_election
1940,CT,417621,361819,0,2062,"{""Other"": 2062}",781502,https://en.wikipedia.org/wiki/1940_United_States_presidential_election
1940,DE,74599,61440,115,335,"{""Norman Thomas"": 115, ""Other"": 220}",136374,https://en.wikipedia.org/wiki/1940_United_States_presidential_election
1940,FL,359334,126158,0,0,{},485492,https://en.wikipedia.org/wiki/1940_United_States_presidential_election
1940,GA,265194,46360,0,997,"{""Other"": 997}",312551,https://en.wikipedia.org/wiki/1940_United_States_presidential_election
1940,IA,578800,632370,0,4260,"{""Other"": 4260}",1215430,https://en.wikipedia.org/wiki/1940_United_States_presidential_election
1940,ID,127842,106553,497,773,"{""Norman Thomas"": 497, ""Other"": 276}",235168,https://en.wikipedia.org/wiki/1940_United_States_presidential_election
1940,IL,2149934,2047240,10914,20761,"{""Norman Thomas"": 10914, ""Other"": 9847}",4217935,https://en.wikipedia.org/wiki/1940_United_States_presidential_election
1940,IN,874063,899466,2075,9218,"{""Norman Thomas"": 2075, ""Other"": 7143}",1782747,https://en.wikipedia.org/wiki/1940_United_States_presidential_election
1940,KS,364725,489169,2347,6403,"{""Norman Thomas"": 2347, ""Other"": 4056}",860297,https://en.wikipedia.org/wiki/1940_United_States_presidential_election
1940,KY,557222,410384,1014,2457,"{""Norman Thomas"": 1014, ""Other"": 1443}",970063,https://en.wikipedia.org/wiki/1940_United_States_presidential_election
1940,LA,319751,52446,0,108,"{""Other"": 108}",372305,https://en.wikipedia.org/wiki/1940_United_States_presidential_election
1940,MA,1076522,939700,4091,10771,"{""Norman Thomas"": 4091, ""Other"": 6680}",2026993,https://en.wikipedia.org/wiki/1940_United_States_presidential_election
1940,MD,384546,269534,4093,6037,"{""Norman Thomas"": 4093, ""Other"": 1944}",660117,https://en.wikipedia.org/wiki/1940_United_States_presidential_election
1940,ME-AL,156478,163951,0,411,"{""Other"": 411}",320840,https://en.wikipedia.org/wiki/1940_United_States_presidential_election
1940,MI,1032991,1039917,7593,13021,"{""Norman Thomas"": 7593, ""Other"": 5428}",2085929,https://en.wikipedia.org/wiki/1940_United_States_presidential_election
1940,MN,644196,596274,5454,10718,"{""Norman Thomas"": 5454, ""Other"": 5264}",1251188,https://en.wikipedia.org/wiki/1940_United_States_presidential_election
1940,MO,958476,871009,2226,4244,"{""Norman Thomas"": 2226, ""Other"": 2018}",1833729,https://en.wikipedia.org/wiki/1940_United_States_presidential_election
1940,MS,168267,7364,193,193,"{""Norman Thomas"": 193}",175824,https://en.wikipedia.org/wiki/1940_United_States_presidential_election
1940,MT,145698,99579,1443,2596,"{""Norman Thomas"": 1443, ""Other"": 1153}",247873,https://en.wikipedia.org/wiki/1940_United_States_presidential_election
1940,NATIONAL,27313945,22347744,116599,240424,"{""Norman Thomas"": 116599, ""Other"": 123825}",49902113,https://en.wikipedia.org/wiki/1940_United_States_presidential_election
1940,NC,609015,213633,0,0,{},822648,https://en.wikipedia.org/wiki/1940_United_States_presidential_election
1940,ND,124036,154590,1279,2149,"{""Norman Thomas"": 1279, ""Other"": 870}",280775,https://en.wikipedia.org/wiki/1940_United_States_presidential_election
1940,NE-AL,263677,352201,0,0,{},615878,https://en.wikipedia.org/wiki/1940_United_States_presidential_election
1940,NH,125292,110127,0,0,{},235419,https://en.wikipedia.org/wiki/1940_United_States_presidential_election
1940,NJ,1016404,944876,2823,12934,"{""Norman Thomas"": 2823, ""Other"": 10111}",1974214,https://en.wikipedia.org/wiki/1940_United_States_presidential_election
1940,NM,103699,79315,144,244,"{""Norman Thomas"": 144, ""Other"": 100}",183258,https://en.wikipedia.org/wiki/1940_United_States_presidential_election
1940,NV,31945,21229,0,0,{},53174,https://en.wikipedia.org/wiki/1940_United_States_presidential_election
1940,NY,3251918,3027478,18950,22200,"{""Norman Thomas"": 18950, ""Other"": 3250}",6301596,https://en.wikipedia.org/wiki/1940_United_States_presidential_election
1940,OH,1733139,1586773,0,0,{},3319912,https://en.wikipedia.org/wiki/1940_United_States_presidential_election
1940,OK,474313,348872,0,3027,"{""Other"": 3027}",826212,https://en.wikipedia.org/wiki/1940_United_States_presidential_election
1940,OR,258415,219555,398,3270,"{""Norman Thomas"": 398, ""Other"": 2872}",481240,https://en.wikipedia.org/wiki/1940_United_States_presidential_election
1940,PA,2171035,1889848,10967,17831,"{""Norman Thomas"": 10967, ""Other"": 6864}",4078714,https://en.wikipedia.org/wiki/1940_United_States_presidential_election
1940,RI,182182,138653,0,313,"{""Other"": 313}",321148,https://en.wikipedia.org/wiki/1940_United_States_presidential_election
1940,SC,95470,4360,0,2,"{""Other"": 2}",99832,https://en.wikipedia.org/wiki/1940_United_States_presidential_election
1940,SD,131362,177065,0,0,{},308427,https://en.wikipedia.org/wiki/1940_United_States_presidential_election
1940,TN,351601,169153,463,2069,"{""Norman Thomas"": 463, ""Other"": 1606}",522823,https://en.wikipedia.org/wiki/1940_United_States_presidential_election
1940,TX,909974,212692,728,1865,"{""Norman Thomas"": 728, ""Other"": 1137}",1124531,https://en.wikipedia.org/wiki/1940_United_States_presidential_election
1940,UT,154277,93151,200,391,"{""Norman Thomas"": 200, ""Other"": 191}",247819,https://en.wikipedia.org/wiki/1940_United_States_presidential_election
1940,VA,235961,109363,282,1283,"{""Norman Thomas"": 282, ""Other"": 1001}",346607,https://en.wikipedia.org/wiki/1940_United_States_presidential_election
1940,VT,64269,78371,0,422,"{""Other"": 422}",143062,https://en.wikipedia.org/wiki/1940_United_States_presidential_election
1940,WA,462145,322123,4586,9565,"{""Norman Thomas"": 4586, ""Other"": 4979}",793833,https://en.wikipedia.org/wiki/1940_United_States_presidential_election
1940,WI,704821,679206,15071,21495,"{""Norman Thomas"": 15071, ""Other"": 6424}",1405522,https://en.wikipedia.org/wiki/1940_United_States_presidential_election
1940,WV,495662,372414,0,0,{},868076,https://en.wikipedia.org/wiki/1940_United_States_presidential_election
1940,WY,59287,52633,148,320,"{""Norman Thomas"": 148, ""Other"": 172}",112240,https://en.wikipedia.org/wiki/1940_United_States_presidential_election
1944,AL,198918,44540,190,1285,"{""Norman Thomas"": 190, ""Other"": 1095}",244743,https://en.wikipedia.org/wiki/1944_United_States_presidential_election
1944,AR,148965,63551,438,438,"{""Norman Thomas"": 438}",212954,https://en.wikipedia.org/wiki/1944_United_States_presidential_election
1944,AZ,80926,56287,0,421,"{""Other"": 421}",137634,https://en.wikipedia.org/wiki/1944_United_States_presidential_election
1944,CA,1988564,1512965,2515,19346,"{""Norman Thomas"": 2515, ""Other"": 16831}",3520875,https://en.wikipedia.org/wiki/1944_United_States_presidential_election
1944,CO,234331,268731,1977,1977,"{""Norman Thomas"": 1977}",505039,https://en.wikipedia.org/wiki/1944_United_States_presidential_election
1944,CT,435146,390527,5097,6317,"{""Norman Thomas"": 5097, ""Other"": 1220}",831990,https://en.wikipedia.org/wiki/1944_United_States_presidential_election
1944,DE,68166,56747,154,448,"{""Norman Thomas"": 154, ""Other"": 294}",125361,https://en.wikipedia.org/wiki/1944_United_States_presidential_election
1944,FL,339377,143215,0,0,{},482592,https://en.wikipedia.org/wiki/1944_United_States_presidential_election
1944,GA,268187,59880,6,42,"{""Norman Thomas"": 6, ""Other"": 36}",328109,https://en.wikipedia.org/wiki/1944_United_States_presidential_election
1944,IA,499876,547267,1511,5456,"{""Norman Thomas"": 1511, ""Other"": 3945}",1052599,https://en.wikipedia.org/wiki/1944_United_States_presidential_election
1944,ID,107399,100137,282,785,"{""Norman Thomas"": 282, ""Other"": 503}",208321,https://en.wikipedia.org/wiki/1944_United_States_presidential_election
1944,IL,2079479,1939314,180,17268,"{""Norman Thomas"": 180, ""Other"": 17088}",4036061,https://en.wikipedia.org/wiki/1944_United_States_presidential_election
1944,IN,781403,875891,2223,14797,"{""Norman Thomas"": 2223, ""Other"": 12574}",1672091,https://en.wikipedia.org/wiki/1944_United_States_presidential_election
1944,KS,287458,442096,1613,4222,"{""Norman Thomas"": 1613, ""Other"": 2609}",733776,https://en.wikipedia.org/wiki/1944_United_States_presidential_election
1944,KY,472589,392448,535,2884,"{""Norman Thomas"": 535, ""Other"": 2349}",867921,https://en.wikipedia.org/wiki/1944_United_States_presidential_election
1944,LA,281564,67750,0,69,"{""Other"": 69}",349383,https://en.wikipedia.org/wiki/1944_United_States_presidential_election
1944,MA,1035296,921350,0,4019,"{""Other"": 4019}",1960665,https://en.wikipedia.org/wiki/1944_United_States_presidential_election
1944,MD,315490,292949,0,0,{},608439,https://en.wikipedia.org/wiki/1944_United_States_presidential_election
1944,ME-AL,140631,155434,0,335,"{""Other"": 335}",296400,https://en.wikipedia.org/wiki/1944_United_States_presidential_election
1944,MI,1106899,1084423,4598,13901,"{""Norman Thomas"": 4598, ""Other"": 9303}",2205223,https://en.wikipedia.org/wiki/1944_United_States_presidential_election
1944,MN,589864,527416,5073,8249,"{""Norman Thomas"": 5073, ""Other"": 3176}",1125529,https://en.wikipedia.org/wiki/1944_United_States_presidential_election
1944,MO,807804,761524,1751,3146,"{""Norman Thomas"": 1751, ""Other"": 1395}",1572474,https://en.wikipedia.org/wiki/1944_United_States_presidential_election
1944,MS,168479,11601,0,0,{},180080,https://en.wikipedia.org/wiki/1944_United_States_presidential_election
1944,MT,112556,93163,1296,1636,"{""Norman Thomas"": 1296, ""Other"": 340}",207355,https://en.wikipedia.org/wiki/1944_United_States_presidential_election
1944,NATIONAL,25612916,22017929,143238,346218,"{""No Candidate (Southern Democrat)"": 143238, ""Norman Thomas"": 79017, ""Other"": 123963}",47977063,https://en.wikipedia.org/wiki/1944_United_States_presidential_election
1944,NC,527399,263155,0,0,{},790554,https://en.wikipedia.org/wiki/1944_United_States_presidential_election
1944,ND,100144,118535,943,1492,"{""Norman Thomas"": 943, ""Other"": 549}",220171,https://en.wikipedia.org/wiki/1944_United_States_presidential_election
1944,NE-AL,233246,329880,0,0,{},563126,https://en.wikipedia.org/wiki/1944_United_States_presidential_election
1944,NH,119663,109916,46,46,"{""Norman Thomas"": 46}",229625,https://en.wikipedia.org/wiki/1944_United_States_presidential_election
1944,NJ,987874,961335,3358,14552,"{""Norman Thomas"": 3358, ""Other"": 11194}",1963761,https://en.wikipedia.org/wiki/1944_United_States_presidential_election
1944,NM,81389,70688,0,148,"{""Other"": 148}",152225,https://en.wikipedia.org/wiki/1944_United_States_presidential_election
1944,NV,29623,24611,0,0,{},54234,https://en.wikipedia.org/wiki/1944_United_States_presidential_election
1944,NY,3304238,2987647,10553,24905,"{""Norman Thomas"": 10553, ""Other"": 14352}",6316790,https://en.wikipedia.org/wiki/1944_United_States_presidential_election
1944,OH,1570763,1582293,0,0,{},3153056,https://en.wikipedia.org/wiki/1944_United_States_presidential_election
1944,OK,401549,319424,0,1663,"{""Other"": 1663}",722636,https://en.wikipedia.org/wiki/1944_United_States_presidential_election
1944,OR,248635,225365,3785,6147,"{""Norman Thomas"": 3785, ""Other"": 2362}",480147,https://en.wikipedia.org/wiki/1944_United_States_presidential_election
1944,PA,1940479,1835054,11721,19260,"{""Norman Thomas"": 11721, ""Other"": 7539}",3794793,https://en.wikipedia.org/wiki/1944_United_States_presidential_election
1944,RI,175356,123487,0,433,"{""Other"": 433}",299276,https://en.wikipedia.org/wiki/1944_United_States_presidential_election
1944,SC,90601,4610,7799,8164,"{""No Candidate (Southern Democrat)"": 7799, ""Other"": 365}",103375,https://en.wikipedia.org/wiki/1944_United_States_presidential_election
1944,SD,96711,135365,0,0,{},232076,https://en.wikipedia.org/wiki/1944_United_States_presidential_election
1944,TN,308707,200311,792,1674,"{""Norman Thomas"": 792, ""Other"": 882}",510692,https://en.wikipedia.org/wiki/1944_United_States_presidential_election
1944,TX,821605,191425,135439,137301,"{""No Candidate (Southern Democrat)"": 135439, ""Norman Thomas"": 594, ""Other"": 1268}",1150331,https://en.wikipedia.org/wiki/1944_United_States_presidential_election
1944,UT,150088,97891,340,340,"{""Norman Thomas"": 340}",248319,https://en.wikipedia.org/wiki/1944_United_States_presidential_election
1944,VA,242276,145243,417,966,"{""Norman Thomas"": 417, ""Other"": 549}",388485,https://en.wikipedia.org/wiki/1944_United_States_presidential_election
1944,VT,53820,71527,0,14,"{""Other"": 14}",125361,https://en.wikipedia.org/wiki/1944_United_States_presidential_election
1944,WA,486774,361689,3824,7865,"{""Norman Thomas"": 3824, ""Other"": 4041}",856328,https://en.wikipedia.org/wiki/1944_United_States_presidential_election
1944,WI,650413,674532,13205,14207,"{""Norman Thomas"": 13205, ""Other"": 1002}",1339152,https://en.wikipedia.org/wiki/1944_United_States_presidential_election
1944,WV,392777,322819,0,0,{},715596,https://en.wikipedia.org/wiki/1944_United_States_presidential_election
1944,WY,49419,51921,0,0,{},101340,https://en.wikipedia.org/wiki/1944_United_States_presidential_election
1948,AL,171443,40930,171443,174050,"{""Henry Wallace"": 1522, ""Other"": 1085, ""Strom Thurmond"": 171443}",214980,https://en.wikipedia.org/wiki/1948_United_States_presidential_election
1948,AR,149659,50959,40068,41857,"{""Henry Wallace"": 751, ""Norman Thomas"": 1037, ""Other"": 1, ""Strom Thurmond"": 40068}",242475,https://en.wikipedia.org/wiki/1948_United_States_presidential_election
1948,AZ,95251,77597,3310,4217,"{""Henry Wallace"": 3310, ""Other"": 907}",177065,https://en.wikipedia.org/wiki/1948_United_States_presidential_election
1948,CA,1913134,1895269,190381,213135,"{""Henry Wallace"": 190381, ""Norman Thomas"": 3459, ""Other"": 18067, ""Strom Thurmond"": 1228}",4021538,https://en.wikipedia.org/wiki/1948_United_States_presidential_election
1948,CO,267288,239714,6115,8235,"{""Henry Wallace"": 6115, ""Norman Thomas"": 1678, ""Other"": 442}",515237,https://en.wikipedia.org/wiki/1948_United_States_presidential_election
1948,CT,423297,437754,13713,22467,"{""Henry Wallace"": 13713, ""Norman Thomas"": 6964, ""Other"": 1790}",883518,https://en.wikipedia.org/wiki/1948_United_States_presidential_election
1948,DE,67813,69588,1050,1672,"{""Henry Wallace"": 1050, ""Norman Thomas"": 250, ""Other"": 372}",139073,https://en.wikipedia.org/wiki/1948_United_States_presidential_election
1948,FL,281988,194280,89755,101375,"{""Henry Wallace"": 11620, ""Strom Thurmond"": 89755}",577643,https://en.wikipedia.org/wiki/1948_United_States_presidential_election
1948,GA,254646,76691,85135,87427,"{""Henry Wallace"": 1636, ""Norman Thomas"": 3, ""Other"": 733, ""Strom Thurmond"": 85135}",418764,https://en.wikipedia.org/wiki/1948_United_States_presidential_election
1948,IA,522380,494018,12125,21866,"{""Henry Wallace"": 12125, ""Norman Thomas"": 1829, ""Other"": 7912}",1038264,https://en.wikipedia.org/wiki/1948_United_States_presidential_election
1948,ID,107370,101514,4972,5932,"{""Henry Wallace"": 4972, ""Norman Thomas"": 332, ""Other"": 628}",214816,https://en.wikipedia.org/wiki/1948_United_States_presidential_election
1948,IL,1994715,1961103,11522,28228,"{""Norman Thomas"": 11522, ""Other"": 16706}",3984046,https://en.wikipedia.org/wiki/1948_United_States_presidential_election
1948,IN,807833,821079,9649,27302,"{""Henry Wallace"": 9649, ""Norman Thomas"": 2179, ""Other"": 15474}",1656214,https://en.wikipedia.org/wiki/1948_United_States_presidential_election
1948,KS,351902,423039,4603,13878,"{""Henry Wallace"": 4603, ""Norman Thomas"": 2807, ""Other"": 6468}",788819,https://en.wikipedia.org/wiki/1948_United_States_presidential_election
1948,KY,466756,341210,10411,14692,"{""Henry Wallace"": 1567, ""Norman Thomas"": 1284, ""Other"": 1430, ""Strom Thurmond"": 10411}",822658,https://en.wikipedia.org/wiki/1948_United_States_presidential_election
1948,LA,136344,72657,204290,207335,"{""Henry Wallace"": 3035, ""Other"": 10, ""Strom Thurmond"": 204290}",416336,https://en.wikipedia.org/wiki/1948_United_States_presidential_election
1948,MA,1151788,909370,38157,45988,"{""Henry Wallace"": 38157, ""Other"": 7831}",2107146,https://en.wikipedia.org/wiki/1948_United_States_presidential_election
1948,MD,286521,294814,9983,15400,"{""Henry Wallace"": 9983, ""Norman Thomas"": 2941, ""Strom Thurmond"": 2489}",596735,https://en.wikipedia.org/wiki/1948_United_States_presidential_election
1948,ME-AL,111916,150234,1884,2637,"{""Henry Wallace"": 1884, ""Norman Thomas"": 547, ""Other"": 206}",264787,https://en.wikipedia.org/wiki/1948_United_States_presidential_election
1948,MI,1003448,1038595,46515,67566,"{""Henry Wallace"": 46515, ""Norman Thomas"": 6063, ""Other"": 14988}",2109609,https://en.wikipedia.org/wiki/1948_United_States_presidential_election
1948,MN,692966,483617,27866,35643,"{""Henry Wallace"": 27866, ""Norman Thomas"": 4646, ""Other"": 3131}",1212226,https://en.wikipedia.org/wiki/1948_United_States_presidential_election
1948,MO,917315,655039,3998,6274,"{""Henry Wallace"": 3998, ""Norman Thomas"": 2222, ""Other"": 12, ""Strom Thurmond"": 42}",1578628,https://en.wikipedia.org/wiki/1948_United_States_presidential_election
1948,MS,19384,5043,167538,167763,"{""Henry Wallace"": 225, ""Strom Thurmond"": 167538}",192190,https://en.wikipedia.org/wiki/1948_United_States_presidential_election
1948,MT,119071,96770,7313,8437,"{""Henry Wallace"": 7313, ""Norman Thomas"": 695, ""Other"": 429}",224278,https://en.wikipedia.org/wiki/1948_United_States_presidential_election
1948,NATIONAL,24178347,21991292,1176023,2622896,"{""Henry Wallace"": 1157328, ""Norman Thomas"": 139569, ""Other"": 150069, ""Strom Thurmond"": 1176023}",48792535,https://en.wikipedia.org/wiki/1948_United_States_presidential_election
1948,NC,459070,258572,69652,73567,"{""Henry Wallace"": 3915, ""Strom Thurmond"": 69652}",791209,https://en.wikipedia.org/wiki/1948_United_States_presidential_election
1948,ND,95812,115139,8391,9765,"{""Henry Wallace"": 8391, ""Norman Thomas"": 1000, ""Strom Thurmond"": 374}",220716,https://en.wikipedia.org/wiki/1948_United_States_presidential_election
1948,NE-AL,224165,264774,0,1,"{""Other"": 1}",488940,https://en.wikipedia.org/wiki/1948_United_States_presidential_election
1948,NH,107995,121299,1970,2146,"{""Henry Wallace"": 1970, ""Norman Thomas"": 86, ""Other"": 83, ""Strom Thurmond"": 7}",231440,https://en.wikipedia.org/wiki/1948_United_States_presidential_election
1948,NJ,895455,981124,42683,72976,"{""Henry Wallace"": 42683, ""Norman Thomas"": 10521, ""Other"": 19772}",1949555,https://en.wikipedia.org/wiki/1948_United_States_presidential_election
1948,NM,105464,80303,1037,1296,"{""Henry Wallace"": 1037, ""Norman Thomas"": 83, ""Other"": 176}",187063,https://en.wikipedia.org/wiki/1948_United_States_presidential_election
1948,NV,31291,29357,1469,1469,"{""Henry Wallace"": 1469}",62117,https://en.wikipedia.org/wiki/1948_United_States_presidential_election
1948,NY,2780204,2841163,509559,555970,"{""Henry Wallace"": 509559, ""Norman Thomas"": 40879, ""Other"": 5532}",6177337,https://en.wikipedia.org/wiki/1948_United_States_presidential_election
1948,OH,1452791,1445684,37596,37596,"{""Henry Wallace"": 37596}",2936071,https://en.wikipedia.org/wiki/1948_United_States_presidential_election
1948,OK,452782,268817,0,0,{},721599,https://en.wikipedia.org/wiki/1948_United_States_presidential_election
1948,OR,243147,260904,14978,20029,"{""Henry Wallace"": 14978, ""Norman Thomas"": 5051}",524080,https://en.wikipedia.org/wiki/1948_United_States_presidential_election
1948,PA,1752426,1902197,55161,80525,"{""Henry Wallace"": 55161, ""Norman Thomas"": 11325, ""Other"": 14039}",3735148,https://en.wikipedia.org/wiki/1948_United_States_presidential_election
1948,RI,188736,135787,2619,3179,"{""Henry Wallace"": 2619, ""Norman Thomas"": 429, ""Other"": 131}",327702,https://en.wikipedia.org/wiki/1948_United_States_presidential_election
1948,SC,34423,5386,102607,102762,"{""Henry Wallace"": 154, ""Norman Thomas"": 1, ""Strom Thurmond"": 102607}",142571,https://en.wikipedia.org/wiki/1948_United_States_presidential_election
1948,SD,117653,129651,2801,2801,"{""Henry Wallace"": 2801}",250105,https://en.wikipedia.org/wiki/1948_United_States_presidential_election
1948,TN,270402,202914,73815,76967,"{""Henry Wallace"": 1864, ""Norman Thomas"": 1288, ""Strom Thurmond"": 73815}",550283,https://en.wikipedia.org/wiki/1948_United_States_presidential_election
1948,TX,824235,303467,113776,121875,"{""Henry Wallace"": 3920, ""Norman Thomas"": 919, ""Other"": 3260, ""Strom Thurmond"": 113776}",1249577,https://en.wikipedia.org/wiki/1948_United_States_presidential_election
1948,UT,149151,124402,2679,2752,"{""Henry Wallace"": 2679, ""Other"": 73}",276305,https://en.wikipedia.org/wiki/1948_United_States_presidential_election
1948,VA,200786,172070,43393,46400,"{""Henry Wallace"": 2047, ""Norman Thomas"": 726, ""Other"": 234, ""Strom Thurmond"": 43393}",419256,https://en.wikipedia.org/wiki/1948_United_States_presidential_election
1948,VT,45557,75926,1279,1899,"{""Henry Wallace"": 1279, ""Norman Thomas"": 585, ""Other"": 35}",123382,https://en.wikipedia.org/wiki/1948_United_States_presidential_election
1948,WA,475165,386315,31692,42578,"{""Henry Wallace"": 31692, ""Norman Thomas"": 3534, ""Other"": 7353}",904058,https://en.wikipedia.org/wiki/1948_United_States_presidential_election
1948,WI,647310,590959,25282,38531,"{""Henry Wallace"": 25282, ""Norman Thomas"": 12547, ""Other"": 702}",1276800,https://en.wikipedia.org/wiki/1948_United_States_presidential_election
1948,WV,429188,316251,3311,3311,"{""Henry Wallace"": 3311}",748750,https://en.wikipedia.org/wiki/1948_United_States_presidential_election
1948,WY,52354,47947,931,1124,"{""Henry Wallace"": 931, ""Norman Thomas"": 137, ""Other"": 56}",101425,https://en.wikipedia.org/wiki/1948_United_States_presidential_election
1952,AL,275075,149231,1814,1814,"{""Stuart Hamblen"": 1814}",426120,https://en.wikipedia.org/wiki/1952_United_States_presidential_election
1952,AR,226300,177155,886,1345,"{""Eric Hass"": 1, ""Stuart Hamblen"": 886}",404800,https://en.wikipedia.org/wiki/1952_United_States_presidential_election
1952,AZ,108528,152042,0,0,{},260570,https://en.wikipedia.org/wiki/1952_United_States_presidential_election
1952,CA,2257646,3035587,24692,48370,"{""Eric Hass"": 273, ""Stuart Hamblen"": 16117, ""Vincent Hallinan"": 24692}",5341603,https://en.wikipedia.org/wiki/1952_United_States_presidential_election
1952,CO,245504,379782,1919,4817,"{""Eric Hass"": 352, ""Vincent Hallinan"": 1919}",630103,https://en.wikipedia.org/wiki/1952_United_States_presidential_election
1952,CT,481649,611012,1466,4250,"{""Eric Hass"": 535, ""Vincent Hallinan"": 1466}",1096911,https://en.wikipedia.org/wiki/1952_United_States_presidential_election
1952,DE,83315,90059,242,651,"{""Eric Hass"": 242, ""Stuart Hamblen"": 234, ""Vincent Hallinan"": 155}",174025,https://en.wikipedia.org/wiki/1952_United_States_presidential_election
1952,FL,444950,544036,0,351,"{""Other"": 351}",989337,https://en.wikipedia.org/wiki/1952_United_States_presidential_election
1952,GA,456823,198979,0,1,"{""Other"": 1}",655803,https://en.wikipedia.org/wiki/1952_United_States_presidential_election
1952,IA,451513,808906,5085,8354,"{""Eric Hass"": 139, ""Stuart Hamblen"": 2882, ""Vincent Hallinan"": 5085}",1268773,https://en.wikipedia.org/wiki/1952_United_States_presidential_election
1952,ID,95081,180707,443,443,"{""Vincent Hallinan"": 443}",276231,https://en.wikipedia.org/wiki/1952_United_States_presidential_election
1952,IL,2013920,2457327,9363,9811,"{""Eric Hass"": 9363}",4481058,https://en.wikipedia.org/wiki/1952_United_States_presidential_election
1952,IN,801530,1136259,15335,17536,"{""Eric Hass"": 979, ""Stuart Hamblen"": 15335, ""Vincent Hallinan"": 1222}",1955325,https://en.wikipedia.org/wiki/1952_United_States_presidential_election
1952,KS,273296,616302,6038,6568,"{""Stuart Hamblen"": 6038}",896166,https://en.wikipedia.org/wiki/1952_United_States_presidential_election
1952,KY,495729,495029,1161,2390,"{""Eric Hass"": 893, ""Stuart Hamblen"": 1161, ""Vincent Hallinan"": 336}",993148,https://en.wikipedia.org/wiki/1952_United_States_presidential_election
1952,LA,345027,306925,0,0,{},651952,https://en.wikipedia.org/wiki/1952_United_States_presidential_election
1952,MA,1083525,1292325,4636,7548,"{""Eric Hass"": 1957, ""Stuart Hamblen"": 886, ""Vincent Hallinan"": 4636}",2383398,https://en.wikipedia.org/wiki/1952_United_States_presidential_election
1952,MD,395337,499424,7313,7313,"{""Vincent Hallinan"": 7313}",902074,https://en.wikipedia.org/wiki/1952_United_States_presidential_election
1952,ME-AL,118806,232353,332,627,"{""Eric Hass"": 156, ""Vincent Hallinan"": 332}",351786,https://en.wikipedia.org/wiki/1952_United_States_presidential_election
1952,MI,1230657,1551529,10331,16406,"{""Eric Hass"": 1495, ""Stuart Hamblen"": 10331, ""Vincent Hallinan"": 3922}",2798592,https://en.wikipedia.org/wiki/1952_United_States_presidential_election
1952,MN,608458,763211,2666,7814,"{""Eric Hass"": 2383, ""Stuart Hamblen"": 2147, ""Vincent Hallinan"": 2666}",1379483,https://en.wikipedia.org/wiki/1952_United_States_presidential_election
1952,MO,929830,959429,987,2803,"{""Eric Hass"": 169, ""Stuart Hamblen"": 885, ""Vincent Hallinan"": 987}",1892062,https://en.wikipedia.org/wiki/1952_United_States_presidential_election
1952,MS,172566,112966,0,0,{},285532,https://en.wikipedia.org/wiki/1952_United_States_presidential_election
1952,MT,106213,157394,723,1430,"{""Stuart Hamblen"": 548, ""Vincent Hallinan"": 723}",265037,https://en.wikipedia.org/wiki/1952_United_States_presidential_election
1952,NATIONAL,27375090,34075529,140746,301323,"{""Eric Hass"": 30406, ""Stuart Hamblen"": 73412, ""Vincent Hallinan"": 140746}",61751942,https://en.wikipedia.org/wiki/1952_United_States_presidential_election
1952,NC,652803,558107,0,0,{},1210910,https://en.wikipedia.org/wiki/1952_United_States_presidential_election
1952,ND,76694,191712,344,1721,"{""Stuart Hamblen"": 302, ""Vincent Hallinan"": 344}",270127,https://en.wikipedia.org/wiki/1952_United_States_presidential_election
1952,NE-AL,188057,421603,0,0,{},609660,https://en.wikipedia.org/wiki/1952_United_States_presidential_election
1952,NH,106663,166287,0,0,{},272950,https://en.wikipedia.org/wiki/1952_United_States_presidential_election
1952,NJ,1015902,1374613,5815,29039,"{""Eric Hass"": 5815, ""Stuart Hamblen"": 989, ""Vincent Hallinan"": 5589}",2419554,https://en.wikipedia.org/wiki/1952_United_States_presidential_election
1952,NM,105661,132170,297,777,"{""Eric Hass"": 35, ""Stuart Hamblen"": 297, ""Vincent Hallinan"": 225}",238608,https://en.wikipedia.org/wiki/1952_United_States_presidential_election
1952,NV,31688,50502,0,0,{},82190,https://en.wikipedia.org/wiki/1952_United_States_presidential_election
1952,NY,3104601,3952815,64211,70825,"{""Eric Hass"": 1560, ""Vincent Hallinan"": 64211}",7128241,https://en.wikipedia.org/wiki/1952_United_States_presidential_election
1952,OH,1600367,2100391,0,0,{},3700758,https://en.wikipedia.org/wiki/1952_United_States_presidential_election
1952,OK,430939,518045,0,0,{},948984,https://en.wikipedia.org/wiki/1952_United_States_presidential_election
1952,OR,270579,420815,3665,3665,"{""Vincent Hallinan"": 3665}",695059,https://en.wikipedia.org/wiki/1952_United_States_presidential_election
1952,PA,2146269,2415789,8951,18911,"{""Eric Hass"": 1377, ""Stuart Hamblen"": 8951, ""Vincent Hallinan"": 4222}",4580969,https://en.wikipedia.org/wiki/1952_United_States_presidential_election
1952,RI,203293,210935,187,270,"{""Eric Hass"": 83, ""Vincent Hallinan"": 187}",414498,https://en.wikipedia.org/wiki/1952_United_States_presidential_election
1952,SC,173004,168082,0,0,{},341086,https://en.wikipedia.org/wiki/1952_United_States_presidential_election
1952,SD,90426,203857,0,0,{},294283,https://en.wikipedia.org/wiki/1952_United_States_presidential_election
1952,TN,443710,446147,1432,2696,"{""Stuart Hamblen"": 1432, ""Vincent Hallinan"": 885}",892553,https://en.wikipedia.org/wiki/1952_United_States_presidential_election
1952,TX,969228,1102878,1983,3840,"{""Stuart Hamblen"": 1983, ""Vincent Hallinan"": 294}",2075946,https://en.wikipedia.org/wiki/1952_United_States_presidential_election
1952,UT,135364,194190,0,0,{},329554,https://en.wikipedia.org/wiki/1952_United_States_presidential_election
1952,VA,268677,349037,1160,1975,"{""Eric Hass"": 1160, ""Vincent Hallinan"": 311}",619689,https://en.wikipedia.org/wiki/1952_United_States_presidential_election
1952,VT,43355,109717,282,485,"{""Vincent Hallinan"": 282}",153557,https://en.wikipedia.org/wiki/1952_United_States_presidential_election
1952,WA,492845,599107,2460,10756,"{""Eric Hass"": 633, ""Vincent Hallinan"": 2460}",1102708,https://en.wikipedia.org/wiki/1952_United_States_presidential_election
1952,WI,622175,979744,2174,5451,"{""Eric Hass"": 770, ""Vincent Hallinan"": 2174}",1607370,https://en.wikipedia.org/wiki/1952_United_States_presidential_election
1952,WV,453578,419970,0,0,{},873548,https://en.wikipedia.org/wiki/1952_United_States_presidential_election
1952,WY,47934,81047,194,270,"{""Eric Hass"": 36, ""Stuart Hamblen"": 194}",129251,https://en.wikipedia.org/wiki/1952_United_States_presidential_election
1956,AL,280844,195694,20323,20333,"{""Unpledged Electors"": 20323}",496871,https://en.wikipedia.org/wiki/1956_United_States_presidential_election
1956,AR,213277,186287,7008,7008,"{""Unpledged Electors"": 7008}",406572,https://en.wikipedia.org/wiki/1956_United_States_presidential_election
1956,AZ,112880,176990,303,303,"{""Unpledged Electors"": 303}",290173,https://en.wikipedia.org/wiki/1956_United_States_presidential_election
1956,CA,2420135,3027668,6087,18552,"{""Eric Hass"": 300, ""Unpledged Electors"": 6087}",5466355,https://en.wikipedia.org/wiki/1956_United_States_presidential_election
1956,CO,263997,394479,3308,4598,"{""Eric Hass"": 3308, ""Unpledged Electors"": 759}",663074,https://en.wikipedia.org/wiki/1956_United_States_presidential_election
1956,CT,405079,711837,0,205,"{""Other"": 205}",1117121,https://en.wikipedia.org/wiki/1956_United_States_presidential_election
1956,DE,79421,98057,110,510,"{""Eric Hass"": 110}",177988,https://en.wikipedia.org/wiki/1956_United_States_presidential_election
1956,FL,480371,643849,0,0,{},1124220,https://en.wikipedia.org/wiki/1956_United_States_presidential_election
1956,GA,441094,216652,0,5734,"{""Other"": 5734}",663480,https://en.wikipedia.org/wiki/1956_United_States_presidential_election
1956,IA,501858,729187,3202,3519,"{""Eric Hass"": 125, ""Unpledged Electors"": 3202}",1234564,https://en.wikipedia.org/wiki/1956_United_States_presidential_election
1956,ID,105868,166979,0,142,"{""Other"": 142}",272989,https://en.wikipedia.org/wiki/1956_United_States_presidential_election
1956,IL,1775682,2623327,8342,8398,"{""Eric Hass"": 8342}",4407407,https://en.wikipedia.org/wiki/1956_United_States_presidential_election
1956,IN,783908,1182811,1334,7888,"{""Eric Hass"": 1334}",1974607,https://en.wikipedia.org/wiki/1956_United_States_presidential_election
1956,KS,296317,566878,0,3048,"{""Other"": 3048}",866243,https://en.wikipedia.org/wiki/1956_United_States_presidential_election
1956,KY,476453,572192,358,5160,"{""Eric Hass"": 358}",1053805,https://en.wikipedia.org/wiki/1956_United_States_presidential_election
1956,LA,243977,329047,44520,44520,"{""Unpledged Electors"": 44520}",617544,https://en.wikipedia.org/wiki/1956_United_States_presidential_election
1956,MA,948190,1393197,5573,7119,"{""Eric Hass"": 5573}",2348506,https://en.wikipedia.org/wiki/1956_United_States_presidential_election
1956,MD,372613,559738,0,0,{},932351,https://en.wikipedia.org/wiki/1956_United_States_presidential_election
1956,ME-AL,102468,249238,0,0,{},351706,https://en.wikipedia.org/wiki/1956_United_States_presidential_election
1956,MI,1359898,1713647,0,6923,"{""Other"": 6923}",3080468,https://en.wikipedia.org/wiki/1956_United_States_presidential_election
1956,MN,617525,719302,2080,3178,"{""Eric Hass"": 2080}",1340005,https://en.wikipedia.org/wiki/1956_United_States_presidential_election
1956,MO,918273,914289,0,0,{},1832562,https://en.wikipedia.org/wiki/1956_United_States_presidential_election
1956,MS,144498,60685,42966,42966,"{""Unpledged Electors"": 42966}",248149,https://en.wikipedia.org/wiki/1956_United_States_presidential_election
1956,MT,116238,154933,0,0,{},271171,https://en.wikipedia.org/wiki/1956_United_States_presidential_election
1956,NATIONAL,26028028,35579180,301417,414771,"{""Eric Hass"": 44300, ""Unpledged Electors"": 301417}",62021979,https://en.wikipedia.org/wiki/1956_United_States_presidential_election
1956,NC,590530,575062,0,0,{},1165592,https://en.wikipedia.org/wiki/1956_United_States_presidential_election
1956,ND,96742,156766,483,483,"{""Unpledged Electors"": 483}",253991,https://en.wikipedia.org/wiki/1956_United_States_presidential_election
1956,NE-AL,199029,378108,0,0,{},577137,https://en.wikipedia.org/wiki/1956_United_States_presidential_election
1956,NH,90364,176519,111,111,"{""Unpledged Electors"": 111}",266994,https://en.wikipedia.org/wiki/1956_United_States_presidential_election
1956,NJ,850337,1606942,6736,27033,"{""Eric Hass"": 6736, ""Unpledged Electors"": 5317}",2484312,https://en.wikipedia.org/wiki/1956_United_States_presidential_election
1956,NM,106098,146788,364,1040,"{""Eric Hass"": 69, ""Unpledged Electors"": 364}",253926,https://en.wikipedia.org/wiki/1956_United_States_presidential_election
1956,NV,40640,56049,0,0,{},96689,https://en.wikipedia.org/wiki/1956_United_States_presidential_election
1956,NY,2750769,4340340,0,2227,"{""Other"": 2227}",7093336,https://en.wikipedia.org/wiki/1956_United_States_presidential_election
1956,OH,1439655,2262610,0,0,{},3702265,https://en.wikipedia.org/wiki/1956_United_States_presidential_election
1956,OK,385581,473769,0,0,{},859350,https://en.wikipedia.org/wiki/1956_United_States_presidential_election
1956,OR,329204,406393,0,0,{},735597,https://en.wikipedia.org/wiki/1956_United_States_presidential_election
1956,PA,1981769,2585252,7447,9482,"{""Eric Hass"": 7447}",4576503,https://en.wikipedia.org/wiki/1956_United_States_presidential_election
1956,RI,161790,225819,0,2,"{""Other"": 2}",387611,https://en.wikipedia.org/wiki/1956_United_States_presidential_election
1956,SC,136372,75700,88511,88511,"{""Unpledged Electors"": 88511}",300583,https://en.wikipedia.org/wiki/1956_United_States_presidential_election
1956,SD,122288,171569,0,0,{},293857,https://en.wikipedia.org/wiki/1956_United_States_presidential_election
1956,TN,456507,462288,19820,20609,"{""Unpledged Electors"": 19820}",939404,https://en.wikipedia.org/wiki/1956_United_States_presidential_election
1956,TX,859958,1080619,14591,14968,"{""Unpledged Electors"": 14591}",1955545,https://en.wikipedia.org/wiki/1956_United_States_presidential_election
1956,UT,118364,215631,0,0,{},333995,https://en.wikipedia.org/wiki/1956_United_States_presidential_election
1956,VA,267760,386459,42964,43759,"{""Eric Hass"": 351, ""Unpledged Electors"": 42964}",697978,https://en.wikipedia.org/wiki/1956_United_States_presidential_election
1956,VT,42549,110390,0,39,"{""Other"": 39}",152978,https://en.wikipedia.org/wiki/1956_United_States_presidential_election
1956,WA,523002,620430,7457,7457,"{""Eric Hass"": 7457}",1150889,https://en.wikipedia.org/wiki/1956_United_States_presidential_election
1956,WI,586768,954844,6918,8946,"{""Eric Hass"": 710, ""Unpledged Electors"": 6918}",1550558,https://en.wikipedia.org/wiki/1956_United_States_presidential_election
1956,WV,381534,449297,0,0,{},830831,https://en.wikipedia.org/wiki/1956_United_States_presidential_election
1956,WY,49554,74573,0,0,{},124127,https://en.wikipedia.org/wiki/1956_United_States_presidential_election
1960,AK,29809,30953,0,0,{},60762,https://en.wikipedia.org/wiki/1960_United_States_presidential_election
1960,AL,318303,237981,324050,324050,"{""Unpledged Electors"": 324050}",880334,https://en.wikipedia.org/wiki/1960_United_States_presidential_election
1960,AR,215049,184508,28952,28952,"{""Orval Faubus"": 28952}",428509,https://en.wikipedia.org/wiki/1960_United_States_presidential_election
1960,AZ,176781,221241,469,469,"{""Eric Hass"": 469}",398491,https://en.wikipedia.org/wiki/1960_United_States_presidential_election
1960,CA,3224099,3259722,1051,22757,"{""Eric Hass"": 1051}",6506578,https://en.wikipedia.org/wiki/1960_United_States_presidential_election
1960,CO,330629,402242,2803,3375,"{""Eric Hass"": 2803}",736246,https://en.wikipedia.org/wiki/1960_United_States_presidential_election
1960,CT,657055,565813,0,15,"{""Other"": 15}",1222883,https://en.wikipedia.org/wiki/1960_United_States_presidential_election
1960,DE,99590,96373,82,720,"{""Eric Hass"": 82}",196683,https://en.wikipedia.org/wiki/1960_United_States_presidential_election
1960,FL,748700,795476,0,0,{},1544176,https://en.wikipedia.org/wiki/1960_United_States_presidential_election
1960,GA,458638,274472,0,239,"{""Other"": 239}",733349,https://en.wikipedia.org/wiki/1960_United_States_presidential_election
1960,HI,92410,92295,0,0,{},184705,https://en.wikipedia.org/wiki/1960_United_States_presidential_election
1960,IA,550565,722381,230,864,"{""Eric Hass"": 230}",1273810,https://en.wikipedia.org/wiki/1960_United_States_presidential_election
1960,ID,138853,161597,0,0,{},300450,https://en.wikipedia.org/wiki/1960_United_States_presidential_election
1960,IL,2377846,2368988,10560,10575,"{""Eric Hass"": 10560}",4757409,https://en.wikipedia.org/wiki/1960_United_States_presidential_election
1960,IN,952358,1175120,1136,7882,"{""Eric Hass"": 1136}",2135360,https://en.wikipedia.org/wiki/1960_United_States_presidential_election
1960,KS,363213,561474,0,4138,"{""Other"": 4138}",928825,https://en.wikipedia.org/wiki/1960_United_States_presidential_election
1960,KY,521855,602607,0,0,{},1124462,https://en.wikipedia.org/wiki/1960_United_States_presidential_election
1960,LA,407339,230980,169572,169572,"{""Unpledged Electors"": 169572}",807891,https://en.wikipedia.org/wiki/1960_United_States_presidential_election
1960,MA,1487174,976750,3892,5556,"{""Eric Hass"": 3892}",2469480,https://en.wikipedia.org/wiki/1960_United_States_presidential_election
1960,MD,565808,489538,0,3,"{""Other"": 3}",1055349,https://en.wikipedia.org/wiki/1960_United_States_presidential_election
1960,ME-AL,181159,240608,0,0,{},421767,https://en.wikipedia.org/wiki/1960_United_States_presidential_election
1960,MI,1687269,1620428,1718,10400,"{""Eric Hass"": 1718, ""Unpledged Electors"": 539}",3318097,https://en.wikipedia.org/wiki/1960_United_States_presidential_election
1960,MN,779933,757915,962,4039,"{""Eric Hass"": 962}",1541887,https://en.wikipedia.org/wiki/1960_United_States_presidential_election
1960,MO,972201,962221,0,0,{},1934422,https://en.wikipedia.org/wiki/1960_United_States_presidential_election
1960,MS,108362,73561,116248,116248,"{""Unpledged Electors"": 116248}",298171,https://en.wikipedia.org/wiki/1960_United_States_presidential_election
1960,MT,134891,141841,0,847,"{""Other"": 847}",277579,https://en.wikipedia.org/wiki/1960_United_States_presidential_election
1960,NATIONAL,34220984,34108157,286359,503341,"{""Eric Hass"": 47522, ""Unpledged Electors"": 286359}",68832482,https://en.wikipedia.org/wiki/1960_United_States_presidential_election
1960,NC,713136,655420,0,0,{},1368556,https://en.wikipedia.org/wiki/1960_United_States_presidential_election
1960,ND,123963,154310,0,158,"{""Other"": 158}",278431,https://en.wikipedia.org/wiki/1960_United_States_presidential_election
1960,NE-AL,232542,380553,0,0,{},613095,https://en.wikipedia.org/wiki/1960_United_States_presidential_election
1960,NH,137772,157989,0,0,{},295761,https://en.wikipedia.org/wiki/1960_United_States_presidential_election
1960,NJ,1385415,1363324,4262,24372,"{""Eric Hass"": 4262}",2773111,https://en.wikipedia.org/wiki/1960_United_States_presidential_election
1960,NM,156027,153733,570,1347,"{""Eric Hass"": 570}",311107,https://en.wikipedia.org/wiki/1960_United_States_presidential_election
1960,NV,54880,52387,0,0,{},107267,https://en.wikipedia.org/wiki/1960_United_States_presidential_election
1960,NY,3830085,3446419,0,14575,"{""Other"": 14575}",7291079,https://en.wikipedia.org/wiki/1960_United_States_presidential_election
1960,OH,1944248,2217611,0,0,{},4161859,https://en.wikipedia.org/wiki/1960_United_States_presidential_election
1960,OK,370111,533039,0,0,{},903150,https://en.wikipedia.org/wiki/1960_United_States_presidential_election
1960,OR,367402,408060,0,959,"{""Other"": 959}",776421,https://en.wikipedia.org/wiki/1960_United_States_presidential_election
1960,PA,2556282,2439956,7185,10303,"{""Eric Hass"": 7185}",5006541,https://en.wikipedia.org/wiki/1960_United_States_presidential_election
1960,RI,258032,147502,0,1,"{""Other"": 1}",405535,https://en.wikipedia.org/wiki/1960_United_States_presidential_election
1960,SC,198129,188558,0,1,"{""Other"": 1}",386688,https://en.wikipedia.org/wiki/1960_United_States_presidential_election
1960,SD,128070,178417,0,0,{},306487,https://en.wikipedia.org/wiki/1960_United_States_presidential_election
1960,TN,481453,556577,0,13762,"{""Other"": 13762}",1051792,https://en.wikipedia.org/wiki/1960_United_States_presidential_election
1960,TX,1167567,1121310,0,22207,"{""Other"": 22207}",2311084,https://en.wikipedia.org/wiki/1960_United_States_presidential_election
1960,UT,169248,205361,0,100,"{""Other"": 100}",374709,https://en.wikipedia.org/wiki/1960_United_States_presidential_election
1960,VA,362327,404521,397,4601,"{""Eric Hass"": 397}",771449,https://en.wikipedia.org/wiki/1960_United_States_presidential_election
1960,VT,69186,98131,0,7,"{""Other"": 7}",167324,https://en.wikipedia.org/wiki/1960_United_States_presidential_election
1960,WA,599298,629273,10895,13001,"{""Eric Hass"": 10895}",1241572,https://en.wikipedia.org/wiki/1960_United_States_presidential_election
1960,WI,830805,895175,1310,3102,"{""Eric Hass"": 1310}",1729082,https://en.wikipedia.org/wiki/1960_United_States_presidential_election
1960,WV,441786,395995,0,0,{},837781,https://en.wikipedia.org/wiki/1960_United_States_presidential_election
1960,WY,63331,77451,0,0,{},140782,https://en.wikipedia.org/wiki/1960_United_States_presidential_election
1964,AK,44329,22930,0,0,{},67259,https://en.wikipedia.org/wiki/1964_United_States_presidential_election
1964,AL,210732,479085,210732,0,"{""Unpledged Electors"": 210732}",689817,https://en.wikipedia.org/wiki/1964_United_States_presidential_election
1964,AR,314197,243264,0,2965,"{""Other"": 2965}",560426,https://en.wikipedia.org/wiki/1964_United_States_presidential_election
1964,AZ,237753,242535,0,482,"{""Other"": 482}",480770,https://en.wikipedia.org/wiki/1964_United_States_presidential_election
1964,CA,4171877,2879108,0,6601,"{""Other"": 6601}",7057586,https://en.wikipedia.org/wiki/1964_United_States_presidential_election
1964,CO,476024,296767,0,4195,"{""Other"": 4195}",776986,https://en.wikipedia.org/wiki/1964_United_States_presidential_election
1964,CT,826269,390996,0,1313,"{""Other"": 1313}",1218578,https://en.wikipedia.org/wiki/1964_United_States_presidential_election
1964,DC,169796,28801,0,0,{},198597,https://en.wikipedia.org/wiki/1964_United_States_presidential_election
1964,DE,122704,78078,0,538,"{""Other"": 538}",201320,https://en.wikipedia.org/wiki/1964_United_States_presidential_election
1964,FL,948540,905941,0,0,{},1854481,https://en.wikipedia.org/wiki/1964_United_States_presidential_election
1964,GA,522557,616584,0,195,"{""Other"": 195}",1139336,https://en.wikipedia.org/wiki/1964_United_States_presidential_election
1964,HI,163249,44022,0,0,{},207271,https://en.wikipedia.org/wiki/1964_United_States_presidential_election
1964,IA,733030,449148,0,2361,"{""Other"": 2361}",1184539,https://en.wikipedia.org/wiki/1964_United_States_presidential_election
1964,ID,148920,143557,0,0,{},292477,https://en.wikipedia.org/wiki/1964_United_States_presidential_election
1964,IL,2796833,1905946,0,62,"{""Other"": 62}",4702841,https://en.wikipedia.org/wiki/1964_United_States_presidential_election
1964,IN,1170848,911118,0,9640,"{""Other"": 9640}",2091606,https://en.wikipedia.org/wiki/1964_United_States_presidential_election
1964,KS,464028,386579,0,7294,"{""Other"": 7294}",857901,https://en.wikipedia.org/wiki/1964_United_States_presidential_election
1964,KY,669659,372977,0,3469,"{""Other"": 3469}",1046105,https://en.wikipedia.org/wiki/1964_United_States_presidential_election
1964,LA,387068,509225,0,0,{},896293,https://en.wikipedia.org/wiki/1964_United_States_presidential_election
1964,MA,1786422,549727,0,8649,"{""Other"": 8649}",2344798,https://en.wikipedia.org/wiki/1964_United_States_presidential_election
1964,MD,730912,385495,0,50,"{""Other"": 50}",1116457,https://en.wikipedia.org/wiki/1964_United_States_presidential_election
1964,ME-AL,262264,118701,0,256,"{""Other"": 256}",381221,https://en.wikipedia.org/wiki/1964_United_States_presidential_election
1964,MI,2136615,1060152,0,6335,"{""Other"": 6335}",3203102,https://en.wikipedia.org/wiki/1964_United_States_presidential_election
1964,MN,991117,559624,0,3721,"{""Other"": 3721}",1554462,https://en.wikipedia.org/wiki/1964_United_States_presidential_election
1964,MO,1164344,653535,0,0,{},1817879,https://en.wikipedia.org/wiki/1964_United_States_presidential_election
1964,MS,52618,356528,0,0,{},409146,https://en.wikipedia.org/wiki/1964_United_States_presidential_election
1964,MT,164246,113032,0,1350,"{""Other"": 1350}",278628,https://en.wikipedia.org/wiki/1964_United_States_presidential_election
1964,NATIONAL,43129040,27175754,210732,336957,"{""Other"": 336957, ""Unpledged Electors"": 210732}",70641751,https://en.wikipedia.org/wiki/1964_United_States_presidential_election
1964,NC,800139,624844,0,0,{},1424983,https://en.wikipedia.org/wiki/1964_United_States_presidential_election
1964,ND,149784,108207,0,398,"{""Other"": 398}",258389,https://en.wikipedia.org/wiki/1964_United_States_presidential_election
1964,NE-AL,307307,276847,0,0,{},584154,https://en.wikipedia.org/wiki/1964_United_States_presidential_election
1964,NH,184064,104029,0,0,{},288093,https://en.wikipedia.org/wiki/1964_United_States_presidential_election
1964,NJ,1867671,963843,0,15256,"{""Other"": 15256}",2846770,https://en.wikipedia.org/wiki/1964_United_States_presidential_election
1964,NM,194017,131838,0,1760,"{""Other"": 1760}",327615,https://en.wikipedia.org/wiki/1964_United_States_presidential_election
1964,NV,79339,56094,0,0,{},135433,https://en.wikipedia.org/wiki/1964_United_States_presidential_election
1964,NY,4913156,2243559,0,9300,"{""Other"": 9300}",7166015,https://en.wikipedia.org/wiki/1964_United_States_presidential_election
1964,OH,2498331,1470865,0,0,{},3969196,https://en.wikipedia.org/wiki/1964_United_States_presidential_election
1964,OK,519834,412665,0,0,{},932499,https://en.wikipedia.org/wiki/1964_United_States_presidential_election
1964,OR,501017,282779,0,2509,"{""Other"": 2509}",786305,https://en.wikipedia.org/wiki/1964_United_States_presidential_election
1964,PA,3130954,1673657,0,18079,"{""Other"": 18079}",4822690,https://en.wikipedia.org/wiki/1964_United_States_presidential_election
1964,RI,315463,74615,0,13,"{""Other"": 13}",390091,https://en.wikipedia.org/wiki/1964_United_States_presidential_election
1964,SC,215700,309048,0,8,"{""Other"": 8}",524756,https://en.wikipedia.org/wiki/1964_United_States_presidential_election
1964,SD,163010,130108,0,0,{},293118,https://en.wikipedia.org/wiki/1964_United_States_presidential_election
1964,TN,634947,508965,0,34,"{""Other"": 34}",1143946,https://en.wikipedia.org/wiki/1964_United_States_presidential_election
1964,TX,1663185,958566,0,5060,"{""Other"": 5060}",2626811,https://en.wikipedia.org/wiki/1964_United_States_presidential_election
1964,UT,219628,180682,0,0,{},400310,https://en.wikipedia.org/wiki/1964_United_States_presidential_election
1964,VA,558038,481334,0,2895,"{""Other"": 3107}",1042267,https://en.wikipedia.org/wiki/1964_United_States_presidential_election
1964,VT,108127,54942,0,20,"{""Other"": 20}",163089,https://en.wikipedia.org/wiki/1964_United_States_presidential_election
1964,WA,779881,470366,0,8309,"{""Other"": 8309}",1258556,https://en.wikipedia.org/wiki/1964_United_States_presidential_election
1964,WI,1050424,638495,0,2896,"{""Other"": 2896}",1691815,https://en.wikipedia.org/wiki/1964_United_States_presidential_election
1964,WV,538087,253953,0,0,{},792040,https://en.wikipedia.org/wiki/1964_United_States_presidential_election
1964,WY,80718,61998,0,0,{},142716,https://en.wikipedia.org/wiki/1964_United_States_presidential_election
1968,AK,35411,37600,10024,10024,"{""George Wallace"": 10024}",83035,https://en.wikipedia.org/wiki/1968_United_States_presidential_election
1968,AL,196579,146923,691425,706415,"{""George Wallace"": 691425}",1049917,https://en.wikipedia.org/wiki/1968_United_States_presidential_election
1968,AR,184901,189062,235627,235627,"{""George Wallace"": 235627}",609590,https://en.wikipedia.org/wiki/1968_United_States_presidential_election
1968,AZ,170514,266721,46573,49701,"{""George Wallace"": 46573}",486936,https://en.wikipedia.org/wiki/1968_United_States_presidential_election
1968,CA,3244318,3467664,487270,539605,"{""George Wallace"": 487270}",7251587,https://en.wikipedia.org/wiki/1968_United_States_presidential_election
1968,CO,335174,409345,60813,66680,"{""George Wallace"": 60813}",811199,https://en.wikipedia.org/wiki/1968_United_States_presidential_election
1968,CT,621561,556721,76650,77950,"{""George Wallace"": 76650}",1256232,https://en.wikipedia.org/wiki/1968_United_States_presidential_election
1968,DC,139566,31012,0,0,{},170578,https://en.wikipedia.org/wiki/1968_United_States_presidential_election
1968,DE,89194,96714,28459,28459,"{""George Wallace"": 28459}",214367,https://en.wikipedia.org/wiki/1968_United_States_presidential_election
1968,FL,676794,886804,624207,624207,"{""George Wallace"": 624207}",2187805,https://en.wikipedia.org/wiki/1968_United_States_presidential_election
1968,GA,334440,380111,535550,535715,"{""George Wallace"": 535550}",1250266,https://en.wikipedia.org/wiki/1968_United_States_presidential_election
1968,HI,141324,91425,3469,3469,"{""George Wallace"": 3469}",236218,https://en.wikipedia.org/wiki/1968_United_States_presidential_election
1968,IA,476699,619106,66422,72126,"{""George Wallace"": 66422}",1167931,https://en.wikipedia.org/wiki/1968_United_States_presidential_election
1968,ID,89273,165369,36541,36541,"{""George Wallace"": 36541}",291183,https://en.wikipedia.org/wiki/1968_United_States_presidential_election
1968,IL,2039814,2174774,390958,405161,"{""George Wallace"": 390958}",4619749,https://en.wikipedia.org/wiki/1968_United_States_presidential_election
1968,IN,806659,1067885,243108,249053,"{""George Wallace"": 243108}",2123597,https://en.wikipedia.org/wiki/1968_United_States_presidential_election
1968,KS,302996,478674,88921,91113,"{""George Wallace"": 88921}",872783,https://en.wikipedia.org/wiki/1968_United_States_presidential_election
1968,KY,397541,462411,193098,195941,"{""George Wallace"": 193098}",1055893,https://en.wikipedia.org/wiki/1968_United_States_presidential_election
1968,LA,309615,257535,530300,530300,"{""George Wallace"": 530300}",1097450,https://en.wikipedia.org/wiki/1968_United_States_presidential_election
1968,MA,1469218,766844,87088,95690,"{""George Wallace"": 87088}",2331752,https://en.wikipedia.org/wiki/1968_United_States_presidential_election
1968,MD,538310,517995,178734,178734,"{""George Wallace"": 178734}",1235039,https://en.wikipedia.org/wiki/1968_United_States_presidential_election
1968,ME-AL,217312,169254,6370,6370,"{""George Wallace"": 6370}",392936,https://en.wikipedia.org/wiki/1968_United_States_presidential_election
1968,MI,1593082,1370665,331968,342503,"{""George Wallace"": 331968}",3306250,https://en.wikipedia.org/wiki/1968_United_States_presidential_election
1968,MN,857738,658643,68931,72129,"{""George Wallace"": 68931}",1588510,https://en.wikipedia.org/wiki/1968_United_States_presidential_election
1968,MO,791444,811932,206126,206126,"{""George Wallace"": 206126}",1809502,https://en.wikipedia.org/wiki/1968_United_States_presidential_election
1968,MS,150644,88516,415349,415349,"{""George Wallace"": 415349}",654509,https://en.wikipedia.org/wiki/1968_United_States_presidential_election
1968,MT,114117,138835,20015,21452,"{""George Wallace"": 20015}",274404,https://en.wikipedia.org/wiki/1968_United_States_presidential_election
1968,NATIONAL,31271839,31783783,9901118,10144376,"{""George Wallace"": 9901118}",73199998,https://en.wikipedia.org/wiki/1968_United_States_presidential_election
1968,NC,464113,627192,496188,496188,"{""George Wallace"": 496188}",1587493,https://en.wikipedia.org/wiki/1968_United_States_presidential_election
1968,ND,94769,138669,14244,14444,"{""George Wallace"": 14244}",247882,https://en.wikipedia.org/wiki/1968_United_States_presidential_election
1968,NE-AL,170784,321163,44904,44904,"{""George Wallace"": 44904}",536851,https://en.wikipedia.org/wiki/1968_United_States_presidential_election
1968,NH,130589,154903,11173,11806,"{""George Wallace"": 11173}",297298,https://en.wikipedia.org/wiki/1968_United_States_presidential_election
1968,NJ,1264206,1325467,262187,285722,"{""George Wallace"": 262187}",2875395,https://en.wikipedia.org/wiki/1968_United_States_presidential_election
1968,NM,130081,169692,25737,27508,"{""George Wallace"": 25737}",327281,https://en.wikipedia.org/wiki/1968_United_States_presidential_election
1968,NV,60598,73188,20432,20432,"{""George Wallace"": 20432}",154218,https://en.wikipedia.org/wiki/1968_United_States_presidential_election
1968,NY,3378470,3007932,358864,403664,"{""George Wallace"": 358864}",6790066,https://en.wikipedia.org/wiki/1968_United_States_presidential_election
1968,OH,1700586,1791014,467495,468098,"{""George Wallace"": 467495}",3959698,https://en.wikipedia.org/wiki/1968_United_States_presidential_election
1968,OK,301658,449697,191731,191731,"{""George Wallace"": 191731}",943086,https://en.wikipedia.org/wiki/1968_United_States_presidential_election
1968,OR,358866,408433,49683,52323,"{""George Wallace"": 49683}",819622,https://en.wikipedia.org/wiki/1968_United_States_presidential_election
1968,PA,2259405,2090017,378582,398506,"{""George Wallace"": 378582}",4747928,https://en.wikipedia.org/wiki/1968_United_States_presidential_election
1968,RI,246518,122359,15678,16123,"{""George Wallace"": 15678}",385000,https://en.wikipedia.org/wiki/1968_United_States_presidential_election
1968,SC,197486,254062,215430,215434,"{""George Wallace"": 215430}",666982,https://en.wikipedia.org/wiki/1968_United_States_presidential_election
1968,SD,118023,149841,13400,13400,"{""George Wallace"": 13400}",281264,https://en.wikipedia.org/wiki/1968_United_States_presidential_election
1968,TN,351233,472592,424792,424792,"{""George Wallace"": 424792}",1248617,https://en.wikipedia.org/wiki/1968_United_States_presidential_election
1968,TX,1266804,1227844,584269,584758,"{""George Wallace"": 584269}",3079406,https://en.wikipedia.org/wiki/1968_United_States_presidential_election
1968,UT,156665,238728,26906,27175,"{""George Wallace"": 26906}",422568,https://en.wikipedia.org/wiki/1968_United_States_presidential_election
1968,VA,442387,590319,321833,328785,"{""George Wallace"": 321833}",1361491,https://en.wikipedia.org/wiki/1968_United_States_presidential_election
1968,VT,70255,85142,5104,6007,"{""George Wallace"": 5104}",161404,https://en.wikipedia.org/wiki/1968_United_States_presidential_election
1968,WA,616037,588510,96990,99734,"{""George Wallace"": 96990}",1304281,https://en.wikipedia.org/wiki/1968_United_States_presidential_election
1968,WI,748804,809997,127835,132737,"{""George Wallace"": 127835}",1691538,https://en.wikipedia.org/wiki/1968_United_States_presidential_election
1968,WV,374091,307555,72560,72560,"{""George Wallace"": 72560}",754206,https://en.wikipedia.org/wiki/1968_United_States_presidential_election
1968,WY,45173,70927,11105,11105,"{""George Wallace"": 11105}",127205,https://en.wikipedia.org/wiki/1968_United_States_presidential_election
1972,AK,32967,55349,6903,6903,"{""John Schmitz"": 6903}",95219,https://en.wikipedia.org/wiki/1972_United_States_presidential_election
1972,AL,256923,728701,11918,20469,"{""John Schmitz"": 11918}",1006093,https://en.wikipedia.org/wiki/1972_United_States_presidential_election
1972,AR,198899,445751,3016,3016,"{""John Schmitz"": 3016}",647666,https://en.wikipedia.org/wiki/1972_United_States_presidential_election
1972,AZ,198540,402812,21208,52153,"{""John Schmitz"": 21208}",653505,https://en.wikipedia.org/wiki/1972_United_States_presidential_election
1972,CA,3475847,4602096,232554,289919,"{""John Hospers"": 980, ""John Schmitz"": 232554}",8367862,https://en.wikipedia.org/wiki/1972_United_States_presidential_election
1972,CO,329980,597189,17269,26715,"{""John Hospers"": 1111, ""John Schmitz"": 17269}",953884,https://en.wikipedia.org/wiki/1972_United_States_presidential_election
1972,CT,555498,810763,17239,18016,"{""John Schmitz"": 17239}",1384277,https://en.wikipedia.org/wiki/1972_United_States_presidential_election
1972,DC,127627,35226,0,568,"{""Other"": 568}",163421,https://en.wikipedia.org/wiki/1972_United_States_presidential_election
1972,DE,92283,140357,2638,2876,"{""John Schmitz"": 2638}",235516,https://en.wikipedia.org/wiki/1972_United_States_presidential_election
1972,FL,718117,1857759,0,7407,"{""Other"": 7407}",2583283,https://en.wikipedia.org/wiki/1972_United_States_presidential_election
1972,GA,289529,881496,812,3747,"{""John Schmitz"": 812}",1174772,https://en.wikipedia.org/wiki/1972_United_States_presidential_election
1972,HI,101409,168865,0,0,{},270274,https://en.wikipedia.org/wiki/1972_United_States_presidential_election
1972,IA,496206,706207,22056,23531,"{""John Schmitz"": 22056}",1225944,https://en.wikipedia.org/wiki/1972_United_States_presidential_election
1972,ID,80826,199384,28869,30169,"{""John Schmitz"": 28869}",310379,https://en.wikipedia.org/wiki/1972_United_States_presidential_election
1972,IL,1913472,2788179,2471,21585,"{""John Schmitz"": 2471}",4723236,https://en.wikipedia.org/wiki/1972_United_States_presidential_election
1972,IN,708568,1405154,0,11807,"{""Other"": 11807}",2125529,https://en.wikipedia.org/wiki/1972_United_States_presidential_election
1972,KS,270287,619812,21808,25996,"{""John Schmitz"": 21808}",916095,https://en.wikipedia.org/wiki/1972_United_States_presidential_election
1972,KY,371159,676446,17627,19894,"{""John Schmitz"": 17627}",1067499,https://en.wikipedia.org/wiki/1972_United_States_presidential_election
1972,LA,298142,686852,52099,66497,"{""John Schmitz"": 52099}",1051491,https://en.wikipedia.org/wiki/1972_United_States_presidential_election
1972,MA,1332540,1112078,2877,14138,"{""John Hospers"": 43, ""John Schmitz"": 2877}",2458756,https://en.wikipedia.org/wiki/1972_United_States_presidential_election
1972,MD,505781,829305,18726,18726,"{""John Schmitz"": 18726}",1353812,https://en.wikipedia.org/wiki/1972_United_States_presidential_election
1972,ME-01,85028,135388,0,0,{},220416,https://en.wikipedia.org/wiki/1972_United_States_presidential_election
1972,ME-02,75556,121120,0,0,{},196676,https://en.wikipedia.org/wiki/1972_United_States_presidential_election
1972,ME-AL,160584,256458,117,229,"{""John Hospers"": 1, ""John Schmitz"": 117}",417271,https://en.wikipedia.org/wiki/1972_United_States_presidential_election
1972,MI,1459435,1961721,63321,69169,"{""John Schmitz"": 63321}",3490325,https://en.wikipedia.org/wiki/1972_United_States_presidential_election
1972,MN,802346,898269,31407,41037,"{""John Schmitz"": 31407}",1741652,https://en.wikipedia.org/wiki/1972_United_States_presidential_election
1972,MO,698531,1154058,0,0,{},1852589,https://en.wikipedia.org/wiki/1972_United_States_presidential_election
1972,MS,126782,505125,11598,14056,"{""John Schmitz"": 11598}",645963,https://en.wikipedia.org/wiki/1972_United_States_presidential_election
1972,MT,120197,183976,13430,13430,"{""John Schmitz"": 13430}",317603,https://en.wikipedia.org/wiki/1972_United_States_presidential_election
1972,NATIONAL,29173222,47168710,1100868,1402095,"{""John Hospers"": 3674, ""John Schmitz"": 1100868}",77744027,https://en.wikipedia.org/wiki/1972_United_States_presidential_election
1972,NC,438705,1054889,25018,25018,"{""John Schmitz"": 25018}",1518612,https://en.wikipedia.org/wiki/1972_United_States_presidential_election
1972,ND,100384,174109,5646,6021,"{""John Schmitz"": 5646}",280514,https://en.wikipedia.org/wiki/1972_United_States_presidential_election
1972,NE-AL,169991,406298,0,0,{},576289,https://en.wikipedia.org/wiki/1972_United_States_presidential_election
1972,NH,116435,213724,3386,3896,"{""John Schmitz"": 3386}",334055,https://en.wikipedia.org/wiki/1972_United_States_presidential_election
1972,NJ,1102211,1845502,34378,49516,"{""John Schmitz"": 34378}",2997229,https://en.wikipedia.org/wiki/1972_United_States_presidential_election
1972,NM,141084,235606,8767,9241,"{""John Schmitz"": 8767}",385931,https://en.wikipedia.org/wiki/1972_United_States_presidential_election
1972,NV,66016,115750,0,0,{},181766,https://en.wikipedia.org/wiki/1972_United_States_presidential_election
1972,NY,2951084,4192778,0,17968,"{""Other"": 17968}",7161830,https://en.wikipedia.org/wiki/1972_United_States_presidential_election
1972,OH,1558889,2441827,80067,94071,"{""John Schmitz"": 80067}",4094787,https://en.wikipedia.org/wiki/1972_United_States_presidential_election
1972,OK,247147,759025,23728,23728,"{""John Schmitz"": 23728}",1029900,https://en.wikipedia.org/wiki/1972_United_States_presidential_election
1972,OR,392760,486686,46211,48500,"{""John Schmitz"": 46211}",927946,https://en.wikipedia.org/wiki/1972_United_States_presidential_election
1972,PA,1796951,2714521,70593,80633,"{""John Schmitz"": 70593}",4592105,https://en.wikipedia.org/wiki/1972_United_States_presidential_election
1972,RI,194645,220383,25,780,"{""John Hospers"": 2, ""John Schmitz"": 25}",415808,https://en.wikipedia.org/wiki/1972_United_States_presidential_election
1972,SC,189270,478427,10166,10183,"{""John Schmitz"": 10166}",677880,https://en.wikipedia.org/wiki/1972_United_States_presidential_election
1972,SD,139945,166476,0,994,"{""Other"": 994}",307415,https://en.wikipedia.org/wiki/1972_United_States_presidential_election
1972,TN,357293,813147,30373,30742,"{""John Schmitz"": 30373}",1201182,https://en.wikipedia.org/wiki/1972_United_States_presidential_election
1972,TX,1154291,2298896,7098,19527,"{""John Schmitz"": 7098}",3472714,https://en.wikipedia.org/wiki/1972_United_States_presidential_election
1972,UT,126284,323643,28549,28549,"{""John Schmitz"": 28549}",478476,https://en.wikipedia.org/wiki/1972_United_States_presidential_election
1972,VA,438887,988493,19721,29639,"{""John Schmitz"": 19721}",1457019,https://en.wikipedia.org/wiki/1972_United_States_presidential_election
1972,VT,68174,117149,0,1624,"{""Other"": 1624}",186947,https://en.wikipedia.org/wiki/1972_United_States_presidential_election
1972,WA,568334,837135,58906,65378,"{""John Hospers"": 1537, ""John Schmitz"": 58906}",1470847,https://en.wikipedia.org/wiki/1972_United_States_presidential_election
1972,WI,810174,989430,47525,53286,"{""John Schmitz"": 47525}",1852890,https://en.wikipedia.org/wiki/1972_United_States_presidential_election
1972,WV,277435,484964,0,0,{},762399,https://en.wikipedia.org/wiki/1972_United_States_presidential_election
1972,WY,44358,100464,748,748,"{""John Schmitz"": 748}",145570,https://en.wikipedia.org/wiki/1972_United_States_presidential_election
1976,AK,44058,71555,6785,7961,"{""Roger MacBride"": 6785}",123574,https://en.wikipedia.org/wiki/1976_United_States_presidential_election
1976,AL,659170,504070,1481,19610,"{""Roger MacBride"": 1481}",1182850,https://en.wikipedia.org/wiki/1976_United_States_presidential_election
1976,AR,499614,268753,647,1029,"{""Eugene McCarthy"": 647}",769396,https://en.wikipedia.org/wiki/1976_United_States_presidential_election
1976,AZ,295602,418642,19229,28475,"{""Eugene McCarthy"": 19229, ""Roger MacBride"": 7647}",742719,https://en.wikipedia.org/wiki/1976_United_States_presidential_election
1976,CA,3742284,3882244,58412,242589,"{""Eugene McCarthy"": 58412, ""Roger MacBride"": 56388}",7867117,https://en.wikipedia.org/wiki/1976_United_States_presidential_election
1976,CO,460353,584367,26107,36415,"{""Eugene McCarthy"": 26107, ""Roger MacBride"": 5330}",1081135,https://en.wikipedia.org/wiki/1976_United_States_presidential_election
1976,CT,647895,719261,0,14370,"{""Other"": 14370}",1381526,https://en.wikipedia.org/wiki/1976_United_States_presidential_election
1976,DC,137818,27873,274,3139,"{""Roger MacBride"": 274}",168830,https://en.wikipedia.org/wiki/1976_United_States_presidential_election
1976,DE,122596,109831,2437,3407,"{""Eugene McCarthy"": 2437}",235834,https://en.wikipedia.org/wiki/1976_United_States_presidential_election
1976,FL,1636000,1469531,23643,45100,"{""Eugene McCarthy"": 23643, ""Roger MacBride"": 103}",3150631,https://en.wikipedia.org/wiki/1976_United_States_presidential_election
1976,GA,979409,483743,991,4306,"{""Eugene McCarthy"": 991, ""Roger MacBride"": 175}",1467458,https://en.wikipedia.org/wiki/1976_United_States_presidential_election
1976,HI,147375,140003,3923,3923,"{""Roger MacBride"": 3923}",291301,https://en.wikipedia.org/wiki/1976_United_States_presidential_election
1976,IA,619931,632863,20051,26512,"{""Eugene McCarthy"": 20051, ""Roger MacBride"": 1452}",1279306,https://en.wikipedia.org/wiki/1976_United_States_presidential_election
1976,ID,126549,204151,3558,10232,"{""Roger MacBride"": 3558}",340932,https://en.wikipedia.org/wiki/1976_United_States_presidential_election
1976,IL,2271295,2364269,55939,83269,"{""Eugene McCarthy"": 55939, ""Roger MacBride"": 8057}",4718833,https://en.wikipedia.org/wiki/1976_United_States_presidential_election
1976,IN,1014714,1183958,0,21690,"{""Other"": 21690}",2220362,https://en.wikipedia.org/wiki/1976_United_States_presidential_election
1976,KS,430421,502752,13185,24672,"{""Eugene McCarthy"": 13185, ""Roger MacBride"": 3242}",957845,https://en.wikipedia.org/wiki/1976_United_States_presidential_election
1976,KY,615717,531852,6837,19573,"{""Eugene McCarthy"": 6837, ""Roger MacBride"": 814}",1167142,https://en.wikipedia.org/wiki/1976_United_States_presidential_election
1976,LA,661365,587446,6588,29628,"{""Eugene McCarthy"": 6588, ""Roger MacBride"": 3325}",1278439,https://en.wikipedia.org/wiki/1976_United_States_presidential_election
1976,MA,1429475,1030276,65637,87806,"{""Eugene McCarthy"": 65637, ""Roger MacBride"": 135}",2547557,https://en.wikipedia.org/wiki/1976_United_States_presidential_election
1976,MD,759612,672661,0,0,{},1432273,https://en.wikipedia.org/wiki/1976_United_States_presidential_election
1976,ME-01,123598,127019,6025,0,"{""Eugene McCarthy"": 6025}",250617,https://en.wikipedia.org/wiki/1976_United_States_presidential_election
1976,ME-02,108681,109301,4849,0,"{""Eugene McCarthy"": 4849}",217982,https://en.wikipedia.org/wiki/1976_United_States_presidential_election
1976,ME-AL,232279,236320,10874,14609,"{""Eugene McCarthy"": 10874, ""Roger MacBride"": 10}",483208,https://en.wikipedia.org/wiki/1976_United_States_presidential_election
1976,MI,1696714,1893742,47905,63293,"{""Eugene McCarthy"": 47905, ""Roger MacBride"": 5406}",3653749,https://en.wikipedia.org/wiki/1976_United_States_presidential_election
1976,MN,1070440,819395,35490,60096,"{""Eugene McCarthy"": 35490, ""Roger MacBride"": 3529}",1949931,https://en.wikipedia.org/wiki/1976_United_States_presidential_election
1976,MO,998387,927443,24029,27770,"{""Eugene McCarthy"": 24029}",1953600,https://en.wikipedia.org/wiki/1976_United_States_presidential_election
1976,MS,381309,366846,4074,21205,"{""Eugene McCarthy"": 4074, ""Roger MacBride"": 2787}",769360,https://en.wikipedia.org/wiki/1976_United_States_presidential_election
1976,MT,149259,173703,0,5772,"{""Other"": 5772}",328734,https://en.wikipedia.org/wiki/1976_United_States_presidential_election
1976,NATIONAL,40831881,39148634,740460,1551069,"{""Eugene McCarthy"": 740460, ""Roger MacBride"": 172557}",81531584,https://en.wikipedia.org/wiki/1976_United_States_presidential_election
1976,NC,927365,741960,2219,8581,"{""Roger MacBride"": 2219}",1677906,https://en.wikipedia.org/wiki/1976_United_States_presidential_election
1976,ND,136078,153470,2952,7546,"{""Eugene McCarthy"": 2952, ""Roger MacBride"": 256}",297094,https://en.wikipedia.org/wiki/1976_United_States_presidential_election
1976,NE-AL,233692,359705,9409,14271,"{""Eugene McCarthy"": 9409, ""Roger MacBride"": 1482}",607668,https://en.wikipedia.org/wiki/1976_United_States_presidential_election
1976,NH,147635,185935,4095,6048,"{""Eugene McCarthy"": 4095, ""Roger MacBride"": 936}",339618,https://en.wikipedia.org/wiki/1976_United_States_presidential_election
1976,NJ,1444653,1509688,32717,60131,"{""Eugene McCarthy"": 32717, ""Roger MacBride"": 9449}",3014472,https://en.wikipedia.org/wiki/1976_United_States_presidential_election
1976,NM,201148,211419,1110,4023,"{""Roger MacBride"": 1110}",416590,https://en.wikipedia.org/wiki/1976_United_States_presidential_election
1976,NV,92479,101273,1519,8124,"{""Roger MacBride"": 1519}",201876,https://en.wikipedia.org/wiki/1976_United_States_presidential_election
1976,NY,3389558,3100791,12197,34876,"{""Eugene McCarthy"": 4303, ""Roger MacBride"": 12197}",6525225,https://en.wikipedia.org/wiki/1976_United_States_presidential_election
1976,OH,2011621,2000505,58258,99747,"{""Eugene McCarthy"": 58258, ""Roger MacBride"": 8961}",4111873,https://en.wikipedia.org/wiki/1976_United_States_presidential_election
1976,OK,532442,545708,14101,14101,"{""Eugene McCarthy"": 14101}",1092251,https://en.wikipedia.org/wiki/1976_United_States_presidential_election
1976,OR,490407,492120,40207,47349,"{""Eugene McCarthy"": 40207}",1029876,https://en.wikipedia.org/wiki/1976_United_States_presidential_election
1976,PA,2328677,2205604,50584,86506,"{""Eugene McCarthy"": 50584}",4620787,https://en.wikipedia.org/wiki/1976_United_States_presidential_election
1976,RI,227636,181249,715,2285,"{""Eugene McCarthy"": 479, ""Roger MacBride"": 715}",411170,https://en.wikipedia.org/wiki/1976_United_States_presidential_election
1976,SC,450825,346140,0,5629,"{""Other"": 5629}",802594,https://en.wikipedia.org/wiki/1976_United_States_presidential_election
1976,SD,147068,151505,1619,2105,"{""Roger MacBride"": 1619}",300678,https://en.wikipedia.org/wiki/1976_United_States_presidential_election
1976,TN,825879,633969,5004,16498,"{""Eugene McCarthy"": 5004, ""Roger MacBride"": 1375}",1476346,https://en.wikipedia.org/wiki/1976_United_States_presidential_election
1976,TX,2082319,1953300,20118,36265,"{""Eugene McCarthy"": 20118, ""Roger MacBride"": 263}",4071884,https://en.wikipedia.org/wiki/1976_United_States_presidential_election
1976,UT,182110,337908,3907,21180,"{""Eugene McCarthy"": 3907, ""Roger MacBride"": 2438}",541198,https://en.wikipedia.org/wiki/1976_United_States_presidential_election
1976,VA,813896,836554,4648,46644,"{""Roger MacBride"": 4648}",1697094,https://en.wikipedia.org/wiki/1976_United_States_presidential_election
1976,VT,81044,102085,4001,4726,"{""Eugene McCarthy"": 4001, ""Roger MacBride"": 4}",187855,https://en.wikipedia.org/wiki/1976_United_States_presidential_election
1976,WA,717323,777732,36986,60479,"{""Eugene McCarthy"": 36986, ""Roger MacBride"": 5042}",1555534,https://en.wikipedia.org/wiki/1976_United_States_presidential_election
1976,WI,1040232,1004987,34943,56117,"{""Eugene McCarthy"": 34943, ""Roger MacBride"": 3814}",2101336,https://en.wikipedia.org/wiki/1976_United_States_presidential_election
1976,WV,435914,314760,0,0,{},750674,https://en.wikipedia.org/wiki/1976_United_States_presidential_election
1976,WY,62239,92717,624,1387,"{""Eugene McCarthy"": 624, ""Roger MacBride"": 89}",156343,https://en.wikipedia.org/wiki/1976_United_States_presidential_election
1980,AK,41842,86112,18479,30491,"{""Ed Clark"": 18479, ""John Anderson"": 11155}",158445,https://en.wikipedia.org/wiki/1980_United_States_presidential_election
1980,AL,636730,654192,16481,51007,"{""Ed Clark"": 13318, ""John Anderson"": 16481}",1341929,https://en.wikipedia.org/wiki/1980_United_States_presidential_election
1980,AR,398041,403164,22468,36377,"{""Ed Clark"": 8970, ""John Anderson"": 22468}",837582,https://en.wikipedia.org/wiki/1980_United_States_presidential_election
1980,AZ,246843,529688,76952,97414,"{""Ed Clark"": 18784, ""John Anderson"": 76952}",873945,https://en.wikipedia.org/wiki/1980_United_States_presidential_election
1980,CA,3083661,4524858,739833,978544,"{""Ed Clark"": 148434, ""John Anderson"": 739833}",8587063,https://en.wikipedia.org/wiki/1980_United_States_presidential_election
1980,CO,367973,652264,130633,164178,"{""Ed Clark"": 25744, ""John Anderson"": 130633}",1184415,https://en.wikipedia.org/wiki/1980_United_States_presidential_election
1980,CT,541732,677210,171807,187343,"{""Ed Clark"": 8570, ""John Anderson"": 171807}",1406285,https://en.wikipedia.org/wiki/1980_United_States_presidential_election
1980,DC,130231,23313,16131,20345,"{""Ed Clark"": 1104, ""John Anderson"": 16131}",173889,https://en.wikipedia.org/wiki/1980_United_States_presidential_election
1980,DE,105754,111252,16288,18662,"{""Ed Clark"": 1974, ""John Anderson"": 16288}",235668,https://en.wikipedia.org/wiki/1980_United_States_presidential_election
1980,FL,1419475,2046951,189692,220600,"{""Ed Clark"": 30524, ""John Anderson"": 189692}",3687026,https://en.wikipedia.org/wiki/1980_United_States_presidential_election
1980,GA,890733,654168,36055,52566,"{""Ed Clark"": 15627, ""John Anderson"": 36055}",1597467,https://en.wikipedia.org/wiki/1980_United_States_presidential_election
1980,HI,135879,130112,32021,37296,"{""Ed Clark"": 3269, ""John Anderson"": 32021}",303287,https://en.wikipedia.org/wiki/1980_United_States_presidential_election
1980,IA,508672,676026,115633,132963,"{""Ed Clark"": 13123, ""John Anderson"": 115633}",1317661,https://en.wikipedia.org/wiki/1980_United_States_presidential_election
1980,ID,110192,290699,27058,36540,"{""Ed Clark"": 8425, ""John Anderson"": 27058}",437431,https://en.wikipedia.org/wiki/1980_United_States_presidential_election
1980,IL,1981413,2358049,346754,410259,"{""Ed Clark"": 38939, ""John Anderson"": 346754}",4749721,https://en.wikipedia.org/wiki/1980_United_States_presidential_election
1980,IN,844197,1255656,111639,142180,"{""Ed Clark"": 19627, ""John Anderson"": 111639}",2242033,https://en.wikipedia.org/wiki/1980_United_States_presidential_election
1980,KS,326150,566812,68231,86833,"{""Ed Clark"": 14470, ""John Anderson"": 68231}",979795,https://en.wikipedia.org/wiki/1980_United_States_presidential_election
1980,KY,616417,635274,31127,42936,"{""Ed Clark"": 5531, ""John Anderson"": 31127}",1294627,https://en.wikipedia.org/wiki/1980_United_States_presidential_election
1980,LA,708453,792853,26345,47285,"{""Ed Clark"": 8240, ""John Anderson"": 26345}",1548591,https://en.wikipedia.org/wiki/1980_United_States_presidential_election
1980,MA,1053802,1057631,382539,412865,"{""Ed Clark"": 22038, ""John Anderson"": 382539}",2524298,https://en.wikipedia.org/wiki/1980_United_States_presidential_election
1980,MD,726161,680606,119537,133729,"{""Ed Clark"": 14192, ""John Anderson"": 119537}",1540496,https://en.wikipedia.org/wiki/1980_United_States_presidential_election
1980,ME-01,117613,126274,30889,30889,"{""John Anderson"": 30889}",274776,https://en.wikipedia.org/wiki/1980_United_States_presidential_election
1980,ME-02,103361,112248,22438,22438,"{""John Anderson"": 22438}",238047,https://en.wikipedia.org/wiki/1980_United_States_presidential_election
1980,ME-AL,220974,238522,53327,63515,"{""Ed Clark"": 5119, ""John Anderson"": 53327}",523011,https://en.wikipedia.org/wiki/1980_United_States_presidential_election
1980,MI,1661532,1915225,275223,332968,"{""Ed Clark"": 41597, ""John Anderson"": 275223}",3909725,https://en.wikipedia.org/wiki/1980_United_States_presidential_election
1980,MN,954174,873241,174990,224538,"{""Ed Clark"": 31592, ""John Anderson"": 174990}",2051953,https://en.wikipedia.org/wiki/1980_United_States_presidential_election
1980,MO,931182,1074181,77920,94461,"{""Ed Clark"": 14422, ""John Anderson"": 77920}",2099824,https://en.wikipedia.org/wiki/1980_United_States_presidential_election
1980,MS,429281,441089,12036,22250,"{""Ed Clark"": 5465, ""John Anderson"": 12036}",892620,https://en.wikipedia.org/wiki/1980_United_States_presidential_election
1980,MT,118032,206814,29281,39106,"{""Ed Clark"": 9825, ""John Anderson"": 29281}",363952,https://en.wikipedia.org/wiki/1980_United_States_presidential_election
1980,NATIONAL,35480115,43903230,5719850,7126333,"{""Ed Clark"": 921128, ""John Anderson"": 5719850}",86509678,https://en.wikipedia.org/wiki/1980_United_States_presidential_election
1980,NC,875635,915018,52800,65180,"{""Ed Clark"": 9677, ""John Anderson"": 52800}",1855833,https://en.wikipedia.org/wiki/1980_United_States_presidential_election
1980,ND,79189,193695,23640,28661,"{""Ed Clark"": 3743, ""John Anderson"": 23640}",301545,https://en.wikipedia.org/wiki/1980_United_States_presidential_election
1980,NE-AL,166851,419937,44993,54066,"{""Ed Clark"": 9073, ""John Anderson"": 44993}",640854,https://en.wikipedia.org/wiki/1980_United_States_presidential_election
1980,NH,108864,221705,49693,53430,"{""Ed Clark"": 2067, ""John Anderson"": 49693}",383999,https://en.wikipedia.org/wiki/1980_United_States_presidential_election
1980,NJ,1147364,1546557,234632,281763,"{""Ed Clark"": 20652, ""John Anderson"": 234632}",2975684,https://en.wikipedia.org/wiki/1980_United_States_presidential_election
1980,NM,167826,250779,29459,37632,"{""Ed Clark"": 4365, ""John Anderson"": 29459}",456237,https://en.wikipedia.org/wiki/1980_United_States_presidential_election
1980,NV,66666,155017,17651,26202,"{""Ed Clark"": 4358, ""John Anderson"": 17651}",247885,https://en.wikipedia.org/wiki/1980_United_States_presidential_election
1980,NY,2728372,2893831,467801,579756,"{""Ed Clark"": 52648, ""John Anderson"": 467801}",6201959,https://en.wikipedia.org/wiki/1980_United_States_presidential_election
1980,OH,1752414,2206545,254472,324644,"{""Ed Clark"": 49033, ""John Anderson"": 254472}",4283603,https://en.wikipedia.org/wiki/1980_United_States_presidential_election
1980,OK,402026,695570,38284,52112,"{""Ed Clark"": 13828, ""John Anderson"": 38284}",1149708,https://en.wikipedia.org/wiki/1980_United_States_presidential_election
1980,OR,456890,571044,112389,153582,"{""Ed Clark"": 25838, ""John Anderson"": 112389}",1181516,https://en.wikipedia.org/wiki/1980_United_States_presidential_election
1980,PA,1937540,2261872,292921,362089,"{""Ed Clark"": 33263, ""John Anderson"": 292921}",4561501,https://en.wikipedia.org/wiki/1980_United_States_presidential_election
1980,RI,198342,154793,59819,62937,"{""Ed Clark"": 2458, ""John Anderson"": 59819}",416072,https://en.wikipedia.org/wiki/1980_United_States_presidential_election
1980,SC,427560,441207,14150,21316,"{""Ed Clark"": 4975, ""John Anderson"": 14150}",890083,https://en.wikipedia.org/wiki/1980_United_States_presidential_election
1980,SD,103855,198343,21431,25505,"{""Ed Clark"": 3824, ""John Anderson"": 21431}",327703,https://en.wikipedia.org/wiki/1980_United_States_presidential_election
1980,TN,783051,787761,35991,46804,"{""Ed Clark"": 7116, ""John Anderson"": 35991}",1617616,https://en.wikipedia.org/wiki/1980_United_States_presidential_election
1980,TX,1881147,2510705,111613,149785,"{""Ed Clark"": 37643, ""John Anderson"": 111613}",4541637,https://en.wikipedia.org/wiki/1980_United_States_presidential_election
1980,UT,124266,439687,30284,40269,"{""Ed Clark"": 7226, ""John Anderson"": 30284}",604222,https://en.wikipedia.org/wiki/1980_United_States_presidential_election
1980,VA,752174,989609,95418,124249,"{""Ed Clark"": 12821, ""John Anderson"": 95418}",1866032,https://en.wikipedia.org/wiki/1980_United_States_presidential_election
1980,VT,81891,94598,31760,36718,"{""Ed Clark"": 1900, ""John Anderson"": 31760}",213207,https://en.wikipedia.org/wiki/1980_United_States_presidential_election
1980,WA,650193,865244,185073,226957,"{""Ed Clark"": 29213, ""John Anderson"": 185073}",1742394,https://en.wikipedia.org/wiki/1980_United_States_presidential_election
1980,WI,981584,1088845,160657,202792,"{""Ed Clark"": 29135, ""John Anderson"": 160657}",2273221,https://en.wikipedia.org/wiki/1980_United_States_presidential_election
1980,WV,367462,334206,31691,36047,"{""Ed Clark"": 4356, ""John Anderson"": 31691}",737715,https://en.wikipedia.org/wiki/1980_United_States_presidential_election
1980,WY,49427,110700,12072,16586,"{""Ed Clark"": 4514, ""John Anderson"": 12072}",176713,https://en.wikipedia.org/wiki/1980_United_States_presidential_election
1984,AK,62007,138377,6378,7221,"{""David Bergland"": 6378}",207605,https://en.wikipedia.org/wiki/1984_United_States_presidential_election
1984,AL,551899,872849,9504,16965,"{""David Bergland"": 9504}",1441713,https://en.wikipedia.org/wiki/1984_United_States_presidential_election
1984,AR,338646,534774,2221,10986,"{""David Bergland"": 2221}",884406,https://en.wikipedia.org/wiki/1984_United_States_presidential_election
1984,AZ,333854,681416,10585,10627,"{""David Bergland"": 10585}",1025897,https://en.wikipedia.org/wiki/1984_United_States_presidential_election
1984,CA,3922519,5467009,49951,115895,"{""David Bergland"": 49951}",9505423,https://en.wikipedia.org/wiki/1984_United_States_presidential_election
1984,CO,454974,821818,11257,18589,"{""David Bergland"": 11257}",1295381,https://en.wikipedia.org/wiki/1984_United_States_presidential_election
1984,CT,569597,890877,0,6426,"{""Other"": 6426}",1466900,https://en.wikipedia.org/wiki/1984_United_States_presidential_election
1984,DC,180408,29009,279,1871,"{""David Bergland"": 279}",211288,https://en.wikipedia.org/wiki/1984_United_States_presidential_election
1984,DE,101656,152190,268,726,"{""David Bergland"": 268}",254572,https://en.wikipedia.org/wiki/1984_United_States_presidential_election
1984,FL,1448816,2730350,754,885,"{""David Bergland"": 754}",4180051,https://en.wikipedia.org/wiki/1984_United_States_presidential_election
1984,GA,706628,1068722,151,743,"{""David Bergland"": 151}",1776093,https://en.wikipedia.org/wiki/1984_United_States_presidential_election
1984,HI,147154,185050,2167,3642,"{""David Bergland"": 2167}",335846,https://en.wikipedia.org/wiki/1984_United_States_presidential_election
1984,IA,605620,703088,1844,11097,"{""David Bergland"": 1844}",1319805,https://en.wikipedia.org/wiki/1984_United_States_presidential_election
1984,ID,108510,297523,2823,5111,"{""David Bergland"": 2823}",411144,https://en.wikipedia.org/wiki/1984_United_States_presidential_election
1984,IL,2086499,2707103,10086,25486,"{""David Bergland"": 10086}",4819088,https://en.wikipedia.org/wiki/1984_United_States_presidential_election
1984,IN,841481,1377230,6741,14358,"{""David Bergland"": 6741}",2233069,https://en.wikipedia.org/wiki/1984_United_States_presidential_election
1984,KS,333149,677296,3329,11546,"{""David Bergland"": 3329}",1021991,https://en.wikipedia.org/wiki/1984_United_States_presidential_election
1984,KY,539589,822782,0,8090,"{""Other"": 8090}",1370461,https://en.wikipedia.org/wiki/1984_United_States_presidential_election
1984,LA,651586,1037299,1876,17937,"{""David Bergland"": 1876}",1706822,https://en.wikipedia.org/wiki/1984_United_States_presidential_election
1984,MA,1239606,1310936,0,8911,"{""Other"": 8911}",2559453,https://en.wikipedia.org/wiki/1984_United_States_presidential_election
1984,MD,787935,879918,5721,8020,"{""David Bergland"": 5721}",1675873,https://en.wikipedia.org/wiki/1984_United_States_presidential_election
1984,ME-01,117450,175472,0,0,{},292922,https://en.wikipedia.org/wiki/1984_United_States_presidential_election
1984,ME-02,97065,161028,0,0,{},258093,https://en.wikipedia.org/wiki/1984_United_States_presidential_election
1984,ME-AL,214515,336500,0,2129,"{""Other"": 2129}",553144,https://en.wikipedia.org/wiki/1984_United_States_presidential_election
1984,MI,1529638,2251571,10055,20449,"{""David Bergland"": 10055}",3801658,https://en.wikipedia.org/wiki/1984_United_States_presidential_election
1984,MN,1036364,1032603,2996,15482,"{""David Bergland"": 2996}",2084449,https://en.wikipedia.org/wiki/1984_United_States_presidential_election
1984,MO,848583,1274188,0,0,{},2122771,https://en.wikipedia.org/wiki/1984_United_States_presidential_election
1984,MS,352192,581477,2336,6523,"{""David Bergland"": 2336}",940192,https://en.wikipedia.org/wiki/1984_United_States_presidential_election
1984,MT,146742,232450,5185,5185,"{""David Bergland"": 5185}",384377,https://en.wikipedia.org/wiki/1984_United_States_presidential_election
1984,NATIONAL,37577352,54455472,228111,620409,"{""David Bergland"": 228111}",92653233,https://en.wikipedia.org/wiki/1984_United_States_presidential_election
1984,NC,824287,1346481,3794,4593,"{""David Bergland"": 3794}",2175361,https://en.wikipedia.org/wiki/1984_United_States_presidential_election
1984,ND,104429,200336,703,4206,"{""David Bergland"": 703}",308971,https://en.wikipedia.org/wiki/1984_United_States_presidential_election
1984,NE-AL,187866,460054,2079,4170,"{""David Bergland"": 2079}",652090,https://en.wikipedia.org/wiki/1984_United_States_presidential_election
1984,NH,120395,267051,735,1508,"{""David Bergland"": 735}",388954,https://en.wikipedia.org/wiki/1984_United_States_presidential_election
1984,NJ,1261323,1933630,6416,22909,"{""David Bergland"": 6416}",3217862,https://en.wikipedia.org/wiki/1984_United_States_presidential_election
1984,NM,201769,307101,4459,5500,"{""David Bergland"": 4459}",514370,https://en.wikipedia.org/wiki/1984_United_States_presidential_election
1984,NV,91655,188770,2292,6242,"{""David Bergland"": 2292}",286667,https://en.wikipedia.org/wiki/1984_United_States_presidential_election
1984,NY,3119609,3664763,11949,22438,"{""David Bergland"": 11949}",6806810,https://en.wikipedia.org/wiki/1984_United_States_presidential_election
1984,OH,1825440,2678560,5886,43619,"{""David Bergland"": 5886}",4547619,https://en.wikipedia.org/wiki/1984_United_States_presidential_election
1984,OK,385080,861530,9066,9066,"{""David Bergland"": 9066}",1255676,https://en.wikipedia.org/wiki/1984_United_States_presidential_election
1984,OR,536479,685700,0,4348,"{""Other"": 4348}",1226527,https://en.wikipedia.org/wiki/1984_United_States_presidential_election
1984,PA,2228131,2584323,6982,32449,"{""David Bergland"": 6982}",4844903,https://en.wikipedia.org/wiki/1984_United_States_presidential_election
1984,RI,197106,212080,277,1306,"{""David Bergland"": 277}",410492,https://en.wikipedia.org/wiki/1984_United_States_presidential_election
1984,SC,344470,615539,4360,8531,"{""David Bergland"": 4360}",968540,https://en.wikipedia.org/wiki/1984_United_States_presidential_election
1984,SD,116113,200267,0,1487,"{""Other"": 1487}",317867,https://en.wikipedia.org/wiki/1984_United_States_presidential_election
1984,TN,711714,990212,3072,10067,"{""David Bergland"": 3072}",1711993,https://en.wikipedia.org/wiki/1984_United_States_presidential_election
1984,TX,1949276,3433428,0,14867,"{""Other"": 14867}",5397571,https://en.wikipedia.org/wiki/1984_United_States_presidential_election
1984,UT,155369,469105,2447,5182,"{""David Bergland"": 2447}",629656,https://en.wikipedia.org/wiki/1984_United_States_presidential_election
1984,VA,796250,1337078,0,13307,"{""Other"": 13307}",2146635,https://en.wikipedia.org/wiki/1984_United_States_presidential_election
1984,VT,95730,135865,1002,2966,"{""David Bergland"": 1002}",234561,https://en.wikipedia.org/wiki/1984_United_States_presidential_election
1984,WA,807352,1051670,8844,24888,"{""David Bergland"": 8844}",1883910,https://en.wikipedia.org/wiki/1984_United_States_presidential_election
1984,WI,995847,1198800,4884,17369,"{""David Bergland"": 4884}",2212016,https://en.wikipedia.org/wiki/1984_United_States_presidential_election
1984,WV,328125,405483,0,2134,"{""Other"": 2134}",735742,https://en.wikipedia.org/wiki/1984_United_States_presidential_election
1984,WY,53370,133241,2357,2357,"{""David Bergland"": 2357}",188968,https://en.wikipedia.org/wiki/1984_United_States_presidential_election
1988,AK,72584,119251,5484,8281,"{""Lenora Fulani"": 1024, ""Ron Paul"": 5484}",200116,https://en.wikipedia.org/wiki/1988_United_States_presidential_election
1988,AL,549506,815576,8460,13394,"{""Lenora Fulani"": 3311, ""Ron Paul"": 8460}",1378476,https://en.wikipedia.org/wiki/1988_United_States_presidential_election
1988,AR,349237,466578,3297,11923,"{""Lenora Fulani"": 2161, ""Ron Paul"": 3297}",827738,https://en.wikipedia.org/wiki/1988_United_States_presidential_election
1988,AZ,454029,702541,13351,15303,"{""Lenora Fulani"": 1662, ""Ron Paul"": 13351}",1171873,https://en.wikipedia.org/wiki/1988_United_States_presidential_election
1988,CA,4702233,5054917,70105,129914,"{""Lenora Fulani"": 31180, ""Ron Paul"": 70105}",9887064,https://en.wikipedia.org/wiki/1988_United_States_presidential_election
1988,CO,621453,728177,15482,22764,"{""Lenora Fulani"": 2539, ""Ron Paul"": 15482}",1372394,https://en.wikipedia.org/wiki/1988_United_States_presidential_election
1988,CT,676584,750241,14071,16569,"{""Lenora Fulani"": 2491, ""Ron Paul"": 14071}",1443394,https://en.wikipedia.org/wiki/1988_United_States_presidential_election
1988,DC,159407,27590,2901,5880,"{""Lenora Fulani"": 2901, ""Ron Paul"": 554}",192877,https://en.wikipedia.org/wiki/1988_United_States_presidential_election
1988,DE,108647,139639,1162,1605,"{""Lenora Fulani"": 443, ""Ron Paul"": 1162}",249891,https://en.wikipedia.org/wiki/1988_United_States_presidential_election
1988,FL,1656701,2618885,19796,26727,"{""Lenora Fulani"": 6655, ""Ron Paul"": 19796}",4302313,https://en.wikipedia.org/wiki/1988_United_States_presidential_election
1988,GA,714792,1081331,8435,13549,"{""Lenora Fulani"": 5099, ""Ron Paul"": 8435}",1809672,https://en.wikipedia.org/wiki/1988_United_States_presidential_election
1988,HI,192364,158625,1999,3472,"{""Lenora Fulani"": 1003, ""Ron Paul"": 1999}",354461,https://en.wikipedia.org/wiki/1988_United_States_presidential_election
1988,IA,670557,545355,2494,9702,"{""Lenora Fulani"": 540, ""Ron Paul"": 2494}",1225614,https://en.wikipedia.org/wiki/1988_United_States_presidential_election
1988,ID,147272,253881,5313,7815,"{""Lenora Fulani"": 2502, ""Ron Paul"": 5313}",408968,https://en.wikipedia.org/wiki/1988_United_States_presidential_election
1988,IL,2215940,2310939,14944,32241,"{""Lenora Fulani"": 10276, ""Ron Paul"": 14944}",4559120,https://en.wikipedia.org/wiki/1988_United_States_presidential_election
1988,IN,860643,1297763,10215,10215,"{""Lenora Fulani"": 10215}",2168621,https://en.wikipedia.org/wiki/1988_United_States_presidential_election
1988,KS,422636,554049,12553,16359,"{""Lenora Fulani"": 3806, ""Ron Paul"": 12553}",993044,https://en.wikipedia.org/wiki/1988_United_States_presidential_election
1988,KY,580368,734281,2118,7868,"{""Lenora Fulani"": 1256, ""Ron Paul"": 2118}",1322517,https://en.wikipedia.org/wiki/1988_United_States_presidential_election
1988,LA,734281,883702,4115,10219,"{""Lenora Fulani"": 2355, ""Ron Paul"": 4115}",1628202,https://en.wikipedia.org/wiki/1988_United_States_presidential_election
1988,MA,1401406,1194644,24251,36755,"{""Lenora Fulani"": 9561, ""Ron Paul"": 24251}",2632805,https://en.wikipedia.org/wiki/1988_United_States_presidential_election
1988,MD,826304,876167,6748,11887,"{""Lenora Fulani"": 5115, ""Ron Paul"": 6748}",1714358,https://en.wikipedia.org/wiki/1988_United_States_presidential_election
1988,ME-01,131078,169292,1555,0,"{""Lenora Fulani"": 739, ""Ron Paul"": 1555}",300370,https://en.wikipedia.org/wiki/1988_United_States_presidential_election
1988,ME-02,112491,137839,1145,0,"{""Lenora Fulani"": 666, ""Ron Paul"": 1145}",250330,https://en.wikipedia.org/wiki/1988_United_States_presidential_election
1988,ME-AL,243569,307131,2700,4335,"{""Lenora Fulani"": 1405, ""Ron Paul"": 2700}",555035,https://en.wikipedia.org/wiki/1988_United_States_presidential_election
1988,MI,1675783,1965486,18336,27894,"{""Lenora Fulani"": 2513, ""Ron Paul"": 18336}",3669163,https://en.wikipedia.org/wiki/1988_United_States_presidential_election
1988,MN,1109471,962337,5109,24982,"{""Lenora Fulani"": 1734, ""Ron Paul"": 5109}",2096790,https://en.wikipedia.org/wiki/1988_United_States_presidential_election
1988,MO,1001619,1084953,6656,6656,"{""Lenora Fulani"": 6656}",2093228,https://en.wikipedia.org/wiki/1988_United_States_presidential_election
1988,MS,363921,557890,3329,9716,"{""Lenora Fulani"": 2155, ""Ron Paul"": 3329}",931527,https://en.wikipedia.org/wiki/1988_United_States_presidential_election
1988,MT,168936,190412,5047,6326,"{""Lenora Fulani"": 1279, ""Ron Paul"": 5047}",365674,https://en.wikipedia.org/wiki/1988_United_States_presidential_election
1988,NATIONAL,41809476,48886597,431750,898613,"{""Lenora Fulani"": 217221, ""Ron Paul"": 431750}",91594686,https://en.wikipedia.org/wiki/1988_United_States_presidential_election
1988,NC,890167,1237258,5682,6945,"{""Lenora Fulani"": 5682, ""Ron Paul"": 1263}",2134370,https://en.wikipedia.org/wiki/1988_United_States_presidential_election
1988,ND,127739,166559,1315,2963,"{""Lenora Fulani"": 396, ""Ron Paul"": 1315}",297261,https://en.wikipedia.org/wiki/1988_United_States_presidential_election
1988,NE-AL,259646,398447,2536,4279,"{""Lenora Fulani"": 1743, ""Ron Paul"": 2536}",662372,https://en.wikipedia.org/wiki/1988_United_States_presidential_election
1988,NH,163696,281537,4502,5292,"{""Lenora Fulani"": 790, ""Ron Paul"": 4502}",450525,https://en.wikipedia.org/wiki/1988_United_States_presidential_election
1988,NJ,1320352,1743192,8421,36009,"{""Lenora Fulani"": 5139, ""Ron Paul"": 8421}",3099553,https://en.wikipedia.org/wiki/1988_United_States_presidential_election
1988,NM,244497,270341,3268,6449,"{""Lenora Fulani"": 2237, ""Ron Paul"": 3268}",521287,https://en.wikipedia.org/wiki/1988_United_States_presidential_election
1988,NV,132738,206040,3520,11289,"{""Lenora Fulani"": 835, ""Ron Paul"": 3520}",350067,https://en.wikipedia.org/wiki/1988_United_States_presidential_election
1988,NY,3347882,3081871,15845,55930,"{""Lenora Fulani"": 15845, ""Ron Paul"": 12109}",6485683,https://en.wikipedia.org/wiki/1988_United_States_presidential_election
1988,OH,1939629,2416549,12017,37521,"{""Lenora Fulani"": 12017, ""Ron Paul"": 11989}",4393699,https://en.wikipedia.org/wiki/1988_United_States_presidential_election
1988,OK,483423,678367,6261,9246,"{""Lenora Fulani"": 2985, ""Ron Paul"": 6261}",1171036,https://en.wikipedia.org/wiki/1988_United_States_presidential_election
1988,OR,616206,560126,14811,25362,"{""Lenora Fulani"": 6487, ""Ron Paul"": 14811}",1201694,https://en.wikipedia.org/wiki/1988_United_States_presidential_election
1988,PA,2194944,2300087,12051,41220,"{""Lenora Fulani"": 4379, ""Ron Paul"": 12051}",4536251,https://en.wikipedia.org/wiki/1988_United_States_presidential_election
1988,RI,225123,177761,825,1736,"{""Lenora Fulani"": 280, ""Ron Paul"": 825}",404620,https://en.wikipedia.org/wiki/1988_United_States_presidential_election
1988,SC,370554,606443,4935,9012,"{""Lenora Fulani"": 4077, ""Ron Paul"": 4935}",986009,https://en.wikipedia.org/wiki/1988_United_States_presidential_election
1988,SD,145560,165415,1060,2016,"{""Lenora Fulani"": 730, ""Ron Paul"": 1060}",312991,https://en.wikipedia.org/wiki/1988_United_States_presidential_election
1988,TN,679794,947233,2041,9223,"{""Lenora Fulani"": 1334, ""Ron Paul"": 2041}",1636250,https://en.wikipedia.org/wiki/1988_United_States_presidential_election
1988,TX,2352748,3036829,30355,37833,"{""Lenora Fulani"": 7208, ""Ron Paul"": 30355}",5427410,https://en.wikipedia.org/wiki/1988_United_States_presidential_election
1988,UT,207343,428442,7473,11223,"{""Lenora Fulani"": 455, ""Ron Paul"": 7473}",647008,https://en.wikipedia.org/wiki/1988_United_States_presidential_election
1988,VA,859799,1309162,14312,22648,"{""Lenora Fulani"": 14312, ""Ron Paul"": 8336}",2191609,https://en.wikipedia.org/wiki/1988_United_States_presidential_election
1988,VT,115775,124331,1003,3227,"{""Lenora Fulani"": 205, ""Ron Paul"": 1003}",243333,https://en.wikipedia.org/wiki/1988_United_States_presidential_election
1988,WA,933516,903835,17240,27902,"{""Lenora Fulani"": 3520, ""Ron Paul"": 17240}",1865253,https://en.wikipedia.org/wiki/1988_United_States_presidential_election
1988,WI,1126794,1047499,5157,17315,"{""Lenora Fulani"": 1953, ""Ron Paul"": 5157}",2191608,https://en.wikipedia.org/wiki/1988_United_States_presidential_election
1988,WV,341016,310065,2230,2230,"{""Lenora Fulani"": 2230}",653311,https://en.wikipedia.org/wiki/1988_United_States_presidential_election
1988,WY,67113,106867,2026,2571,"{""Lenora Fulani"": 545, ""Ron Paul"": 2026}",176551,https://en.wikipedia.org/wiki/1988_United_States_presidential_election
1992,AK,78294,102000,73481,78212,"{""Andre Marrou"": 1378, ""Others"": 3353, ""Ross Perot"": 73481}",258506,https://en.wikipedia.org/wiki/1992_United_States_presidential_election
1992,AL,690080,804283,183109,193697,"{""Andre Marrou"": 5737, ""Others"": 4851, ""Ross Perot"": 183109}",1688060,https://en.wikipedia.org/wiki/1992_United_States_presidential_election
1992,AR,505823,337324,99132,107506,"{""Andre Marrou"": 1261, ""Others"": 7113, ""Ross Perot"": 99132}",950653,https://en.wikipedia.org/wiki/1992_United_States_presidential_election
1992,AZ,543050,572086,353741,371839,"{""Andre Marrou"": 6759, ""Others"": 11339, ""Ross Perot"": 353741}",1486975,https://en.wikipedia.org/wiki/1992_United_States_presidential_election
1992,CA,5121325,3630574,2296006,2379822,"{""Andre Marrou"": 48139, ""Others"": 35677, ""Ross Perot"": 2296006}",11131721,https://en.wikipedia.org/wiki/1992_United_States_presidential_election
1992,CO,629681,562850,366010,376649,"{""Andre Marrou"": 8669, ""Others"": 1970, ""Ross Perot"": 366010}",1569180,https://en.wikipedia.org/wiki/1992_United_States_presidential_election
1992,CT,682318,578313,348771,355701,"{""Andre Marrou"": 5391, ""Others"": 1539, ""Ross Perot"": 348771}",1616332,https://en.wikipedia.org/wiki/1992_United_States_presidential_election
1992,DC,192619,20698,9681,14255,"{""Andre Marrou"": 467, ""Others"": 4107, ""Ross Perot"": 9681}",227572,https://en.wikipedia.org/wiki/1992_United_States_presidential_election
1992,DE,126055,102313,59213,61367,"{""Andre Marrou"": 935, ""Others"": 1219, ""Ross Perot"": 59213}",289735,https://en.wikipedia.org/wiki/1992_United_States_presidential_election
1992,FL,2072798,2173310,1053067,1068284,"{""Andre Marrou"": 15079, ""Others"": 238, ""Ross Perot"": 1053067}",5314392,https://en.wikipedia.org/wiki/1992_United_States_presidential_election
1992,GA,1008966,995252,309657,316907,"{""Andre Marrou"": 7110, ""Others"": 140, ""Ross Perot"": 309657}",2321125,https://en.wikipedia.org/wiki/1992_United_States_presidential_election
1992,HI,179310,136822,53003,56710,"{""Andre Marrou"": 1119, ""Others"": 2588, ""Ross Perot"": 53003}",372842,https://en.wikipedia.org/wiki/1992_United_States_presidential_election
1992,IA,586353,504891,253468,263363,"{""Andre Marrou"": 1076, ""Others"": 8819, ""Ross Perot"": 253468}",1354607,https://en.wikipedia.org/wiki/1992_United_States_presidential_election
1992,ID,137013,202645,130395,142484,"{""Andre Marrou"": 1167, ""Others"": 10922, ""Ross Perot"": 130395}",482142,https://en.wikipedia.org/wiki/1992_United_States_presidential_election
1992,IL,2453350,1734096,840515,862711,"{""Andre Marrou"": 9218, ""Others"": 12978, ""Ross Perot"": 840515}",5050157,https://en.wikipedia.org/wiki/1992_United_States_presidential_election
1992,IN,848420,989375,455934,468076,"{""Andre Marrou"": 7936, ""Others"": 4206, ""Ross Perot"": 455934}",2305871,https://en.wikipedia.org/wiki/1992_United_States_presidential_election
1992,KS,390434,449951,312358,316851,"{""Andre Marrou"": 4314, ""Others"": 179, ""Ross Perot"": 312358}",1157236,https://en.wikipedia.org/wiki/1992_United_States_presidential_election
1992,KY,665104,617178,203944,210618,"{""Andre Marrou"": 4513, ""Others"": 2161, ""Ross Perot"": 203944}",1492900,https://en.wikipedia.org/wiki/1992_United_States_presidential_election
1992,LA,815971,733386,211478,240660,"{""Andre Marrou"": 3155, ""Others"": 26027, ""Ross Perot"": 211478}",1790017,https://en.wikipedia.org/wiki/1992_United_States_presidential_election
1992,MA,1318639,805039,630731,649986,"{""Andre Marrou"": 9021, ""Others"": 10234, ""Ross Perot"": 630731}",2773664,https://en.wikipedia.org/wiki/1992_United_States_presidential_election
1992,MD,988571,707094,281414,289381,"{""Andre Marrou"": 4715, ""Others"": 3252, ""Ross Perot"": 281414}",1985046,https://en.wikipedia.org/wiki/1992_United_States_presidential_election
1992,ME-01,145191,115697,102828,102828,"{""Ross Perot"": 102828}",363716,https://en.wikipedia.org/wiki/1992_United_States_presidential_election
1992,ME-02,118229,90807,103992,103992,"{""Ross Perot"": 103992}",313028,https://en.wikipedia.org/wiki/1992_United_States_presidential_election
1992,ME-AL,263420,206504,206820,209575,"{""Andre Marrou"": 1681, ""Others"": 1074, ""Ross Perot"": 206820}",679499,https://en.wikipedia.org/wiki/1992_United_States_presidential_election
1992,MI,1871182,1554940,824813,848551,"{""Andre Marrou"": 10175, ""Others"": 13563, ""Ross Perot"": 824813}",4274673,https://en.wikipedia.org/wiki/1992_United_States_presidential_election
1992,MN,1020997,747841,562506,579109,"{""Andre Marrou"": 3373, ""Others"": 13230, ""Ross Perot"": 562506}",2347947,https://en.wikipedia.org/wiki/1992_United_States_presidential_election
1992,MO,1053873,811159,518741,526533,"{""Andre Marrou"": 7497, ""Others"": 295, ""Ross Perot"": 518741}",2391565,https://en.wikipedia.org/wiki/1992_United_States_presidential_election
1992,MS,400258,487793,85626,93742,"{""Andre Marrou"": 2154, ""Others"": 5962, ""Ross Perot"": 85626}",981793,https://en.wikipedia.org/wiki/1992_United_States_presidential_election
1992,MT,154507,144207,107225,111897,"{""Andre Marrou"": 986, ""Others"": 3686, ""Ross Perot"": 107225}",410611,https://en.wikipedia.org/wiki/1992_United_States_presidential_election
1992,NATIONAL,44909889,39104545,19742267,20412225,"{""Andre Marrou"": 291628, ""Others"": 378330, ""Ross Perot"": 19742267}",104426659,https://en.wikipedia.org/wiki/1992_United_States_presidential_election
1992,NC,1114042,1134661,357864,363147,"{""Andre Marrou"": 5171, ""Others"": 112, ""Ross Perot"": 357864}",2611850,https://en.wikipedia.org/wiki/1992_United_States_presidential_election
1992,ND,99168,136244,71084,72721,"{""Andre Marrou"": 416, ""Others"": 1221, ""Ross Perot"": 71084}",308133,https://en.wikipedia.org/wiki/1992_United_States_presidential_election
1992,NE-01,80696,107081,59974,59974,"{""Ross Perot"": 59974}",247751,https://en.wikipedia.org/wiki/1992_United_States_presidential_election
1992,NE-02,78701,115255,48657,48657,"{""Ross Perot"": 48657}",242613,https://en.wikipedia.org/wiki/1992_United_States_presidential_election
1992,NE-03,57467,121342,65473,65473,"{""Ross Perot"": 65473}",244282,https://en.wikipedia.org/wiki/1992_United_States_presidential_election
1992,NE-AL,217344,344346,174687,177593,"{""Andre Marrou"": 1344, ""Others"": 1562, ""Ross Perot"": 174687}",739283,https://en.wikipedia.org/wiki/1992_United_States_presidential_election
1992,NH,209040,202484,121337,126421,"{""Andre Marrou"": 3548, ""Others"": 1536, ""Ross Perot"": 121337}",537945,https://en.wikipedia.org/wiki/1992_United_States_presidential_election
1992,NJ,1436206,1356865,521829,550523,"{""Andre Marrou"": 6822, ""Others"": 21872, ""Ross Perot"": 521829}",3343594,https://en.wikipedia.org/wiki/1992_United_States_presidential_election
1992,NM,261617,212824,91895,95545,"{""Andre Marrou"": 1615, ""Others"": 2035, ""Ross Perot"": 91895}",569986,https://en.wikipedia.org/wiki/1992_United_States_presidential_election
1992,NV,189148,175828,132580,141342,"{""Andre Marrou"": 1835, ""Others"": 6927, ""Ross Perot"": 132580}",506318,https://en.wikipedia.org/wiki/1992_United_States_presidential_election
1992,NY,3444450,2346649,1090721,1135834,"{""Andre Marrou"": 13451, ""Others"": 31662, ""Ross Perot"": 1090721}",6926933,https://en.wikipedia.org/wiki/1992_United_States_presidential_election
1992,OH,1984942,1894310,1036426,1060712,"{""Andre Marrou"": 7252, ""Others"": 17034, ""Ross Perot"": 1036426}",4939964,https://en.wikipedia.org/wiki/1992_United_States_presidential_election
1992,OK,473066,592929,319878,324364,"{""Andre Marrou"": 4486, ""Ross Perot"": 319878}",1390359,https://en.wikipedia.org/wiki/1992_United_States_presidential_election
1992,OR,621314,475757,354091,365572,"{""Andre Marrou"": 4277, ""Others"": 7204, ""Ross Perot"": 354091}",1462643,https://en.wikipedia.org/wiki/1992_United_States_presidential_election
1992,PA,2239164,1791841,902667,928805,"{""Andre Marrou"": 21477, ""Others"": 4661, ""Ross Perot"": 902667}",4959810,https://en.wikipedia.org/wiki/1992_United_States_presidential_election
1992,RI,213302,131601,105045,108575,"{""Andre Marrou"": 571, ""Others"": 2959, ""Ross Perot"": 105045}",453478,https://en.wikipedia.org/wiki/1992_United_States_presidential_election
1992,SC,479514,577507,138872,145506,"{""Andre Marrou"": 2719, ""Others"": 3915, ""Ross Perot"": 138872}",1202527,https://en.wikipedia.org/wiki/1992_United_States_presidential_election
1992,SD,124888,136718,73295,74648,"{""Andre Marrou"": 814, ""Others"": 539, ""Ross Perot"": 73295}",336254,https://en.wikipedia.org/wiki/1992_United_States_presidential_election
1992,TN,933521,841300,199968,207817,"{""Andre Marrou"": 1847, ""Others"": 6002, ""Ross Perot"": 199968}",1982638,https://en.wikipedia.org/wiki/1992_United_States_presidential_election
1992,TX,2281815,2496071,1354781,1376132,"{""Andre Marrou"": 19699, ""Others"": 1652, ""Ross Perot"": 1354781}",6154018,https://en.wikipedia.org/wiki/1992_United_States_presidential_election
1992,UT,183429,322632,203400,237938,"{""Andre Marrou"": 1900, ""Others"": 32638, ""Ross Perot"": 203400}",743999,https://en.wikipedia.org/wiki/1992_United_States_presidential_election
1992,VA,1038650,1150517,348639,369498,"{""Andre Marrou"": 5730, ""Others"": 15129, ""Ross Perot"": 348639}",2558665,https://en.wikipedia.org/wiki/1992_United_States_presidential_election
1992,VT,133592,88122,65991,67987,"{""Andre Marrou"": 501, ""Others"": 1495, ""Ross Perot"": 65991}",289701,https://en.wikipedia.org/wiki/1992_United_States_presidential_election
1992,WA,993039,731235,541780,563954,"{""Andre Marrou"": 7533, ""Others"": 14641, ""Ross Perot"": 541780}",2288228,https://en.wikipedia.org/wiki/1992_United_States_presidential_election
1992,WI,1041066,930855,544479,559193,"{""Andre Marrou"": 2877, ""Others"": 11837, ""Ross Perot"": 544479}",2531114,https://en.wikipedia.org/wiki/1992_United_States_presidential_election
1992,WV,331001,241974,108829,110702,"{""Andre Marrou"": 1873, ""Ross Perot"": 108829}",683677,https://en.wikipedia.org/wiki/1992_United_States_presidential_election
1992,WY,68160,79347,51263,53080,"{""Andre Marrou"": 844, ""Others"": 973, ""Ross Perot"": 51263}",200587,https://en.wikipedia.org/wiki/1992_United_States_presidential_election
1996,AK,80380,122746,26333,38494,"{""Harry Browne"": 2276, ""Others"": 2288, ""Ralph Nader"": 7597, ""Ross Perot"": 26333}",241620,https://en.wikipedia.org/wiki/1996_United_States_presidential_election
1996,AL,662165,769044,92149,103140,"{""Harry Browne"": 5290, ""Others"": 5701, ""Ross Perot"": 92149}",1534349,https://en.wikipedia.org/wiki/1996_United_States_presidential_election
1996,AR,475171,325416,69884,83675,"{""Harry Browne"": 3076, ""Others"": 7066, ""Ralph Nader"": 3649, ""Ross Perot"": 69884}",884262,https://en.wikipedia.org/wiki/1996_United_States_presidential_election
1996,AZ,653288,622073,112072,129044,"{""Harry Browne"": 14358, ""Others"": 552, ""Ralph Nader"": 2062, ""Ross Perot"": 112072}",1404405,https://en.wikipedia.org/wiki/1996_United_States_presidential_election
1996,CA,5119835,3828380,697847,1071269,"{""Harry Browne"": 73600, ""Others"": 62806, ""Ralph Nader"": 237016, ""Ross Perot"": 697847}",10019484,https://en.wikipedia.org/wiki/1996_United_States_presidential_election
1996,CO,671152,691848,99629,147704,"{""Harry Browne"": 12392, ""Others"": 10613, ""Ralph Nader"": 25070, ""Ross Perot"": 99629}",1510704,https://en.wikipedia.org/wiki/1996_United_States_presidential_election
1996,CT,735740,483109,139523,173765,"{""Harry Browne"": 5788, ""Others"": 4133, ""Ralph Nader"": 24321, ""Ross Perot"": 139523}",1392614,https://en.wikipedia.org/wiki/1996_United_States_presidential_election
1996,DC,158220,17339,4780,10167,"{""Harry Browne"": 588, ""Others"": 1188, ""Ralph Nader"": 4780, ""Ross Perot"": 3611}",185726,https://en.wikipedia.org/wiki/1996_United_States_presidential_election
1996,DE,140355,99062,28719,31428,"{""Harry Browne"": 2052, ""Others"": 639, ""Ralph Nader"": 18, ""Ross Perot"": 28719}",270845,https://en.wikipedia.org/wiki/1996_United_States_presidential_election
1996,FL,2546870,2244536,483870,512388,"{""Harry Browne"": 23965, ""Others"": 452, ""Ralph Nader"": 4101, ""Ross Perot"": 483870}",5303794,https://en.wikipedia.org/wiki/1996_United_States_presidential_election
1996,GA,1053849,1080843,146337,164379,"{""Harry Browne"": 17870, ""Others"": 172, ""Ross Perot"": 146337}",2299071,https://en.wikipedia.org/wiki/1996_United_States_presidential_election
1996,HI,205012,113943,27358,41165,"{""Harry Browne"": 2493, ""Others"": 928, ""Ralph Nader"": 10386, ""Ross Perot"": 27358}",360120,https://en.wikipedia.org/wiki/1996_United_States_presidential_election
1996,IA,620258,492644,105159,121173,"{""Harry Browne"": 2315, ""Others"": 7149, ""Ralph Nader"": 6550, ""Ross Perot"": 105159}",1234075,https://en.wikipedia.org/wiki/1996_United_States_presidential_election
1996,ID,165443,256595,62518,69681,"{""Harry Browne"": 3325, ""Others"": 3838, ""Ross Perot"": 62518}",491719,https://en.wikipedia.org/wiki/1996_United_States_presidential_election
1996,IL,2341744,1587021,346408,382626,"{""Harry Browne"": 22548, ""Others"": 12223, ""Ralph Nader"": 1447, ""Ross Perot"": 346408}",4311391,https://en.wikipedia.org/wiki/1996_United_States_presidential_election
1996,IN,887424,1006693,224299,241725,"{""Harry Browne"": 15632, ""Others"": 673, ""Ralph Nader"": 1121, ""Ross Perot"": 224299}",2135842,https://en.wikipedia.org/wiki/1996_United_States_presidential_election
1996,KS,387659,583245,92639,103396,"{""Harry Browne"": 4557, ""Others"": 5286, ""Ralph Nader"": 914, ""Ross Perot"": 92639}",1074300,https://en.wikipedia.org/wiki/1996_United_States_presidential_election
1996,KY,636614,623283,120396,128811,"{""Harry Browne"": 4009, ""Others"": 3705, ""Ralph Nader"": 701, ""Ross Perot"": 120396}",1388708,https://en.wikipedia.org/wiki/1996_United_States_presidential_election
1996,LA,927837,712586,123293,143536,"{""Harry Browne"": 7499, ""Others"": 8025, ""Ralph Nader"": 4719, ""Ross Perot"": 123293}",1783959,https://en.wikipedia.org/wiki/1996_United_States_presidential_election
1996,MA,1571763,718107,227217,266916,"{""Harry Browne"": 20426, ""Others"": 14708, ""Ralph Nader"": 4565, ""Ross Perot"": 227217}",2556786,https://en.wikipedia.org/wiki/1996_United_States_presidential_election
1996,MD,966207,681530,115812,133133,"{""Harry Browne"": 8765, ""Others"": 5950, ""Ralph Nader"": 2606, ""Ross Perot"": 115812}",1780870,https://en.wikipedia.org/wiki/1996_United_States_presidential_election
1996,ME-01,165053,100851,39845,51217,"{""Others"": 11372, ""Ross Perot"": 39845}",317121,https://en.wikipedia.org/wiki/1996_United_States_presidential_election
1996,ME-02,147735,85527,46125,55514,"{""Others"": 9389, ""Ross Perot"": 46125}",288776,https://en.wikipedia.org/wiki/1996_United_States_presidential_election
1996,ME-AL,312788,186378,85970,106731,"{""Harry Browne"": 2996, ""Others"": 2486, ""Ralph Nader"": 15279, ""Ross Perot"": 85970}",605897,https://en.wikipedia.org/wiki/1996_United_States_presidential_election
1996,MI,1989653,1481212,336670,377979,"{""Harry Browne"": 27670, ""Others"": 11317, ""Ralph Nader"": 2322, ""Ross Perot"": 336670}",3848844,https://en.wikipedia.org/wiki/1996_United_States_presidential_election
1996,MN,1120438,766476,257704,305726,"{""Harry Browne"": 8271, ""Others"": 14843, ""Ralph Nader"": 24908, ""Ross Perot"": 257704}",2192640,https://en.wikipedia.org/wiki/1996_United_States_presidential_election
1996,MO,1025935,890016,217188,242114,"{""Harry Browne"": 10522, ""Others"": 13870, ""Ralph Nader"": 534, ""Ross Perot"": 217188}",2158065,https://en.wikipedia.org/wiki/1996_United_States_presidential_election
1996,MS,394022,439838,52222,59997,"{""Harry Browne"": 2809, ""Others"": 4966, ""Ross Perot"": 52222}",893857,https://en.wikipedia.org/wiki/1996_United_States_presidential_election
1996,MT,167922,179652,55229,59687,"{""Harry Browne"": 2526, ""Others"": 1932, ""Ross Perot"": 55229}",407261,https://en.wikipedia.org/wiki/1996_United_States_presidential_election
1996,NATIONAL,47402357,39198755,8085402,9676111,"{""Harry Browne"": 485798, ""Others"": 420009, ""Ralph Nader"": 684902, ""Ross Perot"": 8085402}",96277223,https://en.wikipedia.org/wiki/1996_United_States_presidential_election
1996,NC,1107849,1225938,168059,182020,"{""Harry Browne"": 8740, ""Others"": 3113, ""Ralph Nader"": 2108, ""Ross Perot"": 168059}",2515807,https://en.wikipedia.org/wiki/1996_United_States_presidential_election
1996,ND,106905,125050,32515,34456,"{""Harry Browne"": 847, ""Others"": 1094, ""Ross Perot"": 32515}",266411,https://en.wikipedia.org/wiki/1996_United_States_presidential_election
1996,NE-01,87713,114560,25973,28057,"{""Others"": 2074, ""Ross Perot"": 25973}",230330,https://en.wikipedia.org/wiki/1996_United_States_presidential_election
1996,NE-02,84666,116892,18935,21102,"{""Others"": 2164, ""Ross Perot"": 18935}",222660,https://en.wikipedia.org/wiki/1996_United_States_presidential_election
1996,NE-03,64382,132015,26370,28028,"{""Others"": 1658, ""Ross Perot"": 26370}",224425,https://en.wikipedia.org/wiki/1996_United_States_presidential_election
1996,NE-AL,236761,363467,71278,77187,"{""Harry Browne"": 2792, ""Others"": 3117, ""Ross Perot"": 71278}",677415,https://en.wikipedia.org/wiki/1996_United_States_presidential_election
1996,NH,246214,196532,48390,56429,"{""Harry Browne"": 4237, ""Others"": 3802, ""Ross Perot"": 48390}",499175,https://en.wikipedia.org/wiki/1996_United_States_presidential_election
1996,NJ,1652329,1103078,262134,320400,"{""Harry Browne"": 14763, ""Others"": 11038, ""Ralph Nader"": 32465, ""Ross Perot"": 262134}",3075807,https://en.wikipedia.org/wiki/1996_United_States_presidential_election
1996,NM,273495,232751,32257,49828,"{""Harry Browne"": 2996, ""Others"": 1357, ""Ralph Nader"": 13218, ""Ross Perot"": 32257}",556074,https://en.wikipedia.org/wiki/1996_United_States_presidential_election
1996,NV,203974,199244,43986,61061,"{""Harry Browne"": 4460, ""Others"": 7885, ""Ralph Nader"": 4730, ""Ross Perot"": 43986}",464279,https://en.wikipedia.org/wiki/1996_United_States_presidential_election
1996,NY,3756177,1933492,503458,626460,"{""Harry Browne"": 12220, ""Others"": 34826, ""Ralph Nader"": 75956, ""Ross Perot"": 503458}",6316129,https://en.wikipedia.org/wiki/1996_United_States_presidential_election
1996,OH,2148222,1859883,483207,526329,"{""Harry Browne"": 12851, ""Others"": 27309, ""Ralph Nader"": 2962, ""Ross Perot"": 483207}",4534434,https://en.wikipedia.org/wiki/1996_United_States_presidential_election
1996,OK,488105,582315,130788,136293,"{""Harry Browne"": 5505, ""Ross Perot"": 130788}",1206713,https://en.wikipedia.org/wiki/1996_United_States_presidential_election
1996,OR,649641,538152,121221,189967,"{""Harry Browne"": 8903, ""Others"": 10428, ""Ralph Nader"": 49415, ""Ross Perot"": 121221}",1377760,https://en.wikipedia.org/wiki/1996_United_States_presidential_election
1996,PA,2215819,1801169,430984,489130,"{""Harry Browne"": 28000, ""Others"": 27060, ""Ralph Nader"": 3086, ""Ross Perot"": 430984}",4506118,https://en.wikipedia.org/wiki/1996_United_States_presidential_election
1996,RI,233050,104683,43723,52551,"{""Harry Browne"": 1109, ""Others"": 1679, ""Ralph Nader"": 6040, ""Ross Perot"": 43723}",390284,https://en.wikipedia.org/wiki/1996_United_States_presidential_election
1996,SC,506283,573458,64386,71948,"{""Harry Browne"": 4271, ""Others"": 3291, ""Ross Perot"": 64386}",1151689,https://en.wikipedia.org/wiki/1996_United_States_presidential_election
1996,SD,139333,150543,31250,33950,"{""Harry Browne"": 1472, ""Others"": 1228, ""Ross Perot"": 31250}",323826,https://en.wikipedia.org/wiki/1996_United_States_presidential_election
1996,TN,909146,863530,105918,121429,"{""Harry Browne"": 5020, ""Others"": 4064, ""Ralph Nader"": 6427, ""Ross Perot"": 105918}",1894105,https://en.wikipedia.org/wiki/1996_United_States_presidential_election
1996,TX,2459683,2736167,378537,415794,"{""Harry Browne"": 20256, ""Others"": 12191, ""Ralph Nader"": 4810, ""Ross Perot"": 378537}",5611644,https://en.wikipedia.org/wiki/1996_United_States_presidential_election
1996,UT,221633,361911,66461,82085,"{""Harry Browne"": 4129, ""Others"": 6880, ""Ralph Nader"": 4615, ""Ross Perot"": 66461}",665629,https://en.wikipedia.org/wiki/1996_United_States_presidential_election
1996,VA,1091060,1138350,159861,187232,"{""Harry Browne"": 9174, ""Others"": 18197, ""Ross Perot"": 159861}",2416642,https://en.wikipedia.org/wiki/1996_United_States_presidential_election
1996,VT,137894,80352,31024,40203,"{""Harry Browne"": 1183, ""Others"": 2411, ""Ralph Nader"": 5585, ""Ross Perot"": 31024}",258449,https://en.wikipedia.org/wiki/1996_United_States_presidential_election
1996,WA,1123323,840712,201003,289802,"{""Harry Browne"": 12522, ""Others"": 15955, ""Ralph Nader"": 60322, ""Ross Perot"": 201003}",2253837,https://en.wikipedia.org/wiki/1996_United_States_presidential_election
1996,WI,1071971,845029,227339,279169,"{""Harry Browne"": 7929, ""Others"": 15178, ""Ralph Nader"": 28723, ""Ross Perot"": 227339}",2196169,https://en.wikipedia.org/wiki/1996_United_States_presidential_election
1996,WV,327812,233946,71639,74701,"{""Harry Browne"": 3062, ""Ross Perot"": 71639}",636459,https://en.wikipedia.org/wiki/1996_United_States_presidential_election
1996,WY,77934,105388,25928,28249,"{""Harry Browne"": 1739, ""Others"": 582, ""Ross Perot"": 25928}",211571,https://en.wikipedia.org/wiki/1996_United_States_presidential_election
2000,AK,79004,167398,28747,39158,"{""Harry Browne"": 2636, ""Howard Phillips"": 596, ""John Hagelin"": 919, ""Others"": 1068, ""Pat Buchanan"": 5192, ""Ralph Nader"": 28747}",285560,https://en.wikipedia.org/wiki/2000_United_States_presidential_election
2000,AL,692611,941173,18323,32488,"{""Harry Browne"": 5893, ""Howard Phillips"": 775, ""John Hagelin"": 447, ""Others"": 699, ""Pat Buchanan"": 6351, ""Ralph Nader"": 18323}",1666272,https://en.wikipedia.org/wiki/2000_United_States_presidential_election
2000,AR,422768,472940,13421,26073,"{""Harry Browne"": 2781, ""Howard Phillips"": 1415, ""John Hagelin"": 1098, ""Pat Buchanan"": 7358, ""Ralph Nader"": 13421}",921781,https://en.wikipedia.org/wiki/2000_United_States_presidential_election
2000,AZ,685341,781652,45645,65023,"{""Howard Phillips"": 110, ""John Hagelin"": 1120, ""Others"": 5775, ""Pat Buchanan"": 12373, ""Ralph Nader"": 45645}",1532016,https://en.wikipedia.org/wiki/2000_United_States_presidential_election
2000,CA,5861203,4567429,418707,537224,"{""Harry Browne"": 45520, ""Howard Phillips"": 17042, ""John Hagelin"": 10934, ""Others"": 34, ""Pat Buchanan"": 44987, ""Ralph Nader"": 418707}",10965856,https://en.wikipedia.org/wiki/2000_United_States_presidential_election
2000,CO,738227,883748,91434,119393,"{""Harry Browne"": 12799, ""Howard Phillips"": 1319, ""John Hagelin"": 2240, ""Others"": 1136, ""Pat Buchanan"": 10465, ""Ralph Nader"": 91434}",1741368,https://en.wikipedia.org/wiki/2000_United_States_presidential_election
2000,CT,816015,561094,64452,82416,"{""Harry Browne"": 3484, ""Howard Phillips"": 9695, ""John Hagelin"": 40, ""Others"": 14, ""Pat Buchanan"": 4731, ""Ralph Nader"": 64452}",1459525,https://en.wikipedia.org/wiki/2000_United_States_presidential_election
2000,DC,171923,18073,10576,11898,"{""Harry Browne"": 669, ""Others"": 653, ""Ralph Nader"": 10576}",201894,https://en.wikipedia.org/wiki/2000_United_States_presidential_election
2000,DE,180068,137288,8307,10266,"{""Harry Browne"": 774, ""Howard Phillips"": 208, ""John Hagelin"": 107, ""Others"": 93, ""Pat Buchanan"": 777, ""Ralph Nader"": 8307}",327622,https://en.wikipedia.org/wiki/2000_United_States_presidential_election
2000,FL,2912253,2912790,97488,138067,"{""Harry Browne"": 16415, ""Howard Phillips"": 1371, ""John Hagelin"": 2281, ""Others"": 3028, ""Pat Buchanan"": 17484, ""Ralph Nader"": 97488}",5963110,https://en.wikipedia.org/wiki/2000_United_States_presidential_election
2000,GA,1116230,1419720,36332,60854,"{""Harry Browne"": 36332, ""Howard Phillips"": 140, ""Others"": 24, ""Pat Buchanan"": 10926, ""Ralph Nader"": 13432}",2596804,https://en.wikipedia.org/wiki/2000_United_States_presidential_election
2000,HI,205286,137845,21623,24820,"{""Harry Browne"": 1477, ""Howard Phillips"": 343, ""John Hagelin"": 306, ""Pat Buchanan"": 1071, ""Ralph Nader"": 21623}",367951,https://en.wikipedia.org/wiki/2000_United_States_presidential_election
2000,IA,638517,634373,29374,42673,"{""Harry Browne"": 3209, ""Howard Phillips"": 613, ""John Hagelin"": 2281, ""Others"": 1465, ""Pat Buchanan"": 5731, ""Ralph Nader"": 29374}",1315563,https://en.wikipedia.org/wiki/2000_United_States_presidential_election
2000,ID,138637,336937,12292,26047,"{""Harry Browne"": 3488, ""Howard Phillips"": 1469, ""John Hagelin"": 1177, ""Others"": 6, ""Pat Buchanan"": 7615, ""Ralph Nader"": 12292}",501621,https://en.wikipedia.org/wiki/2000_United_States_presidential_election
2000,IL,2589026,2019421,103759,133676,"{""Harry Browne"": 11623, ""Howard Phillips"": 57, ""John Hagelin"": 2127, ""Others"": 4, ""Pat Buchanan"": 16106, ""Ralph Nader"": 103759}",4742123,https://en.wikipedia.org/wiki/2000_United_States_presidential_election
2000,IN,901980,1245836,18531,51486,"{""Harry Browne"": 15530, ""Howard Phillips"": 200, ""John Hagelin"": 167, ""Others"": 99, ""Pat Buchanan"": 16959, ""Ralph Nader"": 18531}",2199302,https://en.wikipedia.org/wiki/2000_United_States_presidential_election
2000,KS,399276,622332,36086,50610,"{""Harry Browne"": 4525, ""Howard Phillips"": 1254, ""John Hagelin"": 1375, ""Pat Buchanan"": 7370, ""Ralph Nader"": 36086}",1072218,https://en.wikipedia.org/wiki/2000_United_States_presidential_election
2000,KY,638898,872492,23192,32797,"{""Harry Browne"": 2896, ""Howard Phillips"": 923, ""John Hagelin"": 1533, ""Others"": 80, ""Pat Buchanan"": 4173, ""Ralph Nader"": 23192}",1544187,https://en.wikipedia.org/wiki/2000_United_States_presidential_election
2000,LA,792344,927871,20473,45441,"{""Harry Browne"": 2951, ""Howard Phillips"": 5483, ""John Hagelin"": 1075, ""Others"": 1103, ""Pat Buchanan"": 14356, ""Ralph Nader"": 20473}",1765656,https://en.wikipedia.org/wiki/2000_United_States_presidential_election
2000,MA,1616487,878502,173564,207995,"{""Harry Browne"": 16366, ""John Hagelin"": 2884, ""Others"": 4032, ""Pat Buchanan"": 11149, ""Ralph Nader"": 173564}",2702984,https://en.wikipedia.org/wiki/2000_United_States_presidential_election
2000,MD,1145782,813797,53768,65901,"{""Harry Browne"": 5310, ""Howard Phillips"": 919, ""John Hagelin"": 176, ""Others"": 1480, ""Pat Buchanan"": 4248, ""Ralph Nader"": 53768}",2025480,https://en.wikipedia.org/wiki/2000_United_States_presidential_election
2000,ME-01,176293,148618,20297,24040,"{""Harry Browne"": 1479, ""Howard Phillips"": 253, ""Others"": 17, ""Pat Buchanan"": 1994, ""Ralph Nader"": 20297}",348951,https://en.wikipedia.org/wiki/2000_United_States_presidential_election
2000,ME-02,143658,137998,16830,21210,"{""Harry Browne"": 1595, ""Howard Phillips"": 326, ""Others"": 10, ""Pat Buchanan"": 2449, ""Ralph Nader"": 16830}",302866,https://en.wikipedia.org/wiki/2000_United_States_presidential_election
2000,ME-AL,319951,286616,37127,45250,"{""Harry Browne"": 3074, ""Howard Phillips"": 579, ""Others"": 27, ""Pat Buchanan"": 4443, ""Ralph Nader"": 37127}",651817,https://en.wikipedia.org/wiki/2000_United_States_presidential_election
2000,MI,2170418,1953139,84165,108944,"{""Harry Browne"": 16711, ""Howard Phillips"": 3791, ""John Hagelin"": 2426, ""Pat Buchanan"": 1851, ""Ralph Nader"": 84165}",4232501,https://en.wikipedia.org/wiki/2000_United_States_presidential_election
2000,MN,1168266,1109659,126696,160760,"{""Harry Browne"": 5282, ""Howard Phillips"": 3272, ""John Hagelin"": 2294, ""Others"": 1050, ""Pat Buchanan"": 22166, ""Ralph Nader"": 126696}",2438685,https://en.wikipedia.org/wiki/2000_United_States_presidential_election
2000,MO,1111138,1189924,38515,58830,"{""Harry Browne"": 7436, ""Howard Phillips"": 1957, ""John Hagelin"": 1104, ""Pat Buchanan"": 9818, ""Ralph Nader"": 38515}",2359892,https://en.wikipedia.org/wiki/2000_United_States_presidential_election
2000,MS,404614,572844,8122,16726,"{""Harry Browne"": 2009, ""Howard Phillips"": 3267, ""John Hagelin"": 450, ""Others"": 613, ""Pat Buchanan"": 2265, ""Ralph Nader"": 8122}",994184,https://en.wikipedia.org/wiki/2000_United_States_presidential_election
2000,MT,137126,240178,24437,33693,"{""Harry Browne"": 1718, ""Howard Phillips"": 1155, ""John Hagelin"": 675, ""Others"": 11, ""Pat Buchanan"": 5697, ""Ralph Nader"": 24437}",410997,https://en.wikipedia.org/wiki/2000_United_States_presidential_election
2000,NATIONAL,50999897,50456002,2882955,3949201,"{""Harry Browne"": 384431, ""Howard Phillips"": 98020, ""John Hagelin"": 83714, ""Others"": 51186, ""Pat Buchanan"": 448895, ""Ralph Nader"": 2882955}",105405100,https://en.wikipedia.org/wiki/2000_United_States_presidential_election
2000,NC,1257692,1631163,12307,22407,"{""Harry Browne"": 12307, ""Others"": 1226, ""Pat Buchanan"": 8874}",2911262,https://en.wikipedia.org/wiki/2000_United_States_presidential_election
2000,ND,95284,174852,9486,18120,"{""Harry Browne"": 660, ""Howard Phillips"": 373, ""John Hagelin"": 313, ""Pat Buchanan"": 7288, ""Ralph Nader"": 9486}",288256,https://en.wikipedia.org/wiki/2000_United_States_presidential_election
2000,NE-01,86946,142562,10085,12515,"{""Harry Browne"": 754, ""Howard Phillips"": 167, ""John Hagelin"": 185, ""Pat Buchanan"": 1324, ""Ralph Nader"": 10085}",242023,https://en.wikipedia.org/wiki/2000_United_States_presidential_election
2000,NE-02,88975,131485,8495,10552,"{""Harry Browne"": 925, ""Howard Phillips"": 146, ""John Hagelin"": 141, ""Pat Buchanan"": 845, ""Ralph Nader"": 8495}",231012,https://en.wikipedia.org/wiki/2000_United_States_presidential_election
2000,NE-03,55859,159815,5960,8310,"{""Harry Browne"": 566, ""Howard Phillips"": 155, ""John Hagelin"": 152, ""Pat Buchanan"": 1477, ""Ralph Nader"": 5960}",223984,https://en.wikipedia.org/wiki/2000_United_States_presidential_election
2000,NE-AL,231780,433862,24540,31377,"{""Harry Browne"": 2245, ""Howard Phillips"": 468, ""John Hagelin"": 478, ""Pat Buchanan"": 3646, ""Ralph Nader"": 24540}",697019,https://en.wikipedia.org/wiki/2000_United_States_presidential_election
2000,NH,266348,273559,22198,29174,"{""Harry Browne"": 2757, ""Howard Phillips"": 328, ""John Hagelin"": 55, ""Others"": 1221, ""Pat Buchanan"": 2615, ""Ralph Nader"": 22198}",569081,https://en.wikipedia.org/wiki/2000_United_States_presidential_election
2000,NJ,1788850,1284173,94554,114203,"{""Harry Browne"": 6312, ""Howard Phillips"": 1409, ""John Hagelin"": 2215, ""Others"": 2724, ""Pat Buchanan"": 6989, ""Ralph Nader"": 94554}",3187226,https://en.wikipedia.org/wiki/2000_United_States_presidential_election
2000,NM,286783,286417,21251,25405,"{""Harry Browne"": 2058, ""Howard Phillips"": 343, ""John Hagelin"": 361, ""Pat Buchanan"": 1392, ""Ralph Nader"": 21251}",598605,https://en.wikipedia.org/wiki/2000_United_States_presidential_election
2000,NV,279978,301575,15008,27417,"{""Harry Browne"": 3311, ""Howard Phillips"": 621, ""John Hagelin"": 415, ""Others"": 3315, ""Pat Buchanan"": 4747, ""Ralph Nader"": 15008}",608970,https://en.wikipedia.org/wiki/2000_United_States_presidential_election
2000,NY,4107697,2403374,244030,310928,"{""Harry Browne"": 7649, ""Howard Phillips"": 1498, ""John Hagelin"": 24361, ""Others"": 1791, ""Pat Buchanan"": 31599, ""Ralph Nader"": 244030}",6821999,https://en.wikipedia.org/wiki/2000_United_States_presidential_election
2000,OH,2186190,2351209,117857,168058,"{""Harry Browne"": 13475, ""Howard Phillips"": 3823, ""John Hagelin"": 6169, ""Others"": 10, ""Pat Buchanan"": 26724, ""Ralph Nader"": 117857}",4705457,https://en.wikipedia.org/wiki/2000_United_States_presidential_election
2000,OK,474276,744337,9014,15616,"{""Harry Browne"": 6602, ""Pat Buchanan"": 9014}",1234229,https://en.wikipedia.org/wiki/2000_United_States_presidential_election
2000,OR,720342,713577,77357,100049,"{""Harry Browne"": 7447, ""Howard Phillips"": 2189, ""John Hagelin"": 2574, ""Others"": 3419, ""Pat Buchanan"": 7063, ""Ralph Nader"": 77357}",1533968,https://en.wikipedia.org/wiki/2000_United_States_presidential_election
2000,PA,2485967,2281127,103392,146025,"{""Harry Browne"": 11248, ""Howard Phillips"": 14428, ""Others"": 934, ""Pat Buchanan"": 16023, ""Ralph Nader"": 103392}",4913119,https://en.wikipedia.org/wiki/2000_United_States_presidential_election
2000,RI,249508,130555,25052,29049,"{""Harry Browne"": 742, ""Howard Phillips"": 97, ""John Hagelin"": 271, ""Others"": 614, ""Pat Buchanan"": 2273, ""Ralph Nader"": 25052}",409112,https://en.wikipedia.org/wiki/2000_United_States_presidential_election
2000,SC,565561,785937,20200,31219,"{""Harry Browne"": 4876, ""Howard Phillips"": 1682, ""John Hagelin"": 942, ""Pat Buchanan"": 3519, ""Ralph Nader"": 20200}",1382717,https://en.wikipedia.org/wiki/2000_United_States_presidential_election
2000,SD,118804,190700,3322,6765,"{""Harry Browne"": 1662, ""Howard Phillips"": 1781, ""Pat Buchanan"": 3322}",316269,https://en.wikipedia.org/wiki/2000_United_States_presidential_election
2000,TN,981720,1061949,19781,32512,"{""Harry Browne"": 4284, ""Howard Phillips"": 1015, ""John Hagelin"": 613, ""Others"": 2569, ""Pat Buchanan"": 4250, ""Ralph Nader"": 19781}",2076181,https://en.wikipedia.org/wiki/2000_United_States_presidential_election
2000,TX,2433746,3799639,137994,174252,"{""Harry Browne"": 23160, ""Howard Phillips"": 567, ""Others"": 137, ""Pat Buchanan"": 12394, ""Ralph Nader"": 137994}",6407637,https://en.wikipedia.org/wiki/2000_United_States_presidential_election
2000,UT,203053,515096,35850,52605,"{""Harry Browne"": 3616, ""Howard Phillips"": 2709, ""John Hagelin"": 763, ""Others"": 348, ""Pat Buchanan"": 9319, ""Ralph Nader"": 35850}",770754,https://en.wikipedia.org/wiki/2000_United_States_presidential_election
2000,VA,1217290,1437490,59398,84667,"{""Harry Browne"": 15198, ""Howard Phillips"": 1809, ""John Hagelin"": 171, ""Others"": 2636, ""Pat Buchanan"": 5455, ""Ralph Nader"": 59398}",2739447,https://en.wikipedia.org/wiki/2000_United_States_presidential_election
2000,VT,149022,119775,20374,25511,"{""Harry Browne"": 784, ""Howard Phillips"": 153, ""John Hagelin"": 219, ""Others"": 1789, ""Pat Buchanan"": 2192, ""Ralph Nader"": 20374}",294308,https://en.wikipedia.org/wiki/2000_United_States_presidential_election
2000,WA,1247652,1108864,103002,130917,"{""Harry Browne"": 13135, ""Howard Phillips"": 1989, ""John Hagelin"": 2927, ""Others"": 2693, ""Pat Buchanan"": 7171, ""Ralph Nader"": 103002}",2487433,https://en.wikipedia.org/wiki/2000_United_States_presidential_election
2000,WI,1242987,1237279,94070,118341,"{""Harry Browne"": 6640, ""Howard Phillips"": 2042, ""John Hagelin"": 853, ""Others"": 3265, ""Pat Buchanan"": 11471, ""Ralph Nader"": 94070}",2598607,https://en.wikipedia.org/wiki/2000_United_States_presidential_election
2000,WV,295497,336475,10680,16152,"{""Harry Browne"": 1912, ""Howard Phillips"": 23, ""John Hagelin"": 367, ""Others"": 1, ""Pat Buchanan"": 3169, ""Ralph Nader"": 10680}",648124,https://en.wikipedia.org/wiki/2000_United_States_presidential_election
2000,WY,60481,147947,4625,9923,"{""Harry Browne"": 1443, ""Howard Phillips"": 720, ""John Hagelin"": 411, ""Pat Buchanan"": 2724, ""Ralph Nader"": 4625}",218351,https://en.wikipedia.org/wiki/2000_United_States_presidential_election
2004,AK,111025,190889,5069,10684,"{""David Cobb"": 1058, ""Michael Badnarik"": 1675, ""Michael Peroutka"": 2092, ""Others"": 790, ""Ralph Nader"": 5069}",312598,https://en.wikipedia.org/wiki/2004_United_States_presidential_election
2004,AL,693933,1176394,6701,13122,"{""Michael Badnarik"": 3529, ""Michael Peroutka"": 1994, ""Others"": 898, ""Ralph Nader"": 6701}",1883449,https://en.wikipedia.org/wiki/2004_United_States_presidential_election
2004,AR,469953,572898,6171,12094,"{""David Cobb"": 1488, ""Michael Badnarik"": 2352, ""Michael Peroutka"": 2083, ""Ralph Nader"": 6171}",1054945,https://en.wikipedia.org/wiki/2004_United_States_presidential_election
2004,AZ,893524,1104294,11856,14767,"{""David Cobb"": 138, ""Michael Badnarik"": 11856, ""Ralph Nader"": 2773}",2012585,https://en.wikipedia.org/wiki/2004_United_States_presidential_election
2004,CA,6745485,5509826,50165,166541,"{""David Cobb"": 40771, ""Michael Badnarik"": 50165, ""Michael Peroutka"": 26645, ""Others"": 27747, ""Ralph Nader"": 21213}",12421852,https://en.wikipedia.org/wiki/2004_United_States_presidential_election
2004,CO,1001732,1101255,12718,27343,"{""David Cobb"": 1591, ""Michael Badnarik"": 7664, ""Michael Peroutka"": 2562, ""Others"": 2808, ""Ralph Nader"": 12718}",2130330,https://en.wikipedia.org/wiki/2004_United_States_presidential_election
2004,CT,857488,693826,12969,27455,"{""David Cobb"": 9564, ""Michael Badnarik"": 3367, ""Michael Peroutka"": 1543, ""Others"": 12, ""Ralph Nader"": 12969}",1578769,https://en.wikipedia.org/wiki/2004_United_States_presidential_election
2004,DC,202970,21256,1485,3360,"{""David Cobb"": 737, ""Michael Badnarik"": 502, ""Others"": 636, ""Ralph Nader"": 1485}",227586,https://en.wikipedia.org/wiki/2004_United_States_presidential_election
2004,DE,200152,171660,2153,3378,"{""David Cobb"": 250, ""Michael Badnarik"": 586, ""Michael Peroutka"": 289, ""Others"": 100, ""Ralph Nader"": 2153}",375190,https://en.wikipedia.org/wiki/2004_United_States_presidential_election
2004,FL,3583544,3964522,32971,61744,"{""David Cobb"": 3917, ""Michael Badnarik"": 11996, ""Michael Peroutka"": 6626, ""Others"": 6234, ""Ralph Nader"": 32971}",7609810,https://en.wikipedia.org/wiki/2004_United_States_presidential_election
2004,GA,1366149,1914254,18387,21472,"{""David Cobb"": 228, ""Michael Badnarik"": 18387, ""Michael Peroutka"": 580, ""Others"": 46, ""Ralph Nader"": 2231}",3301875,https://en.wikipedia.org/wiki/2004_United_States_presidential_election
2004,HI,231708,194191,1737,3114,"{""David Cobb"": 1737, ""Michael Badnarik"": 1377}",429013,https://en.wikipedia.org/wiki/2004_United_States_presidential_election
2004,IA,741898,751957,5973,13053,"{""David Cobb"": 1141, ""Michael Badnarik"": 2992, ""Michael Peroutka"": 1304, ""Others"": 1643, ""Ralph Nader"": 5973}",1506908,https://en.wikipedia.org/wiki/2004_United_States_presidential_election
2004,ID,181098,409235,3844,8114,"{""David Cobb"": 58, ""Michael Badnarik"": 3844, ""Michael Peroutka"": 3084, ""Others"": 13, ""Ralph Nader"": 1115}",598447,https://en.wikipedia.org/wiki/2004_United_States_presidential_election
2004,IL,2891550,2345946,32442,36826,"{""David Cobb"": 241, ""Michael Badnarik"": 32442, ""Michael Peroutka"": 440, ""Others"": 132, ""Ralph Nader"": 3571}",5274322,https://en.wikipedia.org/wiki/2004_United_States_presidential_election
2004,IN,969011,1479438,18058,19553,"{""David Cobb"": 102, ""Michael Badnarik"": 18058, ""Others"": 65, ""Ralph Nader"": 1328}",2468002,https://en.wikipedia.org/wiki/2004_United_States_presidential_election
2004,KS,434993,736456,9348,16307,"{""David Cobb"": 33, ""Michael Badnarik"": 4013, ""Michael Peroutka"": 2899, ""Others"": 14, ""Ralph Nader"": 9348}",1187756,https://en.wikipedia.org/wiki/2004_United_States_presidential_election
2004,KY,712733,1069439,8856,13710,"{""Michael Badnarik"": 2619, ""Michael Peroutka"": 2213, ""Others"": 22, ""Ralph Nader"": 8856}",1795882,https://en.wikipedia.org/wiki/2004_United_States_presidential_election
2004,LA,820299,1102169,7032,20638,"{""David Cobb"": 1276, ""Michael Badnarik"": 2781, ""Michael Peroutka"": 5203, ""Others"": 4346, ""Ralph Nader"": 7032}",1943106,https://en.wikipedia.org/wiki/2004_United_States_presidential_election
2004,MA,1803800,1071109,15022,37479,"{""David Cobb"": 10623, ""Michael Badnarik"": 15022, ""Others"": 7028, ""Ralph Nader"": 4806}",2912388,https://en.wikipedia.org/wiki/2004_United_States_presidential_election
2004,MD,1334493,1024703,11854,27482,"{""David Cobb"": 3632, ""Michael Badnarik"": 6094, ""Michael Peroutka"": 3421, ""Others"": 2481, ""Ralph Nader"": 11854}",2386678,https://en.wikipedia.org/wiki/2004_United_States_presidential_election
2004,ME-01,211703,165824,4004,6865,"{""David Cobb"": 1468, ""Michael Badnarik"": 1047, ""Michael Peroutka"": 346, ""Ralph Nader"": 4004}",384392,https://en.wikipedia.org/wiki/2004_United_States_presidential_election
2004,ME-02,185139,164377,4065,6840,"{""David Cobb"": 1468, ""Michael Badnarik"": 918, ""Michael Peroutka"": 389, ""Ralph Nader"": 4065}",356356,https://en.wikipedia.org/wiki/2004_United_States_presidential_election
2004,ME-AL,396842,330201,8069,13709,"{""David Cobb"": 2936, ""Michael Badnarik"": 1965, ""Michael Peroutka"": 735, ""Others"": 4, ""Ralph Nader"": 8069}",740752,https://en.wikipedia.org/wiki/2004_United_States_presidential_election
2004,MI,2479183,2313746,24035,46323,"{""David Cobb"": 5325, ""Michael Badnarik"": 10552, ""Michael Peroutka"": 4980, ""Others"": 1431, ""Ralph Nader"": 24035}",4839252,https://en.wikipedia.org/wiki/2004_United_States_presidential_election
2004,MN,1445014,1346695,18683,36678,"{""David Cobb"": 4408, ""Michael Badnarik"": 4639, ""Michael Peroutka"": 3074, ""Others"": 5874, ""Ralph Nader"": 18683}",2828387,https://en.wikipedia.org/wiki/2004_United_States_presidential_election
2004,MO,1259171,1455713,9831,16480,"{""Michael Badnarik"": 9831, ""Michael Peroutka"": 5355, ""Ralph Nader"": 1294}",2731364,https://en.wikipedia.org/wiki/2004_United_States_presidential_election
2004,MS,458094,684981,3177,9070,"{""David Cobb"": 1073, ""Michael Badnarik"": 1793, ""Michael Peroutka"": 1759, ""Others"": 1268, ""Ralph Nader"": 3177}",1152145,https://en.wikipedia.org/wiki/2004_United_States_presidential_election
2004,MT,173710,266063,6168,10672,"{""David Cobb"": 996, ""Michael Badnarik"": 1733, ""Michael Peroutka"": 1764, ""Others"": 11, ""Ralph Nader"": 6168}",450445,https://en.wikipedia.org/wiki/2004_United_States_presidential_election
2004,NATIONAL,59028444,62040610,465151,1221576,"{""David Cobb"": 119859, ""Michael Badnarik"": 397265, ""Michael Peroutka"": 143630, ""Others"": 99887, ""Ralph Nader"": 465151}",122290630,https://en.wikipedia.org/wiki/2004_United_States_presidential_election
2004,NC,1525849,1961166,11731,13992,"{""David Cobb"": 108, ""Michael Badnarik"": 11731, ""Others"": 348, ""Ralph Nader"": 1805}",3501007,https://en.wikipedia.org/wiki/2004_United_States_presidential_election
2004,ND,111052,196651,3756,5130,"{""Michael Badnarik"": 851, ""Michael Peroutka"": 514, ""Others"": 9, ""Ralph Nader"": 3756}",312833,https://en.wikipedia.org/wiki/2004_United_States_presidential_election
2004,NE-01,96314,169888,2025,3569,"{""David Cobb"": 453, ""Michael Badnarik"": 656, ""Michael Peroutka"": 405, ""Others"": 30, ""Ralph Nader"": 2025}",269771,https://en.wikipedia.org/wiki/2004_United_States_presidential_election
2004,NE-02,97858,153041,1731,3133,"{""David Cobb"": 261, ""Michael Badnarik"": 813, ""Michael Peroutka"": 305, ""Others"": 23, ""Ralph Nader"": 1731}",254032,https://en.wikipedia.org/wiki/2004_United_States_presidential_election
2004,NE-03,60156,189885,1942,3411,"{""David Cobb"": 264, ""Michael Badnarik"": 572, ""Michael Peroutka"": 604, ""Others"": 29, ""Ralph Nader"": 1942}",253452,https://en.wikipedia.org/wiki/2004_United_States_presidential_election
2004,NE-AL,254328,512814,5698,11044,"{""David Cobb"": 978, ""Michael Badnarik"": 2041, ""Michael Peroutka"": 1314, ""Others"": 1013, ""Ralph Nader"": 5698}",778186,https://en.wikipedia.org/wiki/2004_United_States_presidential_election
2004,NH,340511,331237,4479,5990,"{""Michael Badnarik"": 372, ""Michael Peroutka"": 161, ""Others"": 978, ""Ralph Nader"": 4479}",677738,https://en.wikipedia.org/wiki/2004_United_States_presidential_election
2004,NJ,1911430,1670003,19418,30258,"{""David Cobb"": 1807, ""Michael Badnarik"": 4514, ""Michael Peroutka"": 2750, ""Others"": 1769, ""Ralph Nader"": 19418}",3611691,https://en.wikipedia.org/wiki/2004_United_States_presidential_election
2004,NM,370942,376930,4053,8432,"{""David Cobb"": 1226, ""Michael Badnarik"": 2382, ""Michael Peroutka"": 771, ""Ralph Nader"": 4053}",756304,https://en.wikipedia.org/wiki/2004_United_States_presidential_election
2004,NV,397190,418690,4838,13707,"{""David Cobb"": 853, ""Michael Badnarik"": 3176, ""Michael Peroutka"": 1152, ""Others"": 3688, ""Ralph Nader"": 4838}",829587,https://en.wikipedia.org/wiki/2004_United_States_presidential_election
2004,NY,4314280,2962567,99873,114189,"{""David Cobb"": 87, ""Michael Badnarik"": 11607, ""Michael Peroutka"": 207, ""Others"": 2415, ""Ralph Nader"": 99873}",7391036,https://en.wikipedia.org/wiki/2004_United_States_presidential_election
2004,OH,2741167,2859768,14676,26973,"{""David Cobb"": 192, ""Michael Badnarik"": 14676, ""Michael Peroutka"": 11939, ""Others"": 166}",5627908,https://en.wikipedia.org/wiki/2004_United_States_presidential_election
2004,OK,503966,959792,0,0,{},1463758,https://en.wikipedia.org/wiki/2004_United_States_presidential_election
2004,OR,943163,866831,7260,26788,"{""David Cobb"": 5315, ""Michael Badnarik"": 7260, ""Michael Peroutka"": 5257, ""Others"": 8956}",1836782,https://en.wikipedia.org/wiki/2004_United_States_presidential_election
2004,PA,2938095,2793847,21185,37648,"{""David Cobb"": 6319, ""Michael Badnarik"": 21185, ""Michael Peroutka"": 6318, ""Others"": 1170, ""Ralph Nader"": 2656}",5769590,https://en.wikipedia.org/wiki/2004_United_States_presidential_election
2004,RI,259765,169046,4651,8323,"{""David Cobb"": 1333, ""Michael Badnarik"": 907, ""Michael Peroutka"": 339, ""Others"": 1093, ""Ralph Nader"": 4651}",437134,https://en.wikipedia.org/wiki/2004_United_States_presidential_election
2004,SC,661699,937974,5520,18057,"{""David Cobb"": 1488, ""Michael Badnarik"": 3608, ""Michael Peroutka"": 5317, ""Others"": 2124, ""Ralph Nader"": 5520}",1617730,https://en.wikipedia.org/wiki/2004_United_States_presidential_election
2004,SD,149244,232584,4320,6387,"{""Michael Badnarik"": 964, ""Michael Peroutka"": 1103, ""Ralph Nader"": 4320}",388215,https://en.wikipedia.org/wiki/2004_United_States_presidential_election
2004,TN,1036477,1384375,8992,16467,"{""David Cobb"": 33, ""Michael Badnarik"": 4866, ""Michael Peroutka"": 2570, ""Others"": 6, ""Ralph Nader"": 8992}",2437319,https://en.wikipedia.org/wiki/2004_United_States_presidential_election
2004,TX,2832704,4526917,38787,51144,"{""David Cobb"": 1014, ""Michael Badnarik"": 38787, ""Michael Peroutka"": 1636, ""Others"": 548, ""Ralph Nader"": 9159}",7410765,https://en.wikipedia.org/wiki/2004_United_States_presidential_election
2004,UT,241199,663742,11305,22903,"{""David Cobb"": 39, ""Michael Badnarik"": 3375, ""Michael Peroutka"": 6841, ""Others"": 1343, ""Ralph Nader"": 11305}",927844,https://en.wikipedia.org/wiki/2004_United_States_presidential_election
2004,VA,1454742,1716959,11032,26666,"{""David Cobb"": 104, ""Michael Badnarik"": 11032, ""Michael Peroutka"": 10161, ""Others"": 2976, ""Ralph Nader"": 2393}",3198367,https://en.wikipedia.org/wiki/2004_United_States_presidential_election
2004,VT,184067,121180,4494,7062,"{""Michael Badnarik"": 1102, ""Others"": 1466, ""Ralph Nader"": 4494}",312309,https://en.wikipedia.org/wiki/2004_United_States_presidential_election
2004,WA,1510201,1304894,23283,43989,"{""David Cobb"": 2974, ""Michael Badnarik"": 11955, ""Michael Peroutka"": 3922, ""Others"": 1855, ""Ralph Nader"": 23283}",2859084,https://en.wikipedia.org/wiki/2004_United_States_presidential_election
2004,WI,1489504,1478120,16390,29383,"{""David Cobb"": 2661, ""Michael Badnarik"": 6464, ""Others"": 3868, ""Ralph Nader"": 16390}",2997007,https://en.wikipedia.org/wiki/2004_United_States_presidential_election
2004,WV,326541,423778,4063,5568,"{""David Cobb"": 5, ""Michael Badnarik"": 1405, ""Michael Peroutka"": 82, ""Others"": 13, ""Ralph Nader"": 4063}",755887,https://en.wikipedia.org/wiki/2004_United_States_presidential_election
2004,WY,70776,167629,2741,5023,"{""Michael Badnarik"": 1171, ""Michael Peroutka"": 631, ""Others"": 480, ""Ralph Nader"": 2741}",243428,https://en.wikipedia.org/wiki/2004_United_States_presidential_election
2008,AK,123594,193841,3783,8762,"{""Bob Barr"": 1589, ""Chuck Baldwin"": 1660, ""Others"": 1730, ""Ralph Nader"": 3783}",326197,https://en.wikipedia.org/wiki/2008_United_States_presidential_election
2008,AL,813479,1266546,6788,19794,"{""Bob Barr"": 4991, ""Chuck Baldwin"": 4310, ""Others"": 3705, ""Ralph Nader"": 6788}",2099819,https://en.wikipedia.org/wiki/2008_United_States_presidential_election
2008,AR,422310,638017,12882,26290,"{""Bob Barr"": 4776, ""Chuck Baldwin"": 4023, ""Cynthia"": 3470, ""Others"": 1139, ""Ralph Nader"": 12882}",1086617,https://en.wikipedia.org/wiki/2008_United_States_presidential_election
2008,AZ,1034707,1230111,12555,28657,"{""Bob Barr"": 12555, ""Chuck Baldwin"": 1371, ""Cynthia"": 3406, ""Others"": 24, ""Ralph Nader"": 11301}",2293475,https://en.wikipedia.org/wiki/2008_United_States_presidential_election
2008,CA,8274473,5011781,108381,275646,"{""Bob Barr"": 67582, ""Chuck Baldwin"": 3145, ""Cynthia"": 38774, ""Others"": 57764, ""Ralph Nader"": 108381}",13561900,https://en.wikipedia.org/wiki/2008_United_States_presidential_election
2008,CO,1288633,1073629,13352,39200,"{""Bob Barr"": 10898, ""Chuck Baldwin"": 6233, ""Cynthia"": 2822, ""Others"": 5895, ""Ralph Nader"": 13352}",2401462,https://en.wikipedia.org/wiki/2008_United_States_presidential_election
2008,CT,997772,629428,19162,19597,"{""Chuck Baldwin"": 311, ""Cynthia"": 90, ""Others"": 34, ""Ralph Nader"": 19162}",1646797,https://en.wikipedia.org/wiki/2008_United_States_presidential_election
2008,DC,245800,17367,958,2686,"{""Cynthia"": 590, ""Others"": 1138, ""Ralph Nader"": 958}",265853,https://en.wikipedia.org/wiki/2008_United_States_presidential_election
2008,DE,255459,152374,2401,4579,"{""Bob Barr"": 1109, ""Chuck Baldwin"": 626, ""Cynthia"": 385, ""Others"": 58, ""Ralph Nader"": 2401}",412412,https://en.wikipedia.org/wiki/2008_United_States_presidential_election
2008,FL,4282074,4045624,28124,63046,"{""Bob Barr"": 17218, ""Chuck Baldwin"": 7915, ""Cynthia"": 2887, ""Others"": 6902, ""Ralph Nader"": 28124}",8390744,https://en.wikipedia.org/wiki/2008_United_States_presidential_election
2008,GA,1844123,2048759,28731,31604,"{""Bob Barr"": 28731, ""Chuck Baldwin"": 1402, ""Cynthia"": 250, ""Others"": 63, ""Ralph Nader"": 1158}",3924486,https://en.wikipedia.org/wiki/2008_United_States_presidential_election
2008,HI,325871,120566,3825,7131,"{""Bob Barr"": 1314, ""Chuck Baldwin"": 1013, ""Cynthia"": 979, ""Ralph Nader"": 3825}",453568,https://en.wikipedia.org/wiki/2008_United_States_presidential_election
2008,IA,828940,682379,8014,25804,"{""Bob Barr"": 4590, ""Chuck Baldwin"": 4445, ""Cynthia"": 1423, ""Others"": 7332, ""Ralph Nader"": 8014}",1537123,https://en.wikipedia.org/wiki/2008_United_States_presidential_election
2008,ID,236440,403012,7175,15670,"{""Bob Barr"": 3658, ""Chuck Baldwin"": 4747, ""Cynthia"": 39, ""Others"": 51, ""Ralph Nader"": 7175}",655122,https://en.wikipedia.org/wiki/2008_United_States_presidential_election
2008,IL,3419348,2031179,30948,71844,"{""Bob Barr"": 19642, ""Chuck Baldwin"": 8256, ""Cynthia"": 11838, ""Others"": 1160, ""Ralph Nader"": 30948}",5522371,https://en.wikipedia.org/wiki/2008_United_States_presidential_election
2008,IN,1374039,1345648,29257,31367,"{""Bob Barr"": 29257, ""Chuck Baldwin"": 1024, ""Cynthia"": 87, ""Others"": 90, ""Ralph Nader"": 909}",2751054,https://en.wikipedia.org/wiki/2008_United_States_presidential_election
2008,KS,514765,699655,10527,21452,"{""Bob Barr"": 6706, ""Chuck Baldwin"": 4148, ""Cynthia"": 35, ""Others"": 36, ""Ralph Nader"": 10527}",1235872,https://en.wikipedia.org/wiki/2008_United_States_presidential_election
2008,KY,751985,1048462,15378,26173,"{""Bob Barr"": 5989, ""Chuck Baldwin"": 4694, ""Others"": 112, ""Ralph Nader"": 15378}",1826620,https://en.wikipedia.org/wiki/2008_United_States_presidential_election
2008,LA,782989,1148275,9187,29497,"{""Chuck Baldwin"": 2581, ""Cynthia"": 9187, ""Others"": 10732, ""Ralph Nader"": 6997}",1960761,https://en.wikipedia.org/wiki/2008_United_States_presidential_election
2008,MA,1904097,1108854,28841,68034,"{""Bob Barr"": 13189, ""Chuck Baldwin"": 4971, ""Cynthia"": 6550, ""Others"": 14483, ""Ralph Nader"": 28841}",3080985,https://en.wikipedia.org/wiki/2008_United_States_presidential_election
2008,MD,1629467,959862,14713,42267,"{""Bob Barr"": 9842, ""Chuck Baldwin"": 3760, ""Cynthia"": 4747, ""Others"": 9205, ""Ralph Nader"": 14713}",2631596,https://en.wikipedia.org/wiki/2008_United_States_presidential_election
2008,ME-01,232145,144604,5263,6877,"{""Cynthia"": 1362, ""Others"": 252, ""Ralph Nader"": 5263}",383626,https://en.wikipedia.org/wiki/2008_United_States_presidential_election
2008,ME-02,189778,150669,5373,7090,"{""Cynthia"": 1538, ""Others"": 179, ""Ralph Nader"": 5373}",347537,https://en.wikipedia.org/wiki/2008_United_States_presidential_election
2008,ME-AL,421923,295273,10636,13967,"{""Bob Barr"": 251, ""Chuck Baldwin"": 177, ""Cynthia"": 2900, ""Others"": 3, ""Ralph Nader"": 10636}",731163,https://en.wikipedia.org/wiki/2008_United_States_presidential_election
2008,MI,2872579,2048639,33085,80548,"{""Bob Barr"": 23716, ""Chuck Baldwin"": 14685, ""Cynthia"": 8892, ""Others"": 170, ""Ralph Nader"": 33085}",5001766,https://en.wikipedia.org/wiki/2008_United_States_presidential_election
2008,MN,1573354,1275409,30152,61606,"{""Bob Barr"": 9174, ""Chuck Baldwin"": 6787, ""Cynthia"": 5174, ""Others"": 10319, ""Ralph Nader"": 30152}",2910369,https://en.wikipedia.org/wiki/2008_United_States_presidential_election
2008,MO,1441911,1445814,17813,37480,"{""Bob Barr"": 11386, ""Chuck Baldwin"": 8201, ""Cynthia"": 80, ""Ralph Nader"": 17813}",2925205,https://en.wikipedia.org/wiki/2008_United_States_presidential_election
2008,MS,554662,724597,4011,10606,"{""Bob Barr"": 2529, ""Chuck Baldwin"": 2551, ""Cynthia"": 1034, ""Others"": 481, ""Ralph Nader"": 4011}",1289865,https://en.wikipedia.org/wiki/2008_United_States_presidential_election
2008,MT,231667,242763,3686,15872,"{""Bob Barr"": 1355, ""Chuck Baldwin"": 143, ""Cynthia"": 23, ""Others"": 10665, ""Ralph Nader"": 3686}",490302,https://en.wikipedia.org/wiki/2008_United_States_presidential_election
2008,NATIONAL,69498516,59948323,739034,1866981,"{""Bob Barr"": 523715, ""Chuck Baldwin"": 199750, ""Cynthia"": 161797, ""Others"": 242685, ""Ralph Nader"": 739034}",131313820,https://en.wikipedia.org/wiki/2008_United_States_presidential_election
2008,NC,2142651,2128474,25722,39664,"{""Bob Barr"": 25722, ""Cynthia"": 158, ""Others"": 12336, ""Ralph Nader"": 1448}",4310789,https://en.wikipedia.org/wiki/2008_United_States_presidential_election
2008,ND,141278,168601,4189,6742,"{""Bob Barr"": 1354, ""Chuck Baldwin"": 1199, ""Ralph Nader"": 4189}",316621,https://en.wikipedia.org/wiki/2008_United_States_presidential_election
2008,NE-01,121411,148179,1963,4303,"{""Bob Barr"": 922, ""Chuck Baldwin"": 1024, ""Cynthia"": 394, ""Ralph Nader"": 1963}",273893,https://en.wikipedia.org/wiki/2008_United_States_presidential_election
2008,NE-02,138809,135439,1628,3561,"{""Bob Barr"": 1014, ""Chuck Baldwin"": 599, ""Cynthia"": 320, ""Ralph Nader"": 1628}",277809,https://en.wikipedia.org/wiki/2008_United_States_presidential_election
2008,NE-03,73099,169361,1815,4282,"{""Bob Barr"": 804, ""Chuck Baldwin"": 1349, ""Cynthia"": 314, ""Ralph Nader"": 1815}",246742,https://en.wikipedia.org/wiki/2008_United_States_presidential_election
2008,NE-AL,333319,452979,5406,14983,"{""Bob Barr"": 2740, ""Chuck Baldwin"": 2972, ""Cynthia"": 1028, ""Others"": 2837, ""Ralph Nader"": 5406}",801281,https://en.wikipedia.org/wiki/2008_United_States_presidential_election
2008,NH,384826,316534,3503,9610,"{""Bob Barr"": 2217, ""Chuck Baldwin"": 226, ""Cynthia"": 40, ""Others"": 3624, ""Ralph Nader"": 3503}",710970,https://en.wikipedia.org/wiki/2008_United_States_presidential_election
2008,NJ,2215422,1613207,21298,39608,"{""Bob Barr"": 8441, ""Chuck Baldwin"": 3956, ""Cynthia"": 3636, ""Others"": 2277, ""Ralph Nader"": 21298}",3868237,https://en.wikipedia.org/wiki/2008_United_States_presidential_election
2008,NM,472422,346832,5327,10904,"{""Bob Barr"": 2428, ""Chuck Baldwin"": 1597, ""Cynthia"": 1552, ""Ralph Nader"": 5327}",830158,https://en.wikipedia.org/wiki/2008_United_States_presidential_election
2008,NV,533736,412827,6150,21285,"{""Bob Barr"": 4263, ""Chuck Baldwin"": 3194, ""Cynthia"": 1411, ""Others"": 6267, ""Ralph Nader"": 6150}",967848,https://en.wikipedia.org/wiki/2008_United_States_presidential_election
2008,NY,4804945,2752771,41249,83215,"{""Bob Barr"": 19596, ""Chuck Baldwin"": 634, ""Cynthia"": 12801, ""Others"": 8935, ""Ralph Nader"": 41249}",7640931,https://en.wikipedia.org/wiki/2008_United_States_presidential_election
2008,OH,2940044,2677820,42337,90486,"{""Bob Barr"": 19917, ""Chuck Baldwin"": 12565, ""Cynthia"": 8518, ""Others"": 7149, ""Ralph Nader"": 42337}",5708350,https://en.wikipedia.org/wiki/2008_United_States_presidential_election
2008,OK,502496,960165,0,0,{},1462661,https://en.wikipedia.org/wiki/2008_United_States_presidential_election
2008,OR,1037291,738475,18614,52098,"{""Bob Barr"": 7635, ""Chuck Baldwin"": 7693, ""Cynthia"": 4543, ""Others"": 13613, ""Ralph Nader"": 18614}",1827864,https://en.wikipedia.org/wiki/2008_United_States_presidential_election
2008,PA,3276363,2655885,42977,81024,"{""Bob Barr"": 19912, ""Chuck Baldwin"": 1092, ""Others"": 17043, ""Ralph Nader"": 42977}",6013272,https://en.wikipedia.org/wiki/2008_United_States_presidential_election
2008,RI,296571,165391,4829,9804,"{""Bob Barr"": 1382, ""Chuck Baldwin"": 675, ""Cynthia"": 797, ""Others"": 2121, ""Ralph Nader"": 4829}",471766,https://en.wikipedia.org/wiki/2008_United_States_presidential_election
2008,SC,862449,1034896,7283,23624,"{""Bob Barr"": 7283, ""Chuck Baldwin"": 6827, ""Cynthia"": 4461, ""Ralph Nader"": 5053}",1920969,https://en.wikipedia.org/wiki/2008_United_States_presidential_election
2008,SD,170924,203054,4267,7997,"{""Bob Barr"": 1835, ""Chuck Baldwin"": 1895, ""Ralph Nader"": 4267}",381975,https://en.wikipedia.org/wiki/2008_United_States_presidential_election
2008,TN,1087437,1479178,11560,33134,"{""Bob Barr"": 8547, ""Chuck Baldwin"": 8191, ""Cynthia"": 2499, ""Others"": 2337, ""Ralph Nader"": 11560}",2599749,https://en.wikipedia.org/wiki/2008_United_States_presidential_election
2008,TX,3528633,4479328,56116,69834,"{""Bob Barr"": 56116, ""Chuck Baldwin"": 5708, ""Cynthia"": 909, ""Others"": 1350, ""Ralph Nader"": 5751}",8077795,https://en.wikipedia.org/wiki/2008_United_States_presidential_election
2008,UT,327670,596030,12012,28670,"{""Bob Barr"": 6966, ""Chuck Baldwin"": 12012, ""Cynthia"": 982, ""Others"": 294, ""Ralph Nader"": 8416}",952370,https://en.wikipedia.org/wiki/2008_United_States_presidential_election
2008,VA,1959532,1725005,11483,38723,"{""Bob Barr"": 11067, ""Chuck Baldwin"": 7474, ""Cynthia"": 2344, ""Others"": 6355, ""Ralph Nader"": 11483}",3723260,https://en.wikipedia.org/wiki/2008_United_States_presidential_election
2008,VT,219262,98974,3339,6810,"{""Bob Barr"": 1067, ""Chuck Baldwin"": 500, ""Cynthia"": 66, ""Others"": 1838, ""Ralph Nader"": 3339}",325046,https://en.wikipedia.org/wiki/2008_United_States_presidential_election
2008,WA,1750848,1229216,29489,56814,"{""Bob Barr"": 12728, ""Chuck Baldwin"": 9432, ""Cynthia"": 3819, ""Others"": 1346, ""Ralph Nader"": 29489}",3036878,https://en.wikipedia.org/wiki/2008_United_States_presidential_election
2008,WI,1677211,1262393,17605,43813,"{""Bob Barr"": 8858, ""Chuck Baldwin"": 5072, ""Cynthia"": 4216, ""Others"": 8062, ""Ralph Nader"": 17605}",2983417,https://en.wikipedia.org/wiki/2008_United_States_presidential_election
2008,WV,303857,397466,7219,12128,"{""Chuck Baldwin"": 2465, ""Cynthia"": 2355, ""Others"": 89, ""Ralph Nader"": 7219}",713451,https://en.wikipedia.org/wiki/2008_United_States_presidential_election
2008,WY,82868,164958,2525,6832,"{""Bob Barr"": 1594, ""Chuck Baldwin"": 1192, ""Others"": 1521, ""Ralph Nader"": 2525}",254658,https://en.wikipedia.org/wiki/2008_United_States_presidential_election
2012,AK,122640,164676,7392,13179,"{""Johnson/Gray"": 7392, ""Others"": 2870, ""Stein/Honkala"": 2917}",300495,https://en.wikipedia.org/wiki/2012_United_States_presidential_election
2012,AL,795696,1255925,12328,22717,"{""Johnson/Gray"": 12328, ""Others"": 6992, ""Stein/Honkala"": 3397}",2074338,https://en.wikipedia.org/wiki/2012_United_States_presidential_election
2012,AR,394409,647744,16276,27315,"{""Johnson/Gray"": 16276, ""Others"": 1734, ""Stein/Honkala"": 9305}",1069468,https://en.wikipedia.org/wiki/2012_United_States_presidential_election
2012,AZ,1025232,1233654,32100,40368,"{""Johnson/Gray"": 32100, ""Others"": 452, ""Stein/Honkala"": 7816}",2299254,https://en.wikipedia.org/wiki/2012_United_States_presidential_election
2012,CA,7854285,4839958,143221,344304,"{""Johnson/Gray"": 143221, ""Others"": 115445, ""Stein/Honkala"": 85638}",13038547,https://en.wikipedia.org/wiki/2012_United_States_presidential_election
2012,CO,1323102,1185243,35545,61173,"{""Johnson/Gray"": 35545, ""Others"": 18121, ""Stein/Honkala"": 7508}",2569518,https://en.wikipedia.org/wiki/2012_United_States_presidential_election
2012,CT,905083,634892,12580,18985,"{""Johnson/Gray"": 12580, ""Others"": 5542, ""Stein/Honkala"": 863}",1558960,https://en.wikipedia.org/wiki/2012_United_States_presidential_election
2012,DC,267070,21381,2458,5313,"{""Johnson/Gray"": 2083, ""Others"": 772, ""Stein/Honkala"": 2458}",293764,https://en.wikipedia.org/wiki/2012_United_States_presidential_election
2012,DE,242584,165484,3882,5853,"{""Johnson/Gray"": 3882, ""Others"": 31, ""Stein/Honkala"": 1940}",413921,https://en.wikipedia.org/wiki/2012_United_States_presidential_election
2012,FL,4237756,4163447,44726,72976,"{""Johnson/Gray"": 44726, ""Others"": 19303, ""Stein/Honkala"": 8947}",8474179,https://en.wikipedia.org/wiki/2012_United_States_presidential_election
2012,GA,1773827,2078688,45324,47535,"{""Johnson/Gray"": 45324, ""Others"": 695, ""Stein/Honkala"": 1516}",3900050,https://en.wikipedia.org/wiki/2012_United_States_presidential_election
2012,HI,306658,121015,3840,7024,"{""Johnson/Gray"": 3840, ""Stein/Honkala"": 3184}",434697,https://en.wikipedia.org/wiki/2012_United_States_presidential_election
2012,IA,822544,730617,12926,29019,"{""Johnson/Gray"": 12926, ""Others"": 12324, ""Stein/Honkala"": 3769}",1582180,https://en.wikipedia.org/wiki/2012_United_States_presidential_election
2012,ID,212787,420911,9453,18576,"{""Johnson/Gray"": 9453, ""Others"": 4721, ""Stein/Honkala"": 4402}",652274,https://en.wikipedia.org/wiki/2012_United_States_presidential_election
2012,IL,3019512,2135216,56229,87286,"{""Johnson/Gray"": 56229, ""Others"": 835, ""Stein/Honkala"": 30222}",5242014,https://en.wikipedia.org/wiki/2012_United_States_presidential_election
2012,IN,1152887,1420543,50111,51104,"{""Johnson/Gray"": 50111, ""Others"": 368, ""Stein/Honkala"": 625}",2624534,https://en.wikipedia.org/wiki/2012_United_States_presidential_election
2012,KS,440726,692634,20456,26611,"{""Johnson/Gray"": 20456, ""Others"": 5441, ""Stein/Honkala"": 714}",1159971,https://en.wikipedia.org/wiki/2012_United_States_presidential_election
2012,KY,679370,1087190,17063,30652,"{""Johnson/Gray"": 17063, ""Others"": 7252, ""Stein/Honkala"": 6337}",1797212,https://en.wikipedia.org/wiki/2012_United_States_presidential_election
2012,LA,809141,1152262,18157,32662,"{""Johnson/Gray"": 18157, ""Others"": 7527, ""Stein/Honkala"": 6978}",1994065,https://en.wikipedia.org/wiki/2012_United_States_presidential_election
2012,MA,1921290,1188314,30920,58163,"{""Johnson/Gray"": 30920, ""Others"": 6552, ""Stein/Honkala"": 20691}",3167767,https://en.wikipedia.org/wiki/2012_United_States_presidential_election
2012,MD,1677844,971869,30195,57614,"{""Johnson/Gray"": 30195, ""Others"": 10309, ""Stein/Honkala"": 17110}",2707327,https://en.wikipedia.org/wiki/2012_United_States_presidential_election
2012,ME-01,223035,142937,4501,8447,"{""Johnson/Gray"": 4501, ""Stein/Honkala"": 3946}",374419,https://en.wikipedia.org/wiki/2012_United_States_presidential_election
2012,ME-02,177998,149215,4843,9013,"{""Johnson/Gray"": 4843, ""Stein/Honkala"": 4170}",336226,https://en.wikipedia.org/wiki/2012_United_States_presidential_election
2012,ME-AL,401306,292276,9352,19598,"{""Johnson/Gray"": 9352, ""Others"": 2127, ""Stein/Honkala"": 8119}",713180,https://en.wikipedia.org/wiki/2012_United_States_presidential_election
2012,MI,2564569,2115256,21897,51136,"{""Johnson/Gray"": 7774, ""Others"": 21465, ""Stein/Honkala"": 21897}",4730961,https://en.wikipedia.org/wiki/2012_United_States_presidential_election
2012,MN,1546167,1320225,35098,70169,"{""Johnson/Gray"": 35098, ""Others"": 22048, ""Stein/Honkala"": 13023}",2936561,https://en.wikipedia.org/wiki/2012_United_States_presidential_election
2012,MO,1223796,1482440,43151,51087,"{""Johnson/Gray"": 43151, ""Others"": 7936}",2757323,https://en.wikipedia.org/wiki/2012_United_States_presidential_election
2012,MS,562949,710746,6676,11889,"{""Johnson/Gray"": 6676, ""Others"": 3625, ""Stein/Honkala"": 1588}",1285584,https://en.wikipedia.org/wiki/2012_United_States_presidential_election
2012,MT,201839,267928,14165,14281,"{""Johnson/Gray"": 14165, ""Others"": 116}",484048,https://en.wikipedia.org/wiki/2012_United_States_presidential_election
2012,NATIONAL,65915795,60933504,1275971,2236111,"{""Johnson/Gray"": 1275971, ""Others"": 490510, ""Stein/Honkala"": 469627}",129085410,https://en.wikipedia.org/wiki/2012_United_States_presidential_election
2012,NC,2178391,2270395,44515,56586,"{""Johnson/Gray"": 44515, ""Others"": 12071}",4505372,https://en.wikipedia.org/wiki/2012_United_States_presidential_election
2012,ND,124827,188163,5231,9637,"{""Johnson/Gray"": 5231, ""Others"": 3045, ""Stein/Honkala"": 1361}",322627,https://en.wikipedia.org/wiki/2012_United_States_presidential_election
2012,NE-01,108082,152021,3847,4609,"{""Johnson/Gray"": 3847, ""Others"": 762}",264712,https://en.wikipedia.org/wiki/2012_United_States_presidential_election
2012,NE-02,121889,140976,3393,3862,"{""Johnson/Gray"": 3393, ""Others"": 469}",266727,https://en.wikipedia.org/wiki/2012_United_States_presidential_election
2012,NE-03,72110,182067,3869,5046,"{""Johnson/Gray"": 3869, ""Others"": 1177}",259223,https://en.wikipedia.org/wiki/2012_United_States_presidential_election
2012,NE-AL,302081,475064,11109,17234,"{""Johnson/Gray"": 11109, ""Others"": 6125}",794379,https://en.wikipedia.org/wiki/2012_United_States_presidential_election
2012,NH,369561,329918,8212,11493,"{""Johnson/Gray"": 8212, ""Others"": 2957, ""Stein/Honkala"": 324}",710972,https://en.wikipedia.org/wiki/2012_United_States_presidential_election
2012,NJ,2125101,1477568,21045,37623,"{""Johnson/Gray"": 21045, ""Others"": 6690, ""Stein/Honkala"": 9888}",3640292,https://en.wikipedia.org/wiki/2012_United_States_presidential_election
2012,NM,415335,335788,27788,32635,"{""Johnson/Gray"": 27788, ""Others"": 2156, ""Stein/Honkala"": 2691}",783758,https://en.wikipedia.org/wiki/2012_United_States_presidential_election
2012,NV,531373,463567,10968,19978,"{""Johnson/Gray"": 10968, ""Others"": 9010}",1014918,https://en.wikipedia.org/wiki/2012_United_States_presidential_election
2012,NY,4485741,2490431,47256,104987,"{""Johnson/Gray"": 47256, ""Others"": 17749, ""Stein/Honkala"": 39982}",7081159,https://en.wikipedia.org/wiki/2012_United_States_presidential_election
2012,OH,2827709,2661437,49493,91701,"{""Johnson/Gray"": 49493, ""Others"": 23635, ""Stein/Honkala"": 18573}",5580847,https://en.wikipedia.org/wiki/2012_United_States_presidential_election
2012,OK,443547,891325,0,0,{},1334872,https://en.wikipedia.org/wiki/2012_United_States_presidential_election
2012,OR,970488,754175,24089,64607,"{""Johnson/Gray"": 24089, ""Others"": 21091, ""Stein/Honkala"": 19427}",1789270,https://en.wikipedia.org/wiki/2012_United_States_presidential_election
2012,PA,2990274,2680434,49991,82962,"{""Johnson/Gray"": 49991, ""Others"": 11630, ""Stein/Honkala"": 21341}",5753670,https://en.wikipedia.org/wiki/2012_United_States_presidential_election
2012,RI,279677,157204,4388,9168,"{""Johnson/Gray"": 4388, ""Others"": 2359, ""Stein/Honkala"": 2421}",446049,https://en.wikipedia.org/wiki/2012_United_States_presidential_election
2012,SC,865941,1071645,16321,26532,"{""Johnson/Gray"": 16321, ""Others"": 4765, ""Stein/Honkala"": 5446}",1964118,https://en.wikipedia.org/wiki/2012_United_States_presidential_election
2012,SD,145039,210610,5795,8166,"{""Johnson/Gray"": 5795, ""Others"": 2371}",363815,https://en.wikipedia.org/wiki/2012_United_States_presidential_election
2012,TN,960709,1462330,18623,35538,"{""Johnson/Gray"": 18623, ""Others"": 10400, ""Stein/Honkala"": 6515}",2458577,https://en.wikipedia.org/wiki/2012_United_States_presidential_election
2012,TX,3308124,4569843,88580,115884,"{""Johnson/Gray"": 88580, ""Others"": 2647, ""Stein/Honkala"": 24657}",7993851,https://en.wikipedia.org/wiki/2012_United_States_presidential_election
2012,UT,251813,740600,12572,25027,"{""Johnson/Gray"": 12572, ""Others"": 8638, ""Stein/Honkala"": 3817}",1017440,https://en.wikipedia.org/wiki/2012_United_States_presidential_election
2012,VA,1971820,1822522,31216,60147,"{""Johnson/Gray"": 31216, ""Others"": 20304, ""Stein/Honkala"": 8627}",3854489,https://en.wikipedia.org/wiki/2012_United_States_presidential_election
2012,VT,199239,92698,3487,7353,"{""Johnson/Gray"": 3487, ""Others"": 3272, ""Stein/Honkala"": 594}",299290,https://en.wikipedia.org/wiki/2012_United_States_presidential_election
2012,WA,1755396,1290670,42202,79450,"{""Johnson/Gray"": 42202, ""Others"": 16320, ""Stein/Honkala"": 20928}",3125516,https://en.wikipedia.org/wiki/2012_United_States_presidential_election
2012,WI,1620985,1407966,20439,39483,"{""Johnson/Gray"": 20439, ""Others"": 11379, ""Stein/Honkala"": 7665}",3068434,https://en.wikipedia.org/wiki/2012_United_States_presidential_election
2012,WV,238269,417655,6302,14514,"{""Johnson/Gray"": 6302, ""Others"": 3806, ""Stein/Honkala"": 4406}",670438,https://en.wikipedia.org/wiki/2012_United_States_presidential_election
2012,WY,69286,170962,5326,8813,"{""Johnson/Gray"": 5326, ""Others"": 3487}",249061,https://en.wikipedia.org/wiki/2012_United_States_presidential_election
2016,AK,116454,163387,18725,38767,"{""Johnson/Weld"": 18725, ""Others"": 14307, ""Stein/Baraka"": 5735}",318608,https://en.wikipedia.org/wiki/2016_United_States_presidential_election
2016,AL,729547,1318255,44467,75570,"{""Johnson/Weld"": 44467, ""Others"": 21712, ""Stein/Baraka"": 9391}",2123372,https://en.wikipedia.org/wiki/2016_United_States_presidential_election
2016,AR,380494,684872,29949,65310,"{""Johnson/Weld"": 29949, ""McMullin/Finn"": 13176, ""Others"": 12712, ""Stein/Baraka"": 9473}",1130676,https://en.wikipedia.org/wiki/2016_United_States_presidential_election
2016,AZ,1161167,1252401,106327,159597,"{""Johnson/Weld"": 106327, ""McMullin/Finn"": 17449, ""Others"": 1476, ""Stein/Baraka"": 34345}",2573165,https://en.wikipedia.org/wiki/2016_United_States_presidential_election
2016,CA,8753788,4483810,478500,943997,"{""Johnson/Weld"": 478500, ""McMullin/Finn"": 39596, ""Others"": 147244, ""Stein/Baraka"": 278657}",14181595,https://en.wikipedia.org/wiki/2016_United_States_presidential_election
2016,CO,1338870,1202484,144121,238893,"{""Johnson/Weld"": 144121, ""McMullin/Finn"": 28917, ""Others"": 27418, ""Stein/Baraka"": 38437}",2780247,https://en.wikipedia.org/wiki/2016_United_States_presidential_election
2016,CT,897572,673215,48676,74133,"{""Johnson/Weld"": 48676, ""McMullin/Finn"": 2108, ""Others"": 508, ""Stein/Baraka"": 22841}",1644920,https://en.wikipedia.org/wiki/2016_United_States_presidential_election
2016,DC,282830,12723,4906,15715,"{""Johnson/Weld"": 4906, ""Others"": 6551, ""Stein/Baraka"": 4258}",311268,https://en.wikipedia.org/wiki/2016_United_States_presidential_election
2016,DE,235603,185127,14757,23084,"{""Johnson/Weld"": 14757, ""McMullin/Finn"": 706, ""Others"": 1518, ""Stein/Baraka"": 6103}",443814,https://en.wikipedia.org/wiki/2016_United_States_presidential_election
2016,FL,4504975,4617886,207043,297178,"{""Johnson/Weld"": 207043, ""Others"": 25736, ""Stein/Baraka"": 64399}",9420039,https://en.wikipedia.org/wiki/2016_United_States_presidential_election
2016,GA,1877963,2089104,125306,147665,"{""Johnson/Weld"": 125306, ""McMullin/Finn"": 13017, ""Others"": 1668, ""Stein/Baraka"": 7674}",4114732,https://en.wikipedia.org/wiki/2016_United_States_presidential_election
2016,HI,266891,128847,15954,33199,"{""Johnson/Weld"": 15954, ""Others"": 4508, ""Stein/Baraka"": 12737}",428937,https://en.wikipedia.org/wiki/2016_United_States_presidential_election
2016,IA,653669,800983,59186,111379,"{""Johnson/Weld"": 59186, ""McMullin/Finn"": 12366, ""Others"": 28348, ""Stein/Baraka"": 11479}",1566031,https://en.wikipedia.org/wiki/2016_United_States_presidential_election
2016,ID,189765,409055,46476,91435,"{""Johnson/Weld"": 28331, ""McMullin/Finn"": 46476, ""Others"": 8132, ""Stein/Baraka"": 8496}",690255,https://en.wikipedia.org/wiki/2016_United_States_presidential_election
2016,IL,3090729,2146015,209596,299680,"{""Johnson/Weld"": 209596, ""McMullin/Finn"": 11655, ""Others"": 1627, ""Stein/Baraka"": 76802}",5536424,https://en.wikipedia.org/wiki/2016_United_States_presidential_election
2016,IN,1033126,1557286,133993,144546,"{""Johnson/Weld"": 133993, ""Others"": 2712, ""Stein/Baraka"": 7841}",2734958,https://en.wikipedia.org/wiki/2016_United_States_presidential_election
2016,KS,427005,671018,55406,86379,"{""Johnson/Weld"": 55406, ""McMullin/Finn"": 6520, ""Others"": 947, ""Stein/Baraka"": 23506}",1184402,https://en.wikipedia.org/wiki/2016_United_States_presidential_election
2016,KY,628854,1202971,53752,92324,"{""Johnson/Weld"": 53752, ""McMullin/Finn"": 22780, ""Others"": 1879, ""Stein/Baraka"": 13913}",1924149,https://en.wikipedia.org/wiki/2016_United_States_presidential_election
2016,LA,780154,1178638,37978,70240,"{""Johnson/Weld"": 37978, ""McMullin/Finn"": 8547, ""Others"": 9684, ""Stein/Baraka"": 14031}",2029032,https://en.wikipedia.org/wiki/2016_United_States_presidential_election
2016,MA,1995196,1090893,138018,238957,"{""Johnson/Weld"": 138018, ""McMullin/Finn"": 2719, ""Others"": 50559, ""Stein/Baraka"": 47661}",3325046,https://en.wikipedia.org/wiki/2016_United_States_presidential_election
2016,MD,1677928,943169,79605,160349,"{""Johnson/Weld"": 79605, ""McMullin/Finn"": 9630, ""Others"": 35169, ""Stein/Baraka"": 35945}",2781446,https://en.wikipedia.org/wiki/2016_United_States_presidential_election
2016,ME-01,212774,154384,18592,27171,"{""Johnson/Weld"": 18592, ""McMullin/Finn"": 807, ""Others"": 209, ""Stein/Baraka"": 7563}",394329,https://en.wikipedia.org/wiki/2016_United_States_presidential_election
2016,ME-02,144817,181177,19510,27422,"{""Johnson/Weld"": 19510, ""McMullin/Finn"": 1080, ""Others"": 147, ""Stein/Baraka"": 6685}",353416,https://en.wikipedia.org/wiki/2016_United_States_presidential_election
2016,ME-AL,357735,335593,38105,54599,"{""Johnson/Weld"": 38105, ""McMullin/Finn"": 1887, ""Others"": 356, ""Stein/Baraka"": 14251}",747927,https://en.wikipedia.org/wiki/2016_United_States_presidential_election
2016,MI,2268839,2279543,172136,250902,"{""Johnson/Weld"": 172136, ""McMullin/Finn"": 8177, ""Others"": 19126, ""Stein/Baraka"": 51463}",4799284,https://en.wikipedia.org/wiki/2016_United_States_presidential_election
2016,MN,1367716,1322951,112972,254146,"{""Johnson/Weld"": 112972, ""McMullin/Finn"": 53076, ""Others"": 51113, ""Stein/Baraka"": 36985}",2944813,https://en.wikipedia.org/wiki/2016_United_States_presidential_election
2016,MO,1071068,1594511,97359,143026,"{""Johnson/Weld"": 97359, ""McMullin/Finn"": 7071, ""Others"": 13177, ""Stein/Baraka"": 25419}",2808605,https://en.wikipedia.org/wiki/2016_United_States_presidential_election
2016,MS,485131,700714,14435,23512,"{""Johnson/Weld"": 14435, ""Others"": 5346, ""Stein/Baraka"": 3731}",1209357,https://en.wikipedia.org/wiki/2016_United_States_presidential_election
2016,MT,177709,279240,28037,40198,"{""Johnson/Weld"": 28037, ""McMullin/Finn"": 2297, ""Others"": 1894, ""Stein/Baraka"": 7970}",497147,https://en.wikipedia.org/wiki/2016_United_States_presidential_election
2016,NATIONAL,65853516,62984825,4489221,7830896,"{""Johnson/Weld"": 4489221, ""McMullin/Finn"": 731788, ""Others"": 1152671, ""Stein/Baraka"": 1457216}",136669237,https://en.wikipedia.org/wiki/2016_United_States_presidential_election
2016,NC,2189316,2362631,130126,189617,"{""Johnson/Weld"": 130126, ""Others"": 47386, ""Stein/Baraka"": 12105}",4741564,https://en.wikipedia.org/wiki/2016_United_States_presidential_election
2016,ND,93758,216794,21434,33808,"{""Johnson/Weld"": 21434, ""Others"": 8594, ""Stein/Baraka"": 3780}",344360,https://en.wikipedia.org/wiki/2016_United_States_presidential_election
2016,NE-01,100132,158642,14033,23564,"{""Johnson/Weld"": 14033, ""Others"": 6181, ""Stein/Baraka"": 3374}",282338,https://en.wikipedia.org/wiki/2016_United_States_presidential_election
2016,NE-02,131030,137564,13245,23086,"{""Johnson/Weld"": 13245, ""Others"": 6494, ""Stein/Baraka"": 3347}",291680,https://en.wikipedia.org/wiki/2016_United_States_presidential_election
2016,NE-03,53332,199755,11668,17022,"{""Johnson/Weld"": 11668, ""Others"": 3451, ""Stein/Baraka"": 2054}",270109,https://en.wikipedia.org/wiki/2016_United_States_presidential_election
2016,NE-AL,284494,495961,38946,63772,"{""Johnson/Weld"": 38946, ""Others"": 16051, ""Stein/Baraka"": 8775}",844227,https://en.wikipedia.org/wiki/2016_United_States_presidential_election
2016,NH,348526,345790,30777,49980,"{""Johnson/Weld"": 30777, ""McMullin/Finn"": 1064, ""Others"": 11643, ""Stein/Baraka"": 6496}",744296,https://en.wikipedia.org/wiki/2016_United_States_presidential_election
2016,NJ,2148278,1601933,72477,123835,"{""Johnson/Weld"": 72477, ""Others"": 13586, ""Stein/Baraka"": 37772}",3874046,https://en.wikipedia.org/wiki/2016_United_States_presidential_election
2016,NM,385234,319667,74541,93418,"{""Johnson/Weld"": 74541, ""McMullin/Finn"": 5825, ""Others"": 3173, ""Stein/Baraka"": 9879}",798319,https://en.wikipedia.org/wiki/2016_United_States_presidential_election
2016,NV,539260,512058,37384,74067,"{""Johnson/Weld"": 37384, ""Others"": 36683}",1125385,https://en.wikipedia.org/wiki/2016_United_States_presidential_election
2016,NY,4556124,2819534,176598,345795,"{""Johnson/Weld"": 176598, ""McMullin/Finn"": 10373, ""Others"": 50890, ""Stein/Baraka"": 107934}",7721453,https://en.wikipedia.org/wiki/2016_United_States_presidential_election
2016,OH,2394164,2841005,174498,261318,"{""Johnson/Weld"": 174498, ""McMullin/Finn"": 12574, ""Others"": 27975, ""Stein/Baraka"": 46271}",5496487,https://en.wikipedia.org/wiki/2016_United_States_presidential_election
2016,OK,420375,949136,83481,83481,"{""Johnson/Weld"": 83481}",1452992,https://en.wikipedia.org/wiki/2016_United_States_presidential_election
2016,OR,1002106,782403,94231,216827,"{""Johnson/Weld"": 94231, ""Others"": 72594, ""Stein/Baraka"": 50002}",2001336,https://en.wikipedia.org/wiki/2016_United_States_presidential_election
2016,PA,2926441,2970733,146715,268304,"{""Johnson/Weld"": 146715, ""McMullin/Finn"": 6472, ""Others"": 65176, ""Stein/Baraka"": 49941}",6165478,https://en.wikipedia.org/wiki/2016_United_States_presidential_election
2016,RI,252525,180543,14746,31076,"{""Johnson/Weld"": 14746, ""McMullin/Finn"": 516, ""Others"": 9594, ""Stein/Baraka"": 6220}",464144,https://en.wikipedia.org/wiki/2016_United_States_presidential_election
2016,SC,855373,1155389,49204,92265,"{""Johnson/Weld"": 49204, ""McMullin/Finn"": 21016, ""Others"": 9011, ""Stein/Baraka"": 13034}",2103027,https://en.wikipedia.org/wiki/2016_United_States_presidential_election
2016,SD,117458,227721,20850,24914,"{""Johnson/Weld"": 20850, ""Others"": 4064}",370093,https://en.wikipedia.org/wiki/2016_United_States_presidential_election
2016,TN,870695,1522925,70397,114407,"{""Johnson/Weld"": 70397, ""McMullin/Finn"": 11991, ""Others"": 16026, ""Stein/Baraka"": 15993}",2508027,https://en.wikipedia.org/wiki/2016_United_States_presidential_election
2016,TX,3877868,4685047,283492,406311,"{""Johnson/Weld"": 283492, ""McMullin/Finn"": 42366, ""Others"": 8895, ""Stein/Baraka"": 71558}",8969226,https://en.wikipedia.org/wiki/2016_United_States_presidential_election
2016,UT,310676,515231,243690,305523,"{""Johnson/Weld"": 39608, ""McMullin/Finn"": 243690, ""Others"": 12787, ""Stein/Baraka"": 9438}",1131430,https://en.wikipedia.org/wiki/2016_United_States_presidential_election
2016,VA,1981473,1769443,118274,233715,"{""Johnson/Weld"": 118274, ""McMullin/Finn"": 54054, ""Others"": 33749, ""Stein/Baraka"": 27638}",3984631,https://en.wikipedia.org/wiki/2016_United_States_presidential_election
2016,VT,178573,95369,10078,41125,"{""Johnson/Weld"": 10078, ""McMullin/Finn"": 639, ""Others"": 23650, ""Stein/Baraka"": 6758}",315067,https://en.wikipedia.org/wiki/2016_United_States_presidential_election
2016,WA,1742718,1221747,160879,352554,"{""Johnson/Weld"": 160879, ""Others"": 133258, ""Stein/Baraka"": 58417}",3317019,https://en.wikipedia.org/wiki/2016_United_States_presidential_election
2016,WI,1382536,1405284,106674,188330,"{""Johnson/Weld"": 106674, ""McMullin/Finn"": 11855, ""Others"": 38729, ""Stein/Baraka"": 31072}",2976150,https://en.wikipedia.org/wiki/2016_United_States_presidential_election
2016,WV,188794,489371,23004,36258,"{""Johnson/Weld"": 23004, ""McMullin/Finn"": 1104, ""Others"": 4075, ""Stein/Baraka"": 8075}",714423,https://en.wikipedia.org/wiki/2016_United_States_presidential_election
2016,WY,55973,174419,13287,25457,"{""Johnson/Weld"": 13287, ""Others"": 9655, ""Stein/Baraka"": 2515}",255849,https://en.wikipedia.org/wiki/2016_United_States_presidential_election
2020,AK,153778,189951,8897,15801,"{""Jorgensen/Cohen"": 8897, ""Others"": 6904}",359530,https://en.wikipedia.org/wiki/2020_United_States_presidential_election
2020,AL,849624,1441170,25176,32488,"{""Jorgensen/Cohen"": 25176, ""Others"": 7312}",2323282,https://en.wikipedia.org/wiki/2020_United_States_presidential_election
2020,AR,423932,760647,13133,34490,"{""Hawkins/Walker"": 2980, ""Jorgensen/Cohen"": 13133, ""Others"": 18377}",1219069,https://en.wikipedia.org/wiki/2020_United_States_presidential_election
2020,AZ,1672143,1661686,51465,53497,"{""Hawkins/Walker"": 1557, ""Jorgensen/Cohen"": 51465, ""Others"": 475}",3387326,https://en.wikipedia.org/wiki/2020_United_States_presidential_election
2020,CA,11110639,6006518,187910,384223,"{""Hawkins/Walker"": 81032, ""Jorgensen/Cohen"": 187910, ""Others"": 115281}",17501380,https://en.wikipedia.org/wiki/2020_United_States_presidential_election
2020,CO,1804352,1364607,52460,88021,"{""Hawkins/Walker"": 8986, ""Jorgensen/Cohen"": 52460, ""Others"": 26575}",3256980,https://en.wikipedia.org/wiki/2020_United_States_presidential_election
2020,CT,1080831,714717,20230,28309,"{""Hawkins/Walker"": 7538, ""Jorgensen/Cohen"": 20230, ""Others"": 541}",1823857,https://en.wikipedia.org/wiki/2020_United_States_presidential_election
2020,DC,317323,18586,2036,8447,"{""Hawkins/Walker"": 1726, ""Jorgensen/Cohen"": 2036, ""Others"": 4685}",344356,https://en.wikipedia.org/wiki/2020_United_States_presidential_election
2020,DE,296268,200603,5000,7475,"{""Hawkins/Walker"": 2139, ""Jorgensen/Cohen"": 5000, ""Others"": 336}",504346,https://en.wikipedia.org/wiki/2020_United_States_presidential_election
2020,FL,5297045,5668731,70324,101680,"{""Hawkins/Walker"": 14721, ""Jorgensen/Cohen"": 70324, ""Others"": 16635}",11067456,https://en.wikipedia.org/wiki/2020_United_States_presidential_election
2020,GA,2473633,2461854,62229,64473,"{""Hawkins/Walker"": 1013, ""Jorgensen/Cohen"": 62229, ""Others"": 1231}",4999960,https://en.wikipedia.org/wiki/2020_United_States_presidential_election
2020,HI,366130,196864,5539,11475,"{""Hawkins/Walker"": 3822, ""Jorgensen/Cohen"": 5539, ""Others"": 2114}",574469,https://en.wikipedia.org/wiki/2020_United_States_presidential_election
2020,IA,759061,897672,19637,34138,"{""Hawkins/Walker"": 3075, ""Jorgensen/Cohen"": 19637, ""Others"": 11426}",1690871,https://en.wikipedia.org/wiki/2020_United_States_presidential_election
2020,ID,287021,554119,16404,26794,"{""Hawkins/Walker"": 407, ""Jorgensen/Cohen"": 16404, ""Others"": 9983}",867934,https://en.wikipedia.org/wiki/2020_United_States_presidential_election
2020,IL,3471915,2446891,66544,114938,"{""Hawkins/Walker"": 30494, ""Jorgensen/Cohen"": 66544, ""Others"": 17900}",6033744,https://en.wikipedia.org/wiki/2020_United_States_presidential_election
2020,IN,1242498,1729857,58901,60855,"{""Hawkins/Walker"": 989, ""Jorgensen/Cohen"": 58901, ""Others"": 965}",3033210,https://en.wikipedia.org/wiki/2020_United_States_presidential_election
2020,KS,570323,771406,30574,32257,"{""Hawkins/Walker"": 669, ""Jorgensen/Cohen"": 30574, ""Others"": 1014}",1373986,https://en.wikipedia.org/wiki/2020_United_States_presidential_election
2020,KY,772474,1326646,26234,37648,"{""Hawkins/Walker"": 716, ""Jorgensen/Cohen"": 26234, ""Others"": 10698}",2136768,https://en.wikipedia.org/wiki/2020_United_States_presidential_election
2020,LA,856034,1255776,21645,36252,"{""Jorgensen/Cohen"": 21645, ""Others"": 14607}",2148062,https://en.wikipedia.org/wiki/2020_United_States_presidential_election
2020,MA,2382202,1167202,47013,81998,"{""Hawkins/Walker"": 18658, ""Jorgensen/Cohen"": 47013, ""Others"": 16327}",3631402,https://en.wikipedia.org/wiki/2020_United_States_presidential_election
2020,MD,1985023,976414,33488,75593,"{""Hawkins/Walker"": 15799, ""Jorgensen/Cohen"": 33488, ""Others"": 26306}",3037030,https://en.wikipedia.org/wiki/2020_United_States_presidential_election
2020,ME-01,266376,164045,7343,12691,"{""Hawkins/Walker"": 4654, ""Jorgensen/Cohen"": 7343, ""Others"": 694}",443112,https://en.wikipedia.org/wiki/2020_United_States_presidential_election
2020,ME-02,168696,196692,6809,10961,"{""Hawkins/Walker"": 3576, ""Jorgensen/Cohen"": 6809, ""Others"": 576}",376349,https://en.wikipedia.org/wiki/2020_United_States_presidential_election
2020,ME-AL,435072,360737,14152,23652,"{""Hawkins/Walker"": 8230, ""Jorgensen/Cohen"": 14152, ""Others"": 1270}",819461,https://en.wikipedia.org/wiki/2020_United_States_presidential_election
2020,MI,2804040,2649852,60381,85410,"{""Hawkins/Walker"": 13718, ""Jorgensen/Cohen"": 60381, ""Others"": 11311}",5539302,https://en.wikipedia.org/wiki/2020_United_States_presidential_election
2020,MN,1717077,1484065,34976,76029,"{""Hawkins/Walker"": 10033, ""Jorgensen/Cohen"": 34976, ""Others"": 31020}",3277171,https://en.wikipedia.org/wiki/2020_United_States_presidential_election
2020,MO,1253014,1718736,41205,54212,"{""Hawkins/Walker"": 8283, ""Jorgensen/Cohen"": 41205, ""Others"": 4724}",3025962,https://en.wikipedia.org/wiki/2020_United_States_presidential_election
2020,MS,539398,756764,8026,17597,"{""Hawkins/Walker"": 1498, ""Jorgensen/Cohen"": 8026, ""Others"": 8073}",1313759,https://en.wikipedia.org/wiki/2020_United_States_presidential_election
2020,MT,244786,343602,15252,15286,"{""Jorgensen/Cohen"": 15252, ""Others"": 34}",603674,https://en.wikipedia.org/wiki/2020_United_States_presidential_election
2020,NATIONAL,81283501,74223975,1865535,2922155,"{""Hawkins/Walker"": 407068, ""Jorgensen/Cohen"": 1865535, ""Others"": 649552}",158429631,https://en.wikipedia.org/wiki/2020_United_States_presidential_election
2020,NC,2684292,2758775,48678,81737,"{""Hawkins/Walker"": 12195, ""Jorgensen/Cohen"": 48678, ""Others"": 20864}",5524804,https://en.wikipedia.org/wiki/2020_United_States_presidential_election
2020,ND,115042,235751,9371,11231,"{""Jorgensen/Cohen"": 9371, ""Others"": 1860}",362024,https://en.wikipedia.org/wiki/2020_United_States_presidential_election
2020,NE-01,132261,180290,7495,9335,"{""Jorgensen/Cohen"": 7495, ""Others"": 1840}",321886,https://en.wikipedia.org/wiki/2020_United_States_presidential_election
2020,NE-02,176468,154377,6909,8821,"{""Jorgensen/Cohen"": 6909, ""Others"": 1912}",339666,https://en.wikipedia.org/wiki/2020_United_States_presidential_election
2020,NE-03,65854,222179,5879,6798,"{""Jorgensen/Cohen"": 5879, ""Others"": 919}",294831,https://en.wikipedia.org/wiki/2020_United_States_presidential_election
2020,NE-AL,374583,556846,20283,24954,"{""Jorgensen/Cohen"": 20283, ""Others"": 4671}",956383,https://en.wikipedia.org/wiki/2020_United_States_presidential_election
2020,NH,424937,365660,13236,15608,"{""Hawkins/Walker"": 217, ""Jorgensen/Cohen"": 13236, ""Others"": 2155}",806205,https://en.wikipedia.org/wiki/2020_United_States_presidential_election
2020,NJ,2608400,1883313,31677,57744,"{""Hawkins/Walker"": 14202, ""Jorgensen/Cohen"": 31677, ""Others"": 11865}",4549457,https://en.wikipedia.org/wiki/2020_United_States_presidential_election
2020,NM,501614,401894,12585,20457,"{""Hawkins/Walker"": 4426, ""Jorgensen/Cohen"": 12585, ""Others"": 3446}",923965,https://en.wikipedia.org/wiki/2020_United_States_presidential_election
2020,NV,703486,669890,14783,32000,"{""Jorgensen/Cohen"": 14783, ""Others"": 17217}",1405376,https://en.wikipedia.org/wiki/2020_United_States_presidential_election
2020,NY,5244886,3251997,60383,119978,"{""Hawkins/Walker"": 32832, ""Jorgensen/Cohen"": 60383, ""Others"": 26763}",8616861,https://en.wikipedia.org/wiki/2020_United_States_presidential_election
2020,OH,2679165,3154834,67569,88203,"{""Hawkins/Walker"": 18812, ""Jorgensen/Cohen"": 67569, ""Others"": 1822}",5922202,https://en.wikipedia.org/wiki/2020_United_States_presidential_election
2020,OK,503890,1020280,24731,36529,"{""Jorgensen/Cohen"": 24731, ""Others"": 11798}",1560699,https://en.wikipedia.org/wiki/2020_United_States_presidential_election
2020,OR,1340383,958448,41582,75490,"{""Hawkins/Walker"": 11831, ""Jorgensen/Cohen"": 41582, ""Others"": 22077}",2374321,https://en.wikipedia.org/wiki/2020_United_States_presidential_election
2020,PA,3458229,3377674,79380,101073,"{""Hawkins/Walker"": 1282, ""Jorgensen/Cohen"": 79380, ""Others"": 20411}",6936976,https://en.wikipedia.org/wiki/2020_United_States_presidential_election
2020,RI,307486,199922,5053,10349,"{""Jorgensen/Cohen"": 5053, ""Others"": 5296}",517757,https://en.wikipedia.org/wiki/2020_United_States_presidential_election
2020,SC,1091541,1385103,27916,36685,"{""Hawkins/Walker"": 6907, ""Jorgensen/Cohen"": 27916, ""Others"": 1862}",2513329,https://en.wikipedia.org/wiki/2020_United_States_presidential_election
2020,SD,150471,261043,11095,11095,"{""Jorgensen/Cohen"": 11095}",422609,https://en.wikipedia.org/wiki/2020_United_States_presidential_election
2020,TN,1143711,1852475,29877,57665,"{""Hawkins/Walker"": 4545, ""Jorgensen/Cohen"": 29877, ""Others"": 23243}",3053851,https://en.wikipedia.org/wiki/2020_United_States_presidential_election
2020,TX,5259126,5890347,126243,165583,"{""Hawkins/Walker"": 33396, ""Jorgensen/Cohen"": 126243, ""Others"": 5944}",11315056,https://en.wikipedia.org/wiki/2020_United_States_presidential_election
2020,UT,560282,865140,38447,62867,"{""Hawkins/Walker"": 5053, ""Jorgensen/Cohen"": 38447, ""Others"": 19367}",1488289,https://en.wikipedia.org/wiki/2020_United_States_presidential_election
2020,VA,2413568,1962430,64761,84526,"{""Jorgensen/Cohen"": 64761, ""Others"": 19765}",4460524,https://en.wikipedia.org/wiki/2020_United_States_presidential_election
2020,VT,242820,112704,3608,11904,"{""Hawkins/Walker"": 1310, ""Jorgensen/Cohen"": 3608, ""Others"": 6986}",367428,https://en.wikipedia.org/wiki/2020_United_States_presidential_election
2020,WA,2369612,1584651,80500,133368,"{""Hawkins/Walker"": 18289, ""Jorgensen/Cohen"": 80500, ""Others"": 34579}",4087631,https://en.wikipedia.org/wiki/2020_United_States_presidential_election
2020,WI,1630866,1610184,38491,56991,"{""Hawkins/Walker"": 1089, ""Jorgensen/Cohen"": 38491, ""Others"": 17411}",3298041,https://en.wikipedia.org/wiki/2020_United_States_presidential_election
2020,WV,235984,545382,10687,13365,"{""Hawkins/Walker"": 2599, ""Jorgensen/Cohen"": 10687, ""Others"": 79}",794731,https://en.wikipedia.org/wiki/2020_United_States_presidential_election
2020,WY,73491,193559,5768,9715,"{""Jorgensen/Cohen"": 5768, ""Others"": 3947}",276765,https://en.wikipedia.org/wiki/2020_United_States_presidential_election
2024,AK,140026,184458,5670,13693,"{""Kennedy/Shanahan"": 5670, ""Oliver/Maat"": 3040, ""Others"": 2641, ""Stein/Ware"": 2342}",338177,https://en.wikipedia.org/wiki/2024_United_States_presidential_election
2024,AL,772412,1462616,12075,30062,"{""Kennedy/Shanahan"": 12075, ""Oliver/Maat"": 4930, ""Others"": 8738, ""Stein/Ware"": 4319}",2265090,https://en.wikipedia.org/wiki/2024_United_States_presidential_election
2024,AR,396905,759241,13255,26530,"{""Kennedy/Shanahan"": 13255, ""Oliver/Maat"": 5715, ""Others"": 3285, ""Stein/Ware"": 4275}",1182676,https://en.wikipedia.org/wiki/2024_United_States_presidential_election
2024,AZ,1582860,1770242,18319,37059,"{""Oliver/Maat"": 17898, ""Others"": 842, ""Stein/Ware"": 18319}",3390161,https://en.wikipedia.org/wiki/2024_United_States_presidential_election
2024,CA,9276179,6081697,197645,507599,"{""Kennedy/Shanahan"": 197645, ""Oliver/Maat"": 66662, ""Others"": 75478, ""Stein/Ware"": 167814}",15865475,https://en.wikipedia.org/wiki/2024_United_States_presidential_election
2024,CO,1728159,1377441,35623,87145,"{""Kennedy/Shanahan"": 35623, ""Oliver/Maat"": 21439, ""Others"": 12739, ""Stein/Ware"": 17344}",3192745,https://en.wikipedia.org/wiki/2024_United_States_presidential_election
2024,CT,992053,736918,14281,30039,"{""Kennedy/Shanahan"": 8448, ""Oliver/Maat"": 6729, ""Others"": 581, ""Stein/Ware"": 14281}",1759010,https://en.wikipedia.org/wiki/2024_United_States_presidential_election
2024,DC,294185,21076,2778,10608,"{""Kennedy/Shanahan"": 2778, ""Others"": 7830}",325869,https://en.wikipedia.org/wiki/2024_United_States_presidential_election
2024,DE,289758,214351,4636,8803,"{""Kennedy/Shanahan"": 4636, ""Oliver/Maat"": 2038, ""Others"": 1215, ""Stein/Ware"": 914}",512912,https://en.wikipedia.org/wiki/2024_United_States_presidential_election
2024,FL,4683038,6110125,43155,100589,"{""Oliver/Maat"": 31972, ""Others"": 25462, ""Stein/Ware"": 43155}",10893752,https://en.wikipedia.org/wiki/2024_United_States_presidential_election
2024,GA,2548017,2663117,20684,39771,"{""Oliver/Maat"": 20684, ""Others"": 858, ""Stein/Ware"": 18229}",5250905,https://en.wikipedia.org/wiki/2024_United_States_presidential_election
2024,HI,313044,193661,4387,9996,"{""Oliver/Maat"": 2733, ""Others"": 2876, ""Stein/Ware"": 4387}",516701,https://en.wikipedia.org/wiki/2024_United_States_presidential_election
2024,IA,707278,927019,13122,29209,"{""Kennedy/Shanahan"": 13122, ""Oliver/Maat"": 7218, ""Others"": 8869}",1663506,https://en.wikipedia.org/wiki/2024_United_States_presidential_election
2024,ID,274972,605246,12812,24839,"{""Kennedy/Shanahan"": 12812, ""Oliver/Maat"": 4462, ""Others"": 4592, ""Stein/Ware"": 2973}",905057,https://en.wikipedia.org/wiki/2024_United_States_presidential_election
2024,IL,3062863,2449079,80426,121368,"{""Kennedy/Shanahan"": 80426, ""Oliver/Maat"": 3510, ""Others"": 6409, ""Stein/Ware"": 31023}",5633310,https://en.wikipedia.org/wiki/2024_United_States_presidential_election
2024,IN,1163603,1720347,29325,52727,"{""Kennedy/Shanahan"": 29325, ""Oliver/Maat"": 20425, ""Others"": 2977}",2936677,https://en.wikipedia.org/wiki/2024_United_States_presidential_election
2024,KS,544853,758802,16322,23936,"{""Kennedy/Shanahan"": 16322, ""Oliver/Maat"": 7614}",1327591,https://en.wikipedia.org/wiki/2024_United_States_presidential_election
2024,KY,704043,1337494,16769,32993,"{""Kennedy/Shanahan"": 16769, ""Oliver/Maat"": 6422, ""Others"": 2236, ""Stein/Ware"": 7566}",2074530,https://en.wikipedia.org/wiki/2024_United_States_presidential_election
2024,LA,766870,1208505,7138,31600,"{""Kennedy/Shanahan"": 6641, ""Oliver/Maat"": 6835, ""Others"": 10986, ""Stein/Ware"": 7138}",2006975,https://en.wikipedia.org/wiki/2024_United_States_presidential_election
2024,MA,2126518,1251303,26545,95847,"{""Oliver/Maat"": 17735, ""Others"": 51567, ""Stein/Ware"": 26545}",3473668,https://en.wikipedia.org/wiki/2024_United_States_presidential_election
2024,MD,1902577,1035550,33134,100207,"{""Kennedy/Shanahan"": 28819, ""Oliver/Maat"": 15570, ""Others"": 22684, ""Stein/Ware"": 33134}",3038334,https://en.wikipedia.org/wiki/2024_United_States_presidential_election
2024,ME-01,258863,165214,4828,9632,"{""Oliver/Maat"": 2802, ""Others"": 2002, ""Stein/Ware"": 4828}",433709,https://en.wikipedia.org/wiki/2024_United_States_presidential_election
2024,ME-02,176789,212763,4139,8114,"{""Oliver/Maat"": 2484, ""Others"": 1491, ""Stein/Ware"": 4139}",397666,https://en.wikipedia.org/wiki/2024_United_States_presidential_election
2024,ME-AL,435652,377977,8967,17746,"{""Oliver/Maat"": 5286, ""Others"": 3493, ""Stein/Ware"": 8967}",831375,https://en.wikipedia.org/wiki/2024_United_States_presidential_election
2024,MI,2736533,2816636,44607,111017,"{""Kennedy/Shanahan"": 26785, ""Oliver/Maat"": 22440, ""Others"": 17185, ""Stein/Ware"": 44607}",5664186,https://en.wikipedia.org/wiki/2024_United_States_presidential_election
2024,MN,1656979,1519032,24001,77909,"{""Kennedy/Shanahan"": 24001, ""Oliver/Maat"": 15155, ""Others"": 22478, ""Stein/Ware"": 16275}",3253920,https://en.wikipedia.org/wiki/2024_United_States_presidential_election
2024,MO,1200599,1751986,23876,42742,"{""Oliver/Maat"": 23876, ""Others"": 1731, ""Stein/Ware"": 17135}",2995327,https://en.wikipedia.org/wiki/2024_United_States_presidential_election
2024,MS,466668,747744,5387,13596,"{""Kennedy/Shanahan"": 5387, ""Oliver/Maat"": 2536, ""Others"": 3800, ""Stein/Ware"": 1873}",1228008,https://en.wikipedia.org/wiki/2024_United_States_presidential_election
2024,MT,231906,352079,11825,19005,"{""Kennedy/Shanahan"": 11825, ""Oliver/Maat"": 4275, ""Others"": 27, ""Stein/Ware"": 2878}",602990,https://en.wikipedia.org/wiki/2024_United_States_presidential_election
2024,NATIONAL,75017613,77302580,862049,2918109,"{""Kennedy/Shanahan"": 756393, ""Oliver/Maat"": 650126, ""Others"": 649541, ""Stein/Ware"": 862049}",155238302,https://en.wikipedia.org/wiki/2024_United_States_presidential_election
2024,NC,2715375,2898423,24762,85343,"{""Oliver/Maat"": 22125, ""Others"": 38456, ""Stein/Ware"": 24762}",5699141,https://en.wikipedia.org/wiki/2024_United_States_presidential_election
2024,ND,112327,246505,6227,9323,"{""Oliver/Maat"": 6227, ""Others"": 3096}",368155,https://en.wikipedia.org/wiki/2024_United_States_presidential_election
2024,NE-01,136153,177666,2420,6375,"{""Oliver/Maat"": 2420, ""Others"": 2944, ""Stein/Ware"": 1011}",320194,https://en.wikipedia.org/wiki/2024_United_States_presidential_election
2024,NE-02,163541,148905,2001,6200,"{""Oliver/Maat"": 2001, ""Others"": 3089, ""Stein/Ware"": 1110}",318646,https://en.wikipedia.org/wiki/2024_United_States_presidential_election
2024,NE-03,70301,238245,1978,4796,"{""Oliver/Maat"": 1978, ""Others"": 2052, ""Stein/Ware"": 766}",313342,https://en.wikipedia.org/wiki/2024_United_States_presidential_election
2024,NE-AL,369995,564816,6399,17371,"{""Oliver/Maat"": 6399, ""Others"": 8085, ""Stein/Ware"": 2887}",952182,https://en.wikipedia.org/wiki/2024_United_States_presidential_election
2024,NH,418488,395523,4425,12178,"{""Oliver/Maat"": 4425, ""Others"": 4073, ""Stein/Ware"": 3680}",826189,https://en.wikipedia.org/wiki/2024_United_States_presidential_election
2024,NJ,2220713,1968215,39041,83797,"{""Kennedy/Shanahan"": 23479, ""Oliver/Maat"": 10500, ""Others"": 10777, ""Stein/Ware"": 39041}",4272725,https://en.wikipedia.org/wiki/2024_United_States_presidential_election
2024,NM,478802,423391,9553,21210,"{""Kennedy/Shanahan"": 9553, ""Oliver/Maat"": 3745, ""Others"": 3301, ""Stein/Ware"": 4611}",923403,https://en.wikipedia.org/wiki/2024_United_States_presidential_election
2024,NV,705197,751205,6059,28438,"{""Oliver/Maat"": 6059, ""Others"": 22379}",1484840,https://en.wikipedia.org/wiki/2024_United_States_presidential_election
2024,NY,4619195,3578899,46698,64401,"{""Oliver/Maat"": 5338, ""Others"": 12365, ""Stein/Ware"": 46698}",8262495,https://en.wikipedia.org/wiki/2024_United_States_presidential_election
2024,OH,2533699,3180116,28200,53973,"{""Oliver/Maat"": 28200, ""Others"": 25773}",5767788,https://en.wikipedia.org/wiki/2024_United_States_presidential_election
2024,OK,499599,1036213,16020,30361,"{""Kennedy/Shanahan"": 16020, ""Oliver/Maat"": 9198, ""Others"": 5143}",1566173,https://en.wikipedia.org/wiki/2024_United_States_presidential_election
2024,OR,1240600,919480,33733,84413,"{""Kennedy/Shanahan"": 33733, ""Oliver/Maat"": 9061, ""Others"": 22520, ""Stein/Ware"": 19099}",2244493,https://en.wikipedia.org/wiki/2024_United_States_presidential_election
2024,PA,3423042,3543308,34538,92382,"{""Oliver/Maat"": 33318, ""Others"": 24526, ""Stein/Ware"": 34538}",7058732,https://en.wikipedia.org/wiki/2024_United_States_presidential_election
2024,RI,285156,214406,5045,13824,"{""Kennedy/Shanahan"": 5045, ""Oliver/Maat"": 1617, ""Others"": 4262, ""Stein/Ware"": 2900}",513386,https://en.wikipedia.org/wiki/2024_United_States_presidential_election
2024,SC,1028452,1483747,12669,35941,"{""Oliver/Maat"": 12669, ""Others"": 15155, ""Stein/Ware"": 8117}",2548140,https://en.wikipedia.org/wiki/2024_United_States_presidential_election
2024,SD,146859,272081,7204,9982,"{""Kennedy/Shanahan"": 7204, ""Oliver/Maat"": 2778}",428922,https://en.wikipedia.org/wiki/2024_United_States_presidential_election
2024,TN,1056265,1966865,21535,40812,"{""Kennedy/Shanahan"": 21535, ""Others"": 10310, ""Stein/Ware"": 8967}",3063942,https://en.wikipedia.org/wiki/2024_United_States_presidential_election
2024,TX,4835250,6393597,82701,159827,"{""Oliver/Maat"": 68557, ""Others"": 8569, ""Stein/Ware"": 82701}",11388674,https://en.wikipedia.org/wiki/2024_United_States_presidential_election
2024,UT,562566,883818,16902,42110,"{""Oliver/Maat"": 16902, ""Others"": 16986, ""Stein/Ware"": 8222}",1488494,https://en.wikipedia.org/wiki/2024_United_States_presidential_election
2024,VA,2335395,2075085,34888,95461,"{""Oliver/Maat"": 19814, ""Others"": 40759, ""Stein/Ware"": 34888}",4505941,https://en.wikipedia.org/wiki/2024_United_States_presidential_election
2024,VT,235791,119395,5905,14236,"{""Kennedy/Shanahan"": 5905, ""Oliver/Maat"": 1828, ""Others"": 5610, ""Stein/Ware"": 893}",369422,https://en.wikipedia.org/wiki/2024_United_States_presidential_election
2024,WA,2245849,1530923,54868,147471,"{""Kennedy/Shanahan"": 54868, ""Oliver/Maat"": 16428, ""Others"": 46421, ""Stein/Ware"": 29754}",3924243,https://en.wikipedia.org/wiki/2024_United_States_presidential_election
2024,WI,1668229,1697626,17740,57063,"{""Kennedy/Shanahan"": 17740, ""Oliver/Maat"": 10511, ""Others"": 16537, ""Stein/Ware"": 12275}",3422918,https://en.wikipedia.org/wiki/2024_United_States_presidential_election
2024,WV,214309,533556,8947,14717,"{""Kennedy/Shanahan"": 8947, ""Oliver/Maat"": 3047, ""Others"": 192, ""Stein/Ware"": 2531}",762582,https://en.wikipedia.org/wiki/2024_United_States_presidential_election
2024,WY,69527,192633,4193,6888,"{""Oliver/Maat"": 4193, ""Others"": 2695}",269048,https://en.wikipedia.org/wiki/2024_United_States_presidential_election
