year,state,abbr,class,race_type,round,caption,results,total_votes,winner,runner_up,color,source_url
2004,Alabama,AL,III,regular,General,2004 United States Senate election in Alabama,"{""Richard Shelby"": {""party"": ""Republican"", ""votes"": 1242200, ""pct"": 67.55}, ""Wayne Sowell"": {""party"": ""Democratic"", ""votes"": 595018, ""pct"": 32.35}, ""Write-in"": {""party"": ""Write-in"", ""votes"": 1848, ""pct"": 0.1}}",1839066,Richard Shelby,Wayne Sowell,red,https://en.wikipedia.org/wiki/2004_United_States_Senate_election_in_Alabama
2004,Alaska,AK,III,regular,General,2004 United States Senate election in Alaska,"{""Lisa Murkowski"": {""party"": ""Republican"", ""votes"": 149773, ""pct"": 48.58}, ""Tony Knowles"": {""party"": ""Democratic"", ""votes"": 140424, ""pct"": 45.55}, ""Majority"": {""party"": ""Majority"", ""votes"": 9349, ""pct"": 3.03}, ""Marc J. Millican"": {""party"": ""Independent"", ""votes"": 8885, ""pct"": 2.88}, ""Jerry Sanders"": {""party"": ""Independence"", ""votes"": 3785, ""pct"": 1.23}, ""Jim Sykes"": {""party"": ""Green"", ""votes"": 3053, ""pct"": 0.99}, ""Scott A. Kohlhaas"": {""party"": ""Libertarian"", ""votes"": 1240, ""pct"": 0.4}, ""Ted Gianoutsas"": {""party"": ""Independent"", ""votes"": 732, ""pct"": 0.24}, ""423"": {""party"": ""Write-ins"", ""votes"": 423, ""pct"": 0.14}}",317664,Lisa Murkowski,Tony Knowles,red,https://en.wikipedia.org/wiki/2004_United_States_Senate_election_in_Alaska
2004,Arizona,AZ,III,regular,General,General election results,"{""John McCain"": {""party"": ""Republican"", ""votes"": 1505372, ""pct"": 76.74}, ""Majority"": {""party"": ""Majority"", ""votes"": 1100865, ""pct"": 56.12}, ""Stuart Starky"": {""party"": ""Democratic"", ""votes"": 404507, ""pct"": 20.62}, ""Ernest Hancock"": {""party"": ""Libertarian"", ""votes"": 51798, ""pct"": 2.64}}",3062542,John McCain,Majority,red,https://en.wikipedia.org/wiki/2004_United_States_Senate_election_in_Arizona
2004,Arkansas,AR,III,regular,General,Arkansas Senate election 2004,"{""Blanche Lincoln"": {""party"": ""Democratic"", ""votes"": 580973, ""pct"": 55.9}, ""Jim Holt"": {""party"": ""Republican"", ""votes"": 458036, ""pct"": 44.07}, ""Write-in"": {""party"": ""Write-in"", ""votes"": 340, ""pct"": 0.03}}",1039349,Blanche Lincoln,Jim Holt,deepskyblue,https://en.wikipedia.org/wiki/2004_United_States_Senate_election_in_Arkansas
2004,California,CA,III,regular,General,"2004 United States Senate election, California","{""Barbara Boxer"": {""party"": ""Democratic"", ""votes"": 6955728, ""pct"": 57.71}, ""Bill Jones"": {""party"": ""Republican"", ""votes"": 4555922, ""pct"": 37.8}, ""Invalid or blank votes"": {""party"": ""Invalid or blank votes"", ""votes"": 536388, ""pct"": 4.26}, ""Marsha Feinland"": {""party"": ""Peace and Freedom"", ""votes"": 243846, ""pct"": 2.02}, ""James P. \""Jim\"" Gray"": {""party"": ""Libertarian"", ""votes"": 216522, ""pct"": 1.8}, ""Don J. Grundmann"": {""party"": ""American Independent"", ""votes"": 81244, ""pct"": 0.67}, ""Dennis Richter"": {""party"": ""No party"", ""votes"": 43, ""pct"": 0.0}, ""Howard Johnson"": {""party"": ""No party"", ""votes"": 8, ""pct"": 0.0}, ""John Emery Jones"": {""party"": ""No party"", ""votes"": 2, ""pct"": 0.0}}",12589703,Barbara Boxer,Bill Jones,deepskyblue,https://en.wikipedia.org/wiki/2004_United_States_Senate_election_in_California
2004,Colorado,CO,III,regular,General,General election results,"{""Ken Salazar"": {""party"": ""Democratic"", ""votes"": 1081188, ""pct"": 51.3}, ""Pete Coors"": {""party"": ""Republican"", ""votes"": 980668, ""pct"": 46.53}, ""Majority"": {""party"": ""Majority"", ""votes"": 100520, ""pct"": 4.77}, ""Douglas Campbell"": {""party"": ""Constitution"", ""votes"": 18783, ""pct"": 0.89}, ""Richard Randall"": {""party"": ""Libertarian"", ""votes"": 10160, ""pct"": 0.48}, ""John R. Harris"": {""party"": ""Independent"", ""votes"": 8442, ""pct"": 0.4}, ""Victor Good"": {""party"": ""Reform"", ""votes"": 6481, ""pct"": 0.31}, ""Finn Gotaas"": {""party"": ""Independent"", ""votes"": 1750, ""pct"": 0.08}}",2207992,Ken Salazar,Pete Coors,deepskyblue,https://en.wikipedia.org/wiki/2004_United_States_Senate_election_in_Colorado
2004,Connecticut,CT,III,regular,General,General election results,"{""Chris Dodd"": {""party"": ""Democratic"", ""votes"": 945347, ""pct"": 66.35}, ""Jack Orchulli"": {""party"": ""Republican"", ""votes"": 457749, ""pct"": 32.13}, ""Timothy Knibbs"": {""party"": ""Concerned Citizens"", ""votes"": 12442, ""pct"": 0.87}, ""Leonard Rasch"": {""party"": ""Libertarian"", ""votes"": 9188, ""pct"": 0.64}}",1424726,Chris Dodd,Jack Orchulli,deepskyblue,https://en.wikipedia.org/wiki/2004_United_States_Senate_election_in_Connecticut
2004,Florida,FL,III,regular,General,"United States Senate election in Florida, 2004","{""166,829"": {""party"": """", ""votes"": 7429894, ""pct"": NaN}, ""Melquíades Rafael Martínez Ruiz"": {""party"": ""Republican"", ""votes"": 3672864, ""pct"": 49.43}, ""Elizabeth Castor"": {""party"": ""Democratic"", ""votes"": 3590201, ""pct"": 48.32}, ""13,202"": {""party"": """", ""votes"": 747551, ""pct"": NaN}, ""13,780"": {""party"": """", ""votes"": 687774, ""pct"": NaN}, ""9,566"": {""party"": """", ""votes"": 528050, ""pct"": NaN}, ""12,379"": {""party"": """", ""votes"": 464470, ""pct"": NaN}, ""10,261"": {""party"": """", ""votes"": 447890, ""pct"": NaN}, ""7,081"": {""party"": """", ""votes"": 382751, ""pct"": NaN}, ""6,160"": {""party"": """", ""votes"": 374909, ""pct"": NaN}, ""7,682"": {""party"": """", ""votes"": 261553, ""pct"": NaN}, ""4,531"": {""party"": """", ""votes"": 233389, ""pct"": NaN}, ""6,174"": {""party"": """", ""votes"": 225138, ""pct"": NaN}, ""6,051"": {""party"": """", ""votes"": 208056, ""pct"": NaN}, ""3,455"": {""party"": """", ""votes"": 190531, ""pct"": NaN}, ""6,044"": {""party"": """", ""votes"": 186205, ""pct"": NaN}, ""3,914"": {""party"": """", ""votes"": 183391, ""pct"": NaN}, ""Dennis F. Bradley"": {""party"": ""Veterans"", ""votes"": 166642, ""pct"": 2.24}, ""3,699"": {""party"": """", ""votes"": 141323, ""pct"": NaN}, ""2,632"": {""party"": """", ""votes"": 139693, ""pct"": NaN}, ""3,799"": {""party"": """", ""votes"": 138143, ""pct"": NaN}, ""1,691"": {""party"": """", ""votes"": 133324, ""pct"": NaN}, ""1,934"": {""party"": """", ""votes"": 124214, ""pct"": NaN}, ""3,319"": {""party"": """", ""votes"": 121379, ""pct"": NaN}, ""1,802"": {""party"": """", ""votes"": 108685, ""pct"": NaN}, ""2,905"": {""party"": """", ""votes"": 98001, ""pct"": NaN}, ""2,413"": {""party"": """", ""votes"": 87204, ""pct"": NaN}, ""1,420"": {""party"": """", ""votes"": 84990, ""pct"": NaN}, ""Majority"": {""party"": ""Majority"", ""votes"": 82663, ""pct"": 1.11}, ""2,296"": {""party"": """", ""votes"": 80968, ""pct"": NaN}, ""1,503"": {""party"": """", ""votes"": 80465, ""pct"": NaN}, ""3,143"": {""party"": """", ""votes"": 79334, ""pct"": NaN}, ""1,729"": {""party"": """", ""votes"": 77645, ""pct"": NaN}, ""1,564"": {""party"": """", ""votes"": 73393, ""pct"": NaN}, ""1,579"": {""party"": """", ""votes"": 70523, ""pct"": NaN}, ""2,742"": {""party"": """", ""votes"": 68439, ""pct"": NaN}, ""1,524"": {""party"": """", ""votes"": 65838, ""pct"": NaN}, ""1,543"": {""party"": """", ""votes"": 59392, ""pct"": NaN}, ""1,278"": {""party"": """", ""votes"": 40800, ""pct"": NaN}, ""1,267"": {""party"": """", ""votes"": 38303, ""pct"": NaN}, ""904"": {""party"": """", ""votes"": 38010, ""pct"": NaN}, ""595"": {""party"": """", ""votes"": 32007, ""pct"": NaN}, ""656"": {""party"": """", ""votes"": 31429, ""pct"": NaN}, ""876"": {""party"": """", ""votes"": 30518, ""pct"": NaN}, ""726"": {""party"": """", ""votes"": 24520, ""pct"": NaN}, ""585"": {""party"": """", ""votes"": 23393, ""pct"": NaN}, ""316"": {""party"": """", ""votes"": 20792, ""pct"": NaN}, ""395"": {""party"": """", ""votes"": 19449, ""pct"": NaN}, ""219"": {""party"": """", ""votes"": 17773, ""pct"": NaN}, ""497"": {""party"": """", ""votes"": 16361, ""pct"": NaN}, ""397"": {""party"": """", ""votes"": 15561, ""pct"": NaN}, ""496"": {""party"": """", ""votes"": 11919, ""pct"": NaN}, ""331"": {""party"": """", ""votes"": 11619, ""pct"": NaN}, ""270"": {""party"": """", ""votes"": 10742, ""pct"": NaN}, ""242"": {""party"": """", ""votes"": 10108, ""pct"": NaN}, ""186"": {""party"": """", ""votes"": 9854, ""pct"": NaN}, ""295"": {""party"": """", ""votes"": 9320, ""pct"": NaN}, ""241"": {""party"": """", ""votes"": 8454, ""pct"": NaN}, ""342"": {""party"": """", ""votes"": 8064, ""pct"": NaN}, ""145"": {""party"": """", ""votes"": 7371, ""pct"": NaN}, ""307"": {""party"": """", ""votes"": 7137, ""pct"": NaN}, ""180"": {""party"": """", ""votes"": 7124, ""pct"": NaN}, ""258"": {""party"": """", ""votes"": 6896, ""pct"": NaN}, ""250"": {""party"": """", ""votes"": 6307, ""pct"": NaN}, ""175"": {""party"": """", ""votes"": 5834, ""pct"": NaN}, ""150"": {""party"": """", ""votes"": 5742, ""pct"": NaN}, ""127"": {""party"": """", ""votes"": 4930, ""pct"": NaN}, ""93"": {""party"": """", ""votes"": 4599, ""pct"": NaN}, ""149"": {""party"": """", ""votes"": 4117, ""pct"": NaN}, ""82"": {""party"": """", ""votes"": 3240, ""pct"": NaN}, ""63"": {""party"": """", ""votes"": 2970, ""pct"": NaN}, ""187"": {""party"": ""Write-ins"", ""votes"": 187, ""pct"": 0.0}}",22392325,"166,829",Melquíades Rafael Martínez Ruiz,yellow,https://en.wikipedia.org/wiki/2004_United_States_Senate_election_in_Florida
2004,Georgia,GA,III,regular,General,"2004 United States Senate election, Georgia","{""Johnny Isakson"": {""party"": ""Republican"", ""votes"": 1864205, ""pct"": 57.88}, ""Denise Majette"": {""party"": ""Democratic"", ""votes"": 1287695, ""pct"": 39.98}, ""Majority"": {""party"": ""Majority"", ""votes"": 576510, ""pct"": 17.9}, ""Allen Buckley"": {""party"": ""Libertarian"", ""votes"": 69051, ""pct"": 2.14}}",3797461,Johnny Isakson,Denise Majette,red,https://en.wikipedia.org/wiki/2004_United_States_Senate_election_in_Georgia
2004,Hawaii,HI,III,regular,General,Generale election results,"{""Daniel Inouye"": {""party"": ""Democratic"", ""votes"": 313629, ""pct"": 75.51}, ""Campbell Cavasso"": {""party"": ""Republican"", ""votes"": 87172, ""pct"": 20.99}, ""Jim Brewer"": {""party"": ""Independent"", ""votes"": 9269, ""pct"": 2.23}, ""Lloyd Jeffrey Mallan"": {""party"": ""Libertarian"", ""votes"": 5277, ""pct"": 1.27}}",415347,Daniel Inouye,Campbell Cavasso,deepskyblue,https://en.wikipedia.org/wiki/2004_United_States_Senate_election_in_Hawaii
2004,Idaho,ID,III,regular,General,"United States Senate election in Idaho, 2004","{""Mike Crapo"": {""party"": ""Republican"", ""votes"": 499796, ""pct"": 99.18}, ""Majority"": {""party"": ""Majority"", ""votes"": 495660, ""pct"": 98.36}, ""Scott McClure"": {""party"": ""Democratic"", ""votes"": 4136, ""pct"": 0.82}}",999592,Mike Crapo,Majority,red,https://en.wikipedia.org/wiki/2004_United_States_Senate_election_in_Idaho
2004,Illinois,IL,III,regular,General,2004 United States Senate election in Illinois,"{""Barack Obama"": {""party"": ""Democratic"", ""votes"": 3597456, ""pct"": 69.97}, ""Alan Keyes"": {""party"": ""Republican"", ""votes"": 1390690, ""pct"": 27.05}, ""Al Franzen"": {""party"": ""Independent"", ""votes"": 81164, ""pct"": 1.6}, ""Jerry Kohn"": {""party"": ""Libertarian"", ""votes"": 69253, ""pct"": 1.3}, ""Write-in"": {""party"": ""Write-in"", ""votes"": 2957, ""pct"": 0.1}}",5141520,Barack Obama,Alan Keyes,deepskyblue,https://en.wikipedia.org/wiki/2004_United_States_Senate_election_in_Illinois
2004,Indiana,IN,III,regular,General,General election results,"{""Evan Bayh"": {""party"": ""Democratic"", ""votes"": 1496976, ""pct"": 61.65}, ""Marvin Scott"": {""party"": ""Republican"", ""votes"": 903913, ""pct"": 37.23}, ""Albert Barger"": {""party"": ""Libertarian"", ""votes"": 27344, ""pct"": 1.13}}",2428233,Evan Bayh,Marvin Scott,deepskyblue,https://en.wikipedia.org/wiki/2004_United_States_Senate_election_in_Indiana
2004,Iowa,IA,III,regular,General,"United States Senate election in Iowa, 2004","{""Chuck Grassley"": {""party"": ""Republican"", ""votes"": 1038175, ""pct"": 70.18}, ""Majority"": {""party"": ""Majority"", ""votes"": 625810, ""pct"": 42.31}, ""Arthur A. Small"": {""party"": ""Democratic"", ""votes"": 412365, ""pct"": 27.88}, ""Christy Ann Welty"": {""party"": ""Libertarian"", ""votes"": 15218, ""pct"": 1.03}, ""Daryl A. Northrop"": {""party"": ""Green"", ""votes"": 11121, ""pct"": 0.75}, ""Edwin Fruit"": {""party"": ""Socialist Workers"", ""votes"": 1874, ""pct"": 0.13}, ""475"": {""party"": ""Write-ins"", ""votes"": 475, ""pct"": 0.03}}",2105038,Chuck Grassley,Majority,red,https://en.wikipedia.org/wiki/2004_United_States_Senate_election_in_Iowa
2004,Kansas,KS,III,regular,General,General election results,"{""Sam Brownback"": {""party"": ""Republican"", ""votes"": 780863, ""pct"": 69.16}, ""Majority"": {""party"": ""Majority"", ""votes"": 470526, ""pct"": 41.68}, ""Lee Jones"": {""party"": ""Democratic"", ""votes"": 310337, ""pct"": 27.49}, ""Steven A. Rosile"": {""party"": ""Libertarian"", ""votes"": 21842, ""pct"": 1.93}, ""George Cook"": {""party"": ""Reform"", ""votes"": 15980, ""pct"": 1.42}}",1599548,Sam Brownback,Majority,red,https://en.wikipedia.org/wiki/2004_United_States_Senate_election_in_Kansas
2004,Kentucky,KY,III,regular,General,2004 Kentucky U.S. Senator general election,"{""Jim Bunning"": {""party"": ""Republican"", ""votes"": 873507, ""pct"": 50.66}, ""Daniel Mongiardo"": {""party"": ""Democratic"", ""votes"": 850855, ""pct"": 49.34}}",1724362,Jim Bunning,Daniel Mongiardo,red,https://en.wikipedia.org/wiki/2004_United_States_Senate_election_in_Kentucky
2004,Louisiana,LA,III,regular,General,"Louisiana United States Senate election, 2004","{""David Vitter"": {""party"": ""Republican"", ""votes"": 943014, ""pct"": 51.03}, ""Chris John"": {""party"": ""Democratic"", ""votes"": 542150, ""pct"": 29.34}, ""Majority"": {""party"": ""Majority"", ""votes"": 400864, ""pct"": 21.69}, ""John Neely Kennedy"": {""party"": ""Democratic"", ""votes"": 275821, ""pct"": 14.92}, ""Arthur A. Morrell"": {""party"": ""Democratic"", ""votes"": 47222, ""pct"": 2.56}, ""Richard M. Fontanesi"": {""party"": ""Independent"", ""votes"": 15097, ""pct"": 0.82}, ""R. A. \""Skip\"" Galan"": {""party"": ""Independent"", ""votes"": 12463, ""pct"": 0.67}, ""Sam Houston Melton, Jr."": {""party"": ""Democratic"", ""votes"": 12289, ""pct"": 0.66}}",2248920,David Vitter,Chris John,red,https://en.wikipedia.org/wiki/2004_United_States_Senate_election_in_Louisiana
2004,Maryland,MD,III,regular,General,"United States Senate election in Maryland, 2004","{""Barbara A. Mikulski"": {""party"": ""Democratic"", ""votes"": 1504691, ""pct"": 64.8}, ""E. J. Pipkin"": {""party"": ""Republican"", ""votes"": 783055, ""pct"": 33.72}, ""Majority"": {""party"": ""Majority"", ""votes"": 721636, ""pct"": 31.08}, ""Maria Allwine"": {""party"": ""Green"", ""votes"": 24816, ""pct"": 1.07}, ""Thomas Trump"": {""party"": ""Constitution"", ""votes"": 9009, ""pct"": 0.39}, ""360"": {""party"": ""Write-ins"", ""votes"": 360, ""pct"": 0.02}}",3043567,Barbara A. Mikulski,E. J. Pipkin,deepskyblue,https://en.wikipedia.org/wiki/2004_United_States_Senate_election_in_Maryland
2004,Missouri,MO,III,regular,General,General election results,"{""Kit Bond"": {""party"": ""Republican"", ""votes"": 1518089, ""pct"": 56.09}, ""Nancy Farmer"": {""party"": ""Democratic"", ""votes"": 1158261, ""pct"": 42.8}, ""Majority"": {""party"": ""Majority"", ""votes"": 359828, ""pct"": 13.3}, ""Kevin Tull"": {""party"": ""Libertarian"", ""votes"": 19648, ""pct"": 0.73}, ""Don Griffin"": {""party"": ""Constitution"", ""votes"": 10404, ""pct"": 0.38}}",3066230,Kit Bond,Nancy Farmer,red,https://en.wikipedia.org/wiki/2004_United_States_Senate_election_in_Missouri
2004,Nevada,NV,III,regular,General,General election results,"{""Harry Reid"": {""party"": ""Democratic"", ""votes"": 494805, ""pct"": 61.08}, ""Richard Ziser"": {""party"": ""Republican"", ""votes"": 284640, ""pct"": 35.14}, ""Majority"": {""party"": ""Majority"", ""votes"": 210165, ""pct"": 25.94}, ""None of These Candidates"": {""party"": ""None of These Candidates"", ""votes"": 12968, ""pct"": 1.6}, ""Thomas L. Hurst"": {""party"": ""Libertarian"", ""votes"": 9559, ""pct"": 1.18}, ""David K. Schumann"": {""party"": ""Independent American Party (Nevada)"", ""votes"": 6001, ""pct"": 0.74}, ""Gary Marinch"": {""party"": ""Natural Law"", ""votes"": 2095, ""pct"": 0.26}}",1020233,Harry Reid,Richard Ziser,deepskyblue,https://en.wikipedia.org/wiki/2004_United_States_Senate_election_in_Nevada
2004,New Hampshire,NH,III,regular,General,2004 United States Senate election in New Hampshire,"{""Judd Gregg"": {""party"": ""Republican"", ""votes"": 434847, ""pct"": 66.24}, ""Doris Haddock"": {""party"": ""Democratic"", ""votes"": 221549, ""pct"": 33.75}, ""Majority"": {""party"": ""Majority"", ""votes"": 213298, ""pct"": 32.49}, ""Write-in"": {""party"": ""Write-in"", ""votes"": 102, ""pct"": 0.02}}",869796,Judd Gregg,Doris Haddock,red,https://en.wikipedia.org/wiki/2004_United_States_Senate_election_in_New_Hampshire
2004,New York,NY,III,regular,General,"2004 United States Senate election, New York","{""Chuck Schumer"": {""party"": ""Democratic"", ""votes"": 4769824, ""pct"": 71.16}, ""Majority"": {""party"": ""Majority"", ""votes"": 3144755, ""pct"": 46.92}, ""Howard Mills"": {""party"": ""Republican"", ""votes"": 1625069, ""pct"": 24.24}, ""Marilyn O'Grady"": {""party"": ""Conservative"", ""votes"": 220960, ""pct"": 3.3}, ""David McReynolds"": {""party"": ""Green"", ""votes"": 36942, ""pct"": 0.55}, ""Don Silberger"": {""party"": ""Libertarian"", ""votes"": 19073, ""pct"": 0.28}, ""Abe Hirschfeld"": {""party"": ""Builders Party"", ""votes"": 16196, ""pct"": 0.24}, ""Martin Koppel"": {""party"": ""Socialist Workers"", ""votes"": 14811, ""pct"": 0.22}}",9847630,Chuck Schumer,Majority,deepskyblue,https://en.wikipedia.org/wiki/2004_United_States_Senate_election_in_New_York
2004,North Carolina,NC,III,regular,General,2004 United States Senate election in North Carolina,"{""Richard Burr"": {""party"": ""Republican"", ""votes"": 1791450, ""pct"": 51.6}, ""Erskine Bowles"": {""party"": ""Democratic"", ""votes"": 1632527, ""pct"": 47.02}, ""Tom Bailey"": {""party"": ""Libertarian"", ""votes"": 47743, ""pct"": 1.38}, ""Walker F. Rucker"": {""party"": ""Nonpartisan"", ""votes"": 362, ""pct"": 0.01}}",3472082,Richard Burr,Erskine Bowles,red,https://en.wikipedia.org/wiki/2004_United_States_Senate_election_in_North_Carolina
2004,North Dakota,ND,III,regular,General,"2004 United States Senate election, North Dakota","{""Byron Dorgan"": {""party"": ""Democratic–NPL"", ""votes"": 149936, ""pct"": 68.28}, ""Mike Liffrig"": {""party"": ""Republican"", ""votes"": 98553, ""pct"": 31.72}}",248489,Byron Dorgan,Mike Liffrig,deepskyblue,https://en.wikipedia.org/wiki/2004_United_States_Senate_election_in_North_Dakota
2004,Ohio,OH,III,regular,General,"2004 United States Senate election, Ohio","{""George Voinovich"": {""party"": ""Republican"", ""votes"": 3464651, ""pct"": 63.85}, ""Eric Fingerhut"": {""party"": ""Democratic"", ""votes"": 1961249, ""pct"": 36.14}, ""Helen Meyers"": {""party"": ""Independent"", ""votes"": 296, ""pct"": 0.01}}",5426196,George Voinovich,Eric Fingerhut,red,https://en.wikipedia.org/wiki/2004_United_States_Senate_election_in_Ohio
2004,Oklahoma,OK,III,regular,General,2004 United States Senate election in Oklahoma,"{""Tom Coburn"": {""party"": ""Republican"", ""votes"": 763433, ""pct"": 52.77}, ""Brad Carson"": {""party"": ""Democratic"", ""votes"": 596750, ""pct"": 41.24}, ""Majority"": {""party"": ""Majority"", ""votes"": 166683, ""pct"": 11.52}, ""Sheila Bilyeu"": {""party"": ""Independent"", ""votes"": 86663, ""pct"": 5.99}}",1613529,Tom Coburn,Brad Carson,red,https://en.wikipedia.org/wiki/2004_United_States_Senate_election_in_Oklahoma
2004,Oregon,OR,III,regular,General,General election results,"{""Ron Wyden"": {""party"": ""Democratic"", ""votes"": 1128728, ""pct"": 63.39}, ""Al King"": {""party"": ""Republican"", ""votes"": 565254, ""pct"": 31.75}, ""Majority"": {""party"": ""Majority"", ""votes"": 563474, ""pct"": 31.64}, ""Teresa Keane"": {""party"": ""Pacific Green"", ""votes"": 43053, ""pct"": 2.41}, ""Dan Fitzgerald"": {""party"": ""Libertarian"", ""votes"": 29582, ""pct"": 1.66}, ""David Brownlow"": {""party"": ""Constitution"", ""votes"": 12397, ""pct"": 0.7}, ""Misc."": {""party"": ""Write-In"", ""votes"": 1536, ""pct"": 0.08}}",2344024,Ron Wyden,Al King,deepskyblue,https://en.wikipedia.org/wiki/2004_United_States_Senate_election_in_Oregon
2004,Pennsylvania,PA,III,regular,General,General election results,"{""Arlen Specter"": {""party"": ""Republican"", ""votes"": 2925080, ""pct"": 52.62}, ""Joe Hoeffel"": {""party"": ""Democratic"", ""votes"": 2334126, ""pct"": 41.99}, ""Jim Clymer"": {""party"": ""Constitution"", ""votes"": 220056, ""pct"": 3.96}, ""Betsy Summers"": {""party"": ""Libertarian"", ""votes"": 79263, ""pct"": 1.43}}",5558525,Arlen Specter,Joe Hoeffel,red,https://en.wikipedia.org/wiki/2004_United_States_Senate_election_in_Pennsylvania
2004,South Carolina,SC,III,regular,General,"South Carolina U.S. Senate Election, 2004","{""Jim DeMint •"": {""party"": ""Republican"", ""votes"": 857167, ""pct"": 53.67}, ""Inez Tenenbaum"": {""party"": ""Democratic"", ""votes"": 704384, ""pct"": 44.1}, ""Majority"": {""party"": ""Majority"", ""votes"": 152783, ""pct"": 9.57}, ""Patrick Tyndall"": {""party"": ""Constitution"", ""votes"": 13464, ""pct"": 0.84}, ""Rebekah E. Sutherland"": {""party"": ""Libertarian"", ""votes"": 10678, ""pct"": 0.67}, ""Tee Ferguson"": {""party"": ""United Citizens"", ""votes"": 5859, ""pct"": 0.37}, ""Efia Nwangaza *"": {""party"": ""Green"", ""votes"": 4245, ""pct"": 0.27}, ""Write-Ins"": {""party"": ""No party"", ""votes"": 1286, ""pct"": 0.08}}",1749866,Jim DeMint •,Inez Tenenbaum,red,https://en.wikipedia.org/wiki/2004_United_States_Senate_election_in_South_Carolina
2004,South Dakota,SD,III,regular,General,General election results,"{""John Thune"": {""party"": ""Republican"", ""votes"": 197848, ""pct"": 50.58}, ""Tom Daschle"": {""party"": ""Democratic"", ""votes"": 193340, ""pct"": 49.42}}",391188,John Thune,Tom Daschle,red,https://en.wikipedia.org/wiki/2004_United_States_Senate_election_in_South_Dakota
2004,Utah,UT,III,regular,General,General election results,"{""Bob Bennett"": {""party"": ""Republican"", ""votes"": 626640, ""pct"": 68.73}, ""Majority"": {""party"": ""Majority"", ""votes"": 367685, ""pct"": 40.33}, ""Paul Van Dam"": {""party"": ""Democratic"", ""votes"": 258955, ""pct"": 28.4}, ""Gary R. Van Horn"": {""party"": ""Constitution"", ""votes"": 17289, ""pct"": 1.9}, ""Joe LaBonte"": {""party"": ""Personal Choice"", ""votes"": 8824, ""pct"": 0.97}, ""18"": {""party"": ""Write-ins"", ""votes"": 18, ""pct"": 0.0}}",1279411,Bob Bennett,Majority,red,https://en.wikipedia.org/wiki/2004_United_States_Senate_election_in_Utah
2004,Vermont,VT,III,regular,General,General election results,"{""Patrick Leahy"": {""party"": ""Democratic"", ""votes"": 216972, ""pct"": 70.63}, ""Majority"": {""party"": ""Majority"", ""votes"": 141574, ""pct"": 46.08}, ""Jack McMullen"": {""party"": ""Republican"", ""votes"": 75398, ""pct"": 24.54}, ""Cris Ericson"": {""party"": ""Independent"", ""votes"": 6486, ""pct"": 2.11}, ""Craig Hill"": {""party"": ""Green"", ""votes"": 3999, ""pct"": 1.3}, ""Keith Stern"": {""party"": ""Independent"", ""votes"": 3300, ""pct"": 1.07}, ""Ben Mitchell"": {""party"": ""Liberty Union"", ""votes"": 879, ""pct"": 0.29}, ""Write-ins"": {""party"": ""Write-in"", ""votes"": 174, ""pct"": 0.06}}",448782,Patrick Leahy,Majority,deepskyblue,https://en.wikipedia.org/wiki/2004_United_States_Senate_election_in_Vermont
2004,Washington,WA,III,regular,General,General election results,"{""Patty Murray"": {""party"": ""Democratic"", ""votes"": 1549708, ""pct"": 54.98}, ""George Nethercutt"": {""party"": ""Republican"", ""votes"": 1204584, ""pct"": 42.74}, ""J. Mills"": {""party"": ""Libertarian"", ""votes"": 34055, ""pct"": 1.21}, ""Mark Wilson"": {""party"": ""Green"", ""votes"": 30304, ""pct"": 1.08}}",2818651,Patty Murray,George Nethercutt,deepskyblue,https://en.wikipedia.org/wiki/2004_United_States_Senate_election_in_Washington
2004,Wisconsin,WI,III,regular,General,General election results,"{""Russ Feingold"": {""party"": ""Democratic"", ""votes"": 1632697, ""pct"": 55.35}, ""Tim Michels"": {""party"": ""Republican"", ""votes"": 1301183, ""pct"": 44.11}, ""Arif Khan"": {""party"": ""Libertarian"", ""votes"": 8367, ""pct"": 0.28}, ""Eugene A. Hem"": {""party"": ""Independent"", ""votes"": 6662, ""pct"": 0.23}, ""Write-in"": {""party"": ""Write-in"", ""votes"": 834, ""pct"": 0.03}}",2949743,Russ Feingold,Tim Michels,deepskyblue,https://en.wikipedia.org/wiki/2004_United_States_Senate_election_in_Wisconsin
2006,Arizona,AZ,I,regular,General,2006 United States Senate election in Arizona,"{""Jon Kyl"": {""party"": ""Republican"", ""votes"": 814398, ""pct"": 53.34}, ""Jim Pederson"": {""party"": ""Democratic"", ""votes"": 664141, ""pct"": 43.5}, ""Majority"": {""party"": ""Majority"", ""votes"": 150257, ""pct"": 9.84}, ""Richard Mack"": {""party"": ""Libertarian"", ""votes"": 48231, ""pct"": 3.16}, ""13"": {""party"": ""Write-ins"", ""votes"": 13, ""pct"": 0.0}}",1677040,Jon Kyl,Jim Pederson,red,https://en.wikipedia.org/wiki/2006_United_States_Senate_election_in_Arizona
2006,California,CA,I,regular,General,"United States Senate election in California, 2006","{""Dianne Feinstein"": {""party"": ""Democratic"", ""votes"": 5076289, ""pct"": 59.43}, ""Dick Mountjoy"": {""party"": ""Republican"", ""votes"": 2990822, ""pct"": 35.02}, ""Invalid or blank votes"": {""party"": ""Invalid or blank votes"", ""votes"": 357583, ""pct"": 4.19}, ""Todd Chretien"": {""party"": ""Green"", ""votes"": 147074, ""pct"": 1.72}, ""Michael S. Metti"": {""party"": ""Libertarian"", ""votes"": 133851, ""pct"": 1.57}, ""Marsha Feinland"": {""party"": ""Peace and Freedom"", ""votes"": 117764, ""pct"": 1.38}, ""Don J. Grundmann"": {""party"": ""American Independent"", ""votes"": 75350, ""pct"": 0.88}, ""Kent Mesplay"": {""party"": ""Green"", ""votes"": 160, ""pct"": 0.0}, ""Jeffrey Mackler"": {""party"": ""Independent"", ""votes"": 108, ""pct"": 0.0}, ""Lea Sherman"": {""party"": ""Independent"", ""votes"": 47, ""pct"": 0.0}, ""Connor Vlakancic"": {""party"": ""Independent"", ""votes"": 11, ""pct"": 0.0}}",8899059,Dianne Feinstein,Dick Mountjoy,deepskyblue,https://en.wikipedia.org/wiki/2006_United_States_Senate_election_in_California
2006,Connecticut,CT,I,regular,General,2006 United States Senate election in Connecticut,"{""Joe Lieberman"": {""party"": ""Connecticut for Lieberman"", ""votes"": 564095, ""pct"": 49.71}, ""Ned Lamont"": {""party"": ""Democratic"", ""votes"": 450844, ""pct"": 39.73}, ""Alan Schlesinger"": {""party"": ""Republican"", ""votes"": 109198, ""pct"": 9.62}, ""Ralph Ferrucci"": {""party"": ""Green"", ""votes"": 5922, ""pct"": 0.52}, ""Timothy Knibbs"": {""party"": ""Concerned Citizens"", ""votes"": 4638, ""pct"": 0.41}, ""Carl E. Vassar"": {""party"": ""Write-in"", ""votes"": 80, ""pct"": 0.01}}",1135781,Joe Lieberman,Ned Lamont,yellow,https://en.wikipedia.org/wiki/2006_United_States_Senate_election_in_Connecticut
2006,Delaware,DE,I,regular,General,General election results,"{""Tom Carper"": {""party"": ""Democratic"", ""votes"": 170567, ""pct"": 67.13}, ""Majority"": {""party"": ""Majority"", ""votes"": 100833, ""pct"": 39.68}, ""Jan C. Ting"": {""party"": ""Republican"", ""votes"": 69734, ""pct"": 27.44}, ""Christine O'Donnell"": {""party"": ""Write-in"", ""votes"": 11127, ""pct"": 4.38}, ""William E. Morris"": {""party"": ""Libertarian"", ""votes"": 2671, ""pct"": 1.05}}",354932,Tom Carper,Majority,deepskyblue,https://en.wikipedia.org/wiki/2006_United_States_Senate_election_in_Delaware
2006,Florida,FL,I,regular,General,General election results,"{""Bill Nelson"": {""party"": ""Democratic"", ""votes"": 2890548, ""pct"": 60.3}, ""Katherine Harris"": {""party"": ""Republican"", ""votes"": 1826127, ""pct"": 38.1}, ""Majority"": {""party"": ""Majority"", ""votes"": 1064421, ""pct"": 22.21}, ""Belinda Noah"": {""party"": ""Independent"", ""votes"": 24880, ""pct"": 0.52}, ""Brian Moore"": {""party"": ""Independent"", ""votes"": 19695, ""pct"": 0.41}, ""Floyd Ray Frazier"": {""party"": ""Independent"", ""votes"": 16628, ""pct"": 0.35}, ""Roy Tanner"": {""party"": ""Independent"", ""votes"": 15562, ""pct"": 0.32}, ""Write-in"": {""party"": ""Write-in"", ""votes"": 94, ""pct"": 0.0}}",5857955,Bill Nelson,Katherine Harris,deepskyblue,https://en.wikipedia.org/wiki/2006_United_States_Senate_election_in_Florida
2006,Hawaii,HI,I,regular,General,General election results,"{""Daniel Akaka"": {""party"": ""Democratic"", ""votes"": 210330, ""pct"": 61.35}, ""Cynthia Thielen"": {""party"": ""Republican"", ""votes"": 126097, ""pct"": 36.78}, ""Majority"": {""party"": ""Majority"", ""votes"": 84233, ""pct"": 24.57}, ""Lloyd Mallan"": {""party"": ""Libertarian"", ""votes"": 6415, ""pct"": 1.87}}",427075,Daniel Akaka,Cynthia Thielen,deepskyblue,https://en.wikipedia.org/wiki/2006_United_States_Senate_election_in_Hawaii
2006,Indiana,IN,I,regular,General,2006 United States Senate election in Indiana,"{""Richard Lugar"": {""party"": ""Republican"", ""votes"": 1171553, ""pct"": 87.36}, ""Steve Osborn"": {""party"": ""Libertarian"", ""votes"": 168820, ""pct"": 12.59}, ""Write-in"": {""party"": ""Write-in"", ""votes"": 738, ""pct"": 0.06}}",1341111,Richard Lugar,Steve Osborn,red,https://en.wikipedia.org/wiki/2006_United_States_Senate_election_in_Indiana
2006,Maine,ME,I,regular,General,General election results,"{""Olympia Snowe"": {""party"": ""Republican"", ""votes"": 402598, ""pct"": 74.01}, ""Majority"": {""party"": ""Majority"", ""votes"": 290614, ""pct"": 53.42}, ""Jean Hay Bright"": {""party"": ""Democratic"", ""votes"": 111984, ""pct"": 20.59}, ""Bill Slavick"": {""party"": ""Independent"", ""votes"": 29220, ""pct"": 5.37}}",834416,Olympia Snowe,Majority,red,https://en.wikipedia.org/wiki/2006_United_States_Senate_election_in_Maine
2006,Maryland,MD,I,regular,General,"Maryland United States Senate election results, 2006","{""Ben Cardin"": {""party"": ""Democratic"", ""votes"": 965477, ""pct"": 54.21}, ""Michael Steele"": {""party"": ""Republican"", ""votes"": 787182, ""pct"": 44.19}, ""Majority"": {""party"": ""Majority"", ""votes"": 178295, ""pct"": 100.0}, ""Kevin Zeese"": {""party"": ""Green"", ""votes"": 27564, ""pct"": 1.55}, ""Write-in"": {""party"": ""Write-in"", ""votes"": 916, ""pct"": 0.05}}",1959434,Ben Cardin,Michael Steele,deepskyblue,https://en.wikipedia.org/wiki/2006_United_States_Senate_election_in_Maryland
2006,Massachusetts,MA,I,regular,General,General election,"{""Ted Kennedy"": {""party"": ""Democratic"", ""votes"": 1500738, ""pct"": 69.3}, ""Majority"": {""party"": ""Majority"", ""votes"": 839206, ""pct"": 38.75}, ""Kenneth Chase"": {""party"": ""Republican"", ""votes"": 661532, ""pct"": 30.55}, ""Democratic hold"": {""party"": ""Democratic hold"", ""votes"": 0, ""pct"": 20.8}}",3001476,Ted Kennedy,Majority,deepskyblue,https://en.wikipedia.org/wiki/2006_United_States_Senate_election_in_Massachusetts
2006,Michigan,MI,I,regular,General,2006 United States Senate election in Michigan,"{""Debbie Stabenow"": {""party"": ""Democratic"", ""votes"": 2151278, ""pct"": 56.91}, ""Mike Bouchard"": {""party"": ""Republican"", ""votes"": 1559597, ""pct"": 41.26}, ""Majority"": {""party"": ""Majority"", ""votes"": 591681, ""pct"": 15.6}, ""Leonard Schwartz"": {""party"": ""Libertarian"", ""votes"": 27012, ""pct"": 0.72}, ""David Sole"": {""party"": ""Green"", ""votes"": 23890, ""pct"": 0.63}, ""Dennis FitzSimons"": {""party"": ""Constitution"", ""votes"": 18341, ""pct"": 0.48}, ""Democratic hold"": {""party"": ""Democratic hold"", ""votes"": 0, ""pct"": 7.0}}",4371799,Debbie Stabenow,Mike Bouchard,deepskyblue,https://en.wikipedia.org/wiki/2006_United_States_Senate_election_in_Michigan
2006,Minnesota,MN,I,regular,General,General election results,"{""Amy Klobuchar"": {""party"": ""Democratic (DFL)"", ""votes"": 1278849, ""pct"": 58.06}, ""Mark Kennedy"": {""party"": ""Republican"", ""votes"": 835653, ""pct"": 37.94}, ""Majority"": {""party"": ""Majority"", ""votes"": 443196, ""pct"": 20.2}, ""Robert Fitzgerald"": {""party"": ""Independence"", ""votes"": 71194, ""pct"": 3.23}, ""Michael Cavlan"": {""party"": ""Green"", ""votes"": 10714, ""pct"": 0.49}, ""Ben Powers"": {""party"": ""Constitution"", ""votes"": 5408, ""pct"": 0.25}, ""954"": {""party"": ""Write-ins"", ""votes"": 954, ""pct"": NaN}}",2645968,Amy Klobuchar,Mark Kennedy,deepskyblue,https://en.wikipedia.org/wiki/2006_United_States_Senate_election_in_Minnesota
2006,Mississippi,MS,I,regular,General,General election results,"{""Trent Lott"": {""party"": ""Republican"", ""votes"": 388399, ""pct"": 63.58}, ""Erik R. Fleming"": {""party"": ""Democratic"", ""votes"": 213000, ""pct"": 34.87}, ""Majority"": {""party"": ""Majority"", ""votes"": 175399, ""pct"": 28.71}, ""Harold Taylor"": {""party"": ""Libertarian"", ""votes"": 9522, ""pct"": 1.56}}",786320,Trent Lott,Erik R. Fleming,red,https://en.wikipedia.org/wiki/2006_United_States_Senate_election_in_Mississippi
2006,Missouri,MO,I,regular,General,General election results,"{""Claire McCaskill"": {""party"": ""Democratic"", ""votes"": 1055255, ""pct"": 49.58}, ""Jim Talent"": {""party"": ""Republican"", ""votes"": 1006941, ""pct"": 47.31}, ""Frank Gilmour"": {""party"": ""Libertarian"", ""votes"": 47792, ""pct"": 2.25}, ""Lydia Lewis"": {""party"": ""Progressive Party"", ""votes"": 18383, ""pct"": 0.86}, ""Write-in"": {""party"": ""Write-in"", ""votes"": 88, ""pct"": 0.0}}",2128459,Claire McCaskill,Jim Talent,deepskyblue,https://en.wikipedia.org/wiki/2006_United_States_Senate_election_in_Missouri
2006,Montana,MT,I,regular,General,2006 United States Senate election in Montana,"{""Jon Tester"": {""party"": ""Democratic"", ""votes"": 199845, ""pct"": 49.16}, ""Conrad Burns"": {""party"": ""Republican"", ""votes"": 196283, ""pct"": 48.29}, ""Stan Jones"": {""party"": ""Libertarian"", ""votes"": 10377, ""pct"": 2.55}}",406505,Jon Tester,Conrad Burns,deepskyblue,https://en.wikipedia.org/wiki/2006_United_States_Senate_election_in_Montana
2006,Nebraska,NE,I,regular,General,2006 United States Senate election in Nebraska,"{""Ben Nelson"": {""party"": ""Democratic"", ""votes"": 378388, ""pct"": 63.88}, ""Pete Ricketts"": {""party"": ""Republican"", ""votes"": 213928, ""pct"": 36.12}, ""Majority"": {""party"": ""Majority"", ""votes"": 164460, ""pct"": 27.83}}",756776,Ben Nelson,Pete Ricketts,deepskyblue,https://en.wikipedia.org/wiki/2006_United_States_Senate_election_in_Nebraska
2006,Nevada,NV,I,regular,General,General election results,"{""John Ensign"": {""party"": ""Republican"", ""votes"": 322501, ""pct"": 55.36}, ""Jack Carter"": {""party"": ""Democratic"", ""votes"": 238796, ""pct"": 40.99}, ""Majority"": {""party"": ""Majority"", ""votes"": 83705, ""pct"": 14.37}, ""None of These Candidates"": {""party"": ""None of These Candidates"", ""votes"": 8232, ""pct"": 1.41}, ""David K. Schumann"": {""party"": ""Independent American"", ""votes"": 7774, ""pct"": 1.33}, ""Brendan Trainor"": {""party"": ""Libertarian"", ""votes"": 5269, ""pct"": 0.9}}",666277,John Ensign,Jack Carter,red,https://en.wikipedia.org/wiki/2006_United_States_Senate_election_in_Nevada
2006,New Jersey,NJ,I,regular,General,"United States Senate election in New Jersey, 2006","{""Bob Menendez"": {""party"": ""Democratic"", ""votes"": 1200843, ""pct"": 53.37}, ""Thomas Kean, Jr."": {""party"": ""Republican"", ""votes"": 997775, ""pct"": 44.34}, ""Majority"": {""party"": ""Majority"", ""votes"": 203068, ""pct"": 9.03}, ""Len Flynn"": {""party"": ""Libertarian"", ""votes"": 14637, ""pct"": 0.65}, ""Edward Forchion"": {""party"": ""Marijuana"", ""votes"": 11593, ""pct"": 0.52}, ""J.M. Carter"": {""party"": ""Independent"", ""votes"": 7918, ""pct"": 0.35}, ""N. Leonard Smith"": {""party"": ""Independent"", ""votes"": 6243, ""pct"": 0.28}, ""Daryl Brooks"": {""party"": ""Independent"", ""votes"": 5138, ""pct"": 0.23}, ""Angela Lariscy"": {""party"": ""Socialist Workers"", ""votes"": 3433, ""pct"": 0.15}, ""Gregory Pason"": {""party"": ""Socialist"", ""votes"": 2490, ""pct"": 0.11}, ""Democratic hold"": {""party"": ""Democratic hold"", ""votes"": 0, ""pct"": 3.26}}",2453138,Bob Menendez,"Thomas Kean, Jr.",deepskyblue,https://en.wikipedia.org/wiki/2006_United_States_Senate_election_in_New_Jersey
2006,New Mexico,NM,I,regular,General,"United States Senate election in New Mexico, 2006","{""Jeff Bingaman"": {""party"": ""Democratic"", ""votes"": 394217, ""pct"": 70.6}, ""Majority"": {""party"": ""Majority"", ""votes"": 230426, ""pct"": 41.27}, ""Allen McCulloch"": {""party"": ""Republican"", ""votes"": 163761, ""pct"": 29.33}, ""Write-in"": {""party"": ""Write-in"", ""votes"": 364, ""pct"": 0.06}}",788768,Jeff Bingaman,Majority,deepskyblue,https://en.wikipedia.org/wiki/2006_United_States_Senate_election_in_New_Mexico
2006,New York,NY,I,regular,General,"2006 United States Senate election, New York","{""Hillary Clinton"": {""party"": ""Democratic"", ""votes"": 3008428, ""pct"": 67.0}, ""Majority"": {""party"": ""Majority"", ""votes"": 1616239, ""pct"": 36.0}, ""John Spencer"": {""party"": ""Republican"", ""votes"": 1392189, ""pct"": 31.01}, ""Howie Hawkins"": {""party"": ""Green"", ""votes"": 55469, ""pct"": 1.24}, ""Jeff Russell"": {""party"": ""Libertarian"", ""votes"": 20996, ""pct"": 0.47}, ""Roger Calero"": {""party"": ""Socialist Workers"", ""votes"": 6967, ""pct"": 0.16}, ""Bill Van Auken"": {""party"": ""Socialist Equality"", ""votes"": 6004, ""pct"": 0.13}, ""Democratic hold"": {""party"": ""Democratic hold"", ""votes"": 0, ""pct"": 11.9}}",6106292,Hillary Clinton,Majority,deepskyblue,https://en.wikipedia.org/wiki/2006_United_States_Senate_election_in_New_York
2006,North Dakota,ND,I,regular,General,General election results,"{""Kent Conrad"": {""party"": ""Democratic–NPL"", ""votes"": 150146, ""pct"": 68.83}, ""Majority"": {""party"": ""Majority"", ""votes"": 85729, ""pct"": 39.3}, ""Dwight Grotberg"": {""party"": ""Republican"", ""votes"": 64417, ""pct"": 29.53}, ""Roland Riemers"": {""party"": ""Independent"", ""votes"": 2194, ""pct"": 1.01}, ""James Germalic"": {""party"": ""Independent"", ""votes"": 1395, ""pct"": 0.64}, ""Democratic–NPL hold"": {""party"": ""Democratic–NPL hold"", ""votes"": 0, ""pct"": 8.3}}",303881,Kent Conrad,Majority,deepskyblue,https://en.wikipedia.org/wiki/2006_United_States_Senate_election_in_North_Dakota
2006,Ohio,OH,I,regular,General,2006 United States Senate election in Ohio,"{""Sherrod Brown"": {""party"": ""Democratic"", ""votes"": 2257369, ""pct"": 56.16}, ""Mike DeWine"": {""party"": ""Republican"", ""votes"": 1761037, ""pct"": 43.82}, ""Richard Duncan"": {""party"": ""Independent"", ""votes"": 830, ""pct"": 0.02}}",4019236,Sherrod Brown,Mike DeWine,deepskyblue,https://en.wikipedia.org/wiki/2006_United_States_Senate_election_in_Ohio
2006,Pennsylvania,PA,I,regular,General,General election results,"{""Bob Casey Jr."": {""party"": ""Democratic"", ""votes"": 2392984, ""pct"": 58.64}, ""Rick Santorum"": {""party"": ""Republican"", ""votes"": 1684778, ""pct"": 41.28}, ""Write-in"": {""party"": ""Write-in"", ""votes"": 3281, ""pct"": 0.08}}",4081043,Bob Casey Jr.,Rick Santorum,deepskyblue,https://en.wikipedia.org/wiki/2006_United_States_Senate_election_in_Pennsylvania
2006,Rhode Island,RI,I,regular,General,"United States Senate election in Rhode Island, 2006","{""Sheldon Whitehouse"": {""party"": ""Democratic"", ""votes"": 206043, ""pct"": 53.52}, ""Lincoln Chafee"": {""party"": ""Republican"", ""votes"": 178950, ""pct"": 46.48}}",384993,Sheldon Whitehouse,Lincoln Chafee,deepskyblue,https://en.wikipedia.org/wiki/2006_United_States_Senate_election_in_Rhode_Island
2006,Tennessee,TN,I,regular,General,"United States Senate election in Tennessee, 2006","{""Bob Corker"": {""party"": ""Republican"", ""votes"": 929911, ""pct"": 50.71}, ""Harold Ford, Jr."": {""party"": ""Democratic"", ""votes"": 879976, ""pct"": 47.99}, ""Majority"": {""party"": ""Majority"", ""votes"": 49935, ""pct"": 2.72}, ""Ed Choate"": {""party"": ""Independent"", ""votes"": 10831, ""pct"": 0.59}, ""David Gatchell"": {""party"": ""Independent"", ""votes"": 3746, ""pct"": 0.2}, ""Emory \""Bo\"" Heyward"": {""party"": ""Independent"", ""votes"": 3580, ""pct"": 0.2}, ""H. Gary Keplinger"": {""party"": ""Independent"", ""votes"": 3033, ""pct"": 0.17}, ""Chris Lugo"": {""party"": ""Green"", ""votes"": 2589, ""pct"": 0.14}, ""29"": {""party"": ""Write-in"", ""votes"": 29, ""pct"": 0.0}, ""Republican hold"": {""party"": ""Republican hold"", ""votes"": 0, ""pct"": -14.39}}",1883630,Bob Corker,"Harold Ford, Jr.",red,https://en.wikipedia.org/wiki/2006_United_States_Senate_election_in_Tennessee
2006,Texas,TX,I,regular,General,"United States Senate election in Texas, 2006","{""Kay Bailey Hutchison"": {""party"": ""Republican"", ""votes"": 2661789, ""pct"": 61.69}, ""Barbara Ann Radnofsky"": {""party"": ""Democratic"", ""votes"": 1555202, ""pct"": 36.04}, ""Majority"": {""party"": ""Majority"", ""votes"": 1106587, ""pct"": 25.7}, ""Scott Jameson"": {""party"": ""Libertarian"", ""votes"": 97672, ""pct"": 2.26}}",5421250,Kay Bailey Hutchison,Barbara Ann Radnofsky,red,https://en.wikipedia.org/wiki/2006_United_States_Senate_election_in_Texas
2006,Utah,UT,I,regular,General,General election results,"{""Orrin Hatch"": {""party"": ""Republican"", ""votes"": 356238, ""pct"": 62.36}, ""Majority"": {""party"": ""Majority"", ""votes"": 178779, ""pct"": 31.3}, ""Pete Ashdown"": {""party"": ""Democratic"", ""votes"": 177459, ""pct"": 31.06}, ""Scott Bradley"": {""party"": ""Constitution"", ""votes"": 21526, ""pct"": 3.77}, ""Roger Price"": {""party"": ""Personal Choice"", ""votes"": 9089, ""pct"": 1.59}, ""Dave Seely"": {""party"": ""Libertarian"", ""votes"": 4428, ""pct"": 0.78}, ""Julian Hatch"": {""party"": ""Green"", ""votes"": 2512, ""pct"": 0.44}}",750031,Orrin Hatch,Majority,red,https://en.wikipedia.org/wiki/2006_United_States_Senate_election_in_Utah
2006,Vermont,VT,I,regular,General,2006 United States Senate election in Vermont,"{""Bernie Sanders"": {""party"": ""Independent"", ""votes"": 171638, ""pct"": 65.41}, ""Richard Tarrant"": {""party"": ""Republican"", ""votes"": 84924, ""pct"": 32.36}, ""Cris Ericson"": {""party"": ""Independent"", ""votes"": 1735, ""pct"": 0.66}, ""Craig Hill"": {""party"": ""Green"", ""votes"": 1536, ""pct"": 0.59}, ""Peter D. Moss"": {""party"": ""Independent"", ""votes"": 1518, ""pct"": 0.58}, ""Peter Diamondstone"": {""party"": ""Liberty Union"", ""votes"": 801, ""pct"": 0.31}, ""Write-in"": {""party"": ""Write-in"", ""votes"": 267, ""pct"": 0.1}}",262419,Bernie Sanders,Richard Tarrant,yellow,https://en.wikipedia.org/wiki/2006_United_States_Senate_election_in_Vermont
2006,Virginia,VA,I,regular,General,"United States Senate election in Virginia, 2006","{""Jim Webb"": {""party"": ""Democratic"", ""votes"": 1175606, ""pct"": 49.59}, ""George Allen"": {""party"": ""Republican"", ""votes"": 1166277, ""pct"": 49.2}, ""Gail Parker"": {""party"": ""Independent Greens"", ""votes"": 26102, ""pct"": 1.1}, ""Write-in"": {""party"": ""Write-in"", ""votes"": 2460, ""pct"": 0.1}}",2370445,Jim Webb,George Allen,deepskyblue,https://en.wikipedia.org/wiki/2006_United_States_Senate_election_in_Virginia
2006,Washington,WA,I,regular,General,General election results,"{""Maria Cantwell"": {""party"": ""Democratic"", ""votes"": 1184659, ""pct"": 56.81}, ""Mike McGavick"": {""party"": ""Republican"", ""votes"": 832106, ""pct"": 39.91}, ""Majority"": {""party"": ""Majority"", ""votes"": 343084, ""pct"": 16.9}, ""Bruce Guthrie"": {""party"": ""Libertarian"", ""votes"": 29331, ""pct"": 1.41}, ""Aaron Dixon"": {""party"": ""Green"", ""votes"": 21254, ""pct"": 1.02}, ""Robin Adair"": {""party"": ""Independent"", ""votes"": 16384, ""pct"": 0.79}, ""Write-in"": {""party"": ""Write-in"", ""votes"": 1445, ""pct"": 0.07}, ""Democratic hold"": {""party"": ""Democratic hold"", ""votes"": 0, ""pct"": 8.39}}",2428263,Maria Cantwell,Mike McGavick,deepskyblue,https://en.wikipedia.org/wiki/2006_United_States_Senate_election_in_Washington
2006,West Virginia,WV,I,regular,General,2006 West Virginia United States Senate General Election,"{""Robert Byrd"": {""party"": ""Democratic"", ""votes"": 296276, ""pct"": 64.42}, ""John Raese"": {""party"": ""Republican"", ""votes"": 155043, ""pct"": 33.71}, ""Majority"": {""party"": ""Majority"", ""votes"": 141233, ""pct"": 30.71}, ""Jesse Johnson"": {""party"": ""Mountain"", ""votes"": 8565, ""pct"": 1.86}}",601117,Robert Byrd,John Raese,deepskyblue,https://en.wikipedia.org/wiki/2006_United_States_Senate_election_in_West_Virginia
2006,Wisconsin,WI,I,regular,General,"2006 United States Senate election, Wisconsin","{""Herb Kohl"": {""party"": ""Democratic"", ""votes"": 1439214, ""pct"": 67.31}, ""Majority"": {""party"": ""Majority"", ""votes"": 808915, ""pct"": 37.83}, ""Robert Lorge"": {""party"": ""Republican"", ""votes"": 630299, ""pct"": 29.48}, ""Rae Vogeler"": {""party"": ""Green"", ""votes"": 42434, ""pct"": 1.98}, ""Ben Glatzel"": {""party"": ""Independent"", ""votes"": 25096, ""pct"": 1.17}, ""Scattered"": {""party"": ""Other"", ""votes"": 1254, ""pct"": 0.06}}",2947212,Herb Kohl,Majority,deepskyblue,https://en.wikipedia.org/wiki/2006_United_States_Senate_election_in_Wisconsin
2006,Wyoming,WY,I,regular,General,General election results,"{""Craig L. Thomas"": {""party"": ""Republican"", ""votes"": 135174, ""pct"": 69.99}, ""Majority"": {""party"": ""Majority"", ""votes"": 77503, ""pct"": 40.13}, ""Dale Groutage"": {""party"": ""Democratic"", ""votes"": 57671, ""pct"": 29.86}, ""Write-ins"": {""party"": ""Write-ins"", ""votes"": 291, ""pct"": 0.15}}",270639,Craig L. Thomas,Majority,red,https://en.wikipedia.org/wiki/2006_United_States_Senate_election_in_Wyoming
2008,Alabama,AL,II,regular,General,2008 United States Senate election in Alabama,"{""Jeff Sessions"": {""party"": ""Republican"", ""votes"": 1305383, ""pct"": 63.36}, ""Vivian Davis Figures"": {""party"": ""Democratic"", ""votes"": 752391, ""pct"": 36.52}, ""Write-in"": {""party"": ""Write-in"", ""votes"": 2417, ""pct"": 0.12}}",2060191,Jeff Sessions,Vivian Davis Figures,red,https://en.wikipedia.org/wiki/2008_United_States_Senate_election_in_Alabama
2008,Alaska,AK,II,regular,General,2008 United States Senate election in Alaska,"{""Mark Begich"": {""party"": ""Democratic"", ""votes"": 151767, ""pct"": 47.77}, ""Ted Stevens"": {""party"": ""Republican"", ""votes"": 147814, ""pct"": 46.52}, ""Bob Bird"": {""party"": ""Independence"", ""votes"": 13197, ""pct"": 4.15}, ""Fredrick Haase"": {""party"": ""Libertarian"", ""votes"": 2483, ""pct"": 0.78}, ""Ted Gianoutsos"": {""party"": ""Independent"", ""votes"": 1385, ""pct"": 0.44}, ""Write-in"": {""party"": ""Write-in"", ""votes"": 1077, ""pct"": 0.34}}",317723,Mark Begich,Ted Stevens,deepskyblue,https://en.wikipedia.org/wiki/2008_United_States_Senate_election_in_Alaska
2008,Arkansas,AR,II,regular,General,2008 United States Senate election in Arkansas,"{""Mark Pryor"": {""party"": ""Democratic"", ""votes"": 804678, ""pct"": 79.53}, ""Rebekah Kennedy"": {""party"": ""Green"", ""votes"": 207076, ""pct"": 20.47}}",1011754,Mark Pryor,Rebekah Kennedy,deepskyblue,https://en.wikipedia.org/wiki/2008_United_States_Senate_election_in_Arkansas
2008,Colorado,CO,II,regular,General,2008 United States Senate election in Colorado,"{""Mark Udall"": {""party"": ""Democratic"", ""votes"": 1231049, ""pct"": 52.8}, ""Bob Schaffer"": {""party"": ""Republican"", ""votes"": 990784, ""pct"": 42.49}, ""Douglas Campbell"": {""party"": ""Constitution"", ""votes"": 59736, ""pct"": 2.56}, ""Bob Kinsey"": {""party"": ""Green"", ""votes"": 50008, ""pct"": 2.14}, ""Write-in"": {""party"": ""Write-in"", ""votes"": 135, ""pct"": 0.01}}",2331712,Mark Udall,Bob Schaffer,deepskyblue,https://en.wikipedia.org/wiki/2008_United_States_Senate_election_in_Colorado
2008,Delaware,DE,II,regular,General,"United States Senate election in Delaware, 2008","{""Joe Biden"": {""party"": ""Democratic"", ""votes"": 257539, ""pct"": 64.69}, ""Christine O'Donnell"": {""party"": ""Republican"", ""votes"": 140595, ""pct"": 35.31}, ""Majority"": {""party"": ""Majority"", ""votes"": 116944, ""pct"": 29.38}}",515078,Joe Biden,Christine O'Donnell,deepskyblue,https://en.wikipedia.org/wiki/2008_United_States_Senate_election_in_Delaware
2008,Georgia,GA,II,regular,General,2008 United States Senate general election in Georgia,"{""Saxby Chambliss"": {""party"": ""Republican"", ""votes"": 1867097, ""pct"": 49.76}, ""Jim Martin"": {""party"": ""Democratic"", ""votes"": 1757393, ""pct"": 46.83}, ""Majority"": {""party"": ""Majority"", ""votes"": 318110, ""pct"": 14.88}, ""Allen Buckley"": {""party"": ""Libertarian"", ""votes"": 127923, ""pct"": 3.41}, ""Eleanor Garcia"": {""party"": ""Socialist Workers"", ""votes"": 43, ""pct"": 0.0}, ""William Salomone, Jr."": {""party"": ""Independent"", ""votes"": 29, ""pct"": 0.0}}",4070595,Saxby Chambliss,Jim Martin,red,https://en.wikipedia.org/wiki/2008_United_States_Senate_election_in_Georgia
2008,Idaho,ID,II,regular,General,General election results,"{""Jim Risch"": {""party"": ""Republican"", ""votes"": 371744, ""pct"": 57.65}, ""Larry LaRocco"": {""party"": ""Democratic"", ""votes"": 219903, ""pct"": 34.11}, ""Majority"": {""party"": ""Majority"", ""votes"": 151841, ""pct"": 23.55}, ""Rex Rammell"": {""party"": ""Independent"", ""votes"": 34510, ""pct"": 5.35}, ""Kent Marmon"": {""party"": ""Libertarian"", ""votes"": 9958, ""pct"": 1.54}, ""Pro-Life"": {""party"": ""Independent"", ""votes"": 8662, ""pct"": 1.35}, ""Write-in"": {""party"": ""Write-in"", ""votes"": 3, ""pct"": 0.0}}",796621,Jim Risch,Larry LaRocco,red,https://en.wikipedia.org/wiki/2008_United_States_Senate_election_in_Idaho
2008,Illinois,IL,II,regular,General,2008 United States Senate election in Illinois,"{""Dick Durbin"": {""party"": ""Democratic"", ""votes"": 3615844, ""pct"": 67.84}, ""Steve Sauerberg"": {""party"": ""Republican"", ""votes"": 1520621, ""pct"": 28.53}, ""Kathy Cummings"": {""party"": ""Green"", ""votes"": 119135, ""pct"": 2.24}, ""Larry A. Stafford"": {""party"": ""Libertarian"", ""votes"": 50224, ""pct"": 0.94}, ""Chad N. Koppie"": {""party"": ""Constitution"", ""votes"": 24059, ""pct"": 0.45}}",5329883,Dick Durbin,Steve Sauerberg,deepskyblue,https://en.wikipedia.org/wiki/2008_United_States_Senate_election_in_Illinois
2008,Iowa,IA,II,regular,General,"United States Senate election in Iowa, 2008","{""Tom Harkin"": {""party"": ""Democratic"", ""votes"": 941665, ""pct"": 62.66}, ""Christopher Reed"": {""party"": ""Republican"", ""votes"": 560006, ""pct"": 37.26}, ""Majority"": {""party"": ""Majority"", ""votes"": 381659, ""pct"": 25.39}, ""Write-in"": {""party"": ""Write-in"", ""votes"": 1247, ""pct"": 0.08}}",1884577,Tom Harkin,Christopher Reed,deepskyblue,https://en.wikipedia.org/wiki/2008_United_States_Senate_election_in_Iowa
2008,Kansas,KS,II,regular,General,General election results,"{""Pat Roberts"": {""party"": ""Republican"", ""votes"": 727121, ""pct"": 60.06}, ""Jim Slattery"": {""party"": ""Democratic"", ""votes"": 441399, ""pct"": 36.46}, ""Majority"": {""party"": ""Majority"", ""votes"": 285722, ""pct"": 23.6}, ""Randall Hodgkinson"": {""party"": ""Libertarian"", ""votes"": 25727, ""pct"": 2.12}, ""Joseph L. Martin"": {""party"": ""Reform"", ""votes"": 16443, ""pct"": 1.36}}",1496412,Pat Roberts,Jim Slattery,red,https://en.wikipedia.org/wiki/2008_United_States_Senate_election_in_Kansas
2008,Kentucky,KY,II,regular,General,General election results,"{""Mitch McConnell"": {""party"": ""Republican"", ""votes"": 953816, ""pct"": 52.97}, ""Bruce Lunsford"": {""party"": ""Democratic"", ""votes"": 847005, ""pct"": 47.03}}",1800821,Mitch McConnell,Bruce Lunsford,red,https://en.wikipedia.org/wiki/2008_United_States_Senate_election_in_Kentucky
2008,Louisiana,LA,II,regular,General,2008 United States Senate election in Louisiana,"{""Mary Landrieu"": {""party"": ""Democratic"", ""votes"": 988298, ""pct"": 52.11}, ""John Kennedy"": {""party"": ""Republican"", ""votes"": 867177, ""pct"": 45.72}, ""Majority"": {""party"": ""Majority"", ""votes"": 121121, ""pct"": 6.39}, ""Richard Fontanesi"": {""party"": ""Libertarian"", ""votes"": 18590, ""pct"": 0.98}, ""Jay Patel"": {""party"": ""Independent"", ""votes"": 13729, ""pct"": 0.72}, ""Robert Stewart"": {""party"": ""Independent"", ""votes"": 8780, ""pct"": 0.46}}",2017695,Mary Landrieu,John Kennedy,deepskyblue,https://en.wikipedia.org/wiki/2008_United_States_Senate_election_in_Louisiana
2008,Maine,ME,II,regular,General,General election results,"{""Susan Collins"": {""party"": ""Republican"", ""votes"": 444300, ""pct"": 61.33}, ""Tom Allen"": {""party"": ""Democratic"", ""votes"": 279510, ""pct"": 38.58}, ""Write-in"": {""party"": ""Write-in"", ""votes"": 620, ""pct"": 0.09}}",724430,Susan Collins,Tom Allen,red,https://en.wikipedia.org/wiki/2008_United_States_Senate_election_in_Maine
2008,Massachusetts,MA,II,regular,General,General election results,"{""John Kerry"": {""party"": ""Democratic"", ""votes"": 1971974, ""pct"": 65.86}, ""Majority"": {""party"": ""Majority"", ""votes"": 1037116, ""pct"": NaN}, ""Jeff Beatty"": {""party"": ""Republican"", ""votes"": 926044, ""pct"": 30.93}, ""Robert J. Underwood"": {""party"": ""Libertarian"", ""votes"": 93713, ""pct"": 3.13}}",4028847,John Kerry,Majority,deepskyblue,https://en.wikipedia.org/wiki/2008_United_States_Senate_election_in_Massachusetts
2008,Michigan,MI,II,regular,General,General election results,"{""Carl Levin"": {""party"": ""Democratic"", ""votes"": 3038386, ""pct"": 62.66}, ""Jack Hoogendyk"": {""party"": ""Republican"", ""votes"": 1641070, ""pct"": 33.85}, ""Majority"": {""party"": ""Majority"", ""votes"": 1397316, ""pct"": 28.82}, ""Scotty Boman"": {""party"": ""Libertarian"", ""votes"": 76347, ""pct"": 1.57}, ""Harley Mikkelson"": {""party"": ""Green"", ""votes"": 43440, ""pct"": 0.9}, ""Michael Nikitin"": {""party"": ""U.S. Taxpayers"", ""votes"": 30827, ""pct"": 0.64}, ""Doug Dern"": {""party"": ""Natural Law"", ""votes"": 18550, ""pct"": 0.38}}",6245936,Carl Levin,Jack Hoogendyk,deepskyblue,https://en.wikipedia.org/wiki/2008_United_States_Senate_election_in_Michigan
2008,Minnesota,MN,II,regular,General,2008 United States Senate election in Minnesota: Certified Results after election contest,"{""Al Franken"": {""party"": ""Democratic (DFL)"", ""votes"": 1212629, ""pct"": 41.994}, ""Norm Coleman"": {""party"": ""Republican"", ""votes"": 1212317, ""pct"": 41.983}, ""Dean Barkley"": {""party"": ""Independence"", ""votes"": 437505, ""pct"": 15.151}, ""Charles Aldrich"": {""party"": ""Libertarian"", ""votes"": 13923, ""pct"": 0.48}, ""James Niemackl"": {""party"": ""Constitution"", ""votes"": 8907, ""pct"": 0.31}, ""Write-in"": {""party"": ""Write-in"", ""votes"": 2365, ""pct"": 0.08}, ""Plurality"": {""party"": ""Plurality"", ""votes"": 312, ""pct"": 0.011}}",2887958,Al Franken,Norm Coleman,deepskyblue,https://en.wikipedia.org/wiki/2008_United_States_Senate_election_in_Minnesota
2008,Mississippi,MS,II,regular,General,General election results,"{""Thad Cochran"": {""party"": ""Republican"", ""votes"": 766111, ""pct"": 61.44}, ""Erik Fleming"": {""party"": ""Democratic"", ""votes"": 480915, ""pct"": 38.56}, ""Majority"": {""party"": ""Majority"", ""votes"": 285196, ""pct"": 22.88}}",1532222,Thad Cochran,Erik Fleming,red,https://en.wikipedia.org/wiki/2008_United_States_Senate_election_in_Mississippi
2008,Montana,MT,II,regular,General,General election results,"{""Max Baucus"": {""party"": ""Democratic"", ""votes"": 348289, ""pct"": 72.92}, ""Bob Kelleher"": {""party"": ""Republican"", ""votes"": 129369, ""pct"": 27.08}}",477658,Max Baucus,Bob Kelleher,deepskyblue,https://en.wikipedia.org/wiki/2008_United_States_Senate_election_in_Montana
2008,Nebraska,NE,II,regular,General,2008 United States Senate election in Nebraska,"{""Mike Johanns"": {""party"": ""Republican"", ""votes"": 455854, ""pct"": 57.52}, ""Scott Kleeb"": {""party"": ""Democratic"", ""votes"": 317456, ""pct"": 40.06}, ""Majority"": {""party"": ""Majority"", ""votes"": 138398, ""pct"": 17.46}, ""Kelly Rosberg"": {""party"": ""Nebraska"", ""votes"": 11438, ""pct"": 1.44}, ""Steve Larrick"": {""party"": ""Green"", ""votes"": 7763, ""pct"": 0.98}}",930909,Mike Johanns,Scott Kleeb,red,https://en.wikipedia.org/wiki/2008_United_States_Senate_election_in_Nebraska
2008,New Hampshire,NH,II,regular,General,2008 United States Senate election in New Hampshire,"{""Jeanne Shaheen"": {""party"": ""Democratic"", ""votes"": 358438, ""pct"": 51.62}, ""John Sununu"": {""party"": ""Republican"", ""votes"": 314403, ""pct"": 45.28}, ""Ken Blevens"": {""party"": ""Libertarian"", ""votes"": 21516, ""pct"": 3.1}}",694357,Jeanne Shaheen,John Sununu,deepskyblue,https://en.wikipedia.org/wiki/2008_United_States_Senate_election_in_New_Hampshire
2008,New Jersey,NJ,II,regular,General,2008 United States Senate election in New Jersey,"{""Frank Lautenberg"": {""party"": ""Democratic"", ""votes"": 1951218, ""pct"": 56.03}, ""Dick Zimmer"": {""party"": ""Republican"", ""votes"": 1461025, ""pct"": 41.95}, ""Daryl Mikell Brooks"": {""party"": ""Independent"", ""votes"": 20920, ""pct"": 0.6}, ""Jason Scheurer"": {""party"": ""Libertarian"", ""votes"": 18810, ""pct"": 0.54}, ""J.M. Carter"": {""party"": ""Independent"", ""votes"": 15935, ""pct"": 0.46}, ""Jeff Boss"": {""party"": ""Independent"", ""votes"": 10345, ""pct"": 0.3}, ""Sara Lobman"": {""party"": ""Socialist Workers"", ""votes"": 9187, ""pct"": 0.26}}",3487440,Frank Lautenberg,Dick Zimmer,deepskyblue,https://en.wikipedia.org/wiki/2008_United_States_Senate_election_in_New_Jersey
2008,New Mexico,NM,II,regular,General,2008 United States Senate election in New Mexico,"{""Tom Udall"": {""party"": ""Democratic"", ""votes"": 505128, ""pct"": 61.33}, ""Steve Pearce"": {""party"": ""Republican"", ""votes"": 318522, ""pct"": 38.67}}",823650,Tom Udall,Steve Pearce,deepskyblue,https://en.wikipedia.org/wiki/2008_United_States_Senate_election_in_New_Mexico
2008,North Carolina,NC,II,regular,General,2008 United States Senate election in North Carolina,"{""Kay Hagan"": {""party"": ""Democratic"", ""votes"": 2249311, ""pct"": 52.65}, ""Elizabeth Dole"": {""party"": ""Republican"", ""votes"": 1887510, ""pct"": 44.18}, ""Chris Cole"": {""party"": ""Libertarian"", ""votes"": 133430, ""pct"": 3.17}, ""Write-in"": {""party"": ""Write-in"", ""votes"": 1719, ""pct"": 0.0}}",4271970,Kay Hagan,Elizabeth Dole,deepskyblue,https://en.wikipedia.org/wiki/2008_United_States_Senate_election_in_North_Carolina
2008,Oklahoma,OK,II,regular,General,"United States Senate election in Oklahoma, 2008","{""Jim Inhofe"": {""party"": ""Republican"", ""votes"": 763375, ""pct"": 56.68}, ""Andrew Rice"": {""party"": ""Democratic"", ""votes"": 527736, ""pct"": 39.18}, ""Majority"": {""party"": ""Majority"", ""votes"": 235639, ""pct"": 17.5}, ""Stephen Wallace"": {""party"": ""Independent"", ""votes"": 55708, ""pct"": 4.14}}",1582458,Jim Inhofe,Andrew Rice,red,https://en.wikipedia.org/wiki/2008_United_States_Senate_election_in_Oklahoma
2008,Oregon,OR,II,regular,General,2008 United States Senate election in Oregon,"{""Jeff Merkley"": {""party"": ""Democratic"", ""votes"": 864392, ""pct"": 48.9}, ""Gordon Smith"": {""party"": ""Republican"", ""votes"": 805159, ""pct"": 45.55}, ""David Brownlow"": {""party"": ""Constitution"", ""votes"": 92565, ""pct"": 5.24}, ""Write-in"": {""party"": ""Write-in"", ""votes"": 5388, ""pct"": 0.3}}",1767504,Jeff Merkley,Gordon Smith,deepskyblue,https://en.wikipedia.org/wiki/2008_United_States_Senate_election_in_Oregon
2008,Rhode Island,RI,II,regular,General,2008 Rhode Island U.S. Senator general election,"{""Jack Reed"": {""party"": ""Democratic"", ""votes"": 320644, ""pct"": 73.4}, ""Majority"": {""party"": ""Majority"", ""votes"": 204470, ""pct"": 46.81}, ""Bob Tingle"": {""party"": ""Republican"", ""votes"": 116174, ""pct"": 26.6}}",641288,Jack Reed,Majority,deepskyblue,https://en.wikipedia.org/wiki/2008_United_States_Senate_election_in_Rhode_Island
2008,South Carolina,SC,II,regular,General,General election results,"{""Lindsey Graham"": {""party"": ""Republican"", ""votes"": 1076534, ""pct"": 57.52}, ""Bob Conley"": {""party"": ""Democratic"", ""votes"": 790621, ""pct"": 42.25}, ""Majority"": {""party"": ""Majority"", ""votes"": 285913, ""pct"": 15.27}, ""Write-in"": {""party"": ""Write-in"", ""votes"": 4276, ""pct"": 0.23}}",2157344,Lindsey Graham,Bob Conley,red,https://en.wikipedia.org/wiki/2008_United_States_Senate_election_in_South_Carolina
2008,South Dakota,SD,II,regular,General,General election results,"{""Tim Johnson"": {""party"": ""Democratic"", ""votes"": 237889, ""pct"": 62.49}, ""Joel Dykstra"": {""party"": ""Republican"", ""votes"": 142784, ""pct"": 37.51}}",380673,Tim Johnson,Joel Dykstra,deepskyblue,https://en.wikipedia.org/wiki/2008_United_States_Senate_election_in_South_Dakota
2008,Tennessee,TN,II,regular,General,"United States Senate election in Tennessee, 2008","{""Lamar Alexander"": {""party"": ""Republican"", ""votes"": 1579477, ""pct"": 65.14}, ""Majority"": {""party"": ""Majority"", ""votes"": 812241, ""pct"": 33.5}, ""Bob Tuke"": {""party"": ""Democratic"", ""votes"": 767236, ""pct"": 31.64}, ""Edward L. Buck"": {""party"": ""Independent"", ""votes"": 31631, ""pct"": 1.3}, ""Christopher G. Fenner"": {""party"": ""Independent"", ""votes"": 11073, ""pct"": 0.46}, ""Daniel Towers Lewis"": {""party"": ""Independent"", ""votes"": 9367, ""pct"": 0.39}, ""Chris Lugo"": {""party"": ""Independent"", ""votes"": 9170, ""pct"": 0.38}, ""Ed Lawhorn"": {""party"": ""Independent"", ""votes"": 8986, ""pct"": 0.37}, ""David Gatchell"": {""party"": ""Independent"", ""votes"": 7645, ""pct"": 0.32}}",3236826,Lamar Alexander,Majority,red,https://en.wikipedia.org/wiki/2008_United_States_Senate_election_in_Tennessee
2008,Texas,TX,II,regular,General,2008 Texas U.S. Senate general election,"{""John Cornyn"": {""party"": ""Republican"", ""votes"": 4337469, ""pct"": 54.82}, ""Rick Noriega"": {""party"": ""Democratic"", ""votes"": 3389365, ""pct"": 42.84}, ""Majority"": {""party"": ""Majority"", ""votes"": 948104, ""pct"": 11.98}, ""Yvonne Adams Schick"": {""party"": ""Libertarian"", ""votes"": 185241, ""pct"": 2.34}}",8860179,John Cornyn,Rick Noriega,red,https://en.wikipedia.org/wiki/2008_United_States_Senate_election_in_Texas
2008,Virginia,VA,II,regular,General,2008 United States Senate election in Virginia,"{""Mark Warner"": {""party"": ""Democratic"", ""votes"": 2369327, ""pct"": 65.03}, ""Jim Gilmore"": {""party"": ""Republican"", ""votes"": 1228830, ""pct"": 33.73}, ""Glenda Parker"": {""party"": ""Independent Greens"", ""votes"": 21690, ""pct"": 0.6}, ""Bill Redpath"": {""party"": ""Libertarian"", ""votes"": 20269, ""pct"": 0.56}, ""Write-in"": {""party"": ""Write-in"", ""votes"": 3178, ""pct"": 0.09}}",3643294,Mark Warner,Jim Gilmore,deepskyblue,https://en.wikipedia.org/wiki/2008_United_States_Senate_election_in_Virginia
2008,West Virginia,WV,II,regular,General,General election results,"{""Jay Rockefeller"": {""party"": ""Democratic"", ""votes"": 447560, ""pct"": 63.74}, ""Jay Wolfe"": {""party"": ""Republican"", ""votes"": 254629, ""pct"": 36.26}}",702189,Jay Rockefeller,Jay Wolfe,deepskyblue,https://en.wikipedia.org/wiki/2008_United_States_Senate_election_in_West_Virginia
2008,Wyoming,WY,II,regular,General,General election results,"{""Mike Enzi"": {""party"": ""Republican"", ""votes"": 189046, ""pct"": 75.63}, ""Majority"": {""party"": ""Majority"", ""votes"": 128415, ""pct"": 51.38}, ""Chris Rothfuss"": {""party"": ""Democratic"", ""votes"": 60631, ""pct"": 24.26}, ""Write-in"": {""party"": ""Write-in"", ""votes"": 269, ""pct"": 0.11}}",378361,Mike Enzi,Majority,red,https://en.wikipedia.org/wiki/2008_United_States_Senate_election_in_Wyoming
2010,Alabama,AL,III,regular,General,2010 United States Senate election in Alabama,"{""Richard Shelby"": {""party"": ""Republican"", ""votes"": 968181, ""pct"": 65.18}, ""William G. Barnes"": {""party"": ""Democratic"", ""votes"": 515619, ""pct"": 34.71}, ""Write-in"": {""party"": ""Write-in"", ""votes"": 1699, ""pct"": 0.11}}",1485499,Richard Shelby,William G. Barnes,red,https://en.wikipedia.org/wiki/2010_United_States_Senate_election_in_Alabama
2010,Alaska,AK,III,regular,General,Final/certified general election results,"{""Lisa Murkowski"": {""party"": ""Republican"", ""votes"": 101091, ""pct"": 39.49}, ""Joe Miller"": {""party"": ""Republican"", ""votes"": 90839, ""pct"": 35.49}, ""Scott McAdams"": {""party"": ""Democratic"", ""votes"": 60045, ""pct"": 23.46}, ""David Haase"": {""party"": ""Libertarian"", ""votes"": 1459, ""pct"": 0.57}, ""Timothy Carter"": {""party"": ""Independent"", ""votes"": 927, ""pct"": 0.36}, ""Ted Gianoutsos"": {""party"": ""Independent"", ""votes"": 458, ""pct"": 0.18}}",254819,Lisa Murkowski,Joe Miller,red,https://en.wikipedia.org/wiki/2010_United_States_Senate_election_in_Alaska
2010,Arizona,AZ,III,regular,General,2010 United States Senate election in Arizona,"{""John McCain"": {""party"": ""Republican"", ""votes"": 1005615, ""pct"": 59.07}, ""Rodney Glassman"": {""party"": ""Democratic"", ""votes"": 592011, ""pct"": 34.78}, ""David Nolan"": {""party"": ""Libertarian"", ""votes"": 80097, ""pct"": 4.71}, ""Jerry Joslyn"": {""party"": ""Green"", ""votes"": 24603, ""pct"": 1.45}}",1702326,John McCain,Rodney Glassman,red,https://en.wikipedia.org/wiki/2010_United_States_Senate_election_in_Arizona
2010,Arkansas,AR,III,regular,General,"United States Senate election in Arkansas, 2010","{""John Boozman"": {""party"": ""Republican"", ""votes"": 451618, ""pct"": 57.9}, ""Blanche Lincoln"": {""party"": ""Democratic"", ""votes"": 288156, ""pct"": 36.95}, ""Trevor Drown"": {""party"": ""Libertarian"", ""votes"": 25234, ""pct"": 3.24}, ""John Gray"": {""party"": ""Green"", ""votes"": 14430, ""pct"": 1.85}, ""Write-in"": {""party"": ""Write-in"", ""votes"": 519, ""pct"": 0.07}}",779957,John Boozman,Blanche Lincoln,red,https://en.wikipedia.org/wiki/2010_United_States_Senate_election_in_Arkansas
2010,California,CA,III,regular,General,"United States Senate election in California, 2010","{""Barbara Boxer"": {""party"": ""Democratic"", ""votes"": 5218137, ""pct"": 52.18}, ""Carly Fiorina"": {""party"": ""Republican"", ""votes"": 4217386, ""pct"": 42.17}, ""Gail Lightfoot"": {""party"": ""Libertarian"", ""votes"": 175235, ""pct"": 1.75}, ""Marsha Feinland"": {""party"": ""Peace and Freedom"", ""votes"": 135088, ""pct"": 1.35}, ""Duane Roberts"": {""party"": ""Green"", ""votes"": 128512, ""pct"": 1.29}, ""Edward Noonan"": {""party"": ""American Independent"", ""votes"": 125435, ""pct"": 1.25}, ""Write-in"": {""party"": ""Write-in"", ""votes"": 67, ""pct"": 0.0}}",9999860,Barbara Boxer,Carly Fiorina,deepskyblue,https://en.wikipedia.org/wiki/2010_United_States_Senate_election_in_California
2010,Colorado,CO,III,regular,General,"United States Senate election in Colorado, 2010","{""Michael Bennet"": {""party"": ""Democratic"", ""votes"": 854685, ""pct"": 48.08}, ""Ken Buck"": {""party"": ""Republican"", ""votes"": 824789, ""pct"": 46.4}, ""Bob Kinsey"": {""party"": ""Green"", ""votes"": 38884, ""pct"": 2.19}, ""Maclyn Stringer"": {""party"": ""Libertarian"", ""votes"": 22646, ""pct"": 1.27}, ""Jason Napolitano"": {""party"": ""Independent"", ""votes"": 19450, ""pct"": 1.09}, ""Charley Miller"": {""party"": ""Independent"", ""votes"": 11351, ""pct"": 0.64}, ""J. Moromisato"": {""party"": ""Independent"", ""votes"": 5780, ""pct"": 0.33}, ""Write-in"": {""party"": ""Write-in"", ""votes"": 83, ""pct"": 0.07}}",1777668,Michael Bennet,Ken Buck,deepskyblue,https://en.wikipedia.org/wiki/2010_United_States_Senate_election_in_Colorado
2010,Connecticut,CT,III,regular,General,State Republican Convention results (first round),"{""Richard Blumenthal"": {""party"": ""Democratic"", ""votes"": 636040, ""pct"": 55.16}, ""Linda E. McMahon"": {""party"": ""Republican"", ""votes"": 498341, ""pct"": 43.22}, ""Warren B. Mosler"": {""party"": ""Independent"", ""votes"": 11275, ""pct"": 0.98}, ""John Mertens"": {""party"": ""Connecticut for Lieberman"", ""votes"": 6735, ""pct"": 0.58}, ""Linda McMahon*"": {""party"": ""Republican"", ""votes"": 737, ""pct"": 51.76}, ""Write-in"": {""party"": ""Write-in"", ""votes"": 724, ""pct"": 0.06}, ""Rob Simmons*"": {""party"": ""Republican"", ""votes"": 632, ""pct"": 44.62}, ""Peter Schiff"": {""party"": ""Republican"", ""votes"": 44, ""pct"": 3.11}, ""Vincent Forras"": {""party"": ""Republican"", ""votes"": 7, ""pct"": 0.49}, ""Ethan Book"": {""party"": ""Republican"", ""votes"": 0, ""pct"": 0.0}}",1154535,Richard Blumenthal,Linda E. McMahon,deepskyblue,https://en.wikipedia.org/wiki/2010_United_States_Senate_election_in_Connecticut
2010,Florida,FL,III,regular,General,2010 United States Senate election in Florida,"{""Marco Antonio Rubio"": {""party"": ""Republican"", ""votes"": 2645743, ""pct"": 48.89}, ""Charles Joseph Crist Jr."": {""party"": ""Independent"", ""votes"": 1607549, ""pct"": 29.71}, ""Kendrick Brett Meek"": {""party"": ""Democratic"", ""votes"": 1092936, ""pct"": 20.2}, ""Alexander Snitker"": {""party"": ""Libertarian"", ""votes"": 24850, ""pct"": 0.46}, ""Sue Askeland"": {""party"": ""Independent"", ""votes"": 15340, ""pct"": 0.28}, ""Rick Tyler"": {""party"": ""Independent"", ""votes"": 7394, ""pct"": 0.14}, ""Bernie DeCastro"": {""party"": ""Constitution"", ""votes"": 4792, ""pct"": 0.09}, ""Lewis Jerome Armstrong"": {""party"": ""Independent"", ""votes"": 4443, ""pct"": 0.08}, ""Bobbie Bean"": {""party"": ""Independent"", ""votes"": 4301, ""pct"": 0.08}, ""Bruce Riggs"": {""party"": ""Independent"", ""votes"": 3647, ""pct"": 0.07}, ""Write-in"": {""party"": ""Write-in"", ""votes"": 108, ""pct"": 0.0}}",5411103,Marco Antonio Rubio,Charles Joseph Crist Jr.,red,https://en.wikipedia.org/wiki/2010_United_States_Senate_election_in_Florida
2010,Georgia,GA,III,regular,General,"United States Senate election in Georgia, 2010","{""Johnny Isakson"": {""party"": ""Republican"", ""votes"": 1489904, ""pct"": 58.31}, ""Michael Thurmond"": {""party"": ""Democratic"", ""votes"": 996516, ""pct"": 39.0}, ""Chuck Donovan"": {""party"": ""Libertarian"", ""votes"": 68750, ""pct"": 2.69}, ""Write-in"": {""party"": ""Write-in"", ""votes"": 88, ""pct"": 0.0}}",2555258,Johnny Isakson,Michael Thurmond,red,https://en.wikipedia.org/wiki/2010_United_States_Senate_election_in_Georgia
2010,Hawaii,HI,III,regular,General,"United States Senate election in Hawaii, 2010","{""Daniel Inouye"": {""party"": ""Democratic"", ""votes"": 277228, ""pct"": 74.81}, ""Campbell Cavasso"": {""party"": ""Republican"", ""votes"": 79939, ""pct"": 21.57}, ""Jim Brewer"": {""party"": ""Green"", ""votes"": 7762, ""pct"": 2.09}, ""Lloyd Jeffrey Mallen"": {""party"": ""Libertarian"", ""votes"": 2957, ""pct"": 0.8}, ""Jeff Jarrett"": {""party"": ""Independent"", ""votes"": 2697, ""pct"": 0.73}}",370583,Daniel Inouye,Campbell Cavasso,deepskyblue,https://en.wikipedia.org/wiki/2010_United_States_Senate_election_in_Hawaii
2010,Idaho,ID,III,regular,General,"United States Senate election in Idaho, 2010","{""Mike Crapo"": {""party"": ""Republican"", ""votes"": 319953, ""pct"": 71.17}, ""Majority"": {""party"": ""Majority"", ""votes"": 207896, ""pct"": 46.24}, ""Tom Sullivan"": {""party"": ""Democratic"", ""votes"": 112057, ""pct"": 24.93}, ""Randy Bergquist"": {""party"": ""Constitution"", ""votes"": 17429, ""pct"": 3.88}, ""Write-in"": {""party"": ""Write-in"", ""votes"": 91, ""pct"": 0.02}}",657426,Mike Crapo,Majority,red,https://en.wikipedia.org/wiki/2010_United_States_Senate_election_in_Idaho
2010,Illinois,IL,III,regular,General,"United States Senate election in Illinois, 2010","{""Mark Kirk"": {""party"": ""Republican"", ""votes"": 1677729, ""pct"": 47.31}, ""Alexi Giannoulias"": {""party"": ""Democratic"", ""votes"": 1641486, ""pct"": 46.29}, ""LeAlan Jones"": {""party"": ""Green"", ""votes"": 129571, ""pct"": 3.65}, ""Michael Labno"": {""party"": ""Libertarian"", ""votes"": 95762, ""pct"": 2.7}, ""Write-in"": {""party"": ""Write-in"", ""votes"": 1436, ""pct"": 0.04}}",7250457,Mark Kirk,Alexi Giannoulias,red,https://en.wikipedia.org/wiki/2010_United_States_Senate_election_in_Illinois
2010,Indiana,IN,III,regular,General,2010 United States Senate election in Indiana,"{""Dan Coats"": {""party"": ""Republican"", ""votes"": 952116, ""pct"": 54.58}, ""Brad Ellsworth"": {""party"": ""Democratic"", ""votes"": 697775, ""pct"": 40.0}, ""Rebecca Sink-Burris"": {""party"": ""Libertarian"", ""votes"": 94330, ""pct"": 5.41}, ""Write-in"": {""party"": ""Write-in"", ""votes"": 260, ""pct"": 0.01}}",1744481,Dan Coats,Brad Ellsworth,red,https://en.wikipedia.org/wiki/2010_United_States_Senate_election_in_Indiana
2010,Iowa,IA,III,regular,General,"United States Senate election in Iowa, 2010","{""Chuck Grassley"": {""party"": ""Republican"", ""votes"": 718215, ""pct"": 64.35}, ""Roxanne Conlin"": {""party"": ""Democratic"", ""votes"": 371686, ""pct"": 33.3}, ""John Heiderscheit"": {""party"": ""Libertarian"", ""votes"": 25290, ""pct"": 2.27}, ""Write-in"": {""party"": ""Write-in"", ""votes"": 872, ""pct"": 0.08}}",1116063,Chuck Grassley,Roxanne Conlin,red,https://en.wikipedia.org/wiki/2010_United_States_Senate_election_in_Iowa
2010,Kansas,KS,III,regular,General,"United States Senate election in Kansas, 2010","{""Jerry Moran"": {""party"": ""Republican"", ""votes"": 587175, ""pct"": 70.09}, ""Lisa Johnston"": {""party"": ""Democratic"", ""votes"": 220971, ""pct"": 26.38}, ""Michael Dann"": {""party"": ""Libertarian"", ""votes"": 17922, ""pct"": 2.14}, ""Joe Bellis"": {""party"": ""Reform"", ""votes"": 11624, ""pct"": 1.39}}",837692,Jerry Moran,Lisa Johnston,red,https://en.wikipedia.org/wiki/2010_United_States_Senate_election_in_Kansas
2010,Kentucky,KY,III,regular,General,"United States Senate election in Kentucky, 2010","{""Rand Paul"": {""party"": ""Republican"", ""votes"": 755706, ""pct"": 55.73}, ""Jack Conway"": {""party"": ""Democratic"", ""votes"": 600052, ""pct"": 44.25}, ""Billy Ray Wilson"": {""party"": ""Independent"", ""votes"": 338, ""pct"": 0.02}}",1356096,Rand Paul,Jack Conway,red,https://en.wikipedia.org/wiki/2010_United_States_Senate_election_in_Kentucky
2010,Louisiana,LA,III,regular,General,"United States Senate election in Louisiana, 2010","{""David Vitter"": {""party"": ""Republican"", ""votes"": 715415, ""pct"": 56.56}, ""Charlie Melançon"": {""party"": ""Democratic"", ""votes"": 476572, ""pct"": 37.67}, ""Randall Hayes"": {""party"": ""Libertarian"", ""votes"": 13957, ""pct"": 1.1}, ""Michael Brown"": {""party"": ""Independent"", ""votes"": 9973, ""pct"": 0.79}, ""Mike Spears"": {""party"": ""Independent"", ""votes"": 9190, ""pct"": 0.73}, ""Ernest Wooton"": {""party"": ""Independent"", ""votes"": 8167, ""pct"": 0.65}, ""Skip Galan"": {""party"": ""Independent"", ""votes"": 7474, ""pct"": 0.59}, ""William McShan"": {""party"": ""Reform"", ""votes"": 5879, ""pct"": 0.46}, ""Bob Lang"": {""party"": ""Independent"", ""votes"": 5734, ""pct"": 0.45}, ""Milton Gordon"": {""party"": ""Independent"", ""votes"": 4810, ""pct"": 0.38}, ""Tommy LaFargue"": {""party"": ""Independent"", ""votes"": 4043, ""pct"": 0.32}, ""Sam Melton"": {""party"": ""Independent"", ""votes"": 3780, ""pct"": 0.3}}",1264994,David Vitter,Charlie Melançon,red,https://en.wikipedia.org/wiki/2010_United_States_Senate_election_in_Louisiana
2010,Maryland,MD,III,regular,General,"United States Senate election in Maryland, 2010","{""Barbara Mikulski"": {""party"": ""Democratic"", ""votes"": 1140531, ""pct"": 62.19}, ""Eric Wargotz"": {""party"": ""Republican"", ""votes"": 655666, ""pct"": 35.75}, ""Kenniss Henry"": {""party"": ""Green"", ""votes"": 20717, ""pct"": 1.13}, ""Richard Shawver"": {""party"": ""Constitution"", ""votes"": 14746, ""pct"": 0.8}, ""Write-in"": {""party"": ""Write-in"", ""votes"": 2213, ""pct"": 0.11}}",1833873,Barbara Mikulski,Eric Wargotz,deepskyblue,https://en.wikipedia.org/wiki/2010_United_States_Senate_election_in_Maryland
2010,Missouri,MO,III,regular,General,"United States Senate election in Missouri, 2010","{""Roy Blunt"": {""party"": ""Republican"", ""votes"": 1054160, ""pct"": 54.23}, ""Robin Carnahan"": {""party"": ""Democratic"", ""votes"": 789736, ""pct"": 40.63}, ""Jonathan Dine"": {""party"": ""Libertarian"", ""votes"": 58663, ""pct"": 3.02}, ""Jerry Beck"": {""party"": ""Constitution"", ""votes"": 41309, ""pct"": 2.12}, ""Write-in"": {""party"": ""Write-in"", ""votes"": 31, ""pct"": 0.0}}",1943899,Roy Blunt,Robin Carnahan,red,https://en.wikipedia.org/wiki/2010_United_States_Senate_election_in_Missouri
2010,Nevada,NV,III,regular,General,"United States Senate election in Nevada, 2010","{""Harry Reid"": {""party"": ""Democratic"", ""votes"": 362785, ""pct"": 50.29}, ""Sharron Angle"": {""party"": ""Republican"", ""votes"": 321361, ""pct"": 44.55}, ""None of These Candidates"": {""party"": ""n/a"", ""votes"": 16174, ""pct"": 2.25}, ""Scott Ashjian"": {""party"": ""Tea Party of Nevada"", ""votes"": 5811, ""pct"": 0.81}, ""Michael L. Haines"": {""party"": ""Independent"", ""votes"": 4261, ""pct"": 0.59}, ""Timothy Fasano"": {""party"": ""Independent American"", ""votes"": 3185, ""pct"": 0.44}, ""Jesse Holland"": {""party"": ""Independent"", ""votes"": 3175, ""pct"": 0.44}, ""Jeffery C. Reeves"": {""party"": ""Independent"", ""votes"": 2510, ""pct"": 0.35}, ""Wil Stand"": {""party"": ""Independent"", ""votes"": 2119, ""pct"": 0.29}}",721381,Harry Reid,Sharron Angle,deepskyblue,https://en.wikipedia.org/wiki/2010_United_States_Senate_election_in_Nevada
2010,New Hampshire,NH,III,regular,General,"United States Senate election in New Hampshire, 2010","{""Kelly Ayotte"": {""party"": ""Republican"", ""votes"": 273218, ""pct"": 60.09}, ""Paul Hodes"": {""party"": ""Democratic"", ""votes"": 167545, ""pct"": 36.85}, ""Chris Booth"": {""party"": ""Independent"", ""votes"": 9194, ""pct"": 2.02}, ""Ken Blevens"": {""party"": ""Libertarian"", ""votes"": 4753, ""pct"": 1.04}}",454710,Kelly Ayotte,Paul Hodes,red,https://en.wikipedia.org/wiki/2010_United_States_Senate_election_in_New_Hampshire
2010,New York,NY,III,regular,General,"United States Senate election in New York, 2010","{""Chuck Schumer"": {""party"": ""Democratic"", ""votes"": 3047111, ""pct"": 66.33}, ""Jay Townsend"": {""party"": ""Republican"", ""votes"": 1479724, ""pct"": 32.21}, ""Colia Clark"": {""party"": ""Green"", ""votes"": 42340, ""pct"": 0.92}, ""Randy Credico"": {""party"": ""Libertarian"", ""votes"": 24863, ""pct"": 0.54}}",4594038,Chuck Schumer,Jay Townsend,deepskyblue,https://en.wikipedia.org/wiki/2010_United_States_Senate_election_in_New_York
2010,North Carolina,NC,III,regular,General,2010 United States Senate election in North Carolina,"{""Richard Burr"": {""party"": ""Republican"", ""votes"": 1458046, ""pct"": 54.81}, ""Elaine Marshall"": {""party"": ""Democratic"", ""votes"": 1145074, ""pct"": 43.05}, ""Mike Beitler"": {""party"": ""Libertarian"", ""votes"": 55682, ""pct"": 2.09}, ""Write-in"": {""party"": ""Write-in"", ""votes"": 1272, ""pct"": 0.05}}",2660074,Richard Burr,Elaine Marshall,red,https://en.wikipedia.org/wiki/2010_United_States_Senate_election_in_North_Carolina
2010,North Dakota,ND,III,regular,General,General election results,"{""John Hoeven"": {""party"": ""Republican"", ""votes"": 181689, ""pct"": 76.08}, ""Tracy Potter"": {""party"": ""Democratic–NPL"", ""votes"": 52955, ""pct"": 22.17}, ""Keith Hanson"": {""party"": ""Libertarian"", ""votes"": 3890, ""pct"": 1.63}}",238534,John Hoeven,Tracy Potter,red,https://en.wikipedia.org/wiki/2010_United_States_Senate_election_in_North_Dakota
2010,Ohio,OH,III,regular,General,"United States Senate election in Ohio, 2010","{""Robert Jones Portman"": {""party"": ""Republican"", ""votes"": 2168742, ""pct"": 56.85}, ""Lee Irwin Fisher"": {""party"": ""Democratic"", ""votes"": 1503297, ""pct"": 39.4}, ""Majority"": {""party"": ""Majority"", ""votes"": 665445, ""pct"": 17.44}, ""Eric Deaton"": {""party"": ""Constitution"", ""votes"": 65856, ""pct"": 1.72}, ""Michael Pryce"": {""party"": ""Independent"", ""votes"": 50101, ""pct"": 1.31}, ""Daniel LaBotz"": {""party"": ""Socialist"", ""votes"": 26454, ""pct"": 0.69}, ""Arthur Sullivan"": {""party"": ""N/A"", ""votes"": 648, ""pct"": 0.02}}",4480543,Robert Jones Portman,Lee Irwin Fisher,red,https://en.wikipedia.org/wiki/2010_United_States_Senate_election_in_Ohio
2010,Oklahoma,OK,III,regular,General,"United States Senate election in Oklahoma, 2010","{""Tom Coburn"": {""party"": ""Republican"", ""votes"": 718482, ""pct"": 70.64}, ""Majority"": {""party"": ""Majority"", ""votes"": 452668, ""pct"": 44.5}, ""Jim Rogers"": {""party"": ""Democratic"", ""votes"": 265814, ""pct"": 26.13}, ""Stephen Wallace"": {""party"": ""Independent"", ""votes"": 25048, ""pct"": 2.46}, ""Ronald F. Dwyer"": {""party"": ""Independent"", ""votes"": 7807, ""pct"": 0.77}}",1469819,Tom Coburn,Majority,red,https://en.wikipedia.org/wiki/2010_United_States_Senate_election_in_Oklahoma
2010,Oregon,OR,III,regular,General,General election results,"{""Ronald Wyden"": {""party"": ""Democratic"", ""votes"": 825507, ""pct"": 57.22}, ""Jim Huffman"": {""party"": ""Republican"", ""votes"": 566199, ""pct"": 39.25}, ""Bruce Cronk"": {""party"": ""Working Families"", ""votes"": 18940, ""pct"": 1.31}, ""Marc Delphine"": {""party"": ""Libertarian"", ""votes"": 16028, ""pct"": 1.11}, ""Rick Staggenborg"": {""party"": ""Progressive"", ""votes"": 14466, ""pct"": 1.0}, ""1,448"": {""party"": ""Write-in"", ""votes"": 1448, ""pct"": 0.1}}",1442588,Ronald Wyden,Jim Huffman,deepskyblue,https://en.wikipedia.org/wiki/2010_United_States_Senate_election_in_Oregon
2010,Pennsylvania,PA,III,regular,General,General election results,"{""Pat Toomey"": {""party"": ""Republican"", ""votes"": 2028945, ""pct"": 51.01}, ""Joe Sestak"": {""party"": ""Democratic"", ""votes"": 1948716, ""pct"": 48.99}}",3977661,Pat Toomey,Joe Sestak,red,https://en.wikipedia.org/wiki/2010_United_States_Senate_election_in_Pennsylvania
2010,South Carolina,SC,III,regular,General,"United States Senate election in South Carolina, 2010","{""Jim DeMint"": {""party"": ""Republican"", ""votes"": 810771, ""pct"": 61.48}, ""Majority"": {""party"": ""Majority"", ""votes"": 446173, ""pct"": 33.83}, ""Alvin Greene"": {""party"": ""Democratic"", ""votes"": 364598, ""pct"": 27.65}, ""Tom Clements"": {""party"": ""Green"", ""votes"": 121472, ""pct"": 9.21}, ""Write-in"": {""party"": ""Write-in"", ""votes"": 21953, ""pct"": 1.66}}",1764967,Jim DeMint,Majority,red,https://en.wikipedia.org/wiki/2010_United_States_Senate_election_in_South_Carolina
2010,South Dakota,SD,III,regular,General,"United States Senate election in South Dakota, 2010","{""John Thune"": {""party"": ""Republican"", ""votes"": 227947, ""pct"": 100.0}}",227947,John Thune,,red,https://en.wikipedia.org/wiki/2010_United_States_Senate_election_in_South_Dakota
2010,Utah,UT,III,regular,General,State Democratic Convention results (first round),"{""Mike Lee"": {""party"": ""Republican"", ""votes"": 390179, ""pct"": 61.56}, ""Sam Granato"": {""party"": ""Democratic"", ""votes"": 207685, ""pct"": 32.77}, ""Majority"": {""party"": ""Majority"", ""votes"": 182494, ""pct"": 28.79}, ""Scott Bradley"": {""party"": ""Constitution"", ""votes"": 35937, ""pct"": 5.67}, ""Christopher Stout"": {""party"": ""Democratic"", ""votes"": 23, ""pct"": 23.0}}",816318,Mike Lee,Sam Granato,red,https://en.wikipedia.org/wiki/2010_United_States_Senate_election_in_Utah
2010,Vermont,VT,III,regular,General,"United States Senate election in Vermont, 2010","{""Patrick Leahy"": {""party"": ""Democratic"", ""votes"": 151281, ""pct"": 64.36}, ""Majority"": {""party"": ""Majority"", ""votes"": 78528, ""pct"": 33.43}, ""Len Britton"": {""party"": ""Republican"", ""votes"": 72699, ""pct"": 30.93}, ""Daniel Freilich"": {""party"": ""Independent"", ""votes"": 3544, ""pct"": 1.51}, ""Cris Ericson"": {""party"": ""Marijuana"", ""votes"": 2731, ""pct"": 1.16}, ""Stephen Cain"": {""party"": ""Independent"", ""votes"": 2356, ""pct"": 1.0}, ""Peter Diamondstone"": {""party"": ""Socialist"", ""votes"": 1433, ""pct"": 0.61}, ""Johenry Nunes"": {""party"": ""Independent"", ""votes"": 1021, ""pct"": 0.43}}",313593,Patrick Leahy,Majority,deepskyblue,https://en.wikipedia.org/wiki/2010_United_States_Senate_election_in_Vermont
2010,Washington,WA,III,regular,General,General election results,"{""Patty Murray"": {""party"": ""Democratic"", ""votes"": 1314930, ""pct"": 52.36}, ""Dino Rossi"": {""party"": ""Republican"", ""votes"": 1196164, ""pct"": 47.64}}",2511094,Patty Murray,Dino Rossi,deepskyblue,https://en.wikipedia.org/wiki/2010_United_States_Senate_election_in_Washington
2010,Wisconsin,WI,III,regular,General,General election results,"{""Ron Johnson"": {""party"": ""Republican"", ""votes"": 1125999, ""pct"": 51.86}, ""Russ Feingold"": {""party"": ""Democratic"", ""votes"": 1020958, ""pct"": 47.02}, ""Rob Taylor"": {""party"": ""Constitution"", ""votes"": 23473, ""pct"": 1.08}, ""Write-in"": {""party"": ""Write-in"", ""votes"": 901, ""pct"": 0.04}}",2171331,Ron Johnson,Russ Feingold,red,https://en.wikipedia.org/wiki/2010_United_States_Senate_election_in_Wisconsin
2012,Arizona,AZ,I,regular,General,"United States Senate election in Arizona, 2012","{""Jeff Flake"": {""party"": ""Republican"", ""votes"": 1104457, ""pct"": 49.23}, ""Richard Carmona"": {""party"": ""Democratic"", ""votes"": 1036542, ""pct"": 46.2}, ""Marc J. Victor"": {""party"": ""Libertarian"", ""votes"": 102109, ""pct"": 4.55}, ""Steven Watts"": {""party"": ""Independent"", ""votes"": 290, ""pct"": 0.01}, ""Don Manspeaker"": {""party"": ""Independent"", ""votes"": 24, ""pct"": 0.0}}",2243422,Jeff Flake,Richard Carmona,red,https://en.wikipedia.org/wiki/2012_United_States_Senate_election_in_Arizona
2012,California,CA,I,regular,General,"Survey USA poll of 1,232 likely voters, May 27–29, 2012. MoE: ±2.8%","{""Dianne Feinstein"": {""party"": ""Democratic"", ""votes"": 7864624, ""pct"": 62.52}, ""Elizabeth Emken"": {""party"": ""Republican"", ""votes"": 4713887, ""pct"": 37.48}, ""Undecided"": {""party"": ""n/a"", ""votes"": 30, ""pct"": 30.0}, ""Dan Hughes"": {""party"": ""Republican"", ""votes"": 4, ""pct"": 4.0}, ""Rick Williams"": {""party"": ""Republican"", ""votes"": 3, ""pct"": 3.0}, ""Al Ramirez"": {""party"": ""Republican"", ""votes"": 3, ""pct"": 3.0}, ""Donald Krampe"": {""party"": ""Republican"", ""votes"": 2, ""pct"": 2.0}, ""Diane Stewart"": {""party"": ""Democratic"", ""votes"": 2, ""pct"": 2.0}, ""David Alex Levitt"": {""party"": ""Democratic"", ""votes"": 2, ""pct"": 2.0}, ""Gail Lightfoot"": {""party"": ""Libertarian"", ""votes"": 2, ""pct"": 2.0}, ""Orly Taitz"": {""party"": ""Republican"", ""votes"": 1, ""pct"": 1.0}, ""Greg Conlon"": {""party"": ""Republican"", ""votes"": 1, ""pct"": 1.0}, ""Robert Lauten"": {""party"": ""Republican"", ""votes"": 1, ""pct"": 1.0}, ""Nachum Shifren"": {""party"": ""Republican"", ""votes"": 1, ""pct"": 1.0}, ""Dennis Jackson"": {""party"": ""Republican"", ""votes"": 1, ""pct"": 1.0}, ""John Boruff"": {""party"": ""Republican"", ""votes"": 1, ""pct"": 1.0}, ""Dirk Allen Konopik"": {""party"": ""Republican"", ""votes"": 1, ""pct"": 1.0}, ""Colleen Shea Fernald"": {""party"": ""Democratic"", ""votes"": 1, ""pct"": 1.0}, ""Mike Strimling"": {""party"": ""Democratic"", ""votes"": 1, ""pct"": 1.0}, ""Marsha Feinland"": {""party"": ""Peace and Freedom"", ""votes"": 1, ""pct"": 1.0}, ""Don J. Grundmann"": {""party"": ""American Independent"", ""votes"": 1, ""pct"": 1.0}, ""Oscar Alejandro Braun"": {""party"": ""Republican"", ""votes"": 0, ""pct"": 0.0}, ""Kabiruddin Karim Ali"": {""party"": ""Peace and Freedom"", ""votes"": 0, ""pct"": 0.0}, ""Nak Shah"": {""party"": ""Democratic"", ""votes"": 0, ""pct"": 0.0}, ""Rogelio T. Gloria"": {""party"": ""Republican"", ""votes"": 0, ""pct"": 0.0}}",12578570,Dianne Feinstein,Elizabeth Emken,deepskyblue,https://en.wikipedia.org/wiki/2012_United_States_Senate_election_in_California
2012,Connecticut,CT,I,regular,General,"United States Senate election in Connecticut, 2012","{""Chris Murphy"": {""party"": ""Democratic"", ""votes"": 828761, ""pct"": 54.82}, ""Linda McMahon"": {""party"": ""Republican"", ""votes"": 651089, ""pct"": 43.07}, ""Paul Passarelli"": {""party"": ""Libertarian"", ""votes"": 25045, ""pct"": 1.66}, ""Write-in"": {""party"": ""Write-in"", ""votes"": 6869, ""pct"": 0.45}}",1511764,Chris Murphy,Linda McMahon,deepskyblue,https://en.wikipedia.org/wiki/2012_United_States_Senate_election_in_Connecticut
2012,Delaware,DE,I,regular,General,"United States Senate election in Delaware, 2012","{""Tom Carper"": {""party"": ""Democratic"", ""votes"": 265415, ""pct"": 66.42}, ""Kevin Wade"": {""party"": ""Republican"", ""votes"": 115700, ""pct"": 28.95}, ""Alex Pires"": {""party"": ""Independent Party"", ""votes"": 15300, ""pct"": 3.83}, ""Andrew Groff"": {""party"": ""Green"", ""votes"": 3191, ""pct"": 0.8}}",399606,Tom Carper,Kevin Wade,deepskyblue,https://en.wikipedia.org/wiki/2012_United_States_Senate_election_in_Delaware
2012,Florida,FL,I,regular,General,"United States Senate election in Florida, 2012","{""Bill Nelson"": {""party"": ""Democratic"", ""votes"": 4523451, ""pct"": 55.23}, ""Connie Mack IV"": {""party"": ""Republican"", ""votes"": 3458267, ""pct"": 42.23}, ""Bill Gaylor"": {""party"": ""Independent"", ""votes"": 126079, ""pct"": 1.54}, ""Chris Borgia"": {""party"": ""Independent"", ""votes"": 82089, ""pct"": 1.0}, ""Write-in"": {""party"": ""Write-in"", ""votes"": 60, ""pct"": 0.0}}",8189946,Bill Nelson,Connie Mack IV,deepskyblue,https://en.wikipedia.org/wiki/2012_United_States_Senate_election_in_Florida
2012,Hawaii,HI,I,regular,General,"United States Senate election in Hawaii, 2012","{""Mazie Hirono"": {""party"": ""Democratic"", ""votes"": 269489, ""pct"": 62.6}, ""Linda Lingle"": {""party"": ""Republican"", ""votes"": 160994, ""pct"": 37.4}}",430483,Mazie Hirono,Linda Lingle,deepskyblue,https://en.wikipedia.org/wiki/2012_United_States_Senate_election_in_Hawaii
2012,Indiana,IN,I,regular,General,"United States Senate election in Indiana, 2012","{""Joe Donnelly"": {""party"": ""Democratic"", ""votes"": 1281181, ""pct"": 50.04}, ""Richard Mourdock"": {""party"": ""Republican"", ""votes"": 1133621, ""pct"": 44.28}, ""Andy Horning"": {""party"": ""Libertarian"", ""votes"": 145282, ""pct"": 5.68}, ""Write-in"": {""party"": ""Write-in"", ""votes"": 18, ""pct"": 0.0}}",2560102,Joe Donnelly,Richard Mourdock,deepskyblue,https://en.wikipedia.org/wiki/2012_United_States_Senate_election_in_Indiana
2012,Maine,ME,I,regular,General,"United States Senate election in Maine, 2012","{""Angus King"": {""party"": ""Independent"", ""votes"": 370580, ""pct"": 52.89}, ""Charlie Summers"": {""party"": ""Republican"", ""votes"": 215399, ""pct"": 30.75}, ""Cynthia Dill"": {""party"": ""Democratic"", ""votes"": 92900, ""pct"": 13.26}, ""Steve Woods"": {""party"": ""Independent"", ""votes"": 10289, ""pct"": 1.47}, ""Danny Dalton"": {""party"": ""Independent"", ""votes"": 5807, ""pct"": 0.83}, ""Andrew Ian Dodge"": {""party"": ""Independent"", ""votes"": 5624, ""pct"": 0.8}}",700599,Angus King,Charlie Summers,yellow,https://en.wikipedia.org/wiki/2012_United_States_Senate_election_in_Maine
2012,Maryland,MD,I,regular,General,2012 United States Senate election in Maryland,"{""Ben Cardin"": {""party"": ""Democratic"", ""votes"": 1474028, ""pct"": 55.98}, ""Dan Bongino"": {""party"": ""Republican"", ""votes"": 693291, ""pct"": 26.33}, ""Rob Sobhani"": {""party"": ""Independent"", ""votes"": 430934, ""pct"": 16.37}, ""Dean Ahmad"": {""party"": ""Libertarian"", ""votes"": 32252, ""pct"": 1.22}, ""Write-in"": {""party"": ""Write-in"", ""votes"": 2729, ""pct"": 0.1}}",2633234,Ben Cardin,Dan Bongino,deepskyblue,https://en.wikipedia.org/wiki/2012_United_States_Senate_election_in_Maryland
2012,Massachusetts,MA,I,regular,General,Democratic convention vote,"{""Elizabeth Warren"": {""party"": ""Democratic"", ""votes"": 1696346, ""pct"": 53.74}, ""Scott Brown"": {""party"": ""Republican"", ""votes"": 1458048, ""pct"": 46.19}, ""Write-in"": {""party"": ""Write-in"", ""votes"": 2159, ""pct"": 0.07}, ""Marisa DeFranco"": {""party"": ""Democratic"", ""votes"": 148, ""pct"": 4.23}}",3156701,Elizabeth Warren,Scott Brown,deepskyblue,https://en.wikipedia.org/wiki/2012_United_States_Senate_election_in_Massachusetts
2012,Michigan,MI,I,regular,General,"United States Senate election in Michigan, 2012","{""Debbie Stabenow"": {""party"": ""Democratic"", ""votes"": 2735826, ""pct"": 58.8}, ""Pete Hoekstra"": {""party"": ""Republican"", ""votes"": 1767386, ""pct"": 37.98}, ""Scott Boman"": {""party"": ""Libertarian"", ""votes"": 84480, ""pct"": 1.82}, ""Harley Mikkelson"": {""party"": ""Green"", ""votes"": 27890, ""pct"": 0.6}, ""Richard Matkin"": {""party"": ""Constitution"", ""votes"": 26038, ""pct"": 0.56}, ""John Litle"": {""party"": ""Natural Law"", ""votes"": 11229, ""pct"": 0.24}, ""Write-in"": {""party"": ""Write-in"", ""votes"": 69, ""pct"": 0.0}}",4652918,Debbie Stabenow,Pete Hoekstra,deepskyblue,https://en.wikipedia.org/wiki/2012_United_States_Senate_election_in_Michigan
2012,Minnesota,MN,I,regular,General,"United States Senate election in Minnesota, 2012","{""Amy Klobuchar"": {""party"": ""Democratic (DFL)"", ""votes"": 1854595, ""pct"": 65.23}, ""Kurt Bills"": {""party"": ""Republican"", ""votes"": 867974, ""pct"": 30.53}, ""Stephen Williams"": {""party"": ""Independence"", ""votes"": 73539, ""pct"": 2.59}, ""Tim Davis"": {""party"": ""Grassroots"", ""votes"": 30531, ""pct"": 1.07}, ""Michael Cavlan"": {""party"": ""Open Progressives"", ""votes"": 13986, ""pct"": 0.49}, ""Write-in"": {""party"": ""Write-in"", ""votes"": 2582, ""pct"": 0.09}}",2843207,Amy Klobuchar,Kurt Bills,deepskyblue,https://en.wikipedia.org/wiki/2012_United_States_Senate_election_in_Minnesota
2012,Mississippi,MS,I,regular,General,"United States Senate election in Mississippi, 2012","{""Roger Wicker"": {""party"": ""Republican"", ""votes"": 709626, ""pct"": 57.16}, ""Albert Gore"": {""party"": ""Democratic"", ""votes"": 503467, ""pct"": 40.55}, ""Thomas Cramer"": {""party"": ""Constitution"", ""votes"": 15281, ""pct"": 1.23}, ""Shawn O'Hara"": {""party"": ""Reform"", ""votes"": 13194, ""pct"": 1.06}}",1241568,Roger Wicker,Albert Gore,red,https://en.wikipedia.org/wiki/2012_United_States_Senate_election_in_Mississippi
2012,Missouri,MO,I,regular,General,"United States Senate election in Missouri, 2012","{""Claire McCaskill"": {""party"": ""Democratic"", ""votes"": 1494125, ""pct"": 54.81}, ""Todd Akin"": {""party"": ""Republican"", ""votes"": 1066159, ""pct"": 39.11}, ""Jonathan Dine"": {""party"": ""Libertarian"", ""votes"": 165468, ""pct"": 6.07}, ""Write-in"": {""party"": ""Write-in"", ""votes"": 41, ""pct"": 0.01}}",2725793,Claire McCaskill,Todd Akin,deepskyblue,https://en.wikipedia.org/wiki/2012_United_States_Senate_election_in_Missouri
2012,Montana,MT,I,regular,General,"United States Senate election in Montana, 2012","{""Jon Tester"": {""party"": ""Democratic"", ""votes"": 236123, ""pct"": 48.58}, ""Denny Rehberg"": {""party"": ""Republican"", ""votes"": 218051, ""pct"": 44.86}, ""Dan Cox"": {""party"": ""Libertarian"", ""votes"": 31892, ""pct"": 6.56}}",486066,Jon Tester,Denny Rehberg,deepskyblue,https://en.wikipedia.org/wiki/2012_United_States_Senate_election_in_Montana
2012,Nebraska,NE,I,regular,General,2012 United States Senate election in Nebraska,"{""Deb Fischer"": {""party"": ""Republican"", ""votes"": 455593, ""pct"": 57.77}, ""Bob Kerrey"": {""party"": ""Democratic"", ""votes"": 332979, ""pct"": 42.23}, ""Majority"": {""party"": ""Majority"", ""votes"": 122614, ""pct"": 15.54}}",911186,Deb Fischer,Bob Kerrey,red,https://en.wikipedia.org/wiki/2012_United_States_Senate_election_in_Nebraska
2012,Nevada,NV,I,regular,General,"United States Senate election in Nevada, 2012","{""Dean Heller"": {""party"": ""Republican"", ""votes"": 457656, ""pct"": 45.87}, ""Shelley Berkley"": {""party"": ""Democratic"", ""votes"": 446080, ""pct"": 44.71}, ""David Lory VanDerBeek"": {""party"": ""Independent American"", ""votes"": 48792, ""pct"": 4.89}, ""None of These Candidates"": {""party"": ""None of These Candidates"", ""votes"": 45277, ""pct"": 4.54}}",997805,Dean Heller,Shelley Berkley,red,https://en.wikipedia.org/wiki/2012_United_States_Senate_election_in_Nevada
2012,New Jersey,NJ,I,regular,General,"United States Senate election in New Jersey, 2012","{""Bob Menendez"": {""party"": ""Democratic"", ""votes"": 1987680, ""pct"": 58.87}, ""Joe Kyrillos"": {""party"": ""Republican"", ""votes"": 1329534, ""pct"": 39.37}, ""Kenneth R. Kaplan"": {""party"": ""Libertarian"", ""votes"": 16803, ""pct"": 0.5}, ""Ken Wolski"": {""party"": ""Green"", ""votes"": 15801, ""pct"": 0.47}, ""Gwen Diakos"": {""party"": ""Independent"", ""votes"": 9359, ""pct"": 0.28}, ""J. David Dranikoff"": {""party"": ""Independent"", ""votes"": 3834, ""pct"": 0.11}, ""Inder \""Andy\"" Soni"": {""party"": ""Independent"", ""votes"": 3593, ""pct"": 0.11}, ""Robert \""Turk\"" Turkavage"": {""party"": ""Independent"", ""votes"": 3532, ""pct"": 0.1}, ""Greg Pason"": {""party"": ""Socialist"", ""votes"": 2249, ""pct"": 0.07}, ""Eugene M. LaVergne"": {""party"": ""Independent"", ""votes"": 2198, ""pct"": 0.07}, ""Daryl Brooks"": {""party"": ""Independent"", ""votes"": 2066, ""pct"": 0.06}}",3376649,Bob Menendez,Joe Kyrillos,deepskyblue,https://en.wikipedia.org/wiki/2012_United_States_Senate_election_in_New_Jersey
2012,New Mexico,NM,I,regular,General,2012 United States Senate election in New Mexico,"{""Martin Heinrich"": {""party"": ""Democratic"", ""votes"": 395717, ""pct"": 51.01}, ""Heather Wilson"": {""party"": ""Republican"", ""votes"": 351259, ""pct"": 45.28}, ""Jon Barrie"": {""party"": ""Independent American"", ""votes"": 28199, ""pct"": 3.63}, ""Robert L. Anderson"": {""party"": ""Independent"", ""votes"": 617, ""pct"": 0.08}}",775792,Martin Heinrich,Heather Wilson,deepskyblue,https://en.wikipedia.org/wiki/2012_United_States_Senate_election_in_New_Mexico
2012,New York,NY,I,regular,General,2012 United States Senate election in New York,"{""Kirsten Gillibrand"": {""party"": ""Democratic"", ""votes"": 4822330, ""pct"": 72.21}, ""Wendy Long"": {""party"": ""Republican"", ""votes"": 1758702, ""pct"": 26.34}, ""Colia Clark"": {""party"": ""Green"", ""votes"": 42591, ""pct"": 0.64}, ""Chris Edes"": {""party"": ""Libertarian"", ""votes"": 32002, ""pct"": 0.48}, ""John Mangelli"": {""party"": ""Independent"", ""votes"": 22041, ""pct"": 0.33}}",6677666,Kirsten Gillibrand,Wendy Long,deepskyblue,https://en.wikipedia.org/wiki/2012_United_States_Senate_election_in_New_York
2012,North Dakota,ND,I,regular,General,"United States Senate election in North Dakota, 2012","{""Heidi Heitkamp"": {""party"": ""Democratic–NPL"", ""votes"": 161337, ""pct"": 50.24}, ""Rick Berg"": {""party"": ""Republican"", ""votes"": 158401, ""pct"": 49.32}, ""Write-in"": {""party"": ""Write-in"", ""votes"": 1406, ""pct"": 0.44}}",321144,Heidi Heitkamp,Rick Berg,deepskyblue,https://en.wikipedia.org/wiki/2012_United_States_Senate_election_in_North_Dakota
2012,Ohio,OH,I,regular,General,"United States Senate election in Ohio, 2012","{""Sherrod Brown"": {""party"": ""Democratic"", ""votes"": 2762766, ""pct"": 50.7}, ""Josh Mandel"": {""party"": ""Republican"", ""votes"": 2435744, ""pct"": 44.7}, ""Scott Rupert"": {""party"": ""Independent"", ""votes"": 250618, ""pct"": 4.6}}",5449128,Sherrod Brown,Josh Mandel,deepskyblue,https://en.wikipedia.org/wiki/2012_United_States_Senate_election_in_Ohio
2012,Pennsylvania,PA,I,regular,General,"United States Senate election in Pennsylvania, 2012","{""Bob Casey, Jr."": {""party"": ""Democratic"", ""votes"": 3021364, ""pct"": 53.69}, ""Tom Smith"": {""party"": ""Republican"", ""votes"": 2509132, ""pct"": 44.59}, ""Rayburn Smith"": {""party"": ""Libertarian"", ""votes"": 96926, ""pct"": 1.72}}",5627422,"Bob Casey, Jr.",Tom Smith,deepskyblue,https://en.wikipedia.org/wiki/2012_United_States_Senate_election_in_Pennsylvania
2012,Rhode Island,RI,I,regular,General,"United States Senate election in Rhode Island, 2012","{""Sheldon Whitehouse"": {""party"": ""Democratic"", ""votes"": 271034, ""pct"": 64.81}, ""Barry Hinckley"": {""party"": ""Republican"", ""votes"": 146222, ""pct"": 34.97}, ""Write-in"": {""party"": ""Write-in"", ""votes"": 933, ""pct"": 0.22}}",418189,Sheldon Whitehouse,Barry Hinckley,deepskyblue,https://en.wikipedia.org/wiki/2012_United_States_Senate_election_in_Rhode_Island
2012,Tennessee,TN,I,regular,General,"United States Senate election in Tennessee, 2012","{""Bob Corker"": {""party"": ""Republican"", ""votes"": 1506443, ""pct"": 64.89}, ""Mark Clayton"": {""party"": ""Democratic"", ""votes"": 705882, ""pct"": 30.41}, ""Martin Pleasant"": {""party"": ""Green"", ""votes"": 38472, ""pct"": 1.66}, ""Shaun Crowell"": {""party"": ""Independent"", ""votes"": 20936, ""pct"": 0.9}, ""Kermit Steck"": {""party"": ""Constitution"", ""votes"": 18620, ""pct"": 0.8}, ""James Higdon"": {""party"": ""Independent"", ""votes"": 8085, ""pct"": 0.35}, ""Michael Joseph Long"": {""party"": ""Independent"", ""votes"": 8080, ""pct"": 0.35}, ""Troy Stephen Scoggin"": {""party"": ""Independent"", ""votes"": 7148, ""pct"": 0.31}, ""David Gatchell"": {""party"": ""Independent"", ""votes"": 6523, ""pct"": 0.28}, ""Write-ins"": {""party"": ""n/a"", ""votes"": 1288, ""pct"": 0.05}}",2321477,Bob Corker,Mark Clayton,red,https://en.wikipedia.org/wiki/2012_United_States_Senate_election_in_Tennessee
2012,Texas,TX,I,regular,General,Libertarian convention approval vote,"{""Ted Cruz"": {""party"": ""Republican"", ""votes"": 4440137, ""pct"": 56.46}, ""Paul Sadler"": {""party"": ""Democratic"", ""votes"": 3194927, ""pct"": 40.62}, ""David Dewhurst"": {""party"": ""Republican"", ""votes"": 480126, ""pct"": 43.18}, ""John Jay Myers"": {""party"": ""Libertarian"", ""votes"": 162354, ""pct"": 2.06}, ""David Collins"": {""party"": ""Green"", ""votes"": 67404, ""pct"": 0.86}, ""Scott Jameson"": {""party"": ""Libertarian"", ""votes"": 28, ""pct"": 22.8}, ""John Roland"": {""party"": ""Libertarian"", ""votes"": 27, ""pct"": 21.9}, ""Robert Butler"": {""party"": ""Libertarian"", ""votes"": 19, ""pct"": 15.4}, ""S. Ropal Raju"": {""party"": ""Libertarian"", ""votes"": 3, ""pct"": 2.4}, ""Wayne Huffman"": {""party"": ""Libertarian"", ""votes"": 2, ""pct"": 1.6}}",8345027,Ted Cruz,Paul Sadler,red,https://en.wikipedia.org/wiki/2012_United_States_Senate_election_in_Texas
2012,Utah,UT,I,regular,General,Democratic convention results,"{""Orrin Hatch"": {""party"": ""Republican"", ""votes"": 657608, ""pct"": 65.31}, ""Scott Howell"": {""party"": ""Democratic"", ""votes"": 301873, ""pct"": 29.98}, ""Shaun McCausland"": {""party"": ""Constitution"", ""votes"": 31905, ""pct"": 3.17}, ""Daniel Geery"": {""party"": ""Justice"", ""votes"": 8342, ""pct"": 0.83}, ""Bill Barron"": {""party"": ""Independent"", ""votes"": 7172, ""pct"": 0.71}, ""Dan Liljenquist"": {""party"": ""Republican"", ""votes"": 1595, ""pct"": 40.81}, ""Chris Herrod"": {""party"": ""Republican"", ""votes"": 421, ""pct"": 10.75}, ""Tim Aalders"": {""party"": ""Republican"", ""votes"": 78, ""pct"": 1.99}, ""Dale Ash"": {""party"": ""Republican"", ""votes"": 18, ""pct"": 0.46}, ""David Chiu"": {""party"": ""Republican"", ""votes"": 17, ""pct"": 0.43}, ""Jeremy Friedbaum"": {""party"": ""Republican"", ""votes"": 15, ""pct"": 0.38}, ""Loy Arlan Brunson"": {""party"": ""Republican"", ""votes"": 14, ""pct"": 0.36}, ""Kevin Fisk"": {""party"": ""Republican"", ""votes"": 3, ""pct"": 0.08}, ""Dub Lawrence"": {""party"": ""Republican"", ""votes"": 1, ""pct"": 0.03}, ""Pete Ashdown"": {""party"": ""Democratic"", ""votes"": 0, ""pct"": 37.0}}",1009062,Orrin Hatch,Scott Howell,red,https://en.wikipedia.org/wiki/2012_United_States_Senate_election_in_Utah
2012,Vermont,VT,I,regular,General,"United States Senate election in Vermont, 2012","{""Bernie Sanders"": {""party"": ""Independent"", ""votes"": 207848, ""pct"": 71.0}, ""John MacGovern"": {""party"": ""Republican"", ""votes"": 72898, ""pct"": 24.9}, ""Cris Ericson"": {""party"": ""Marijuana"", ""votes"": 5924, ""pct"": 2.02}, ""Peter Diamondstone"": {""party"": ""Liberty Union"", ""votes"": 2511, ""pct"": 0.86}, ""Peter Moss"": {""party"": ""Peace and Prosperity"", ""votes"": 2452, ""pct"": 0.84}, ""Laurel LaFramboise"": {""party"": ""VoteKISS"", ""votes"": 877, ""pct"": 0.3}, ""Write-in"": {""party"": ""Write-in"", ""votes"": 252, ""pct"": 0.08}}",292762,Bernie Sanders,John MacGovern,yellow,https://en.wikipedia.org/wiki/2012_United_States_Senate_election_in_Vermont
2012,Virginia,VA,I,regular,General,"United States Senate election in Virginia, 2012","{""Tim Kaine"": {""party"": ""Democratic"", ""votes"": 2010067, ""pct"": 52.83}, ""George Allen"": {""party"": ""Republican"", ""votes"": 1785542, ""pct"": 46.92}, ""Write-in"": {""party"": ""Write-in"", ""votes"": 9410, ""pct"": 0.25}}",3805019,Tim Kaine,George Allen,deepskyblue,https://en.wikipedia.org/wiki/2012_United_States_Senate_election_in_Virginia
2012,Washington,WA,I,regular,General,"United States Senate election in Washington, 2012","{""Maria Cantwell"": {""party"": ""Democratic"", ""votes"": 1855493, ""pct"": 60.45}, ""Michael Baumgartner"": {""party"": ""Republican"", ""votes"": 1213924, ""pct"": 39.55}}",3069417,Maria Cantwell,Michael Baumgartner,deepskyblue,https://en.wikipedia.org/wiki/2012_United_States_Senate_election_in_Washington
2012,West Virginia,WV,I,regular,General,"United States Senate election in West Virginia, 2012","{""Joe Manchin"": {""party"": ""Democratic"", ""votes"": 399908, ""pct"": 60.57}, ""John Raese"": {""party"": ""Republican"", ""votes"": 240787, ""pct"": 36.47}, ""Bob Henry Baber"": {""party"": ""Mountain"", ""votes"": 19517, ""pct"": 2.96}}",660212,Joe Manchin,John Raese,deepskyblue,https://en.wikipedia.org/wiki/2012_United_States_Senate_election_in_West_Virginia
2012,Wisconsin,WI,I,regular,General,"United States Senate election in Wisconsin, 2012","{""Tammy Baldwin"": {""party"": ""Democratic"", ""votes"": 1547104, ""pct"": 51.41}, ""Tommy Thompson"": {""party"": ""Republican"", ""votes"": 1380126, ""pct"": 45.86}, ""Joseph Kexel"": {""party"": ""Libertarian"", ""votes"": 62240, ""pct"": 2.07}, ""Nimrod Allen, III"": {""party"": ""Independent"", ""votes"": 16455, ""pct"": 0.55}, ""Write-in"": {""party"": ""Write-in"", ""votes"": 3486, ""pct"": 0.11}}",3009411,Tammy Baldwin,Tommy Thompson,deepskyblue,https://en.wikipedia.org/wiki/2012_United_States_Senate_election_in_Wisconsin
2012,Wyoming,WY,I,regular,General,"United States Senate election in Wyoming, 2012","{""John Barrasso"": {""party"": ""Republican"", ""votes"": 185250, ""pct"": 75.66}, ""Tim Chesnut"": {""party"": ""Democratic"", ""votes"": 53019, ""pct"": 21.65}, ""Joel Otto"": {""party"": ""Wyoming Country"", ""votes"": 6176, ""pct"": 2.52}, ""Write-ins"": {""party"": ""n/a"", ""votes"": 417, ""pct"": 0.17}}",244862,John Barrasso,Tim Chesnut,red,https://en.wikipedia.org/wiki/2012_United_States_Senate_election_in_Wyoming
2014,Alabama,AL,II,regular,General,"United States Senate election in Alabama, 2014","{""Jeff Sessions"": {""party"": ""Republican"", ""votes"": 795606, ""pct"": 97.25}, ""Write-in"": {""party"": ""Write-in"", ""votes"": 22484, ""pct"": 2.75}}",818090,Jeff Sessions,Write-in,red,https://en.wikipedia.org/wiki/2014_United_States_Senate_election_in_Alabama
2014,Alaska,AK,II,regular,General,2014 United States Senate election in Alaska,"{""Dan Sullivan"": {""party"": ""Republican"", ""votes"": 135445, ""pct"": 47.96}, ""Mark Begich"": {""party"": ""Democratic"", ""votes"": 129431, ""pct"": 45.83}, ""Mark Fish"": {""party"": ""Libertarian"", ""votes"": 10512, ""pct"": 3.72}, ""Ted Gianoutsos"": {""party"": ""Independent"", ""votes"": 5636, ""pct"": 2.0}, ""Write-in"": {""party"": ""Write-in"", ""votes"": 1376, ""pct"": 0.49}}",282400,Dan Sullivan,Mark Begich,red,https://en.wikipedia.org/wiki/2014_United_States_Senate_election_in_Alaska
2014,Arkansas,AR,II,regular,General,"United States Senate election in Arkansas, 2014","{""Tom Cotton"": {""party"": ""Republican"", ""votes"": 478819, ""pct"": 56.5}, ""Mark Pryor"": {""party"": ""Democratic"", ""votes"": 334174, ""pct"": 39.43}, ""Nathan LaFrance"": {""party"": ""Libertarian"", ""votes"": 17210, ""pct"": 2.03}, ""Mark Swaney"": {""party"": ""Green"", ""votes"": 16797, ""pct"": 1.98}, ""Write-in"": {""party"": ""Write-in"", ""votes"": 505, ""pct"": 0.06}}",847505,Tom Cotton,Mark Pryor,red,https://en.wikipedia.org/wiki/2014_United_States_Senate_election_in_Arkansas
2014,Colorado,CO,II,regular,General,"United States Senate election in Colorado, 2014","{""Cory Gardner"": {""party"": ""Republican"", ""votes"": 983891, ""pct"": 48.21}, ""Mark Udall"": {""party"": ""Democratic"", ""votes"": 944203, ""pct"": 46.26}, ""Gaylon Kent"": {""party"": ""Libertarian"", ""votes"": 52876, ""pct"": 2.59}, ""Steve Shogan"": {""party"": ""Independent"", ""votes"": 29472, ""pct"": 1.44}, ""Raúl Acosta"": {""party"": ""Independent"", ""votes"": 24151, ""pct"": 1.18}, ""Bill Hammons"": {""party"": ""Unity"", ""votes"": 6427, ""pct"": 0.32}}",2041020,Cory Gardner,Mark Udall,red,https://en.wikipedia.org/wiki/2014_United_States_Senate_election_in_Colorado
2014,Delaware,DE,II,regular,General,"United States Senate election in Delaware, 2014","{""Chris Coons"": {""party"": ""Democratic"", ""votes"": 130655, ""pct"": 55.83}, ""Kevin Wade"": {""party"": ""Republican"", ""votes"": 98823, ""pct"": 42.23}, ""Andrew Groff"": {""party"": ""Green"", ""votes"": 4560, ""pct"": 1.95}}",234038,Chris Coons,Kevin Wade,deepskyblue,https://en.wikipedia.org/wiki/2014_United_States_Senate_election_in_Delaware
2014,Georgia,GA,II,regular,General,"United States Senate election in Georgia, 2014","{""David Perdue"": {""party"": ""Republican"", ""votes"": 1358088, ""pct"": 52.89}, ""Michelle Nunn"": {""party"": ""Democratic"", ""votes"": 1160811, ""pct"": 45.21}, ""Amanda Swafford"": {""party"": ""Libertarian"", ""votes"": 48862, ""pct"": 1.9}}",2567761,David Perdue,Michelle Nunn,red,https://en.wikipedia.org/wiki/2014_United_States_Senate_election_in_Georgia
2014,Idaho,ID,II,regular,General,"United States Senate election in Idaho, 2014","{""Jim Risch"": {""party"": ""Republican"", ""votes"": 285596, ""pct"": 65.33}, ""Nels Mitchell"": {""party"": ""Democratic"", ""votes"": 151574, ""pct"": 34.67}}",437170,Jim Risch,Nels Mitchell,red,https://en.wikipedia.org/wiki/2014_United_States_Senate_election_in_Idaho
2014,Illinois,IL,II,regular,General,"United States Senate election in Illinois, 2014","{""Dick Durbin"": {""party"": ""Democratic"", ""votes"": 1929637, ""pct"": 53.55}, ""Jim Oberweis"": {""party"": ""Republican"", ""votes"": 1538522, ""pct"": 42.69}, ""Sharon Hansen"": {""party"": ""Libertarian"", ""votes"": 135316, ""pct"": 3.76}, ""Write-in"": {""party"": ""Write-in"", ""votes"": 44, ""pct"": 0.0}}",3603519,Dick Durbin,Jim Oberweis,deepskyblue,https://en.wikipedia.org/wiki/2014_United_States_Senate_election_in_Illinois
2014,Iowa,IA,II,regular,General,"United States Senate election in Iowa, 2014","{""Joni Ernst"": {""party"": ""Republican"", ""votes"": 588575, ""pct"": 52.1}, ""Bruce Braley"": {""party"": ""Democratic"", ""votes"": 494370, ""pct"": 43.76}, ""Rick Stewart"": {""party"": ""Independent"", ""votes"": 26815, ""pct"": 2.37}, ""Douglas Butzier"": {""party"": ""Libertarian"", ""votes"": 8232, ""pct"": 0.73}, ""Bob Quast"": {""party"": ""Independent"", ""votes"": 5873, ""pct"": 0.52}, ""Ruth Smith"": {""party"": ""Independent"", ""votes"": 4724, ""pct"": 0.42}, ""Write-in"": {""party"": ""Write-in"", ""votes"": 1111, ""pct"": 0.1}}",1129700,Joni Ernst,Bruce Braley,red,https://en.wikipedia.org/wiki/2014_United_States_Senate_election_in_Iowa
2014,Kansas,KS,II,regular,General,"United States Senate election in Kansas, 2014","{""Pat Roberts"": {""party"": ""Republican"", ""votes"": 460350, ""pct"": 53.15}, ""Greg Orman"": {""party"": ""Independent"", ""votes"": 368372, ""pct"": 42.53}, ""Randall Batson"": {""party"": ""Libertarian"", ""votes"": 37469, ""pct"": 4.32}}",866191,Pat Roberts,Greg Orman,red,https://en.wikipedia.org/wiki/2014_United_States_Senate_election_in_Kansas
2014,Kentucky,KY,II,regular,General,"United States Senate election in Kentucky, 2014","{""Mitch McConnell"": {""party"": ""Republican"", ""votes"": 806787, ""pct"": 56.19}, ""Alison Lundergan Grimes"": {""party"": ""Democratic"", ""votes"": 584698, ""pct"": 40.72}, ""David M. Patterson"": {""party"": ""Libertarian"", ""votes"": 44240, ""pct"": 3.08}, ""Write-in"": {""party"": ""Write-in"", ""votes"": 143, ""pct"": 0.01}}",1435868,Mitch McConnell,Alison Lundergan Grimes,red,https://en.wikipedia.org/wiki/2014_United_States_Senate_election_in_Kentucky
2014,Louisiana,LA,II,regular,General,"United States Senate election runoff in Louisiana, 2014","{""Bill Cassidy"": {""party"": ""Republican"", ""votes"": 712379, ""pct"": 55.93}, ""Mary Landrieu"": {""party"": ""Democratic"", ""votes"": 561210, ""pct"": 44.07}}",1273589,Bill Cassidy,Mary Landrieu,red,https://en.wikipedia.org/wiki/2014_United_States_Senate_election_in_Louisiana
2014,Maine,ME,II,regular,General,2014 United States Senate election in Maine,"{""Susan Collins"": {""party"": ""Republican"", ""votes"": 413495, ""pct"": 68.46}, ""Shenna Bellows"": {""party"": ""Democratic"", ""votes"": 190244, ""pct"": 31.5}, ""Write-in"": {""party"": ""Write-in"", ""votes"": 269, ""pct"": 0.04}}",604008,Susan Collins,Shenna Bellows,red,https://en.wikipedia.org/wiki/2014_United_States_Senate_election_in_Maine
2014,Massachusetts,MA,II,regular,General,"United States Senate election in Massachusetts, 2014","{""Ed Markey"": {""party"": ""Democratic"", ""votes"": 1289944, ""pct"": 61.87}, ""Brian Herr"": {""party"": ""Republican"", ""votes"": 791950, ""pct"": 37.98}, ""Write-in"": {""party"": ""Write-in"", ""votes"": 3078, ""pct"": 0.15}}",2084972,Ed Markey,Brian Herr,deepskyblue,https://en.wikipedia.org/wiki/2014_United_States_Senate_election_in_Massachusetts
2014,Michigan,MI,II,regular,General,2014 United States Senate election in Michigan,"{""Gary Peters"": {""party"": ""Democratic"", ""votes"": 1704936, ""pct"": 54.61}, ""Terri Lynn Land"": {""party"": ""Republican"", ""votes"": 1290199, ""pct"": 41.33}, ""Jim Fulner"": {""party"": ""Libertarian"", ""votes"": 62897, ""pct"": 2.01}, ""Richard Matkin"": {""party"": ""Constitution"", ""votes"": 37529, ""pct"": 1.2}, ""Chris Wahmhoff"": {""party"": ""Green"", ""votes"": 26137, ""pct"": 0.84}, ""Write-in"": {""party"": ""Write-in"", ""votes"": 77, ""pct"": 0.0}}",3121775,Gary Peters,Terri Lynn Land,deepskyblue,https://en.wikipedia.org/wiki/2014_United_States_Senate_election_in_Michigan
2014,Minnesota,MN,II,regular,General,"United States Senate election in Minnesota, 2014","{""Al Franken"": {""party"": ""Democratic (DFL)"", ""votes"": 1053205, ""pct"": 53.15}, ""Mike McFadden"": {""party"": ""Republican"", ""votes"": 850227, ""pct"": 42.91}, ""Steve Carlson"": {""party"": ""Independence"", ""votes"": 47530, ""pct"": 2.4}, ""Heather Johnson"": {""party"": ""Libertarian"", ""votes"": 29685, ""pct"": 1.5}, ""Write-in"": {""party"": ""Write-in"", ""votes"": 881, ""pct"": 0.04}}",1981528,Al Franken,Mike McFadden,deepskyblue,https://en.wikipedia.org/wiki/2014_United_States_Senate_election_in_Minnesota
2014,Mississippi,MS,II,regular,General,2014 United States Senate election in Mississippi,"{""Thad Cochran"": {""party"": ""Republican"", ""votes"": 378481, ""pct"": 59.9}, ""Travis Childers"": {""party"": ""Democratic"", ""votes"": 239439, ""pct"": 37.89}, ""Shawn O'Hara"": {""party"": ""Reform"", ""votes"": 13938, ""pct"": 2.21}}",631858,Thad Cochran,Travis Childers,red,https://en.wikipedia.org/wiki/2014_United_States_Senate_election_in_Mississippi
2014,Montana,MT,II,regular,General,Democratic convention results,"{""Steve Daines"": {""party"": ""Republican"", ""votes"": 213709, ""pct"": 57.79}, ""Amanda Curtis"": {""party"": ""Democratic"", ""votes"": 148184, ""pct"": 40.07}, ""Roger Roots"": {""party"": ""Libertarian"", ""votes"": 7933, ""pct"": 2.14}, ""Dirk Adams"": {""party"": ""Democratic"", ""votes"": 46, ""pct"": 36.0}}",369872,Steve Daines,Amanda Curtis,red,https://en.wikipedia.org/wiki/2014_United_States_Senate_election_in_Montana
2014,Nebraska,NE,II,regular,General,2014 United States Senate election in Nebraska,"{""Ben Sasse"": {""party"": ""Republican"", ""votes"": 347636, ""pct"": 64.34}, ""Majority"": {""party"": ""Majority"", ""votes"": 177509, ""pct"": 32.85}, ""Dave Domina"": {""party"": ""Democratic"", ""votes"": 170127, ""pct"": 31.49}, ""Jim Jenkins"": {""party"": ""Independent"", ""votes"": 15868, ""pct"": 2.94}, ""Todd Watson"": {""party"": ""Independent"", ""votes"": 6260, ""pct"": 1.16}, ""Write-in"": {""party"": ""Write-in"", ""votes"": 446, ""pct"": 0.08}}",717846,Ben Sasse,Majority,red,https://en.wikipedia.org/wiki/2014_United_States_Senate_election_in_Nebraska
2014,New Hampshire,NH,II,regular,General,"United States Senate election in New Hampshire, 2014","{""Jeanne Shaheen"": {""party"": ""Democratic"", ""votes"": 251184, ""pct"": 51.46}, ""Scott Brown"": {""party"": ""Republican"", ""votes"": 235347, ""pct"": 48.21}, ""Write-in"": {""party"": ""Write-in"", ""votes"": 1628, ""pct"": 0.33}}",488159,Jeanne Shaheen,Scott Brown,deepskyblue,https://en.wikipedia.org/wiki/2014_United_States_Senate_election_in_New_Hampshire
2014,New Jersey,NJ,II,regular,General,"United States Senate election in New Jersey, 2014","{""Cory Booker"": {""party"": ""Democratic"", ""votes"": 1043866, ""pct"": 55.84}, ""Jeff Bell"": {""party"": ""Republican"", ""votes"": 791297, ""pct"": 42.33}, ""Joseph Baratelli"": {""party"": ""Libertarian"", ""votes"": 16721, ""pct"": 0.89}, ""Hank Schroeder"": {""party"": ""Independent"", ""votes"": 5704, ""pct"": 0.31}, ""Jeff Boss"": {""party"": ""Independent"", ""votes"": 4513, ""pct"": 0.24}, ""Eugene Martin Lavergne"": {""party"": ""Independent"", ""votes"": 3890, ""pct"": 0.21}, ""Antonio N. Sabas"": {""party"": ""Independent"", ""votes"": 3544, ""pct"": 0.19}}",1869535,Cory Booker,Jeff Bell,deepskyblue,https://en.wikipedia.org/wiki/2014_United_States_Senate_election_in_New_Jersey
2014,New Mexico,NM,II,regular,General,"United States Senate election in New Mexico, 2014","{""Tom Udall"": {""party"": ""Democratic"", ""votes"": 286409, ""pct"": 55.56}, ""Allen Weh"": {""party"": ""Republican"", ""votes"": 229097, ""pct"": 44.44}}",515506,Tom Udall,Allen Weh,deepskyblue,https://en.wikipedia.org/wiki/2014_United_States_Senate_election_in_New_Mexico
2014,North Carolina,NC,II,regular,General,2014 United States Senate election in North Carolina,"{""Thom Tillis"": {""party"": ""Republican"", ""votes"": 1423259, ""pct"": 48.82}, ""Kay Hagan"": {""party"": ""Democratic"", ""votes"": 1377651, ""pct"": 47.26}, ""Sean Haugh"": {""party"": ""Libertarian"", ""votes"": 109100, ""pct"": 3.74}, ""Write-in"": {""party"": ""Write-in"", ""votes"": 5271, ""pct"": 0.18}}",2915281,Thom Tillis,Kay Hagan,red,https://en.wikipedia.org/wiki/2014_United_States_Senate_election_in_North_Carolina
2014,Oklahoma,OK,II,regular,General,"United States Senate election in Oklahoma, 2014","{""Jim Inhofe"": {""party"": ""Republican"", ""votes"": 558166, ""pct"": 68.01}, ""Matt Silverstein"": {""party"": ""Democratic"", ""votes"": 234307, ""pct"": 28.55}, ""Joan Farr"": {""party"": ""Independent"", ""votes"": 10554, ""pct"": 1.28}, ""Ray Woods"": {""party"": ""Independent"", ""votes"": 9913, ""pct"": 1.21}, ""Aaron DeLozier"": {""party"": ""Independent"", ""votes"": 7793, ""pct"": 0.95}}",820733,Jim Inhofe,Matt Silverstein,red,https://en.wikipedia.org/wiki/2014_United_States_Senate_election_in_Oklahoma
2014,Oregon,OR,II,regular,General,"United States Senate election in Oregon, 2014","{""Jeff Merkley"": {""party"": ""Democratic"", ""votes"": 814537, ""pct"": 55.73}, ""Monica Wehby"": {""party"": ""Republican"", ""votes"": 538847, ""pct"": 36.87}, ""Mike Monchalin"": {""party"": ""Libertarian"", ""votes"": 44916, ""pct"": 3.07}, ""Christina Jean Lugo"": {""party"": ""Pacific Green"", ""votes"": 32434, ""pct"": 2.22}, ""James E. Leuenberger"": {""party"": ""Constitution"", ""votes"": 24212, ""pct"": 1.66}, ""Write-in"": {""party"": ""Write-in"", ""votes"": 6672, ""pct"": 0.45}}",1461618,Jeff Merkley,Monica Wehby,deepskyblue,https://en.wikipedia.org/wiki/2014_United_States_Senate_election_in_Oregon
2014,Rhode Island,RI,II,regular,General,"United States Senate election in Rhode Island, 2014","{""Jack Reed"": {""party"": ""Democratic"", ""votes"": 223675, ""pct"": 70.58}, ""Mark Zaccaria"": {""party"": ""Republican"", ""votes"": 92684, ""pct"": 29.25}, ""Write-in"": {""party"": ""Write-in"", ""votes"": 539, ""pct"": 0.17}}",316898,Jack Reed,Mark Zaccaria,deepskyblue,https://en.wikipedia.org/wiki/2014_United_States_Senate_election_in_Rhode_Island
2014,South Carolina,SC,II,regular,General,"United States Senate election in South Carolina, 2014","{""Lindsey Graham"": {""party"": ""Republican"", ""votes"": 672941, ""pct"": 54.27}, ""Brad Hutto"": {""party"": ""Democratic"", ""votes"": 480933, ""pct"": 38.78}, ""Thomas Ravenel"": {""party"": ""Independent"", ""votes"": 47588, ""pct"": 3.84}, ""Victor Kocher"": {""party"": ""Libertarian"", ""votes"": 33839, ""pct"": 2.73}, ""Write-in"": {""party"": ""Write-in"", ""votes"": 4774, ""pct"": 0.38}}",1240075,Lindsey Graham,Brad Hutto,red,https://en.wikipedia.org/wiki/2014_United_States_Senate_election_in_South_Carolina
2014,South Dakota,SD,II,regular,General,"United States Senate election in South Dakota, 2014","{""Mike Rounds"": {""party"": ""Republican"", ""votes"": 140741, ""pct"": 50.37}, ""Rick Weiland"": {""party"": ""Democratic"", ""votes"": 82456, ""pct"": 29.51}, ""Larry Pressler"": {""party"": ""Independent"", ""votes"": 47741, ""pct"": 17.09}, ""Gordon Howie"": {""party"": ""Independent"", ""votes"": 8474, ""pct"": 3.03}}",279412,Mike Rounds,Rick Weiland,red,https://en.wikipedia.org/wiki/2014_United_States_Senate_election_in_South_Dakota
2014,Tennessee,TN,II,regular,General,2014 United States Senate election in Tennessee,"{""Lamar Alexander"": {""party"": ""Republican"", ""votes"": 850087, ""pct"": 61.87}, ""Gordon Ball"": {""party"": ""Democratic"", ""votes"": 437848, ""pct"": 31.87}, ""Joe Wilmoth"": {""party"": ""Constitution"", ""votes"": 36088, ""pct"": 2.63}, ""Martin Pleasant"": {""party"": ""Green"", ""votes"": 12570, ""pct"": 0.91}, ""Tom Emerson, Jr."": {""party"": ""Independent"", ""votes"": 11157, ""pct"": 0.81}, ""Danny Page"": {""party"": ""Independent"", ""votes"": 7713, ""pct"": 0.56}, ""Rick Tyler"": {""party"": ""Independent"", ""votes"": 5759, ""pct"": 0.42}, ""Joshua James"": {""party"": ""Independent"", ""votes"": 5678, ""pct"": 0.41}, ""Bartholomew J. Phillips"": {""party"": ""Independent"", ""votes"": 2386, ""pct"": 0.17}, ""Edmund L. Gauthier"": {""party"": ""Independent"", ""votes"": 2314, ""pct"": 0.17}, ""Eric Schechter"": {""party"": ""Independent"", ""votes"": 1673, ""pct"": 0.12}, ""Choudhury Salekin"": {""party"": ""Independent"", ""votes"": 787, ""pct"": 0.06}, ""Write-in"": {""party"": ""Write-in"", ""votes"": 5, ""pct"": 0.0}}",1374065,Lamar Alexander,Gordon Ball,red,https://en.wikipedia.org/wiki/2014_United_States_Senate_election_in_Tennessee
2014,Texas,TX,II,regular,General,2014 United States Senate election in Texas,"{""John Cornyn"": {""party"": ""Republican"", ""votes"": 2861531, ""pct"": 61.56}, ""David Alameel"": {""party"": ""Democratic"", ""votes"": 1597387, ""pct"": 34.36}, ""Rebecca Paddock"": {""party"": ""Libertarian"", ""votes"": 133751, ""pct"": 2.88}, ""Emily Sanchez"": {""party"": ""Green"", ""votes"": 54701, ""pct"": 1.18}, ""Mohammed Tahiro"": {""party"": ""Independent"", ""votes"": 998, ""pct"": 0.02}}",4648368,John Cornyn,David Alameel,red,https://en.wikipedia.org/wiki/2014_United_States_Senate_election_in_Texas
2014,Virginia,VA,II,regular,General,2014 United States Senate election in Virginia,"{""Mark Warner"": {""party"": ""Democratic"", ""votes"": 1073667, ""pct"": 49.15}, ""Ed Gillespie"": {""party"": ""Republican"", ""votes"": 1055940, ""pct"": 48.34}, ""Robert Sarvis"": {""party"": ""Libertarian"", ""votes"": 53102, ""pct"": 2.43}, ""Write-in"": {""party"": ""Write-in"", ""votes"": 1764, ""pct"": 0.08}}",2184473,Mark Warner,Ed Gillespie,deepskyblue,https://en.wikipedia.org/wiki/2014_United_States_Senate_election_in_Virginia
2014,West Virginia,WV,II,regular,General,2014 United States Senate election in West Virginia,"{""Shelley Moore Capito"": {""party"": ""Republican"", ""votes"": 281820, ""pct"": 62.12}, ""Natalie Tennant"": {""party"": ""Democratic"", ""votes"": 156360, ""pct"": 34.47}, ""John Buckley"": {""party"": ""Libertarian"", ""votes"": 7409, ""pct"": 1.63}, ""Bob Henry Baber"": {""party"": ""Mountain"", ""votes"": 5504, ""pct"": 1.21}, ""Phil Hudok"": {""party"": ""Constitution"", ""votes"": 2566, ""pct"": 0.57}}",453659,Shelley Moore Capito,Natalie Tennant,red,https://en.wikipedia.org/wiki/2014_United_States_Senate_election_in_West_Virginia
2014,Wyoming,WY,II,regular,General,"United States Senate election in Wyoming, 2014","{""Mike Enzi"": {""party"": ""Republican"", ""votes"": 121554, ""pct"": 72.19}, ""Charlie Hardy"": {""party"": ""Democratic"", ""votes"": 29377, ""pct"": 17.45}, ""Curt Gottshall"": {""party"": ""Independent"", ""votes"": 13311, ""pct"": 7.9}, ""Joseph Porambo"": {""party"": ""Libertarian"", ""votes"": 3677, ""pct"": 2.18}, ""Write-in"": {""party"": ""Write-in"", ""votes"": 471, ""pct"": 0.28}}",168390,Mike Enzi,Charlie Hardy,red,https://en.wikipedia.org/wiki/2014_United_States_Senate_election_in_Wyoming
2016,Alabama,AL,III,regular,General,2016 United States Senate election in Alabama,"{""Richard Shelby"": {""party"": ""Republican"", ""votes"": 1335104, ""pct"": 63.96}, ""Ron Crumpton"": {""party"": ""Democratic"", ""votes"": 748709, ""pct"": 35.87}, ""Write-in"": {""party"": ""Write-in"", ""votes"": 3631, ""pct"": 0.17}}",2087444,Richard Shelby,Ron Crumpton,red,https://en.wikipedia.org/wiki/2016_United_States_Senate_election_in_Alabama
2016,Alaska,AK,III,regular,General,2016 United States Senate election in Alaska,"{""Lisa Murkowski"": {""party"": ""Republican"", ""votes"": 138149, ""pct"": 44.36}, ""Joe Miller"": {""party"": ""Libertarian"", ""votes"": 90825, ""pct"": 29.16}, ""Margaret Stock"": {""party"": ""Independent"", ""votes"": 41194, ""pct"": 13.23}, ""Ray Metcalfe"": {""party"": ""Democratic"", ""votes"": 36200, ""pct"": 11.62}, ""Breck A. Craig"": {""party"": ""Independent"", ""votes"": 2609, ""pct"": 0.84}, ""Ted Gianoutsos"": {""party"": ""Independent"", ""votes"": 1758, ""pct"": 0.56}, ""Write-in"": {""party"": ""Write-in"", ""votes"": 706, ""pct"": 0.23}}",311441,Lisa Murkowski,Joe Miller,red,https://en.wikipedia.org/wiki/2016_United_States_Senate_election_in_Alaska
2016,Arizona,AZ,III,regular,General,"United States Senate election in Arizona, 2016","{""John McCain"": {""party"": ""Republican"", ""votes"": 1359267, ""pct"": 53.71}, ""Ann Kirkpatrick"": {""party"": ""Democratic"", ""votes"": 1031245, ""pct"": 40.75}, ""Gary Swing"": {""party"": ""Green"", ""votes"": 138634, ""pct"": 5.48}, ""Write-in"": {""party"": ""Write-in"", ""votes"": 1584, ""pct"": 0.06}}",2530730,John McCain,Ann Kirkpatrick,red,https://en.wikipedia.org/wiki/2016_United_States_Senate_election_in_Arizona
2016,Arkansas,AR,III,regular,General,"United States Senate election in Arkansas, 2016","{""John Boozman"": {""party"": ""Republican"", ""votes"": 661984, ""pct"": 59.77}, ""Conner Eldridge"": {""party"": ""Democratic"", ""votes"": 400602, ""pct"": 36.17}, ""Frank Gilbert"": {""party"": ""Libertarian"", ""votes"": 43866, ""pct"": 3.96}, ""Write-in"": {""party"": ""Write-in"", ""votes"": 1070, ""pct"": 0.1}}",1107522,John Boozman,Conner Eldridge,red,https://en.wikipedia.org/wiki/2016_United_States_Senate_election_in_Arkansas
2016,California,CA,III,regular,General,"United States Senate election in California, 2016","{""Kamala Harris"": {""party"": ""Democratic"", ""votes"": 7542753, ""pct"": 61.6}, ""Loretta Sanchez"": {""party"": ""Democratic"", ""votes"": 4701417, ""pct"": 38.4}}",12244170,Kamala Harris,Loretta Sanchez,deepskyblue,https://en.wikipedia.org/wiki/2016_United_States_Senate_election_in_California
2016,Colorado,CO,III,regular,General,"United States Senate election in Colorado, 2016","{""Michael Bennet"": {""party"": ""Democratic"", ""votes"": 1370710, ""pct"": 49.97}, ""Darryl Glenn"": {""party"": ""Republican"", ""votes"": 1215318, ""pct"": 44.31}, ""Lily Tang Williams"": {""party"": ""Libertarian"", ""votes"": 99277, ""pct"": 3.62}, ""Arn Menconi"": {""party"": ""Green"", ""votes"": 36805, ""pct"": 1.34}, ""Bill Hammons"": {""party"": ""Unity"", ""votes"": 9336, ""pct"": 0.34}, ""Dan Chapin"": {""party"": ""Independent"", ""votes"": 8361, ""pct"": 0.3}, ""Paul Fiorino"": {""party"": ""Independent"", ""votes"": 3216, ""pct"": 0.12}}",2743023,Michael Bennet,Darryl Glenn,deepskyblue,https://en.wikipedia.org/wiki/2016_United_States_Senate_election_in_Colorado
2016,Connecticut,CT,III,regular,General,"United States Senate election in Connecticut, 2016","{""Richard Blumenthal"": {""party"": ""Democratic"", ""votes"": 1008714, ""pct"": 63.19}, ""Dan Carter"": {""party"": ""Republican"", ""votes"": 552621, ""pct"": 34.62}, ""Richard Lion"": {""party"": ""Libertarian"", ""votes"": 18190, ""pct"": 1.14}, ""Jeffery Russell"": {""party"": ""Green"", ""votes"": 16713, ""pct"": 1.05}, ""Andrew Rule"": {""party"": ""Independent"", ""votes"": 26, ""pct"": 0.0}, ""John M. Traceski"": {""party"": ""Independent"", ""votes"": 12, ""pct"": 0.0}}",1596276,Richard Blumenthal,Dan Carter,deepskyblue,https://en.wikipedia.org/wiki/2016_United_States_Senate_election_in_Connecticut
2016,Florida,FL,III,regular,General,"United States Senate election in Florida, 2016","{""Marco Rubio"": {""party"": ""Republican"", ""votes"": 4835191, ""pct"": 51.98}, ""Patrick Murphy"": {""party"": ""Democratic"", ""votes"": 4122088, ""pct"": 44.31}, ""Paul Stanton"": {""party"": ""Libertarian"", ""votes"": 196956, ""pct"": 2.12}, ""Bruce Nathan"": {""party"": ""Independent"", ""votes"": 52451, ""pct"": 0.56}, ""Tony Khoury"": {""party"": ""Independent"", ""votes"": 45820, ""pct"": 0.49}, ""Steven Machat"": {""party"": ""Independent"", ""votes"": 26918, ""pct"": 0.29}, ""Basil E. Dalack"": {""party"": ""Independent"", ""votes"": 22236, ""pct"": 0.24}, ""Write-in"": {""party"": ""Write-in"", ""votes"": 160, ""pct"": 0.0}}",9301820,Marco Rubio,Patrick Murphy,red,https://en.wikipedia.org/wiki/2016_United_States_Senate_election_in_Florida
2016,Georgia,GA,III,regular,General,"United States Senate election in Georgia, 2016","{""Johnny Isakson"": {""party"": ""Republican"", ""votes"": 2135806, ""pct"": 54.8}, ""Jim Barksdale"": {""party"": ""Democratic"", ""votes"": 1599726, ""pct"": 41.04}, ""Allen Buckley"": {""party"": ""Libertarian"", ""votes"": 162260, ""pct"": 4.16}}",3897792,Johnny Isakson,Jim Barksdale,red,https://en.wikipedia.org/wiki/2016_United_States_Senate_election_in_Georgia
2016,Hawaii,HI,III,regular,General,"United States Senate election in Hawaii, 2016","{""Brian Schatz"": {""party"": ""Democratic"", ""votes"": 306604, ""pct"": 73.61}, ""John Carroll"": {""party"": ""Republican"", ""votes"": 92653, ""pct"": 22.24}, ""Joy Allison"": {""party"": ""Constitution"", ""votes"": 9103, ""pct"": 2.19}, ""Michael Kokowski"": {""party"": ""Libertarian"", ""votes"": 6809, ""pct"": 1.63}, ""John Giuffre"": {""party"": ""American Shopping"", ""votes"": 1393, ""pct"": 0.33}}",416562,Brian Schatz,John Carroll,deepskyblue,https://en.wikipedia.org/wiki/2016_United_States_Senate_election_in_Hawaii
2016,Idaho,ID,III,regular,General,"United States Senate election in Idaho, 2016","{""Mike Crapo"": {""party"": ""Republican"", ""votes"": 449017, ""pct"": 66.13}, ""Jerry Sturgill"": {""party"": ""Democratic"", ""votes"": 188249, ""pct"": 27.73}, ""Ray J. Writz"": {""party"": ""Constitution"", ""votes"": 41677, ""pct"": 6.14}}",678943,Mike Crapo,Jerry Sturgill,red,https://en.wikipedia.org/wiki/2016_United_States_Senate_election_in_Idaho
2016,Illinois,IL,III,regular,General,"United States Senate election in Illinois, 2016","{""Tammy Duckworth"": {""party"": ""Democratic"", ""votes"": 3012940, ""pct"": 54.86}, ""Mark Kirk"": {""party"": ""Republican"", ""votes"": 2184692, ""pct"": 39.78}, ""Kenton McMillen"": {""party"": ""Libertarian"", ""votes"": 175988, ""pct"": 3.21}, ""Scott Summers"": {""party"": ""Green"", ""votes"": 117619, ""pct"": 2.14}, ""Write-in"": {""party"": ""Write-in"", ""votes"": 639, ""pct"": 0.01}}",5491878,Tammy Duckworth,Mark Kirk,deepskyblue,https://en.wikipedia.org/wiki/2016_United_States_Senate_election_in_Illinois
2016,Indiana,IN,III,regular,General,"United States Senate election in Indiana, 2016","{""Todd Young"": {""party"": ""Republican"", ""votes"": 1423991, ""pct"": 52.11}, ""Evan Bayh"": {""party"": ""Democratic"", ""votes"": 1158947, ""pct"": 42.41}, ""Lucy Brenton"": {""party"": ""Libertarian"", ""votes"": 149481, ""pct"": 5.47}, ""James L. Johnson, Jr."": {""party"": ""Independent"", ""votes"": 127, ""pct"": 0.01}}",2732546,Todd Young,Evan Bayh,red,https://en.wikipedia.org/wiki/2016_United_States_Senate_election_in_Indiana
2016,Iowa,IA,III,regular,General,"United States Senate election in Iowa, 2016","{""Chuck Grassley"": {""party"": ""Republican"", ""votes"": 926007, ""pct"": 60.09}, ""Patty Judge"": {""party"": ""Democratic"", ""votes"": 549460, ""pct"": 35.66}, ""Charles Aldrich"": {""party"": ""Libertarian"", ""votes"": 41794, ""pct"": 2.71}, ""Jim Hennager"": {""party"": ""Independent"", ""votes"": 17649, ""pct"": 1.15}, ""Michael Luick-Thrams"": {""party"": ""Independent"", ""votes"": 4441, ""pct"": 0.29}, ""Write-ins"": {""party"": ""n/a"", ""votes"": 1685, ""pct"": 0.11}}",1541036,Chuck Grassley,Patty Judge,red,https://en.wikipedia.org/wiki/2016_United_States_Senate_election_in_Iowa
2016,Kansas,KS,III,regular,General,2016 United States Senate election in Kansas,"{""Jerry Moran"": {""party"": ""Republican"", ""votes"": 732376, ""pct"": 62.18}, ""Patrick Wiesner"": {""party"": ""Democratic"", ""votes"": 379740, ""pct"": 32.24}, ""Robert D. Garrard"": {""party"": ""Libertarian"", ""votes"": 65760, ""pct"": 5.58}, ""DJ Smith"": {""party"": ""Independent"", ""votes"": 46, ""pct"": 0.0}}",1177922,Jerry Moran,Patrick Wiesner,red,https://en.wikipedia.org/wiki/2016_United_States_Senate_election_in_Kansas
2016,Kentucky,KY,III,regular,General,"United States Senate election in Kentucky, 2016","{""Rand Paul"": {""party"": ""Republican"", ""votes"": 1090177, ""pct"": 57.27}, ""Jim Gray"": {""party"": ""Democratic"", ""votes"": 813246, ""pct"": 42.73}, ""Write-in"": {""party"": ""Write-in"", ""votes"": 42, ""pct"": 0.0}}",1903465,Rand Paul,Jim Gray,red,https://en.wikipedia.org/wiki/2016_United_States_Senate_election_in_Kentucky
2016,Louisiana,LA,III,regular,General,"United States Senate election in Louisiana, 2016","{""John Neely Kennedy"": {""party"": ""Republican"", ""votes"": 536191, ""pct"": 60.65}, ""John Kennedy"": {""party"": ""Republican"", ""votes"": 482591, ""pct"": 24.96}, ""Foster Campbell"": {""party"": ""Democratic"", ""votes"": 347816, ""pct"": 39.35}, ""Charles Boustany"": {""party"": ""Republican"", ""votes"": 298008, ""pct"": 15.41}, ""Caroline Fayard"": {""party"": ""Democratic"", ""votes"": 240917, ""pct"": 12.46}, ""John Fleming"": {""party"": ""Republican"", ""votes"": 204026, ""pct"": 10.55}, ""Rob Maness"": {""party"": ""Republican"", ""votes"": 90856, ""pct"": 4.7}, ""David Duke"": {""party"": ""Republican"", ""votes"": 58606, ""pct"": 3.03}, ""Derrick Edwards"": {""party"": ""Democratic"", ""votes"": 51774, ""pct"": 2.68}, ""Gary Landrieu"": {""party"": ""Democratic"", ""votes"": 45587, ""pct"": 2.36}, ""Donald \""Crawdaddy\"" Crawford"": {""party"": ""Republican"", ""votes"": 25523, ""pct"": 1.32}, ""Joseph Cao"": {""party"": ""Republican"", ""votes"": 21019, ""pct"": 1.09}, ""Beryl Billiot"": {""party"": ""Independent"", ""votes"": 19352, ""pct"": 1.0}, ""Thomas Clements"": {""party"": ""Libertarian"", ""votes"": 11370, ""pct"": 0.59}, ""Troy Hebert"": {""party"": ""Independent"", ""votes"": 9503, ""pct"": 0.49}, ""Josh Pellerin"": {""party"": ""Democratic"", ""votes"": 7395, ""pct"": 0.38}, ""Peter Williams"": {""party"": ""Democratic"", ""votes"": 6855, ""pct"": 0.35}, ""Vinny Mendoza"": {""party"": ""Democratic"", ""votes"": 4927, ""pct"": 0.25}, ""Kaitlin Marone"": {""party"": ""Independent"", ""votes"": 4108, ""pct"": 0.21}, ""Le Roy Gillam"": {""party"": ""Libertarian"", ""votes"": 4067, ""pct"": 0.21}, ""Charles Eugene Marsala"": {""party"": ""Republican"", ""votes"": 3684, ""pct"": 0.19}, ""Abhay Patel"": {""party"": ""Republican"", ""votes"": 1576, ""pct"": 0.08}, ""Arden Wells"": {""party"": ""Independent"", ""votes"": 1483, ""pct"": 0.08}, ""Bob Lang"": {""party"": ""Independent"", ""votes"": 1424, ""pct"": 0.07}, ""Gregory Taylor"": {""party"": ""Independent"", ""votes"": 1151, ""pct"": 0.06}}",2479809,John Neely Kennedy,John Kennedy,red,https://en.wikipedia.org/wiki/2016_United_States_Senate_election_in_Louisiana
2016,Maryland,MD,III,regular,General,"United States Senate election in Maryland, 2016","{""Chris Van Hollen"": {""party"": ""Democratic"", ""votes"": 1659907, ""pct"": 60.89}, ""Kathy Szeliga"": {""party"": ""Republican"", ""votes"": 972557, ""pct"": 35.67}, ""Margaret Flowers"": {""party"": ""Green"", ""votes"": 89970, ""pct"": 3.3}, ""Write-in"": {""party"": ""Write-in"", ""votes"": 3736, ""pct"": 0.14}}",2726170,Chris Van Hollen,Kathy Szeliga,deepskyblue,https://en.wikipedia.org/wiki/2016_United_States_Senate_election_in_Maryland
2016,Missouri,MO,III,regular,General,2016 United States Senate election in Missouri,"{""Roy Blunt"": {""party"": ""Republican"", ""votes"": 1378458, ""pct"": 49.18}, ""Jason Kander"": {""party"": ""Democratic"", ""votes"": 1300200, ""pct"": 46.39}, ""Jonathan Dine"": {""party"": ""Libertarian"", ""votes"": 67738, ""pct"": 2.42}, ""Johnathan McFarland"": {""party"": ""Green"", ""votes"": 30743, ""pct"": 1.1}, ""Fred Ryman"": {""party"": ""Constitution"", ""votes"": 25407, ""pct"": 0.91}, ""Write-in"": {""party"": ""Write-in"", ""votes"": 95, ""pct"": 0.03}}",2802641,Roy Blunt,Jason Kander,red,https://en.wikipedia.org/wiki/2016_United_States_Senate_election_in_Missouri
2016,Nevada,NV,III,regular,General,"United States Senate election in Nevada, 2016","{""Catherine Cortez Masto"": {""party"": ""Democratic"", ""votes"": 521994, ""pct"": 47.1}, ""Joe Heck"": {""party"": ""Republican"", ""votes"": 495079, ""pct"": 44.67}, ""None of These Candidates"": {""party"": ""None of These Candidates"", ""votes"": 42257, ""pct"": 3.81}, ""Tom Jones"": {""party"": ""Independent American"", ""votes"": 17128, ""pct"": 1.55}, ""Thomas Sawyer"": {""party"": ""Independent"", ""votes"": 14208, ""pct"": 1.28}, ""Tony Gumina"": {""party"": ""Independent"", ""votes"": 10740, ""pct"": 0.97}, ""Jarrod Williams"": {""party"": ""Independent"", ""votes"": 6888, ""pct"": 0.62}}",1108294,Catherine Cortez Masto,Joe Heck,deepskyblue,https://en.wikipedia.org/wiki/2016_United_States_Senate_election_in_Nevada
2016,New Hampshire,NH,III,regular,General,"United States Senate election in New Hampshire, 2016","{""Maggie Hassan"": {""party"": ""Democratic"", ""votes"": 354649, ""pct"": 47.98}, ""Kelly Ayotte"": {""party"": ""Republican"", ""votes"": 353632, ""pct"": 47.84}, ""Aaron Day"": {""party"": ""Independent"", ""votes"": 17742, ""pct"": 2.4}, ""Brian Chabot"": {""party"": ""Libertarian"", ""votes"": 12597, ""pct"": 1.7}, ""Write-in"": {""party"": ""Write-in"", ""votes"": 520, ""pct"": 0.07}}",739140,Maggie Hassan,Kelly Ayotte,deepskyblue,https://en.wikipedia.org/wiki/2016_United_States_Senate_election_in_New_Hampshire
2016,New York,NY,III,regular,General,"United States Senate election in New York, 2016","{""Chuck Schumer"": {""party"": ""Democratic"", ""votes"": 5221945, ""pct"": 70.64}, ""Wendy Long"": {""party"": ""Republican"", ""votes"": 2009355, ""pct"": 27.18}, ""Robin Laverne Wilson"": {""party"": ""Green"", ""votes"": 113413, ""pct"": 1.53}, ""Alex Merced"": {""party"": ""Libertarian"", ""votes"": 48120, ""pct"": 0.65}}",7392833,Chuck Schumer,Wendy Long,deepskyblue,https://en.wikipedia.org/wiki/2016_United_States_Senate_election_in_New_York
2016,North Carolina,NC,III,regular,General,2016 United States Senate election in North Carolina,"{""Richard Burr"": {""party"": ""Republican"", ""votes"": 2395376, ""pct"": 51.06}, ""Deborah Ross"": {""party"": ""Democratic"", ""votes"": 2128165, ""pct"": 45.37}, ""Sean Haugh"": {""party"": ""Libertarian"", ""votes"": 167592, ""pct"": 3.57}}",4691133,Richard Burr,Deborah Ross,red,https://en.wikipedia.org/wiki/2016_United_States_Senate_election_in_North_Carolina
2016,North Dakota,ND,III,regular,General,"United States Senate election in North Dakota, 2016","{""John Hoeven"": {""party"": ""Republican"", ""votes"": 268788, ""pct"": 78.48}, ""Eliot Glassheim"": {""party"": ""Democratic–NPL"", ""votes"": 58116, ""pct"": 16.97}, ""Robert Marquette"": {""party"": ""Libertarian"", ""votes"": 10556, ""pct"": 3.08}, ""James Germalic"": {""party"": ""Independent"", ""votes"": 4675, ""pct"": 1.36}, ""Write-in"": {""party"": ""Write-in"", ""votes"": 366, ""pct"": 0.11}}",342501,John Hoeven,Eliot Glassheim,red,https://en.wikipedia.org/wiki/2016_United_States_Senate_election_in_North_Dakota
2016,Ohio,OH,III,regular,General,"United States Senate election in Ohio, 2016","{""Rob Portman"": {""party"": ""Republican"", ""votes"": 3118567, ""pct"": 58.03}, ""Ted Strickland"": {""party"": ""Democratic"", ""votes"": 1996908, ""pct"": 37.16}, ""Tom Connors"": {""party"": ""Independent"", ""votes"": 93041, ""pct"": 1.73}, ""Joseph R. DeMare"": {""party"": ""Green"", ""votes"": 88246, ""pct"": 1.64}, ""Scott Rupert"": {""party"": ""Independent"", ""votes"": 77291, ""pct"": 1.44}, ""James Stahl"": {""party"": ""Independent"", ""votes"": 111, ""pct"": 0.0}}",5374164,Rob Portman,Ted Strickland,red,https://en.wikipedia.org/wiki/2016_United_States_Senate_election_in_Ohio
2016,Oklahoma,OK,III,regular,General,"United States Senate election in Oklahoma, 2016","{""James Lankford"": {""party"": ""Republican"", ""votes"": 980892, ""pct"": 67.74}, ""Mike Workman"": {""party"": ""Democratic"", ""votes"": 355911, ""pct"": 24.58}, ""Robert T. Murphy"": {""party"": ""Libertarian"", ""votes"": 43421, ""pct"": 3.0}, ""Sean Braddy"": {""party"": ""Independent"", ""votes"": 40405, ""pct"": 2.79}, ""Mark T. Beard"": {""party"": ""Independent"", ""votes"": 27418, ""pct"": 1.89}}",1448047,James Lankford,Mike Workman,red,https://en.wikipedia.org/wiki/2016_United_States_Senate_election_in_Oklahoma
2016,Oregon,OR,III,regular,General,"United States Senate election in Oregon, 2016","{""Ronald Wyden"": {""party"": ""Democratic"", ""votes"": 1105119, ""pct"": 56.6}, ""Mark Callahan"": {""party"": ""Republican"", ""votes"": 651106, ""pct"": 33.35}, ""Shanti Lewallen"": {""party"": ""Working Families"", ""votes"": 61915, ""pct"": 3.17}, ""Steven Reynolds"": {""party"": ""Independent Party"", ""votes"": 59516, ""pct"": 3.05}, ""Eric Navickas"": {""party"": ""Pacific Green"", ""votes"": 48823, ""pct"": 2.5}, ""Jim Lindsay"": {""party"": ""Libertarian"", ""votes"": 23941, ""pct"": 1.23}, ""Write-ins"": {""party"": ""n/a"", ""votes"": 2058, ""pct"": 0.1}}",1952478,Ronald Wyden,Mark Callahan,deepskyblue,https://en.wikipedia.org/wiki/2016_United_States_Senate_election_in_Oregon
2016,Pennsylvania,PA,III,regular,General,"United States Senate election in Pennsylvania, 2016","{""Pat Toomey"": {""party"": ""Republican"", ""votes"": 2951702, ""pct"": 48.72}, ""Katie McGinty"": {""party"": ""Democratic"", ""votes"": 2865012, ""pct"": 47.29}, ""Edward T. Clifford III"": {""party"": ""Libertarian"", ""votes"": 235142, ""pct"": 3.88}, ""Write-in"": {""party"": ""Write-in"", ""votes"": 6655, ""pct"": 0.11}}",6058511,Pat Toomey,Katie McGinty,red,https://en.wikipedia.org/wiki/2016_United_States_Senate_election_in_Pennsylvania
2016,South Carolina,SC,III,regular,General,"United States Senate election in South Carolina, 2016","{""Tim Scott"": {""party"": ""Republican"", ""votes"": 1241609, ""pct"": 60.57}, ""Thomas Dixon"": {""party"": ""Democratic"", ""votes"": 757022, ""pct"": 36.93}, ""Bill Bledsoe"": {""party"": ""Libertarian"", ""votes"": 37482, ""pct"": 1.83}, ""Michael Scarborough"": {""party"": ""American"", ""votes"": 11923, ""pct"": 0.58}, ""Write-ins"": {""party"": ""n/a"", ""votes"": 1857, ""pct"": 0.09}}",2049893,Tim Scott,Thomas Dixon,red,https://en.wikipedia.org/wiki/2016_United_States_Senate_election_in_South_Carolina
2016,South Dakota,SD,III,regular,General,"United States Senate election in South Dakota, 2016","{""John Thune"": {""party"": ""Republican"", ""votes"": 265516, ""pct"": 71.83}, ""Jay Williams"": {""party"": ""Democratic"", ""votes"": 104140, ""pct"": 28.17}}",369656,John Thune,Jay Williams,red,https://en.wikipedia.org/wiki/2016_United_States_Senate_election_in_South_Dakota
2016,Utah,UT,III,regular,General,"United States Senate election in Utah, 2016","{""Mike Lee"": {""party"": ""Republican"", ""votes"": 760241, ""pct"": 68.15}, ""Misty Snow"": {""party"": ""Democratic"", ""votes"": 301860, ""pct"": 27.06}, ""Stoney Fonua"": {""party"": ""Independent American"", ""votes"": 27340, ""pct"": 2.45}, ""Bill Barron"": {""party"": ""Independent"", ""votes"": 26167, ""pct"": 2.34}}",1115608,Mike Lee,Misty Snow,red,https://en.wikipedia.org/wiki/2016_United_States_Senate_election_in_Utah
2016,Vermont,VT,III,regular,General,"United States Senate election in Vermont, 2016","{""Patrick Leahy"": {""party"": ""Democratic"", ""votes"": 192243, ""pct"": 61.26}, ""Scott Milne"": {""party"": ""Republican"", ""votes"": 103637, ""pct"": 33.03}, ""Cris Ericson"": {""party"": ""Marijuana"", ""votes"": 9156, ""pct"": 2.92}, ""Jerry Trudell"": {""party"": ""Independent"", ""votes"": 5223, ""pct"": 1.66}, ""Peter Diamondstone"": {""party"": ""Liberty Union"", ""votes"": 3241, ""pct"": 1.03}, ""Write-in"": {""party"": ""Write-in"", ""votes"": 309, ""pct"": 0.1}}",313809,Patrick Leahy,Scott Milne,deepskyblue,https://en.wikipedia.org/wiki/2016_United_States_Senate_election_in_Vermont
2016,Washington,WA,III,regular,General,"United States Senate election in Washington, 2016","{""Patty Murray"": {""party"": ""Democratic"", ""votes"": 1913979, ""pct"": 59.01}, ""Chris Vance"": {""party"": ""Republican"", ""votes"": 1329338, ""pct"": 40.99}}",3243317,Patty Murray,Chris Vance,deepskyblue,https://en.wikipedia.org/wiki/2016_United_States_Senate_election_in_Washington
2016,Wisconsin,WI,III,regular,General,2016 United States Senate election in Wisconsin,"{""Ron Johnson"": {""party"": ""Republican"", ""votes"": 1479471, ""pct"": 50.17}, ""Russ Feingold"": {""party"": ""Democratic"", ""votes"": 1380335, ""pct"": 46.81}, ""Phil Anderson"": {""party"": ""Libertarian"", ""votes"": 87531, ""pct"": 2.97}, ""Write-in"": {""party"": ""Write-in"", ""votes"": 1404, ""pct"": 0.05}}",2948741,Ron Johnson,Russ Feingold,red,https://en.wikipedia.org/wiki/2016_United_States_Senate_election_in_Wisconsin
2018,Arizona,AZ,I,regular,General,"United States Senate election in Arizona, 2018","{""Kyrsten Sinema"": {""party"": ""Democratic"", ""votes"": 1191100, ""pct"": 49.96}, ""Martha McSally"": {""party"": ""Republican"", ""votes"": 1135200, ""pct"": 47.61}, ""Angela Green"": {""party"": ""Green"", ""votes"": 57442, ""pct"": 2.41}, ""Write-in"": {""party"": ""Write-in"", ""votes"": 566, ""pct"": 0.02}}",2384308,Kyrsten Sinema,Martha McSally,deepskyblue,https://en.wikipedia.org/wiki/2018_United_States_Senate_election_in_Arizona
2018,California,CA,I,regular,General,"United States Senate election in California, 2018","{""Dianne Feinstein"": {""party"": ""Democratic"", ""votes"": 6019422, ""pct"": 54.16}, ""Kevin de León"": {""party"": ""Democratic"", ""votes"": 5093942, ""pct"": 45.84}}",11113364,Dianne Feinstein,Kevin de León,deepskyblue,https://en.wikipedia.org/wiki/2018_United_States_Senate_election_in_California
2018,Connecticut,CT,I,regular,General,"United States Senate election in Connecticut, 2018","{""Chris Murphy"": {""party"": ""Democratic"", ""votes"": 825579, ""pct"": 59.53}, ""Matthew Corey"": {""party"": ""Republican"", ""votes"": 545717, ""pct"": 39.35}, ""Richard Lion"": {""party"": ""Libertarian"", ""votes"": 8838, ""pct"": 0.64}, ""Jeff Russell"": {""party"": ""Green"", ""votes"": 6618, ""pct"": 0.48}, ""Write-in"": {""party"": ""Write-in"", ""votes"": 88, ""pct"": 0.0}}",1386840,Chris Murphy,Matthew Corey,deepskyblue,https://en.wikipedia.org/wiki/2018_United_States_Senate_election_in_Connecticut
2018,Delaware,DE,I,regular,General,"United States Senate election in Delaware, 2018","{""Tom Carper"": {""party"": ""Democratic"", ""votes"": 217385, ""pct"": 59.95}, ""Rob Arlett"": {""party"": ""Republican"", ""votes"": 137127, ""pct"": 37.81}, ""Demitri Theodoropoulos"": {""party"": ""Green"", ""votes"": 4170, ""pct"": 1.15}, ""Nadine Frost"": {""party"": ""Libertarian"", ""votes"": 3910, ""pct"": 1.09}}",362592,Tom Carper,Rob Arlett,deepskyblue,https://en.wikipedia.org/wiki/2018_United_States_Senate_election_in_Delaware
2018,Florida,FL,I,regular,General,"United States Senate election in Florida, 2018","{""Rick Scott"": {""party"": ""Republican"", ""votes"": 4099505, ""pct"": 50.05}, ""Bill Nelson"": {""party"": ""Democratic"", ""votes"": 4089472, ""pct"": 49.93}, ""Write-in"": {""party"": ""Write-in"", ""votes"": 1028, ""pct"": 0.01}}",8190005,Rick Scott,Bill Nelson,red,https://en.wikipedia.org/wiki/2018_United_States_Senate_election_in_Florida
2018,Hawaii,HI,I,regular,General,"United States Senate election in Hawaii, 2018","{""Mazie Hirono"": {""party"": ""Democratic"", ""votes"": 276316, ""pct"": 71.15}, ""Ron Curtis"": {""party"": ""Republican"", ""votes"": 112035, ""pct"": 28.85}}",388351,Mazie Hirono,Ron Curtis,deepskyblue,https://en.wikipedia.org/wiki/2018_United_States_Senate_election_in_Hawaii
2018,Indiana,IN,I,regular,General,"United States Senate election in Indiana, 2018","{""Mike Braun"": {""party"": ""Republican"", ""votes"": 1158000, ""pct"": 50.73}, ""Joe Donnelly"": {""party"": ""Democratic"", ""votes"": 1023553, ""pct"": 44.84}, ""Lucy Brenton"": {""party"": ""Libertarian"", ""votes"": 100942, ""pct"": 4.42}, ""Write-in"": {""party"": ""Write-in"", ""votes"": 70, ""pct"": 0.0}}",2282565,Mike Braun,Joe Donnelly,red,https://en.wikipedia.org/wiki/2018_United_States_Senate_election_in_Indiana
2018,Maine,ME,I,regular,General,"United States Senate election in Maine, 2018","{""Angus King"": {""party"": ""Independent"", ""votes"": 344575, ""pct"": 54.31}, ""Eric Brakey"": {""party"": ""Republican"", ""votes"": 223502, ""pct"": 35.23}, ""Zak Ringelstein"": {""party"": ""Democratic"", ""votes"": 66268, ""pct"": 10.45}, ""Write-in"": {""party"": ""Write-in"", ""votes"": 64, ""pct"": 0.01}}",634409,Angus King,Eric Brakey,yellow,https://en.wikipedia.org/wiki/2018_United_States_Senate_election_in_Maine
2018,Maryland,MD,I,regular,General,2018 United States Senate election in Maryland,"{""Ben Cardin"": {""party"": ""Democratic"", ""votes"": 1491614, ""pct"": 64.86}, ""Tony Campbell"": {""party"": ""Republican"", ""votes"": 697017, ""pct"": 30.31}, ""Neal Simon"": {""party"": ""Independent"", ""votes"": 85964, ""pct"": 3.74}, ""Arvin Vohra"": {""party"": ""Libertarian"", ""votes"": 22943, ""pct"": 1.0}, ""Write-in"": {""party"": ""Write-in"", ""votes"": 2351, ""pct"": 0.1}}",2299889,Ben Cardin,Tony Campbell,deepskyblue,https://en.wikipedia.org/wiki/2018_United_States_Senate_election_in_Maryland
2018,Massachusetts,MA,I,regular,General,"United States Senate election in Massachusetts, 2018","{""Elizabeth Warren"": {""party"": ""Democratic"", ""votes"": 1633371, ""pct"": 60.34}, ""Geoff Diehl"": {""party"": ""Republican"", ""votes"": 979210, ""pct"": 36.17}, ""Shiva Ayyadurai"": {""party"": ""Independent"", ""votes"": 91710, ""pct"": 3.39}, ""Write-in"": {""party"": ""Write-in"", ""votes"": 2799, ""pct"": 0.1}}",2707090,Elizabeth Warren,Geoff Diehl,deepskyblue,https://en.wikipedia.org/wiki/2018_United_States_Senate_election_in_Massachusetts
2018,Michigan,MI,I,regular,General,2018 United States Senate election in Michigan,"{""Debbie Stabenow"": {""party"": ""Democratic"", ""votes"": 2214478, ""pct"": 52.26}, ""John James"": {""party"": ""Republican"", ""votes"": 1938818, ""pct"": 45.76}, ""Marcia Squier"": {""party"": ""Green"", ""votes"": 40204, ""pct"": 0.95}, ""George Huffman III"": {""party"": ""Constitution"", ""votes"": 27251, ""pct"": 0.65}, ""John Howard Wilhelm"": {""party"": ""Natural Law"", ""votes"": 16502, ""pct"": 0.39}, ""Write-in"": {""party"": ""Write-in"", ""votes"": 18, ""pct"": 0.01}}",4237271,Debbie Stabenow,John James,deepskyblue,https://en.wikipedia.org/wiki/2018_United_States_Senate_election_in_Michigan
2018,Minnesota,MN,I,regular,General,"United States Senate election in Minnesota, 2018","{""Amy Klobuchar"": {""party"": ""Democratic (DFL)"", ""votes"": 1566174, ""pct"": 60.31}, ""Jim Newberger"": {""party"": ""Republican"", ""votes"": 940437, ""pct"": 36.21}, ""Dennis Schuller"": {""party"": ""Legal Marijuana Now"", ""votes"": 66236, ""pct"": 2.55}, ""Paula Overby"": {""party"": ""Green"", ""votes"": 23101, ""pct"": 0.89}, ""Write-in"": {""party"": ""Write-in"", ""votes"": 931, ""pct"": 0.04}}",2596879,Amy Klobuchar,Jim Newberger,deepskyblue,https://en.wikipedia.org/wiki/2018_United_States_Senate_election_in_Minnesota
2018,Mississippi,MS,I,regular,General,2018 United States Senate election in Mississippi,"{""Roger Wicker"": {""party"": ""Republican"", ""votes"": 547619, ""pct"": 58.49}, ""David Baria"": {""party"": ""Democratic"", ""votes"": 369567, ""pct"": 39.47}, ""Danny Bedwell"": {""party"": ""Libertarian"", ""votes"": 12981, ""pct"": 1.39}, ""Shawn O'Hara"": {""party"": ""Reform"", ""votes"": 6048, ""pct"": 0.65}}",936215,Roger Wicker,David Baria,red,https://en.wikipedia.org/wiki/2018_United_States_Senate_election_in_Mississippi
2018,Missouri,MO,I,regular,General,"United States Senate election in Missouri, 2018","{""Josh Hawley"": {""party"": ""Republican"", ""votes"": 1254927, ""pct"": 51.38}, ""Claire McCaskill"": {""party"": ""Democratic"", ""votes"": 1112935, ""pct"": 45.57}, ""Craig O'Dear"": {""party"": ""Independent"", ""votes"": 34398, ""pct"": 1.41}, ""Japheth Campbell"": {""party"": ""Libertarian"", ""votes"": 27316, ""pct"": 1.12}, ""Jo Crain"": {""party"": ""Green"", ""votes"": 12706, ""pct"": 0.52}, ""Write-in"": {""party"": ""Write-in"", ""votes"": 7, ""pct"": 0.0}}",2442289,Josh Hawley,Claire McCaskill,red,https://en.wikipedia.org/wiki/2018_United_States_Senate_election_in_Missouri
2018,Montana,MT,I,regular,General,"United States Senate election in Montana, 2018","{""Jon Tester"": {""party"": ""Democratic"", ""votes"": 253876, ""pct"": 50.33}, ""Matt Rosendale"": {""party"": ""Republican"", ""votes"": 235963, ""pct"": 46.78}, ""Rick Breckenridge"": {""party"": ""Libertarian"", ""votes"": 14545, ""pct"": 2.88}}",504384,Jon Tester,Matt Rosendale,deepskyblue,https://en.wikipedia.org/wiki/2018_United_States_Senate_election_in_Montana
2018,Nebraska,NE,I,regular,General,2018 United States Senate election in Nebraska,"{""Deb Fischer"": {""party"": ""Republican"", ""votes"": 403151, ""pct"": 57.69}, ""Jane Raybould"": {""party"": ""Democratic"", ""votes"": 269917, ""pct"": 38.62}, ""Majority"": {""party"": ""Majority"", ""votes"": 133234, ""pct"": 19.06}, ""Jim Schultz"": {""party"": ""Libertarian"", ""votes"": 25349, ""pct"": 3.63}, ""Write-in"": {""party"": ""Write-in"", ""votes"": 466, ""pct"": 0.07}}",832117,Deb Fischer,Jane Raybould,red,https://en.wikipedia.org/wiki/2018_United_States_Senate_election_in_Nebraska
2018,Nevada,NV,I,regular,General,"United States Senate election in Nevada, 2018","{""Jacky Rosen"": {""party"": ""Democratic"", ""votes"": 490071, ""pct"": 50.41}, ""Dean Heller"": {""party"": ""Republican"", ""votes"": 441202, ""pct"": 45.38}, ""None of These Candidates"": {""party"": ""None of These Candidates"", ""votes"": 15303, ""pct"": 1.57}, ""Barry Michaels"": {""party"": ""Independent"", ""votes"": 9269, ""pct"": 0.95}, ""Tim Hagan"": {""party"": ""Libertarian"", ""votes"": 9196, ""pct"": 0.95}, ""Kamau Bakari"": {""party"": ""Independent American"", ""votes"": 7091, ""pct"": 0.73}}",972132,Jacky Rosen,Dean Heller,deepskyblue,https://en.wikipedia.org/wiki/2018_United_States_Senate_election_in_Nevada
2018,New Jersey,NJ,I,regular,General,"United States Senate election in New Jersey, 2018","{""Bob Menendez"": {""party"": ""Democratic"", ""votes"": 1711654, ""pct"": 54.01}, ""Bob Hugin"": {""party"": ""Republican"", ""votes"": 1357355, ""pct"": 42.83}, ""Madelyn Hoffman"": {""party"": ""Green"", ""votes"": 25150, ""pct"": 0.79}, ""Murray Sabrin"": {""party"": ""Libertarian"", ""votes"": 21212, ""pct"": 0.67}, ""Natalie Rivera"": {""party"": ""Independent"", ""votes"": 19897, ""pct"": 0.63}, ""Tricia Flanagan"": {""party"": ""Independent"", ""votes"": 16101, ""pct"": 0.51}, ""Kevin Kimple"": {""party"": ""Independent"", ""votes"": 9087, ""pct"": 0.29}, ""Hank Schroeder"": {""party"": ""Independent"", ""votes"": 8854, ""pct"": 0.28}}",3169310,Bob Menendez,Bob Hugin,deepskyblue,https://en.wikipedia.org/wiki/2018_United_States_Senate_election_in_New_Jersey
2018,New Mexico,NM,I,regular,General,2018 United States Senate election in New Mexico,"{""Martin Heinrich"": {""party"": ""Democratic"", ""votes"": 376998, ""pct"": 54.09}, ""Mick Rich"": {""party"": ""Republican"", ""votes"": 212813, ""pct"": 30.53}, ""Gary Johnson"": {""party"": ""Libertarian"", ""votes"": 107201, ""pct"": 15.38}}",697012,Martin Heinrich,Mick Rich,deepskyblue,https://en.wikipedia.org/wiki/2018_United_States_Senate_election_in_New_Mexico
2018,New York,NY,I,regular,General,"United States Senate election in New York, 2018","{""Kirsten Gillibrand"": {""party"": ""Democratic"", ""votes"": 4056931, ""pct"": 67.0}, ""Chele Chiavacci Farley"": {""party"": ""Republican"", ""votes"": 1998220, ""pct"": 33.0}}",6055151,Kirsten Gillibrand,Chele Chiavacci Farley,deepskyblue,https://en.wikipedia.org/wiki/2018_United_States_Senate_election_in_New_York
2018,North Dakota,ND,I,regular,General,"United States Senate election in North Dakota, 2018","{""Kevin Cramer"": {""party"": ""Republican"", ""votes"": 179720, ""pct"": 55.11}, ""Heidi Heitkamp"": {""party"": ""Democratic–NPL"", ""votes"": 144376, ""pct"": 44.27}, ""Write-in"": {""party"": ""Write-in"", ""votes"": 2042, ""pct"": 0.63}}",326138,Kevin Cramer,Heidi Heitkamp,red,https://en.wikipedia.org/wiki/2018_United_States_Senate_election_in_North_Dakota
2018,Ohio,OH,I,regular,General,"United States Senate election in Ohio, 2018","{""Sherrod Brown"": {""party"": ""Democratic"", ""votes"": 2358508, ""pct"": 53.4}, ""Jim Renacci"": {""party"": ""Republican"", ""votes"": 2057559, ""pct"": 46.58}, ""Write-in"": {""party"": ""Write-in"", ""votes"": 1017, ""pct"": 0.02}}",4417084,Sherrod Brown,Jim Renacci,deepskyblue,https://en.wikipedia.org/wiki/2018_United_States_Senate_election_in_Ohio
2018,Pennsylvania,PA,I,regular,General,"United States Senate election in Pennsylvania, 2018","{""Bob Casey Jr."": {""party"": ""Democratic"", ""votes"": 2792437, ""pct"": 55.74}, ""Lou Barletta"": {""party"": ""Republican"", ""votes"": 2134848, ""pct"": 42.62}, ""Dale Kerns"": {""party"": ""Libertarian"", ""votes"": 50907, ""pct"": 1.02}, ""Neal Gale"": {""party"": ""Green"", ""votes"": 31208, ""pct"": 0.62}}",5009400,Bob Casey Jr.,Lou Barletta,deepskyblue,https://en.wikipedia.org/wiki/2018_United_States_Senate_election_in_Pennsylvania
2018,Rhode Island,RI,I,regular,General,"United States Senate election in Rhode Island, 2018","{""Sheldon Whitehouse"": {""party"": ""Democratic"", ""votes"": 231477, ""pct"": 61.44}, ""Robert Flanders"": {""party"": ""Republican"", ""votes"": 144421, ""pct"": 38.33}, ""Write-in"": {""party"": ""Write-in"", ""votes"": 840, ""pct"": 0.22}}",376738,Sheldon Whitehouse,Robert Flanders,deepskyblue,https://en.wikipedia.org/wiki/2018_United_States_Senate_election_in_Rhode_Island
2018,Tennessee,TN,I,regular,General,2018 United States Senate election in Tennessee,"{""Marsha Blackburn"": {""party"": ""Republican"", ""votes"": 1227483, ""pct"": 54.71}, ""Phil Bredesen"": {""party"": ""Democratic"", ""votes"": 985450, ""pct"": 43.92}, ""Trudy Austin"": {""party"": ""Independent"", ""votes"": 9455, ""pct"": 0.42}, ""Dean Hill"": {""party"": ""Independent"", ""votes"": 8717, ""pct"": 0.39}, ""Kris L. Todd"": {""party"": ""Independent"", ""votes"": 5084, ""pct"": 0.23}, ""John Carico"": {""party"": ""Independent"", ""votes"": 3398, ""pct"": 0.15}, ""Breton Phillips"": {""party"": ""Independent"", ""votes"": 2226, ""pct"": 0.1}, ""Kevin Lee McCants"": {""party"": ""Independent"", ""votes"": 1927, ""pct"": 0.09}}",2243740,Marsha Blackburn,Phil Bredesen,red,https://en.wikipedia.org/wiki/2018_United_States_Senate_election_in_Tennessee
2018,Texas,TX,I,regular,General,2018 United States Senate election in Texas,"{""Ted Cruz"": {""party"": ""Republican"", ""votes"": 4260553, ""pct"": 50.89}, ""Beto O'Rourke"": {""party"": ""Democratic"", ""votes"": 4045632, ""pct"": 48.33}, ""Neal Dikeman"": {""party"": ""Libertarian"", ""votes"": 65470, ""pct"": 0.78}}",8371655,Ted Cruz,Beto O'Rourke,red,https://en.wikipedia.org/wiki/2018_United_States_Senate_election_in_Texas
2018,Utah,UT,I,regular,General,"United States Senate general election in Utah, 2018","{""Mitt Romney"": {""party"": ""Republican"", ""votes"": 665215, ""pct"": 62.59}, ""Jenny Wilson"": {""party"": ""Democratic"", ""votes"": 328541, ""pct"": 30.91}, ""Tim Aalders"": {""party"": ""Constitution"", ""votes"": 28774, ""pct"": 2.71}, ""Craig Bowden"": {""party"": ""Libertarian"", ""votes"": 27607, ""pct"": 2.6}, ""Reed McCandless"": {""party"": ""Independent American"", ""votes"": 12708, ""pct"": 1.2}, ""Write-in"": {""party"": ""Write-in"", ""votes"": 52, ""pct"": 0.01}}",1062897,Mitt Romney,Jenny Wilson,red,https://en.wikipedia.org/wiki/2018_United_States_Senate_election_in_Utah
2018,Vermont,VT,I,regular,General,"United States Senate election in Vermont, 2018","{""Bernie Sanders"": {""party"": ""Independent"", ""votes"": 183649, ""pct"": 67.44}, ""Lawrence Zupan"": {""party"": ""Republican"", ""votes"": 74815, ""pct"": 27.47}, ""Brad J. Peacock"": {""party"": ""Independent"", ""votes"": 3665, ""pct"": 1.35}, ""Russell Beste"": {""party"": ""Independent"", ""votes"": 2763, ""pct"": 1.02}, ""Edward S. Gilbert, Jr."": {""party"": ""Independent"", ""votes"": 2244, ""pct"": 0.82}, ""Folasade Adeluola"": {""party"": ""Independent"", ""votes"": 1979, ""pct"": 0.73}, ""Reid Kane"": {""party"": ""Liberty Union"", ""votes"": 1171, ""pct"": 0.43}, ""Jon Svitavsky"": {""party"": ""Independent"", ""votes"": 1130, ""pct"": 0.42}, ""Bruce Busa"": {""party"": ""Independent"", ""votes"": 914, ""pct"": 0.34}, ""Write-in"": {""party"": ""Write-in"", ""votes"": 294, ""pct"": 0.11}}",272624,Bernie Sanders,Lawrence Zupan,yellow,https://en.wikipedia.org/wiki/2018_United_States_Senate_election_in_Vermont
2018,Virginia,VA,I,regular,General,"United States Senate election in Virginia, 2018","{""Tim Kaine"": {""party"": ""Democratic"", ""votes"": 1910370, ""pct"": 57.0}, ""Corey Stewart"": {""party"": ""Republican"", ""votes"": 1374313, ""pct"": 41.01}, ""Matt Waters"": {""party"": ""Libertarian"", ""votes"": 61565, ""pct"": 1.84}, ""Write-in"": {""party"": ""Write-in"", ""votes"": 5125, ""pct"": 0.15}}",3351373,Tim Kaine,Corey Stewart,deepskyblue,https://en.wikipedia.org/wiki/2018_United_States_Senate_election_in_Virginia
2018,Washington,WA,I,regular,General,"United States Senate election in Washington, 2018","{""Maria Cantwell"": {""party"": ""Democratic"", ""votes"": 1803364, ""pct"": 58.43}, ""Susan Hutchison"": {""party"": ""Republican"", ""votes"": 1282804, ""pct"": 41.57}}",3086168,Maria Cantwell,Susan Hutchison,deepskyblue,https://en.wikipedia.org/wiki/2018_United_States_Senate_election_in_Washington
2018,West Virginia,WV,I,regular,General,"United States Senate election in West Virginia, 2018","{""Joe Manchin"": {""party"": ""Democratic"", ""votes"": 290510, ""pct"": 49.57}, ""Patrick Morrisey"": {""party"": ""Republican"", ""votes"": 271113, ""pct"": 46.26}, ""Rusty Hollen"": {""party"": ""Libertarian"", ""votes"": 24411, ""pct"": 4.17}}",586034,Joe Manchin,Patrick Morrisey,deepskyblue,https://en.wikipedia.org/wiki/2018_United_States_Senate_election_in_West_Virginia
2018,Wisconsin,WI,I,regular,General,"United States Senate election in Wisconsin, 2018","{""Tammy Baldwin"": {""party"": ""Democratic"", ""votes"": 1472914, ""pct"": 55.36}, ""Leah Vukmir"": {""party"": ""Republican"", ""votes"": 1184885, ""pct"": 44.53}, ""Write-in"": {""party"": ""Write-in"", ""votes"": 2964, ""pct"": 0.11}}",2660763,Tammy Baldwin,Leah Vukmir,deepskyblue,https://en.wikipedia.org/wiki/2018_United_States_Senate_election_in_Wisconsin
2018,Wyoming,WY,I,regular,General,"United States Senate election in Wyoming, 2018","{""John Barrasso"": {""party"": ""Republican"", ""votes"": 136210, ""pct"": 66.96}, ""Gary Trauner"": {""party"": ""Democratic"", ""votes"": 61227, ""pct"": 30.1}, ""Joseph Porambo"": {""party"": ""Libertarian"", ""votes"": 5658, ""pct"": 2.78}, ""Write-in"": {""party"": ""Write-in"", ""votes"": 325, ""pct"": 0.16}}",203420,John Barrasso,Gary Trauner,red,https://en.wikipedia.org/wiki/2018_United_States_Senate_election_in_Wyoming
2020,Alabama,AL,II,regular,General,"United States Senate election in Alabama, 2020","{""Tommy Tuberville"": {""party"": ""Republican"", ""votes"": 1392076, ""pct"": 60.1}, ""Doug Jones"": {""party"": ""Democratic"", ""votes"": 920478, ""pct"": 39.74}, ""Write-in"": {""party"": ""Write-in"", ""votes"": 3891, ""pct"": 0.17}}",2316445,Tommy Tuberville,Doug Jones,red,https://en.wikipedia.org/wiki/2020_United_States_Senate_election_in_Alabama
2020,Alaska,AK,II,regular,General,2020 United States Senate election in Alaska,"{""Dan Sullivan"": {""party"": ""Republican"", ""votes"": 191112, ""pct"": 53.9}, ""Al Gross"": {""party"": ""Independent"", ""votes"": 146068, ""pct"": 41.19}, ""John Howe"": {""party"": ""Independence"", ""votes"": 16806, ""pct"": 4.74}, ""Write-in"": {""party"": ""Write-in"", ""votes"": 601, ""pct"": 0.17}}",354587,Dan Sullivan,Al Gross,red,https://en.wikipedia.org/wiki/2020_United_States_Senate_election_in_Alaska
2020,Arkansas,AR,II,regular,General,"United States Senate election in Arkansas, 2020","{""Tom Cotton"": {""party"": ""Republican"", ""votes"": 793871, ""pct"": 66.53}, ""Ricky Dale Harrington Jr."": {""party"": ""Libertarian"", ""votes"": 399390, ""pct"": 33.47}}",1193261,Tom Cotton,Ricky Dale Harrington Jr.,red,https://en.wikipedia.org/wiki/2020_United_States_Senate_election_in_Arkansas
2020,Colorado,CO,II,regular,General,"United States Senate election in Colorado, 2020","{""John Hickenlooper"": {""party"": ""Democratic"", ""votes"": 1731114, ""pct"": 53.5}, ""Cory Gardner"": {""party"": ""Republican"", ""votes"": 1429492, ""pct"": 44.18}, ""Raymon Doane"": {""party"": ""Libertarian"", ""votes"": 56262, ""pct"": 1.74}, ""Daniel Doyle"": {""party"": ""Approval Voting"", ""votes"": 9820, ""pct"": 0.3}, ""Stephen Evans"": {""party"": ""Unity"", ""votes"": 8971, ""pct"": 0.28}}",3235659,John Hickenlooper,Cory Gardner,deepskyblue,https://en.wikipedia.org/wiki/2020_United_States_Senate_election_in_Colorado
2020,Delaware,DE,II,regular,General,"United States Senate election in Delaware, 2020","{""Chris Coons"": {""party"": ""Democratic"", ""votes"": 291804, ""pct"": 59.44}, ""Lauren Witzke"": {""party"": ""Republican"", ""votes"": 186054, ""pct"": 37.9}, ""Mark Turley"": {""party"": ""Independent Party"", ""votes"": 7833, ""pct"": 1.59}, ""Nadine Frost"": {""party"": ""Libertarian"", ""votes"": 5244, ""pct"": 1.07}}",490935,Chris Coons,Lauren Witzke,deepskyblue,https://en.wikipedia.org/wiki/2020_United_States_Senate_election_in_Delaware
2020,Idaho,ID,II,regular,General,"United States Senate election in Idaho, 2020","{""Jim Risch"": {""party"": ""Republican"", ""votes"": 538446, ""pct"": 62.62}, ""Paulette Jordan"": {""party"": ""Democratic"", ""votes"": 285864, ""pct"": 33.25}, ""Natalie Fleming"": {""party"": ""Independent"", ""votes"": 25329, ""pct"": 2.95}, ""Ray Writz"": {""party"": ""Constitution"", ""votes"": 10188, ""pct"": 1.18}}",859827,Jim Risch,Paulette Jordan,red,https://en.wikipedia.org/wiki/2020_United_States_Senate_election_in_Idaho
2020,Illinois,IL,II,regular,General,"United States Senate election in Illinois, 2020","{""Dick Durbin"": {""party"": ""Democratic"", ""votes"": 3278930, ""pct"": 54.93}, ""Mark Curran"": {""party"": ""Republican"", ""votes"": 2319870, ""pct"": 38.87}, ""Willie Wilson"": {""party"": ""Willie Wilson Party"", ""votes"": 237699, ""pct"": 3.98}, ""Danny Malouf"": {""party"": ""Libertarian"", ""votes"": 75673, ""pct"": 1.27}, ""David Black"": {""party"": ""Green"", ""votes"": 56711, ""pct"": 0.95}, ""Write-in"": {""party"": ""Write-in"", ""votes"": 18, ""pct"": 0.0}}",5968901,Dick Durbin,Mark Curran,deepskyblue,https://en.wikipedia.org/wiki/2020_United_States_Senate_election_in_Illinois
2020,Iowa,IA,II,regular,General,2020 United States Senate election in Iowa,"{""Joni Ernst"": {""party"": ""Republican"", ""votes"": 864997, ""pct"": 51.74}, ""Theresa Greenfield"": {""party"": ""Democratic"", ""votes"": 754859, ""pct"": 45.15}, ""Rick Stewart"": {""party"": ""Libertarian"", ""votes"": 36961, ""pct"": 2.21}, ""Suzanne Herzog"": {""party"": ""Independent"", ""votes"": 13800, ""pct"": 0.83}, ""Write-in"": {""party"": ""Write-in"", ""votes"": 1211, ""pct"": 0.07}}",1671828,Joni Ernst,Theresa Greenfield,red,https://en.wikipedia.org/wiki/2020_United_States_Senate_election_in_Iowa
2020,Kansas,KS,II,regular,General,"United States Senate election in Kansas, 2020","{""Roger Marshall"": {""party"": ""Republican"", ""votes"": 727962, ""pct"": 53.22}, ""Barbara Bollier"": {""party"": ""Democratic"", ""votes"": 571530, ""pct"": 41.79}, ""Jason Buckley"": {""party"": ""Libertarian"", ""votes"": 68263, ""pct"": 4.99}}",1367755,Roger Marshall,Barbara Bollier,red,https://en.wikipedia.org/wiki/2020_United_States_Senate_election_in_Kansas
2020,Kentucky,KY,II,regular,General,2020 United States Senate election in Kentucky,"{""Mitch McConnell"": {""party"": ""Republican"", ""votes"": 1233315, ""pct"": 57.76}, ""Amy McGrath"": {""party"": ""Democratic"", ""votes"": 816257, ""pct"": 38.23}, ""Brad Barron"": {""party"": ""Libertarian"", ""votes"": 85386, ""pct"": 4.0}, ""Write-in"": {""party"": ""Write-in"", ""votes"": 99, ""pct"": 0.01}}",2135057,Mitch McConnell,Amy McGrath,red,https://en.wikipedia.org/wiki/2020_United_States_Senate_election_in_Kentucky
2020,Maine,ME,II,regular,General,"United States Senate election in Maine, 2020","{""Susan Collins"": {""party"": ""Republican"", ""votes"": 417645, ""pct"": 50.98}, ""Sara Gideon"": {""party"": ""Democratic"", ""votes"": 347223, ""pct"": 42.39}, ""Lisa Savage"": {""party"": ""Independent"", ""votes"": 40579, ""pct"": 4.95}, ""Max Linn"": {""party"": ""Independent"", ""votes"": 13508, ""pct"": 1.65}, ""Write-in"": {""party"": ""Write-in"", ""votes"": 228, ""pct"": 0.03}}",819183,Susan Collins,Sara Gideon,red,https://en.wikipedia.org/wiki/2020_United_States_Senate_election_in_Maine
2020,Massachusetts,MA,II,regular,General,"United States Senate election in Massachusetts, 2020","{""Ed Markey"": {""party"": ""Democratic"", ""votes"": 2357809, ""pct"": 66.15}, ""Kevin O'Connor"": {""party"": ""Republican"", ""votes"": 1177765, ""pct"": 33.05}, ""Shiva Ayyadurai"": {""party"": ""Independent"", ""votes"": 21134, ""pct"": 0.59}, ""Write-in"": {""party"": ""Write-in"", ""votes"": 7428, ""pct"": 0.21}}",3564136,Ed Markey,Kevin O'Connor,deepskyblue,https://en.wikipedia.org/wiki/2020_United_States_Senate_election_in_Massachusetts
2020,Michigan,MI,II,regular,General,2020 United States Senate election in Michigan,"{""Gary Peters"": {""party"": ""Democratic"", ""votes"": 2734568, ""pct"": 49.9}, ""John James"": {""party"": ""Republican"", ""votes"": 2642233, ""pct"": 48.22}, ""Valerie Willis"": {""party"": ""Constitution"", ""votes"": 50597, ""pct"": 0.92}, ""Marcia Squier"": {""party"": ""Green"", ""votes"": 39217, ""pct"": 0.72}, ""Doug Dern"": {""party"": ""Natural Law"", ""votes"": 13093, ""pct"": 0.24}, ""Write-in"": {""party"": ""Write-in"", ""votes"": 12, ""pct"": 0.0}}",5479720,Gary Peters,John James,deepskyblue,https://en.wikipedia.org/wiki/2020_United_States_Senate_election_in_Michigan
2020,Minnesota,MN,II,regular,General,2020 United States Senate election in Minnesota,"{""Tina Smith"": {""party"": ""Democratic (DFL)"", ""votes"": 1566522, ""pct"": 48.74}, ""Jason Lewis"": {""party"": ""Republican"", ""votes"": 1398145, ""pct"": 43.5}, ""Kevin O'Connor"": {""party"": ""Legal Marijuana Now"", ""votes"": 190154, ""pct"": 5.91}, ""Oliver Steinberg"": {""party"": ""Grassroots—LC"", ""votes"": 57174, ""pct"": 1.78}, ""Write-in"": {""party"": ""Write-in"", ""votes"": 2261, ""pct"": 0.07}}",3214256,Tina Smith,Jason Lewis,deepskyblue,https://en.wikipedia.org/wiki/2020_United_States_Senate_election_in_Minnesota
2020,Mississippi,MS,II,regular,General,2020 United States Senate election in Mississippi,"{""Cindy Hyde-Smith"": {""party"": ""Republican"", ""votes"": 709511, ""pct"": 54.11}, ""Mike Espy"": {""party"": ""Democratic"", ""votes"": 578691, ""pct"": 44.13}, ""Jimmy Edwards"": {""party"": ""Libertarian"", ""votes"": 23152, ""pct"": 1.77}}",1311354,Cindy Hyde-Smith,Mike Espy,red,https://en.wikipedia.org/wiki/2020_United_States_Senate_election_in_Mississippi
2020,Montana,MT,II,regular,General,"United States Senate election in Montana, 2020","{""Steve Daines"": {""party"": ""Republican"", ""votes"": 333174, ""pct"": 55.01}, ""Steve Bullock"": {""party"": ""Democratic"", ""votes"": 272463, ""pct"": 44.99}}",605637,Steve Daines,Steve Bullock,red,https://en.wikipedia.org/wiki/2020_United_States_Senate_election_in_Montana
2020,Nebraska,NE,II,regular,General,"United States Senate election in Nebraska, 2020","{""Ben Sasse"": {""party"": ""Republican"", ""votes"": 583507, ""pct"": 62.74}, ""Majority"": {""party"": ""Majority"", ""votes"": 356316, ""pct"": 38.31}, ""Chris Janicek"": {""party"": ""Democratic"", ""votes"": 227191, ""pct"": 24.43}, ""Preston Love Jr."": {""party"": ""Democratic"", ""votes"": 58411, ""pct"": 6.28}, ""Gene Siadek"": {""party"": ""Libertarian"", ""votes"": 55115, ""pct"": 5.93}, ""Write-in"": {""party"": ""Write-in"", ""votes"": 5788, ""pct"": 0.62}}",1286328,Ben Sasse,Majority,red,https://en.wikipedia.org/wiki/2020_United_States_Senate_election_in_Nebraska
2020,New Hampshire,NH,II,regular,General,"United States Senate election in New Hampshire, 2020","{""Jeanne Shaheen"": {""party"": ""Democratic"", ""votes"": 450778, ""pct"": 56.63}, ""Bryant \""Corky\"" Messner"": {""party"": ""Republican"", ""votes"": 326229, ""pct"": 40.99}, ""Justin O'Donnell"": {""party"": ""Libertarian"", ""votes"": 18421, ""pct"": 2.32}, ""Write-in"": {""party"": ""Write-in"", ""votes"": 486, ""pct"": 0.06}}",795914,Jeanne Shaheen,"Bryant ""Corky"" Messner",deepskyblue,https://en.wikipedia.org/wiki/2020_United_States_Senate_election_in_New_Hampshire
2020,New Jersey,NJ,II,regular,General,"United States Senate election in New Jersey, 2020","{""Cory Booker"": {""party"": ""Democratic"", ""votes"": 2541239, ""pct"": 57.23}, ""Rikin Mehta"": {""party"": ""Republican"", ""votes"": 1817091, ""pct"": 40.92}, ""Madelyn Hoffman"": {""party"": ""Green"", ""votes"": 38288, ""pct"": 0.86}, ""Veronica Fernandez"": {""party"": ""Independent"", ""votes"": 32290, ""pct"": 0.73}, ""Daniel Burke"": {""party"": ""Independent"", ""votes"": 11632, ""pct"": 0.26}}",4440540,Cory Booker,Rikin Mehta,deepskyblue,https://en.wikipedia.org/wiki/2020_United_States_Senate_election_in_New_Jersey
2020,New Mexico,NM,II,regular,General,"United States Senate election in New Mexico, 2020","{""Ben Ray Luján"": {""party"": ""Democratic"", ""votes"": 474483, ""pct"": 51.73}, ""Mark Ronchetti"": {""party"": ""Republican"", ""votes"": 418483, ""pct"": 45.62}, ""Bob Walsh"": {""party"": ""Libertarian"", ""votes"": 24271, ""pct"": 2.65}}",917237,Ben Ray Luján,Mark Ronchetti,deepskyblue,https://en.wikipedia.org/wiki/2020_United_States_Senate_election_in_New_Mexico
2020,North Carolina,NC,II,regular,General,2020 United States Senate election in North Carolina,"{""Thom Tillis"": {""party"": ""Republican"", ""votes"": 2665598, ""pct"": 48.69}, ""Cal Cunningham"": {""party"": ""Democratic"", ""votes"": 2569965, ""pct"": 46.94}, ""Shannon Bray"": {""party"": ""Libertarian"", ""votes"": 171571, ""pct"": 3.13}, ""Kevin E. Hayes"": {""party"": ""Constitution"", ""votes"": 67818, ""pct"": 1.24}}",5474952,Thom Tillis,Cal Cunningham,red,https://en.wikipedia.org/wiki/2020_United_States_Senate_election_in_North_Carolina
2020,Oklahoma,OK,II,regular,General,"United States Senate election in Oklahoma, 2020","{""Jim Inhofe"": {""party"": ""Republican"", ""votes"": 979140, ""pct"": 62.91}, ""Abby Broyles"": {""party"": ""Democratic"", ""votes"": 509763, ""pct"": 32.75}, ""Robert Murphy"": {""party"": ""Libertarian"", ""votes"": 34435, ""pct"": 2.21}, ""Joan Farr"": {""party"": ""Independent"", ""votes"": 21652, ""pct"": 1.39}, ""A. D. Nesbit"": {""party"": ""Independent"", ""votes"": 11371, ""pct"": 0.73}}",1556361,Jim Inhofe,Abby Broyles,red,https://en.wikipedia.org/wiki/2020_United_States_Senate_election_in_Oklahoma
2020,Oregon,OR,II,regular,General,2020 United States Senate election in Oregon,"{""Jeff Merkley"": {""party"": ""Democratic"", ""votes"": 1321047, ""pct"": 56.91}, ""Jo Rae Perkins"": {""party"": ""Republican"", ""votes"": 912814, ""pct"": 39.32}, ""Gary Dye"": {""party"": ""Libertarian"", ""votes"": 42747, ""pct"": 1.84}, ""Ibrahim Taher"": {""party"": ""Pacific Green"", ""votes"": 42239, ""pct"": 1.82}, ""Write-in"": {""party"": ""Write-in"", ""votes"": 2402, ""pct"": 0.11}}",2321249,Jeff Merkley,Jo Rae Perkins,deepskyblue,https://en.wikipedia.org/wiki/2020_United_States_Senate_election_in_Oregon
2020,Rhode Island,RI,II,regular,General,"United States Senate election in Rhode Island, 2020","{""Jack Reed"": {""party"": ""Democratic"", ""votes"": 328574, ""pct"": 66.48}, ""Allen Waters"": {""party"": ""Republican"", ""votes"": 164855, ""pct"": 33.35}, ""Write-in"": {""party"": ""Write-in"", ""votes"": 833, ""pct"": 0.17}}",494262,Jack Reed,Allen Waters,deepskyblue,https://en.wikipedia.org/wiki/2020_United_States_Senate_election_in_Rhode_Island
2020,South Carolina,SC,II,regular,General,"United States Senate election in South Carolina, 2020","{""Lindsey Graham"": {""party"": ""Republican"", ""votes"": 1369137, ""pct"": 54.44}, ""Jaime Harrison"": {""party"": ""Democratic"", ""votes"": 1110828, ""pct"": 44.17}, ""Bill Bledsoe"": {""party"": ""Constitution"", ""votes"": 32845, ""pct"": 1.3}, ""Write-in"": {""party"": ""Write-in"", ""votes"": 2294, ""pct"": 0.09}}",2515104,Lindsey Graham,Jaime Harrison,red,https://en.wikipedia.org/wiki/2020_United_States_Senate_election_in_South_Carolina
2020,South Dakota,SD,II,regular,General,"United States Senate election in South Dakota, 2020","{""Mike Rounds"": {""party"": ""Republican"", ""votes"": 276232, ""pct"": 65.74}, ""Daniel Ahlers"": {""party"": ""Democratic"", ""votes"": 143987, ""pct"": 34.26}}",420219,Mike Rounds,Daniel Ahlers,red,https://en.wikipedia.org/wiki/2020_United_States_Senate_election_in_South_Dakota
2020,Tennessee,TN,II,regular,General,2020 United States Senate election in Tennessee,"{""Bill Hagerty"": {""party"": ""Republican"", ""votes"": 1840926, ""pct"": 62.2}, ""Marquita Bradshaw"": {""party"": ""Democratic"", ""votes"": 1040691, ""pct"": 35.16}, ""Elizabeth McLeod"": {""party"": ""Independent"", ""votes"": 16652, ""pct"": 0.56}, ""Yomi Faparusi"": {""party"": ""Independent"", ""votes"": 10727, ""pct"": 0.36}, ""Stephen Hooper"": {""party"": ""Independent"", ""votes"": 9609, ""pct"": 0.32}, ""Kacey Morgan"": {""party"": ""Independent"", ""votes"": 9598, ""pct"": 0.32}, ""Ronnie Henley"": {""party"": ""Independent"", ""votes"": 8478, ""pct"": 0.3}, ""Aaron James"": {""party"": ""Independent"", ""votes"": 7203, ""pct"": 0.29}, ""Eric William Stansberry"": {""party"": ""Independent"", ""votes"": 6781, ""pct"": 0.23}, ""Dean Hill"": {""party"": ""Independent"", ""votes"": 4872, ""pct"": 0.16}, ""Jeffrey Grunau"": {""party"": ""Independent"", ""votes"": 4160, ""pct"": 0.14}, ""Write-in"": {""party"": ""Write-in"", ""votes"": 64, ""pct"": 0.0}}",2959761,Bill Hagerty,Marquita Bradshaw,red,https://en.wikipedia.org/wiki/2020_United_States_Senate_election_in_Tennessee
2020,Texas,TX,II,regular,General,2020 United States Senate election in Texas,"{""John Cornyn"": {""party"": ""Republican"", ""votes"": 5962983, ""pct"": 53.51}, ""MJ Hegar"": {""party"": ""Democratic"", ""votes"": 4888764, ""pct"": 43.87}, ""Kerry McKennon"": {""party"": ""Libertarian"", ""votes"": 209722, ""pct"": 1.88}, ""David Collins"": {""party"": ""Green"", ""votes"": 81893, ""pct"": 0.73}, ""Ricardo Turullols-Bonilla"": {""party"": ""Independent"", ""votes"": 678, ""pct"": 0.01}}",11144040,John Cornyn,MJ Hegar,red,https://en.wikipedia.org/wiki/2020_United_States_Senate_election_in_Texas
2020,Virginia,VA,II,regular,General,"United States Senate election in Virginia, 2020","{""Mark Warner"": {""party"": ""Democratic"", ""votes"": 2466500, ""pct"": 55.99}, ""Daniel Gade"": {""party"": ""Republican"", ""votes"": 1934199, ""pct"": 43.91}, ""Write-in"": {""party"": ""Write-in"", ""votes"": 4388, ""pct"": 0.1}}",4405087,Mark Warner,Daniel Gade,deepskyblue,https://en.wikipedia.org/wiki/2020_United_States_Senate_election_in_Virginia
2020,West Virginia,WV,II,regular,General,"United States Senate election in West Virginia, 2020","{""Shelley Moore Capito"": {""party"": ""Republican"", ""votes"": 547454, ""pct"": 70.28}, ""Paula Jean Swearengin"": {""party"": ""Democratic"", ""votes"": 210309, ""pct"": 27.0}, ""David Moran"": {""party"": ""Libertarian"", ""votes"": 21155, ""pct"": 2.72}}",778918,Shelley Moore Capito,Paula Jean Swearengin,red,https://en.wikipedia.org/wiki/2020_United_States_Senate_election_in_West_Virginia
2020,Wyoming,WY,II,regular,General,"United States Senate election in Wyoming, 2020","{""Cynthia Lummis"": {""party"": ""Republican"", ""votes"": 198100, ""pct"": 72.85}, ""Merav Ben-David"": {""party"": ""Democratic"", ""votes"": 72766, ""pct"": 26.76}, ""Write-in"": {""party"": ""Write-in"", ""votes"": 1071, ""pct"": 0.39}}",271937,Cynthia Lummis,Merav Ben-David,red,https://en.wikipedia.org/wiki/2020_United_States_Senate_election_in_Wyoming
2022,Alabama,AL,III,regular,General,2022 United States Senate election in Alabama,"{""Katie Britt"": {""party"": ""Republican"", ""votes"": 942154, ""pct"": 66.62}, ""Will Boyd"": {""party"": ""Democratic"", ""votes"": 436746, ""pct"": 30.88}, ""John Sophocleus"": {""party"": ""Libertarian"", ""votes"": 32879, ""pct"": 2.32}, ""Write-in"": {""party"": ""Write-in"", ""votes"": 2459, ""pct"": 0.17}}",1414238,Katie Britt,Will Boyd,red,https://en.wikipedia.org/wiki/2022_United_States_Senate_election_in_Alabama
2022,Arizona,AZ,III,regular,General,2022 United States Senate election in Arizona,"{""Mark Kelly"": {""party"": ""Democratic"", ""votes"": 1322027, ""pct"": 51.39}, ""Blake Masters"": {""party"": ""Republican"", ""votes"": 1196308, ""pct"": 46.51}, ""Marc Victor"": {""party"": ""Libertarian"", ""votes"": 53762, ""pct"": 2.09}, ""Write-in"": {""party"": ""Write-in"", ""votes"": 197, ""pct"": 0.01}}",2572294,Mark Kelly,Blake Masters,deepskyblue,https://en.wikipedia.org/wiki/2022_United_States_Senate_election_in_Arizona
2022,Arkansas,AR,III,regular,General,2022 United States Senate election in Arkansas,"{""John Boozman"": {""party"": ""Republican"", ""votes"": 592437, ""pct"": 65.73}, ""Natalie James"": {""party"": ""Democratic"", ""votes"": 280187, ""pct"": 31.09}, ""Kenneth Cates"": {""party"": ""Libertarian"", ""votes"": 28682, ""pct"": 3.18}}",901306,John Boozman,Natalie James,red,https://en.wikipedia.org/wiki/2022_United_States_Senate_election_in_Arkansas
2022,Colorado,CO,III,regular,General,2022 United States Senate election in Colorado,"{""Michael Bennet"": {""party"": ""Democratic"", ""votes"": 1397170, ""pct"": 55.88}, ""Joe O'Dea"": {""party"": ""Republican"", ""votes"": 1031693, ""pct"": 41.26}, ""Brian Peotter"": {""party"": ""Libertarian"", ""votes"": 43534, ""pct"": 1.74}, ""T.J. Cole"": {""party"": ""Unity"", ""votes"": 16379, ""pct"": 0.66}, ""Frank Atwood"": {""party"": ""Approval Voting"", ""votes"": 11354, ""pct"": 0.45}, ""Write-in"": {""party"": ""Write-in"", ""votes"": 71, ""pct"": 0.0}}",2500201,Michael Bennet,Joe O'Dea,deepskyblue,https://en.wikipedia.org/wiki/2022_United_States_Senate_election_in_Colorado
2022,Connecticut,CT,III,regular,General,2022 United States Senate election in Connecticut,"{""Richard Blumenthal"": {""party"": ""Democratic"", ""votes"": 723864, ""pct"": 57.45}, ""Leora Levy"": {""party"": ""Republican"", ""votes"": 535943, ""pct"": 42.54}, ""Write-in"": {""party"": ""Write-in"", ""votes"": 80, ""pct"": 0.0}}",1259887,Richard Blumenthal,Leora Levy,deepskyblue,https://en.wikipedia.org/wiki/2022_United_States_Senate_election_in_Connecticut
2022,Florida,FL,III,regular,General,"United States Senate election in Florida, 2022","{""Marco Rubio"": {""party"": ""Republican"", ""votes"": 4474847, ""pct"": 57.68}, ""Val Demings"": {""party"": ""Democratic"", ""votes"": 3201522, ""pct"": 41.27}, ""Dennis Misigoy"": {""party"": ""Libertarian"", ""votes"": 32177, ""pct"": 0.41}, ""Steven B. Grant"": {""party"": ""Independent"", ""votes"": 31816, ""pct"": 0.41}, ""Tuan TQ Nguyen"": {""party"": ""Independent"", ""votes"": 17385, ""pct"": 0.22}, ""Write-in"": {""party"": ""Write-in"", ""votes"": 267, ""pct"": 0.0}}",7758014,Marco Rubio,Val Demings,red,https://en.wikipedia.org/wiki/2022_United_States_Senate_election_in_Florida
2022,Georgia,GA,III,regular,General,2022 United States Senate election in Georgia,"{""Raphael Warnock"": {""party"": ""Democratic"", ""votes"": 1946117, ""pct"": 49.44}, ""Herschel Walker"": {""party"": ""Republican"", ""votes"": 1908442, ""pct"": 48.49}, ""Chase Oliver"": {""party"": ""Libertarian"", ""votes"": 81365, ""pct"": 2.07}}",3935924,Raphael Warnock,Herschel Walker,deepskyblue,https://en.wikipedia.org/wiki/2022_United_States_Senate_election_in_Georgia#Runoff
2022,Hawaii,HI,III,regular,General,2022 United States Senate election in Hawaii,"{""Brian Schatz"": {""party"": ""Democratic"", ""votes"": 290894, ""pct"": 71.21}, ""Bob McDermott"": {""party"": ""Republican"", ""votes"": 106358, ""pct"": 26.04}, ""Feena Bonoan"": {""party"": ""Libertarian"", ""votes"": 4915, ""pct"": 1.2}, ""Emma Jane Pohlman"": {""party"": ""Green"", ""votes"": 4142, ""pct"": 1.01}, ""Dan Decker"": {""party"": ""Aloha ʻĀina"", ""votes"": 2208, ""pct"": 0.54}}",408517,Brian Schatz,Bob McDermott,deepskyblue,https://en.wikipedia.org/wiki/2022_United_States_Senate_election_in_Hawaii
2022,Idaho,ID,III,regular,General,2022 United States Senate election in Idaho,"{""Mike Crapo"": {""party"": ""Republican"", ""votes"": 358539, ""pct"": 60.68}, ""David Roth"": {""party"": ""Democratic"", ""votes"": 169808, ""pct"": 28.74}, ""Scott Cleveland"": {""party"": ""Independent"", ""votes"": 49917, ""pct"": 8.45}, ""Ray Writz"": {""party"": ""Constitution"", ""votes"": 8500, ""pct"": 1.44}, ""Idaho Sierra Law"": {""party"": ""Libertarian"", ""votes"": 4126, ""pct"": 0.7}}",590890,Mike Crapo,David Roth,red,https://en.wikipedia.org/wiki/2022_United_States_Senate_election_in_Idaho
2022,Illinois,IL,III,regular,General,2022 United States Senate election in Illinois,"{""68,705"": {""party"": """", ""votes"": 4098896, ""pct"": NaN}, ""Tammy Duckworth"": {""party"": ""Democratic"", ""votes"": 2329136, ""pct"": 56.82}, ""Kathy Salvi"": {""party"": ""Republican"", ""votes"": 1701055, ""pct"": 41.5}, ""20,300"": {""party"": """", ""votes"": 1441922, ""pct"": NaN}, ""5,818"": {""party"": """", ""votes"": 341740, ""pct"": NaN}, ""3,551"": {""party"": """", ""votes"": 233321, ""pct"": NaN}, ""3,300"": {""party"": """", ""votes"": 229413, ""pct"": NaN}, ""2,693"": {""party"": """", ""votes"": 157941, ""pct"": NaN}, ""2,322"": {""party"": """", ""votes"": 116350, ""pct"": NaN}, ""1,883"": {""party"": """", ""votes"": 98014, ""pct"": NaN}, ""1,634"": {""party"": """", ""votes"": 88603, ""pct"": NaN}, ""1,646"": {""party"": """", ""votes"": 88002, ""pct"": NaN}, ""2,221"": {""party"": """", ""votes"": 79666, ""pct"": NaN}, ""Bill Redpath"": {""party"": ""Libertarian"", ""votes"": 68671, ""pct"": 1.68}, ""1,247"": {""party"": """", ""votes"": 67794, ""pct"": NaN}, ""1,286"": {""party"": """", ""votes"": 64827, ""pct"": NaN}, ""1,075"": {""party"": """", ""votes"": 59035, ""pct"": NaN}, ""1,168"": {""party"": """", ""votes"": 51324, ""pct"": NaN}, ""955"": {""party"": """", ""votes"": 47972, ""pct"": NaN}, ""820"": {""party"": """", ""votes"": 45265, ""pct"": NaN}, ""380"": {""party"": """", ""votes"": 45056, ""pct"": NaN}, ""698"": {""party"": """", ""votes"": 39578, ""pct"": NaN}, ""628"": {""party"": """", ""votes"": 35243, ""pct"": NaN}, ""767"": {""party"": """", ""votes"": 35108, ""pct"": NaN}, ""747"": {""party"": """", ""votes"": 34498, ""pct"": NaN}, ""293"": {""party"": """", ""votes"": 32379, ""pct"": NaN}, ""228"": {""party"": """", ""votes"": 31002, ""pct"": NaN}, ""313"": {""party"": """", ""votes"": 29880, ""pct"": NaN}, ""351"": {""party"": """", ""votes"": 24936, ""pct"": NaN}, ""382"": {""party"": """", ""votes"": 21964, ""pct"": NaN}, ""389"": {""party"": """", ""votes"": 19652, ""pct"": NaN}, ""377"": {""party"": """", ""votes"": 19402, ""pct"": NaN}, ""419"": {""party"": """", ""votes"": 19370, ""pct"": NaN}, ""346"": {""party"": """", ""votes"": 17748, ""pct"": NaN}, ""364"": {""party"": """", ""votes"": 17566, ""pct"": NaN}, ""338"": {""party"": """", ""votes"": 17517, ""pct"": NaN}, ""287"": {""party"": """", ""votes"": 17089, ""pct"": NaN}, ""337"": {""party"": """", ""votes"": 16644, ""pct"": NaN}, ""233"": {""party"": """", ""votes"": 15670, ""pct"": NaN}, ""255"": {""party"": """", ""votes"": 14773, ""pct"": NaN}, ""135"": {""party"": """", ""votes"": 14252, ""pct"": NaN}, ""121"": {""party"": """", ""votes"": 14210, ""pct"": NaN}, ""222"": {""party"": """", ""votes"": 13116, ""pct"": NaN}, ""219"": {""party"": """", ""votes"": 12898, ""pct"": NaN}, ""224"": {""party"": """", ""votes"": 12798, ""pct"": NaN}, ""213"": {""party"": """", ""votes"": 12670, ""pct"": NaN}, ""330"": {""party"": """", ""votes"": 12417, ""pct"": NaN}, ""204"": {""party"": """", ""votes"": 12002, ""pct"": NaN}, ""189"": {""party"": """", ""votes"": 11327, ""pct"": NaN}, ""108"": {""party"": """", ""votes"": 11302, ""pct"": NaN}, ""251"": {""party"": """", ""votes"": 11027, ""pct"": NaN}, ""198"": {""party"": """", ""votes"": 10438, ""pct"": NaN}, ""91"": {""party"": """", ""votes"": 10248, ""pct"": NaN}, ""71"": {""party"": """", ""votes"": 9675, ""pct"": NaN}, ""273"": {""party"": """", ""votes"": 9668, ""pct"": NaN}, ""186"": {""party"": """", ""votes"": 9667, ""pct"": NaN}, ""167"": {""party"": """", ""votes"": 9465, ""pct"": NaN}, ""159"": {""party"": """", ""votes"": 9386, ""pct"": NaN}, ""210"": {""party"": """", ""votes"": 9260, ""pct"": NaN}, ""88"": {""party"": """", ""votes"": 8801, ""pct"": NaN}, ""137"": {""party"": """", ""votes"": 8005, ""pct"": NaN}, ""175"": {""party"": """", ""votes"": 7615, ""pct"": NaN}, ""150"": {""party"": """", ""votes"": 7202, ""pct"": NaN}, ""132"": {""party"": """", ""votes"": 6965, ""pct"": NaN}, ""158"": {""party"": """", ""votes"": 6943, ""pct"": NaN}, ""99"": {""party"": """", ""votes"": 6765, ""pct"": NaN}, ""139"": {""party"": """", ""votes"": 6393, ""pct"": NaN}, ""57"": {""party"": """", ""votes"": 6370, ""pct"": NaN}, ""144"": {""party"": """", ""votes"": 6080, ""pct"": NaN}, ""105"": {""party"": """", ""votes"": 6024, ""pct"": NaN}, ""114"": {""party"": """", ""votes"": 5963, ""pct"": NaN}, ""110"": {""party"": """", ""votes"": 5953, ""pct"": NaN}, ""111"": {""party"": """", ""votes"": 5854, ""pct"": NaN}, ""101"": {""party"": """", ""votes"": 5737, ""pct"": NaN}, ""160"": {""party"": """", ""votes"": 5284, ""pct"": NaN}, ""127"": {""party"": """", ""votes"": 5134, ""pct"": NaN}, ""102"": {""party"": """", ""votes"": 5025, ""pct"": NaN}, ""93"": {""party"": """", ""votes"": 4967, ""pct"": NaN}, ""79"": {""party"": """", ""votes"": 4763, ""pct"": NaN}, ""100"": {""party"": """", ""votes"": 4738, ""pct"": NaN}, ""70"": {""party"": """", ""votes"": 4575, ""pct"": NaN}, ""82"": {""party"": """", ""votes"": 4523, ""pct"": NaN}, ""28"": {""party"": """", ""votes"": 3547, ""pct"": NaN}, ""52"": {""party"": """", ""votes"": 3398, ""pct"": NaN}, ""76"": {""party"": """", ""votes"": 2909, ""pct"": NaN}, ""55"": {""party"": """", ""votes"": 2783, ""pct"": NaN}, ""48"": {""party"": """", ""votes"": 2745, ""pct"": NaN}, ""69"": {""party"": """", ""votes"": 2310, ""pct"": NaN}, ""39"": {""party"": """", ""votes"": 2165, ""pct"": NaN}, ""30"": {""party"": """", ""votes"": 2083, ""pct"": NaN}, ""25"": {""party"": """", ""votes"": 1986, ""pct"": NaN}, ""13"": {""party"": """", ""votes"": 1707, ""pct"": NaN}, ""24"": {""party"": """", ""votes"": 1646, ""pct"": NaN}, ""Write-in"": {""party"": ""Write-in"", ""votes"": 34, ""pct"": 0.0}}",12296840,"68,705",Tammy Duckworth,yellow,https://en.wikipedia.org/wiki/2022_United_States_Senate_election_in_Illinois
2022,Indiana,IN,III,regular,General,2022 United States Senate election in Indiana,"{""Todd Young"": {""party"": ""Republican"", ""votes"": 1090165, ""pct"": 58.62}, ""Thomas McDermott Jr."": {""party"": ""Democratic"", ""votes"": 704411, ""pct"": 37.87}, ""James Sceniak"": {""party"": ""Libertarian"", ""votes"": 63814, ""pct"": 3.43}, ""Write-in"": {""party"": ""Write-in"", ""votes"": 1461, ""pct"": 0.08}}",1859851,Todd Young,Thomas McDermott Jr.,red,https://en.wikipedia.org/wiki/2022_United_States_Senate_election_in_Indiana
2022,Iowa,IA,III,regular,General,2022 United States Senate election in Iowa,"{""Chuck Grassley"": {""party"": ""Republican"", ""votes"": 681501, ""pct"": 56.01}, ""Michael Franken"": {""party"": ""Democratic"", ""votes"": 533330, ""pct"": 43.84}, ""Write-in"": {""party"": ""Write-in"", ""votes"": 1815, ""pct"": 0.15}}",1216646,Chuck Grassley,Michael Franken,red,https://en.wikipedia.org/wiki/2022_United_States_Senate_election_in_Iowa
2022,Kansas,KS,III,regular,General,2022 United States Senate election in Kansas,"{""Jerry Moran"": {""party"": ""Republican"", ""votes"": 602976, ""pct"": 60.0}, ""Mark Holland"": {""party"": ""Democratic"", ""votes"": 372214, ""pct"": 37.04}, ""David Graham"": {""party"": ""Libertarian"", ""votes"": 29766, ""pct"": 2.96}}",1004956,Jerry Moran,Mark Holland,red,https://en.wikipedia.org/wiki/2022_United_States_Senate_election_in_Kansas
2022,Kentucky,KY,III,regular,General,2022 United States Senate election in Kentucky,"{""Rand Paul"": {""party"": ""Republican"", ""votes"": 913326, ""pct"": 61.8}, ""Charles Booker"": {""party"": ""Democratic"", ""votes"": 564311, ""pct"": 38.19}, ""Write-in"": {""party"": ""Write-in"", ""votes"": 193, ""pct"": 0.01}}",1477830,Rand Paul,Charles Booker,red,https://en.wikipedia.org/wiki/2022_United_States_Senate_election_in_Kentucky
2022,Louisiana,LA,III,regular,General,2022 United States Senate election in Louisiana,"{""John Kennedy"": {""party"": ""Republican"", ""votes"": 851568, ""pct"": 61.56}, ""Gary Chambers"": {""party"": ""Democratic"", ""votes"": 246933, ""pct"": 17.85}, ""Luke Mixon"": {""party"": ""Democratic"", ""votes"": 182887, ""pct"": 13.22}, ""Syrita Steib"": {""party"": ""Democratic"", ""votes"": 31568, ""pct"": 2.28}, ""Devin Lance Graham"": {""party"": ""Republican"", ""votes"": 25275, ""pct"": 1.83}, ""MV \""Vinny\"" Mendoza"": {""party"": ""Democratic"", ""votes"": 11910, ""pct"": 0.86}, ""Beryl Billiot"": {""party"": ""Independent"", ""votes"": 9378, ""pct"": 0.68}, ""Salvador P. Rodriguez"": {""party"": ""Democratic"", ""votes"": 7767, ""pct"": 0.56}, ""Bradley McMorris"": {""party"": ""Independent"", ""votes"": 5388, ""pct"": 0.39}, ""Aaron C. Sigler"": {""party"": ""Libertarian"", ""votes"": 4865, ""pct"": 0.35}, ""Alexander \""Xan\"" John"": {""party"": ""Independent"", ""votes"": 2753, ""pct"": 0.2}, ""W. Thomas La Fontaine Olson"": {""party"": ""Independent"", ""votes"": 1676, ""pct"": 0.12}, ""Thomas Wenn"": {""party"": ""Independent"", ""votes"": 1322, ""pct"": 0.1}}",1383290,John Kennedy,Gary Chambers,red,https://en.wikipedia.org/wiki/2022_United_States_Senate_election_in_Louisiana
2022,Maryland,MD,III,regular,General,2022 United States Senate election in Maryland,"{""Chris Van Hollen"": {""party"": ""Democratic"", ""votes"": 1316897, ""pct"": 65.77}, ""Chris Chaffee"": {""party"": ""Republican"", ""votes"": 682293, ""pct"": 34.07}, ""Write-in"": {""party"": ""Write-in"", ""votes"": 3146, ""pct"": 0.16}}",2002336,Chris Van Hollen,Chris Chaffee,deepskyblue,https://en.wikipedia.org/wiki/2022_United_States_Senate_election_in_Maryland
2022,Missouri,MO,III,regular,General,2022 United States Senate election in Missouri,"{""Eric Schmitt"": {""party"": ""Republican"", ""votes"": 1146966, ""pct"": 55.43}, ""Trudy Busch Valentine"": {""party"": ""Democratic"", ""votes"": 872694, ""pct"": 42.18}, ""Jonathan Dine"": {""party"": ""Libertarian"", ""votes"": 34821, ""pct"": 1.68}, ""Paul Venable"": {""party"": ""Constitution"", ""votes"": 14608, ""pct"": 0.71}, ""Write-in"": {""party"": ""Write-in"", ""votes"": 41, ""pct"": 0.0}}",2069130,Eric Schmitt,Trudy Busch Valentine,red,https://en.wikipedia.org/wiki/2022_United_States_Senate_election_in_Missouri
2022,Nevada,NV,III,regular,General,2022 United States Senate election in Nevada,"{""Catherine Cortez Masto"": {""party"": ""Democratic"", ""votes"": 498316, ""pct"": 48.81}, ""Adam Laxalt"": {""party"": ""Republican"", ""votes"": 490388, ""pct"": 48.04}, ""None of These Candidates"": {""party"": ""None of These Candidates"", ""votes"": 12441, ""pct"": 1.22}, ""Barry Lindemann"": {""party"": ""Independent"", ""votes"": 8075, ""pct"": 0.79}, ""Neil Scott"": {""party"": ""Libertarian"", ""votes"": 6422, ""pct"": 0.63}, ""Barry Rubinson"": {""party"": ""Independent American"", ""votes"": 5208, ""pct"": 0.51}}",1020850,Catherine Cortez Masto,Adam Laxalt,deepskyblue,https://en.wikipedia.org/wiki/2022_United_States_Senate_election_in_Nevada
2022,New Hampshire,NH,III,regular,General,2022 United States Senate election in New Hampshire,"{""Maggie Hassan"": {""party"": ""Democratic"", ""votes"": 332490, ""pct"": 53.54}, ""Don Bolduc"": {""party"": ""Republican"", ""votes"": 275631, ""pct"": 44.39}, ""Jeremy Kauffman"": {""party"": ""Libertarian"", ""votes"": 12390, ""pct"": 2.0}, ""Write-in"": {""party"": ""Write-in"", ""votes"": 464, ""pct"": 0.07}}",620975,Maggie Hassan,Don Bolduc,deepskyblue,https://en.wikipedia.org/wiki/2022_United_States_Senate_election_in_New_Hampshire
2022,New York,NY,III,regular,General,2022 United States Senate election in New York,"{""Chuck Schumer"": {""party"": ""Democratic"", ""votes"": 3320561, ""pct"": 56.78}, ""Joe Pinion"": {""party"": ""Republican"", ""votes"": 2501151, ""pct"": 42.76}, ""Diane Sare"": {""party"": ""LaRouche"", ""votes"": 26844, ""pct"": 0.46}}",5848556,Chuck Schumer,Joe Pinion,deepskyblue,https://en.wikipedia.org/wiki/2022_United_States_Senate_election_in_New_York
2022,North Carolina,NC,III,regular,General,2022 United States Senate election in North Carolina,"{""Ted Budd"": {""party"": ""Republican"", ""votes"": 1905786, ""pct"": 50.5}, ""Cheri Beasley"": {""party"": ""Democratic"", ""votes"": 1784049, ""pct"": 47.27}, ""Shannon W. Bray"": {""party"": ""Libertarian"", ""votes"": 51640, ""pct"": 1.37}, ""Matthew Hoh"": {""party"": ""Green"", ""votes"": 29934, ""pct"": 0.79}, ""Write-in"": {""party"": ""Write-in"", ""votes"": 2515, ""pct"": 0.07}}",3773924,Ted Budd,Cheri Beasley,red,https://en.wikipedia.org/wiki/2022_United_States_Senate_election_in_North_Carolina
2022,North Dakota,ND,III,regular,General,2022 United States Senate election in North Dakota,"{""John Hoeven"": {""party"": ""Republican"", ""votes"": 135474, ""pct"": 56.41}, ""Katrina Christiansen"": {""party"": ""Democratic–NPL"", ""votes"": 59995, ""pct"": 24.98}, ""Rick Becker"": {""party"": ""Independent"", ""votes"": 44406, ""pct"": 18.49}, ""Write-in"": {""party"": ""Write-in"", ""votes"": 265, ""pct"": 0.11}}",240140,John Hoeven,Katrina Christiansen,red,https://en.wikipedia.org/wiki/2022_United_States_Senate_election_in_North_Dakota
2022,Ohio,OH,III,regular,General,2022 United States Senate election in Ohio,"{""JD Vance"": {""party"": ""Republican"", ""votes"": 2192114, ""pct"": 53.03}, ""Tim Ryan"": {""party"": ""Democratic"", ""votes"": 1939489, ""pct"": 46.92}, ""Write-in"": {""party"": ""Write-in"", ""votes"": 1739, ""pct"": 0.04}}",4133342,JD Vance,Tim Ryan,red,https://en.wikipedia.org/wiki/2022_United_States_Senate_election_in_Ohio
2022,Oklahoma,OK,III,regular,General,2022 United States Senate election in Oklahoma,"{""Registered electors"": {""party"": ""Registered electors"", ""votes"": 2295906, ""pct"": NaN}, ""James Lankford"": {""party"": ""Republican"", ""votes"": 739960, ""pct"": 64.3}, ""Madison Horn"": {""party"": ""Democratic"", ""votes"": 369370, ""pct"": 32.1}, ""Michael Delaney"": {""party"": ""Independent"", ""votes"": 20907, ""pct"": 1.82}, ""Kenneth Blevins"": {""party"": ""Libertarian"", ""votes"": 20495, ""pct"": 1.78}}",3446638,Registered electors,James Lankford,yellow,https://en.wikipedia.org/wiki/2022_United_States_Senate_election_in_Oklahoma
2022,Oregon,OR,III,regular,General,2022 United States Senate election in Oregon,"{""Ron Wyden"": {""party"": ""Democratic"", ""votes"": 1076424, ""pct"": 55.83}, ""Jo Rae Perkins"": {""party"": ""Republican"", ""votes"": 788991, ""pct"": 40.92}, ""Chris Henry"": {""party"": ""Progressive"", ""votes"": 36883, ""pct"": 1.91}, ""Dan Pulju"": {""party"": ""Pacific Green"", ""votes"": 23454, ""pct"": 1.22}, ""Write-in"": {""party"": ""Write-in"", ""votes"": 2197, ""pct"": 0.11}}",1927949,Ron Wyden,Jo Rae Perkins,deepskyblue,https://en.wikipedia.org/wiki/2022_United_States_Senate_election_in_Oregon
2022,Pennsylvania,PA,III,regular,General,2022 United States Senate election in Pennsylvania,"{""John Fetterman"": {""party"": ""Democratic"", ""votes"": 2751012, ""pct"": 51.17}, ""Mehmet Oz"": {""party"": ""Republican"", ""votes"": 2487260, ""pct"": 46.27}, ""Erik Gerhardt"": {""party"": ""Libertarian"", ""votes"": 72887, ""pct"": 1.36}, ""Richard L. Weiss"": {""party"": ""Green"", ""votes"": 30434, ""pct"": 0.57}, ""Dan Wassmer"": {""party"": ""Keystone"", ""votes"": 26428, ""pct"": 0.49}, ""Write-in"": {""party"": ""Write-in"", ""votes"": 7864, ""pct"": 0.15}}",5375885,John Fetterman,Mehmet Oz,deepskyblue,https://en.wikipedia.org/wiki/2022_United_States_Senate_election_in_Pennsylvania
2022,South Carolina,SC,III,regular,General,2022 United States Senate election in South Carolina,"{""Tim Scott"": {""party"": ""Republican"", ""votes"": 1066274, ""pct"": 62.88}, ""Krystle Matthews"": {""party"": ""Democratic"", ""votes"": 627616, ""pct"": 37.01}, ""Write-in"": {""party"": ""Write-in"", ""votes"": 1812, ""pct"": 0.11}}",1695702,Tim Scott,Krystle Matthews,red,https://en.wikipedia.org/wiki/2022_United_States_Senate_election_in_South_Carolina
2022,South Dakota,SD,III,regular,General,2022 United States Senate election in South Dakota,"{""John Thune"": {""party"": ""Republican"", ""votes"": 242316, ""pct"": 69.63}, ""Brian Bengs"": {""party"": ""Democratic"", ""votes"": 91007, ""pct"": 26.15}, ""Tamara Lesnar"": {""party"": ""Libertarian"", ""votes"": 14697, ""pct"": 4.22}}",348020,John Thune,Brian Bengs,red,https://en.wikipedia.org/wiki/2022_United_States_Senate_election_in_South_Dakota
2022,Utah,UT,III,regular,General,2022 United States Senate election in Utah,"{""Mike Lee"": {""party"": ""Republican"", ""votes"": 571974, ""pct"": 53.15}, ""Evan McMullin"": {""party"": ""Independent"", ""votes"": 459958, ""pct"": 42.74}, ""James Hansen"": {""party"": ""Libertarian"", ""votes"": 31784, ""pct"": 2.95}, ""Tommy Williams"": {""party"": ""Independent American"", ""votes"": 12103, ""pct"": 1.12}, ""Write-in"": {""party"": ""Write-in"", ""votes"": 242, ""pct"": 0.02}}",1076061,Mike Lee,Evan McMullin,red,https://en.wikipedia.org/wiki/2022_United_States_Senate_election_in_Utah
2022,Vermont,VT,III,regular,General,2022 United States Senate election in Vermont,"{""Peter Welch"": {""party"": ""Democratic"", ""votes"": 196575, ""pct"": 68.47}, ""Gerald Malloy"": {""party"": ""Republican"", ""votes"": 80468, ""pct"": 28.03}, ""Dawn Marie Ellis"": {""party"": ""Independent"", ""votes"": 2752, ""pct"": 0.96}, ""Natasha Diamondstone-Kohout"": {""party"": ""Green Mountain"", ""votes"": 1574, ""pct"": 0.55}, ""Kerry Patrick Raheb"": {""party"": ""Independent"", ""votes"": 1532, ""pct"": 0.53}, ""Mark Coester"": {""party"": ""Independent"", ""votes"": 1273, ""pct"": 0.44}, ""Stephen Duke"": {""party"": ""Independent"", ""votes"": 1209, ""pct"": 0.42}, ""Cris Ericson"": {""party"": ""Independent"", ""votes"": 1105, ""pct"": 0.38}, ""Write-in"": {""party"": ""Write-in"", ""votes"": 612, ""pct"": 0.21}}",287100,Peter Welch,Gerald Malloy,deepskyblue,https://en.wikipedia.org/wiki/2022_United_States_Senate_election_in_Vermont
2022,Washington,WA,III,regular,General,2022 United States Senate election in Washington,"{""Patty Murray"": {""party"": ""Democratic"", ""votes"": 1741827, ""pct"": 57.15}, ""Tiffany Smiley"": {""party"": ""Republican"", ""votes"": 1299322, ""pct"": 42.63}, ""Write-in"": {""party"": ""Write-in"", ""votes"": 6751, ""pct"": 0.22}}",3047900,Patty Murray,Tiffany Smiley,deepskyblue,https://en.wikipedia.org/wiki/2022_United_States_Senate_election_in_Washington
2022,Wisconsin,WI,III,regular,General,2022 United States Senate election in Wisconsin,"{""Ron Johnson"": {""party"": ""Republican"", ""votes"": 1337185, ""pct"": 50.41}, ""Mandela Barnes"": {""party"": ""Democratic"", ""votes"": 1310467, ""pct"": 49.41}, ""Write-in"": {""party"": ""Write-in"", ""votes"": 4758, ""pct"": 0.18}, ""Adam Paul"": {""party"": ""Independent"", ""votes"": 67, ""pct"": 0.0}}",2652477,Ron Johnson,Mandela Barnes,red,https://en.wikipedia.org/wiki/2022_United_States_Senate_election_in_Wisconsin
2024,Arizona,AZ,I,regular,General,2024 United States Senate election in Arizona,"{""Ruben Gallego"": {""party"": ""Democratic"", ""votes"": 1676335, ""pct"": 50.06}, ""Kari Lake"": {""party"": ""Republican"", ""votes"": 1595761, ""pct"": 47.65}, ""Eduardo Heredia Quintana"": {""party"": ""Green"", ""votes"": 75868, ""pct"": 2.27}, ""Write-in"": {""party"": ""Write-in"", ""votes"": 850, ""pct"": 0.02}}",3348814,Ruben Gallego,Kari Lake,deepskyblue,https://en.wikipedia.org/wiki/2024_United_States_Senate_election_in_Arizona
2024,Connecticut,CT,I,regular,General,2024 United States Senate election in Connecticut,"{""Chris Murphy"": {""party"": ""Democratic"", ""votes"": 1000695, ""pct"": 58.58}, ""Matthew Corey"": {""party"": ""Republican"", ""votes"": 678256, ""pct"": 39.7}, ""Robert F. Hyde"": {""party"": ""Cheaper Gas Groceries"", ""votes"": 14879, ""pct"": 0.87}, ""Justin Paglino"": {""party"": ""Green"", ""votes"": 14422, ""pct"": 0.84}, ""Write-in"": {""party"": ""Write-in"", ""votes"": 7, ""pct"": 0.0}}",1708259,Chris Murphy,Matthew Corey,deepskyblue,https://en.wikipedia.org/wiki/2024_United_States_Senate_election_in_Connecticut
2024,Delaware,DE,I,regular,General,"United States Senate election in Delaware, 2024","{""Lisa Blunt Rochester"": {""party"": ""Democratic"", ""votes"": 283298, ""pct"": 56.59}, ""Eric Hansen"": {""party"": ""Republican"", ""votes"": 197753, ""pct"": 39.5}, ""Michael Katz"": {""party"": ""Independent Party"", ""votes"": 19555, ""pct"": 3.91}}",500606,Lisa Blunt Rochester,Eric Hansen,deepskyblue,https://en.wikipedia.org/wiki/2024_United_States_Senate_election_in_Delaware
2024,Florida,FL,I,regular,General,2024 United States Senate election in Florida,"{""Rick Scott"": {""party"": ""Republican"", ""votes"": 5977706, ""pct"": 55.57}, ""Debbie Mucarsel-Powell"": {""party"": ""Democratic"", ""votes"": 4603077, ""pct"": 42.79}, ""Ben Everidge"": {""party"": ""Independent"", ""votes"": 62683, ""pct"": 0.58}, ""Feena Bonoan"": {""party"": ""Libertarian"", ""votes"": 57363, ""pct"": 0.53}, ""Tuan TQ Nguyen"": {""party"": ""Independent"", ""votes"": 56586, ""pct"": 0.53}, ""Write-in"": {""party"": ""Write-in"", ""votes"": 13, ""pct"": 0.0}}",10757428,Rick Scott,Debbie Mucarsel-Powell,red,https://en.wikipedia.org/wiki/2024_United_States_Senate_election_in_Florida
2024,Hawaii,HI,I,regular,General,2024 United States Senate election in Hawaii,"{""Mazie Hirono"": {""party"": ""Democratic"", ""votes"": 324194, ""pct"": 64.61}, ""Bob McDermott"": {""party"": ""Republican"", ""votes"": 160075, ""pct"": 31.9}, ""Shelby Billionaire"": {""party"": ""We the People"", ""votes"": 9224, ""pct"": 1.84}, ""Emma Pohlman"": {""party"": ""Green"", ""votes"": 8270, ""pct"": 1.65}}",501763,Mazie Hirono,Bob McDermott,deepskyblue,https://en.wikipedia.org/wiki/2024_United_States_Senate_election_in_Hawaii
2024,Indiana,IN,I,regular,General,2024 United States Senate election in Indiana,"{""Jim Banks"": {""party"": ""Republican"", ""votes"": 1659416, ""pct"": 58.64}, ""Valerie McCray"": {""party"": ""Democratic"", ""votes"": 1097061, ""pct"": 38.77}, ""Andrew Horning"": {""party"": ""Libertarian"", ""votes"": 73233, ""pct"": 2.59}, ""Write-in"": {""party"": ""Write-in"", ""votes"": 187, ""pct"": 0.0}}",2829897,Jim Banks,Valerie McCray,red,https://en.wikipedia.org/wiki/2024_United_States_Senate_election_in_Indiana
2024,Maine,ME,I,regular,General,2024 United States Senate election in Maine,"{""Angus King"": {""party"": ""Independent"", ""votes"": 427331, ""pct"": 52.06}, ""Demi Kouzounas"": {""party"": ""Republican"", ""votes"": 284338, ""pct"": 34.64}, ""David Costello"": {""party"": ""Democratic"", ""votes"": 88891, ""pct"": 10.83}, ""Jason Cherry"": {""party"": ""Independent"", ""votes"": 20222, ""pct"": 2.46}}",820782,Angus King,Demi Kouzounas,yellow,https://en.wikipedia.org/wiki/2024_United_States_Senate_election_in_Maine
2024,Maryland,MD,I,regular,General,2024 United States Senate election in Maryland,"{""Angela Alsobrooks"": {""party"": ""Democratic"", ""votes"": 1650912, ""pct"": 54.64}, ""Larry Hogan"": {""party"": ""Republican"", ""votes"": 1294344, ""pct"": 42.84}, ""Mike Scott"": {""party"": ""Libertarian"", ""votes"": 69396, ""pct"": 2.3}, ""Write-in"": {""party"": ""Write-in"", ""votes"": 6726, ""pct"": 0.22}}",3021378,Angela Alsobrooks,Larry Hogan,deepskyblue,https://en.wikipedia.org/wiki/2024_United_States_Senate_election_in_Maryland
2024,Massachusetts,MA,I,regular,General,2024 United States Senate election in Massachusetts,"{""Elizabeth Warren"": {""party"": ""Democratic"", ""votes"": 2041668, ""pct"": 59.81}, ""John Deaton"": {""party"": ""Republican"", ""votes"": 1365440, ""pct"": 40.0}, ""Write-in"": {""party"": ""Write-in"", ""votes"": 6221, ""pct"": 0.18}}",3413329,Elizabeth Warren,John Deaton,deepskyblue,https://en.wikipedia.org/wiki/2024_United_States_Senate_election_in_Massachusetts
2024,Michigan,MI,I,regular,General,2024 United States Senate election in Michigan,"{""Elissa Slotkin"": {""party"": ""Democratic"", ""votes"": 2712686, ""pct"": 48.64}, ""Mike Rogers"": {""party"": ""Republican"", ""votes"": 2693680, ""pct"": 48.3}, ""Joseph Solis-Mullen"": {""party"": ""Libertarian"", ""votes"": 56697, ""pct"": 1.02}, ""Douglas Marsh"": {""party"": ""Green"", ""votes"": 53978, ""pct"": 0.97}, ""Dave Stein"": {""party"": ""Constitution"", ""votes"": 41363, ""pct"": 0.74}, ""Doug Dern"": {""party"": ""Natural Law"", ""votes"": 18779, ""pct"": 0.34}}",5577183,Elissa Slotkin,Mike Rogers,deepskyblue,https://en.wikipedia.org/wiki/2024_United_States_Senate_election_in_Michigan
2024,Minnesota,MN,I,regular,General,2024 United States Senate election in Minnesota,"{""Amy Klobuchar"": {""party"": ""Democratic (DFL)"", ""votes"": 1792441, ""pct"": 56.2}, ""Royce White"": {""party"": ""Republican"", ""votes"": 1291712, ""pct"": 40.5}, ""Rebecca Whiting"": {""party"": ""Libertarian"", ""votes"": 55215, ""pct"": 1.73}, ""Joyce Lacey"": {""party"": ""Independence"", ""votes"": 46377, ""pct"": 1.45}, ""Write-in"": {""party"": ""Write-in"", ""votes"": 3578, ""pct"": 0.11}}",3189323,Amy Klobuchar,Royce White,deepskyblue,https://en.wikipedia.org/wiki/2024_United_States_Senate_election_in_Minnesota
2024,Mississippi,MS,I,regular,General,2024 United States Senate election in Mississippi,"{""Roger Wicker"": {""party"": ""Republican"", ""votes"": 763420, ""pct"": 62.81}, ""Ty Pinkins"": {""party"": ""Democratic"", ""votes"": 451981, ""pct"": 37.19}}",1215401,Roger Wicker,Ty Pinkins,red,https://en.wikipedia.org/wiki/2024_United_States_Senate_election_in_Mississippi
2024,Missouri,MO,I,regular,General,2024 United States Senate election in Missouri,"{""Josh Hawley"": {""party"": ""Republican"", ""votes"": 1651907, ""pct"": 55.57}, ""Lucas Kunce"": {""party"": ""Democratic"", ""votes"": 1243728, ""pct"": 41.84}, ""W.C. Young"": {""party"": ""Libertarian"", ""votes"": 35671, ""pct"": 1.2}, ""Jared Young"": {""party"": ""Better Party"", ""votes"": 21111, ""pct"": 0.71}, ""Nathan Kline"": {""party"": ""Green"", ""votes"": 20123, ""pct"": 0.68}, ""Write-in"": {""party"": ""Write-in"", ""votes"": 19, ""pct"": 0.0}}",2972559,Josh Hawley,Lucas Kunce,red,https://en.wikipedia.org/wiki/2024_United_States_Senate_election_in_Missouri
2024,Montana,MT,I,regular,General,2024 United States Senate election in Montana,"{""Tim Sheehy"": {""party"": ""Republican"", ""votes"": 319682, ""pct"": 52.64}, ""Jon Tester"": {""party"": ""Democratic"", ""votes"": 276305, ""pct"": 45.5}, ""Sid Daoud"": {""party"": ""Libertarian"", ""votes"": 7272, ""pct"": 1.2}, ""Robert Barb"": {""party"": ""Green"", ""votes"": 4003, ""pct"": 0.66}}",607262,Tim Sheehy,Jon Tester,red,https://en.wikipedia.org/wiki/2024_United_States_Senate_election_in_Montana
2024,Nebraska,NE,I,regular,General,2024 United States Senate election in Nebraska,"{""Deb Fischer"": {""party"": ""Republican"", ""votes"": 499124, ""pct"": 53.19}, ""Dan Osborn"": {""party"": ""Independent"", ""votes"": 436493, ""pct"": 46.52}, ""Majority"": {""party"": ""Majority"", ""votes"": 62631, ""pct"": 6.67}, ""Write-in"": {""party"": ""Write-in"", ""votes"": 2719, ""pct"": 0.29}}",1000967,Deb Fischer,Dan Osborn,red,https://en.wikipedia.org/wiki/2024_United_States_Senate_election_in_Nebraska
2024,Nevada,NV,I,regular,General,2024 United States Senate election in Nevada,"{""Jacky Rosen"": {""party"": ""Democratic"", ""votes"": 701105, ""pct"": 47.87}, ""Sam Brown"": {""party"": ""Republican"", ""votes"": 677046, ""pct"": 46.22}, ""None of These Candidates"": {""party"": ""None of These Candidates"", ""votes"": 44380, ""pct"": 3.03}, ""Janine Hansen"": {""party"": ""Independent American"", ""votes"": 21316, ""pct"": 1.46}, ""Chris Cunningham"": {""party"": ""Libertarian"", ""votes"": 20881, ""pct"": 1.43}}",1464728,Jacky Rosen,Sam Brown,deepskyblue,https://en.wikipedia.org/wiki/2024_United_States_Senate_election_in_Nevada
2024,New Jersey,NJ,I,regular,General,Hunterdon County Republican Convention (February 7),"{""Andy Kim"": {""party"": ""Democratic"", ""votes"": 2161491, ""pct"": 53.55}, ""Curtis Bashaw"": {""party"": ""Republican"", ""votes"": 1773589, ""pct"": 43.94}, ""Christina Khalil"": {""party"": ""Green"", ""votes"": 45443, ""pct"": 1.13}, ""Kenneth Kaplan"": {""party"": ""Libertarian"", ""votes"": 24242, ""pct"": 0.6}, ""Patricia Mooneyham"": {""party"": ""Vote Better"", ""votes"": 17224, ""pct"": 0.43}, ""Joanne Kuniansky"": {""party"": ""Socialist Workers"", ""votes"": 9806, ""pct"": 0.24}, ""Write-in"": {""party"": ""Write-in"", ""votes"": 4337, ""pct"": 0.11}, ""Tammy Murphy"": {""party"": ""Democratic"", ""votes"": 738, ""pct"": 63.8}, ""Christine Serrano Glassner"": {""party"": ""Republican"", ""votes"": 279, ""pct"": 73.6}, ""Alex Zdan"": {""party"": ""Republican"", ""votes"": 265, ""pct"": 21.8}, ""Fred Schneiderman"": {""party"": ""Republican"", ""votes"": 99, ""pct"": 15.6}, ""Patricia Campos-Medina"": {""party"": ""Democratic"", ""votes"": 26, ""pct"": 4.8}, ""Gregg Mele"": {""party"": ""Republican"", ""votes"": 16, ""pct"": 7.0}, ""Justin Michael Murphy"": {""party"": ""Republican"", ""votes"": 16, ""pct"": 11.2}, ""Lawrence Hamm"": {""party"": ""Democratic"", ""votes"": 8, ""pct"": 2.1}, ""Albert Harshaw"": {""party"": ""Republican"", ""votes"": 6, ""pct"": 2.8}, ""Brian Jackson"": {""party"": ""Republican"", ""votes"": 2, ""pct"": 0.3}, ""Michael Estrada"": {""party"": ""Republican"", ""votes"": 0, ""pct"": 0.0}}",4037587,Andy Kim,Curtis Bashaw,deepskyblue,https://en.wikipedia.org/wiki/2024_United_States_Senate_election_in_New_Jersey
2024,New Mexico,NM,I,regular,General,2024 United States Senate election in New Mexico,"{""Martin Heinrich"": {""party"": ""Democratic"", ""votes"": 497333, ""pct"": 55.06}, ""Nella Domenici"": {""party"": ""Republican"", ""votes"": 405978, ""pct"": 44.94}}",903311,Martin Heinrich,Nella Domenici,deepskyblue,https://en.wikipedia.org/wiki/2024_United_States_Senate_election_in_New_Mexico
2024,New York,NY,I,regular,General,2024 United States Senate election in New York,"{""Kirsten Gillibrand"": {""party"": ""Democratic"", ""votes"": 4711298, ""pct"": 58.91}, ""Mike Sapraicone"": {""party"": ""Republican"", ""votes"": 3246114, ""pct"": 40.59}, ""Diane Sare"": {""party"": ""LaRouche"", ""votes"": 39413, ""pct"": 0.49}}",7996825,Kirsten Gillibrand,Mike Sapraicone,deepskyblue,https://en.wikipedia.org/wiki/2024_United_States_Senate_election_in_New_York
2024,North Dakota,ND,I,regular,General,2024 United States Senate election in North Dakota,"{""Kevin Cramer"": {""party"": ""Republican"", ""votes"": 241569, ""pct"": 66.31}, ""Katrina Christiansen"": {""party"": ""Democratic–NPL"", ""votes"": 121602, ""pct"": 33.38}, ""Write-in"": {""party"": ""Write-in"", ""votes"": 1156, ""pct"": 0.32}}",364327,Kevin Cramer,Katrina Christiansen,red,https://en.wikipedia.org/wiki/2024_United_States_Senate_election_in_North_Dakota
2024,Ohio,OH,I,regular,General,2024 United States Senate election in Ohio,"{""Bernie Moreno"": {""party"": ""Republican"", ""votes"": 2857383, ""pct"": 50.09}, ""Sherrod Brown"": {""party"": ""Democratic"", ""votes"": 2650949, ""pct"": 46.47}, ""Don Kissick"": {""party"": ""Libertarian"", ""votes"": 195648, ""pct"": 3.43}, ""Write-in"": {""party"": ""Write-in"", ""votes"": 640, ""pct"": 0.01}}",5704620,Bernie Moreno,Sherrod Brown,red,https://en.wikipedia.org/wiki/2024_United_States_Senate_election_in_Ohio
2024,Pennsylvania,PA,I,regular,General,2024 United States Senate election in Pennsylvania,"{""Dave McCormick"": {""party"": ""Republican"", ""votes"": 3399295, ""pct"": 48.82}, ""Bob Casey Jr."": {""party"": ""Democratic"", ""votes"": 3384180, ""pct"": 48.6}, ""John Thomas"": {""party"": ""Libertarian"", ""votes"": 89653, ""pct"": 1.29}, ""Leila Hazou"": {""party"": ""Green"", ""votes"": 66388, ""pct"": 0.95}, ""Marty Selker"": {""party"": ""Constitution"", ""votes"": 23621, ""pct"": 0.34}}",6963137,Dave McCormick,Bob Casey Jr.,red,https://en.wikipedia.org/wiki/2024_United_States_Senate_election_in_Pennsylvania
2024,Rhode Island,RI,I,regular,General,2024 United States Senate election in Rhode Island,"{""Sheldon Whitehouse"": {""party"": ""Democratic"", ""votes"": 294665, ""pct"": 59.9}, ""Patricia Morgan"": {""party"": ""Republican"", ""votes"": 196039, ""pct"": 39.85}, ""Write-in"": {""party"": ""Write-in"", ""votes"": 1244, ""pct"": 0.25}}",491948,Sheldon Whitehouse,Patricia Morgan,deepskyblue,https://en.wikipedia.org/wiki/2024_United_States_Senate_election_in_Rhode_Island
2024,Tennessee,TN,I,regular,General,2024 United States Senate election in Tennessee,"{""Marsha Blackburn"": {""party"": ""Republican"", ""votes"": 1918743, ""pct"": 63.8}, ""Gloria Johnson"": {""party"": ""Democratic"", ""votes"": 1027461, ""pct"": 34.16}, ""Tharon Chandler"": {""party"": ""Independent"", ""votes"": 28444, ""pct"": 0.95}, ""Pamela Moses"": {""party"": ""Independent"", ""votes"": 24682, ""pct"": 0.82}, ""Hastina Robinson"": {""party"": ""Independent"", ""votes"": 8278, ""pct"": 0.28}}",3007608,Marsha Blackburn,Gloria Johnson,red,https://en.wikipedia.org/wiki/2024_United_States_Senate_election_in_Tennessee
2024,Texas,TX,I,regular,General,2024 United States Senate election in Texas,"{""Ted Cruz"": {""party"": ""Republican"", ""votes"": 5990741, ""pct"": 53.05}, ""Colin Allred"": {""party"": ""Democratic"", ""votes"": 5031249, ""pct"": 44.56}, ""Ted Brown"": {""party"": ""Libertarian"", ""votes"": 267039, ""pct"": 2.36}, ""Write-in"": {""party"": ""Write-in"", ""votes"": 2825, ""pct"": 0.03}}",11291854,Ted Cruz,Colin Allred,red,https://en.wikipedia.org/wiki/2024_United_States_Senate_election_in_Texas
2024,Utah,UT,I,regular,General,2024 United States Senate election in Utah,"{""John Curtis"": {""party"": ""Republican"", ""votes"": 914700, ""pct"": 62.5}, ""Caroline Gleich"": {""party"": ""Democratic"", ""votes"": 464515, ""pct"": 31.74}, ""Carlton Bowen"": {""party"": ""Independent American"", ""votes"": 83972, ""pct"": 5.74}, ""Write-in"": {""party"": ""Write-in"", ""votes"": 322, ""pct"": 0.02}}",1463509,John Curtis,Caroline Gleich,red,https://en.wikipedia.org/wiki/2024_United_States_Senate_election_in_Utah
2024,Vermont,VT,I,regular,General,2024 United States Senate election in Vermont,"{""Bernie Sanders"": {""party"": ""Independent"", ""votes"": 229429, ""pct"": 63.16}, ""Gerald Malloy"": {""party"": ""Republican"", ""votes"": 116512, ""pct"": 32.07}, ""Steve Berry"": {""party"": ""Independent"", ""votes"": 7941, ""pct"": 2.19}, ""Matt Hill"": {""party"": ""Libertarian"", ""votes"": 4530, ""pct"": 1.25}, ""Justin Schoville"": {""party"": ""Green Mountain Peace and Justice"", ""votes"": 3339, ""pct"": 0.92}, ""Mark Stewart Greenstein"": {""party"": ""E.P.I.C."", ""votes"": 1104, ""pct"": 0.3}, ""Write-in"": {""party"": ""Write-in"", ""votes"": 398, ""pct"": 0.11}}",363253,Bernie Sanders,Gerald Malloy,yellow,https://en.wikipedia.org/wiki/2024_United_States_Senate_election_in_Vermont
2024,Virginia,VA,I,regular,General,"United States Senate election in Virginia, 2024","{""Tim Kaine"": {""party"": ""Democratic"", ""votes"": 2417115, ""pct"": 54.37}, ""Hung Cao"": {""party"": ""Republican"", ""votes"": 2019911, ""pct"": 45.44}, ""Write-in"": {""party"": ""Write-in"", ""votes"": 8509, ""pct"": 0.19}}",4445535,Tim Kaine,Hung Cao,deepskyblue,https://en.wikipedia.org/wiki/2024_United_States_Senate_election_in_Virginia
2024,Washington,WA,I,regular,General,2024 United States Senate election in Washington,"{""Maria Cantwell"": {""party"": ""Democratic"", ""votes"": 2252577, ""pct"": 59.09}, ""Raul Garcia"": {""party"": ""Republican"", ""votes"": 1549187, ""pct"": 40.64}, ""Write-in"": {""party"": ""Write-in"", ""votes"": 10627, ""pct"": 0.28}}",3812391,Maria Cantwell,Raul Garcia,deepskyblue,https://en.wikipedia.org/wiki/2024_United_States_Senate_election_in_Washington
2024,West Virginia,WV,I,regular,General,2024 United States Senate election in West Virginia,"{""Jim Justice"": {""party"": ""Republican"", ""votes"": 514079, ""pct"": 68.75}, ""Glenn Elliott"": {""party"": ""Democratic"", ""votes"": 207548, ""pct"": 27.76}, ""David Moran"": {""party"": ""Libertarian"", ""votes"": 26075, ""pct"": 3.49}, ""Write-in"": {""party"": ""Write-in"", ""votes"": 15, ""pct"": 0.0}}",747717,Jim Justice,Glenn Elliott,red,https://en.wikipedia.org/wiki/2024_United_States_Senate_election_in_West_Virginia
2024,Wisconsin,WI,I,regular,General,2024 United States Senate election in Wisconsin,"{""Tammy Baldwin"": {""party"": ""Democratic"", ""votes"": 1672777, ""pct"": 49.33}, ""Eric Hovde"": {""party"": ""Republican"", ""votes"": 1643996, ""pct"": 48.48}, ""Phil Anderson"": {""party"": ""Disrupt the Corruption"", ""votes"": 42315, ""pct"": 1.25}, ""Thomas Leager"": {""party"": ""America First"", ""votes"": 28751, ""pct"": 0.85}, ""Write-in"": {""party"": ""Write-in"", ""votes"": 2922, ""pct"": 0.09}, ""John Schiess"": {""party"": ""Independent"", ""votes"": 26, ""pct"": 0.0}}",3390787,Tammy Baldwin,Eric Hovde,deepskyblue,https://en.wikipedia.org/wiki/2024_United_States_Senate_election_in_Wisconsin
2024,Wyoming,WY,I,regular,General,"United States Senate election in Wyoming, 2024","{""John Barrasso"": {""party"": ""Republican"", ""votes"": 198418, ""pct"": 75.11}, ""Scott Morrow"": {""party"": ""Democratic"", ""votes"": 63727, ""pct"": 24.12}, ""Write-in"": {""party"": ""Write-in"", ""votes"": 2017, ""pct"": 0.76}}",264162,John Barrasso,Scott Morrow,red,https://en.wikipedia.org/wiki/2024_United_States_Senate_election_in_Wyoming
