year,state,abbr,class,race_type,round,caption,D_votes,R_votes,T_votes,D_share,R_share,D_candidate,R_candidate,winner,winner_party,runner_up,top_third_party_share,top_third_party,third_party_votes,total_votes,third_party_results,D_delta,R_delta,total_delta,pres_margin,pres_margin_delta,national_margin,national_margin_delta,relative_margin,relative_margin_delta,third_party_share,third_party_national_share,third_party_relative_share,two_party_margin,two_party_margin_delta,two_party_national_margin,two_party_national_margin_delta,two_party_relative_margin,two_party_relative_margin_delta,color,pres_margin_str,pres_margin_delta_str,national_margin_str,national_margin_delta_str,relative_margin_str,relative_margin_delta_str,top_third_party_share_str,third_party_share_str,third_party_national_share_str,third_party_relative_share_str,two_party_margin_str,two_party_margin_delta_str,two_party_national_margin_str,two_party_national_margin_delta_str,two_party_relative_margin_str,two_party_relative_margin_delta_str,top_third_party_votes,special_case_notes,source_url,results_json
2016,United States,NATIONAL,,national,Aggregate,National aggregate,51894126,41609757,3415432,0.5354363678695006,0.4293236802179215,Democratic total,Republican total,Democratic Party,D,Republican Party,0.0,Various,3415432,96919315,{},0,0,0,0.106112687652,0,0.106112687652,0,0.000000000000,0,0.035239951912578005,0.035239951912578005,0.0,0.1099886835715689,0.0,0.1099886835715689,0.0,0.0,0.0,transparent,D+10.6,0,D+10.6,0,EVEN,0,0.00%,3.52%,3.52%,0.00%,D+11.0,0,D+11.0,0,EVEN,0,0,,,{}
2016,Alaska,AK,III,regular,General,2016 United States Senate election in Alaska,36200,138149,137092,0.11623389341801497,0.44358000391727487,Ray Metcalfe,Lisa Murkowski,Lisa Murkowski,R,Joe Miller,0.2916282698809726,Joe Miller,137092,311441,"{""Joe Miller"": {""party"": ""Libertarian"", ""votes"": 90825, ""pct"": 29.16}, ""Margaret Stock"": {""party"": ""Independent"", ""votes"": 41194, ""pct"": 13.23}, ""Breck A. Craig"": {""party"": ""Independent"", ""votes"": 2609, ""pct"": 0.84}, ""Ted Gianoutsos"": {""party"": ""Independent"", ""votes"": 1758, ""pct"": 0.56}, ""Write-in"": {""party"": ""Write-in"", ""votes"": 706, ""pct"": 0.23}}",0,0,0,-0.327346110499,0,0.106112687652,0,-0.433458798151,0,0.44018610266471014,0.035239951912578005,0.40494615075213214,-0.5847409506220282,0.0,0.1099886835715689,0.0,-0.6947296341935971,0.0,red,R+32.7,0,D+10.6,0,R+43.3,0,29.16%,44.02%,3.52%,40.49%,R+58.5,0,D+11.0,0,R+69.5,0,90825,,https://en.wikipedia.org/wiki/2016_United_States_Senate_election_in_Alaska,"{""Lisa Murkowski"": {""party"": ""Republican"", ""votes"": 138149, ""pct"": 44.36}, ""Joe Miller"": {""party"": ""Libertarian"", ""votes"": 90825, ""pct"": 29.16}, ""Margaret Stock"": {""party"": ""Independent"", ""votes"": 41194, ""pct"": 13.23}, ""Ray Metcalfe"": {""party"": ""Democratic"", ""votes"": 36200, ""pct"": 11.62}, ""Breck A. Craig"": {""party"": ""Independent"", ""votes"": 2609, ""pct"": 0.84}, ""Ted Gianoutsos"": {""party"": ""Independent"", ""votes"": 1758, ""pct"": 0.56}, ""Write-in"": {""party"": ""Write-in"", ""votes"": 706, ""pct"": 0.23}}"
2016,Alabama,AL,III,regular,General,2016 United States Senate election in Alabama,748709,1335104,3631,0.3586726158881388,0.639587936251224,Ron Crumpton,Richard Shelby,Richard Shelby,R,Ron Crumpton,0.0017394478606372196,Write-in,3631,2087444,"{""Write-in"": {""party"": ""Write-in"", ""votes"": 3631, ""pct"": 0.17}}",0,0,0,-0.280915320363,0,0.106112687652,0,-0.387028008015,0,0.0017394478606372196,0.035239951912578005,-0.033500504051940785,-0.2814048093566937,0.0,0.1099886835715689,0.0,-0.3913934929282626,0.0,red,R+28.1,0,D+10.6,0,R+38.7,0,0.17%,0.17%,3.52%,-3.35%,R+28.1,0,D+11.0,0,R+39.1,0,3631,,https://en.wikipedia.org/wiki/2016_United_States_Senate_election_in_Alabama,"{""Richard Shelby"": {""party"": ""Republican"", ""votes"": 1335104, ""pct"": 63.96}, ""Ron Crumpton"": {""party"": ""Democratic"", ""votes"": 748709, ""pct"": 35.87}, ""Write-in"": {""party"": ""Write-in"", ""votes"": 3631, ""pct"": 0.17}}"
2016,Arkansas,AR,III,regular,General,"United States Senate election in Arkansas, 2016",400602,661984,44936,0.36171019627601075,0.5977163433322318,Conner Eldridge,John Boozman,John Boozman,R,Conner Eldridge,0.03960733962846788,Frank Gilbert,44936,1107522,"{""Frank Gilbert"": {""party"": ""Libertarian"", ""votes"": 43866, ""pct"": 3.96}, ""Write-in"": {""party"": ""Write-in"", ""votes"": 1070, ""pct"": 0.1}}",0,0,0,-0.236006147056,0,0.106112687652,0,-0.342118834708,0,0.04057346039175745,0.035239951912578005,0.005333508479179447,-0.24598667778419817,0.0,0.1099886835715689,0.0,-0.3559753613557671,0.0,red,R+23.6,0,D+10.6,0,R+34.2,0,3.96%,4.06%,3.52%,0.53%,R+24.6,0,D+11.0,0,R+35.6,0,43866,,https://en.wikipedia.org/wiki/2016_United_States_Senate_election_in_Arkansas,"{""John Boozman"": {""party"": ""Republican"", ""votes"": 661984, ""pct"": 59.77}, ""Conner Eldridge"": {""party"": ""Democratic"", ""votes"": 400602, ""pct"": 36.17}, ""Frank Gilbert"": {""party"": ""Libertarian"", ""votes"": 43866, ""pct"": 3.96}, ""Write-in"": {""party"": ""Write-in"", ""votes"": 1070, ""pct"": 0.1}}"
2016,Arizona,AZ,III,regular,General,"United States Senate election in Arizona, 2016",1031245,1359267,140218,0.4074891434487282,0.5371047089179802,Ann Kirkpatrick,John McCain,John McCain,R,Ann Kirkpatrick,0.05478024127425683,Gary Swing,140218,2530730,"{""Gary Swing"": {""party"": ""Green"", ""votes"": 138634, ""pct"": 5.48}, ""Write-in"": {""party"": ""Write-in"", ""votes"": 1584, ""pct"": 0.06}}",0,0,0,-0.129615565469,0,0.106112687652,0,-0.235728253121,0,0.05540614763329158,0.035239951912578005,0.020166195720713577,-0.137218303024624,0.0,0.1099886835715689,0.0,-0.2472069865961929,0.0,red,R+13.0,0,D+10.6,0,R+23.6,0,5.48%,5.54%,3.52%,2.02%,R+13.7,0,D+11.0,0,R+24.7,0,138634,,https://en.wikipedia.org/wiki/2016_United_States_Senate_election_in_Arizona,"{""John McCain"": {""party"": ""Republican"", ""votes"": 1359267, ""pct"": 53.71}, ""Ann Kirkpatrick"": {""party"": ""Democratic"", ""votes"": 1031245, ""pct"": 40.75}, ""Gary Swing"": {""party"": ""Green"", ""votes"": 138634, ""pct"": 5.48}, ""Write-in"": {""party"": ""Write-in"", ""votes"": 1584, ""pct"": 0.06}}"
2016,California,CA,III,regular,General,"United States Senate election in California, 2016",12244170,0,0,1.0,0.0,Kamala Harris,None,Kamala Harris,D,Loretta Sanchez,0.0,None,0,12244170,{},0,0,0,1.000000000000,0,0.106112687652,0,0.893887312348,0,0.0,0.035239951912578005,-0.035239951912578005,1.0,0.0,0.1099886835715689,0.0,0.8900113164284311,0.0,deepskyblue,D+100.0,0,D+10.6,0,D+89.4,0,0.00%,0.00%,3.52%,-3.52%,D+100.0,0,D+11.0,0,D+89.0,0,0,,https://en.wikipedia.org/wiki/2016_United_States_Senate_election_in_California,"{""Kamala Harris"": {""party"": ""Democratic"", ""votes"": 7542753, ""pct"": 61.6}, ""Loretta Sanchez"": {""party"": ""Democratic"", ""votes"": 4701417, ""pct"": 38.4}}"
2016,Colorado,CO,III,regular,General,"United States Senate election in Colorado, 2016",1370710,1215318,156995,0.4997078041270525,0.4430578963428305,Michael Bennet,Darryl Glenn,Michael Bennet,D,Darryl Glenn,0.03619255106501112,Lily Tang Williams,156995,2743023,"{""Lily Tang Williams"": {""party"": ""Libertarian"", ""votes"": 99277, ""pct"": 3.62}, ""Arn Menconi"": {""party"": ""Green"", ""votes"": 36805, ""pct"": 1.34}, ""Bill Hammons"": {""party"": ""Unity"", ""votes"": 9336, ""pct"": 0.34}, ""Dan Chapin"": {""party"": ""Independent"", ""votes"": 8361, ""pct"": 0.3}, ""Paul Fiorino"": {""party"": ""Independent"", ""votes"": 3216, ""pct"": 0.12}}",0,0,0,0.056649907784,0,0.106112687652,0,-0.049462779867,0,0.05723429953011695,0.035239951912578005,0.021994347617538948,0.06008906322746699,0.0,0.1099886835715689,0.0,-0.049899620344101905,0.0,deepskyblue,D+5.7,0,D+10.6,0,R+4.9,0,3.62%,5.72%,3.52%,2.20%,D+6.0,0,D+11.0,0,R+5.0,0,99277,,https://en.wikipedia.org/wiki/2016_United_States_Senate_election_in_Colorado,"{""Michael Bennet"": {""party"": ""Democratic"", ""votes"": 1370710, ""pct"": 49.97}, ""Darryl Glenn"": {""party"": ""Republican"", ""votes"": 1215318, ""pct"": 44.31}, ""Lily Tang Williams"": {""party"": ""Libertarian"", ""votes"": 99277, ""pct"": 3.62}, ""Arn Menconi"": {""party"": ""Green"", ""votes"": 36805, ""pct"": 1.34}, ""Bill Hammons"": {""party"": ""Unity"", ""votes"": 9336, ""pct"": 0.34}, ""Dan Chapin"": {""party"": ""Independent"", ""votes"": 8361, ""pct"": 0.3}, ""Paul Fiorino"": {""party"": ""Independent"", ""votes"": 3216, ""pct"": 0.12}}"
2016,Connecticut,CT,III,regular,General,"United States Senate election in Connecticut, 2016",1008714,552621,34941,0.6319170369033926,0.34619389128195877,Richard Blumenthal,Dan Carter,Richard Blumenthal,D,Dan Carter,0.011395272496736154,Richard Lion,34941,1596276,"{""Richard Lion"": {""party"": ""Libertarian"", ""votes"": 18190, ""pct"": 1.14}, ""Jeffery Russell"": {""party"": ""Green"", ""votes"": 16713, ""pct"": 1.05}, ""Andrew Rule"": {""party"": ""Independent"", ""votes"": 26, ""pct"": 0.0}, ""John M. Traceski"": {""party"": ""Independent"", ""votes"": 12, ""pct"": 0.0}}",0,0,0,0.285723145621,0,0.106112687652,0,0.179610457970,0,0.021889071814648595,0.035239951912578005,-0.01335088009792941,0.29211732267578705,0.0,0.1099886835715689,0.0,0.18212863910421817,0.0,deepskyblue,D+28.6,0,D+10.6,0,D+18.0,0,1.14%,2.19%,3.52%,-1.34%,D+29.2,0,D+11.0,0,D+18.2,0,18190,,https://en.wikipedia.org/wiki/2016_United_States_Senate_election_in_Connecticut,"{""Richard Blumenthal"": {""party"": ""Democratic"", ""votes"": 1008714, ""pct"": 63.19}, ""Dan Carter"": {""party"": ""Republican"", ""votes"": 552621, ""pct"": 34.62}, ""Richard Lion"": {""party"": ""Libertarian"", ""votes"": 18190, ""pct"": 1.14}, ""Jeffery Russell"": {""party"": ""Green"", ""votes"": 16713, ""pct"": 1.05}, ""Andrew Rule"": {""party"": ""Independent"", ""votes"": 26, ""pct"": 0.0}, ""John M. Traceski"": {""party"": ""Independent"", ""votes"": 12, ""pct"": 0.0}}"
2016,Florida,FL,III,regular,General,"United States Senate election in Florida, 2016",4122088,4835191,344541,0.44314854512342744,0.5198112842432986,Patrick Murphy,Marco Rubio,Marco Rubio,R,Patrick Murphy,0.02117392080259562,Paul Stanton,344541,9301820,"{""Paul Stanton"": {""party"": ""Libertarian"", ""votes"": 196956, ""pct"": 2.12}, ""Bruce Nathan"": {""party"": ""Independent"", ""votes"": 52451, ""pct"": 0.56}, ""Tony Khoury"": {""party"": ""Independent"", ""votes"": 45820, ""pct"": 0.49}, ""Steven Machat"": {""party"": ""Independent"", ""votes"": 26918, ""pct"": 0.29}, ""Basil E. Dalack"": {""party"": ""Independent"", ""votes"": 22236, ""pct"": 0.24}, ""Write-in"": {""party"": ""Write-in"", ""votes"": 160, ""pct"": 0.0}}",0,0,0,-0.076662739120,0,0.106112687652,0,-0.182775426771,0,0.03704017063327392,0.035239951912578005,0.001800218720695912,-0.07961156507461697,0.0,0.1099886835715689,0.0,-0.18960024864618585,0.0,red,R+7.7,0,D+10.6,0,R+18.3,0,2.12%,3.70%,3.52%,0.18%,R+8.0,0,D+11.0,0,R+19.0,0,196956,,https://en.wikipedia.org/wiki/2016_United_States_Senate_election_in_Florida,"{""Marco Rubio"": {""party"": ""Republican"", ""votes"": 4835191, ""pct"": 51.98}, ""Patrick Murphy"": {""party"": ""Democratic"", ""votes"": 4122088, ""pct"": 44.31}, ""Paul Stanton"": {""party"": ""Libertarian"", ""votes"": 196956, ""pct"": 2.12}, ""Bruce Nathan"": {""party"": ""Independent"", ""votes"": 52451, ""pct"": 0.56}, ""Tony Khoury"": {""party"": ""Independent"", ""votes"": 45820, ""pct"": 0.49}, ""Steven Machat"": {""party"": ""Independent"", ""votes"": 26918, ""pct"": 0.29}, ""Basil E. Dalack"": {""party"": ""Independent"", ""votes"": 22236, ""pct"": 0.24}, ""Write-in"": {""party"": ""Write-in"", ""votes"": 160, ""pct"": 0.0}}"
2016,Georgia,GA,III,regular,General,"United States Senate election in Georgia, 2016",1599726,2135806,162260,0.410418513866312,0.5479527896819533,Jim Barksdale,Johnny Isakson,Johnny Isakson,R,Jim Barksdale,0.041628696451734726,Allen Buckley,162260,3897792,"{""Allen Buckley"": {""party"": ""Libertarian"", ""votes"": 162260, ""pct"": 4.16}}",0,0,0,-0.137534275816,0,0.106112687652,0,-0.243646963467,0,0.041628696451734726,0.035239951912578005,0.006388744539156721,-0.14350834098061535,0.0,0.1099886835715689,0.0,-0.25349702455218426,0.0,red,R+13.8,0,D+10.6,0,R+24.4,0,4.16%,4.16%,3.52%,0.64%,R+14.4,0,D+11.0,0,R+25.3,0,162260,,https://en.wikipedia.org/wiki/2016_United_States_Senate_election_in_Georgia,"{""Johnny Isakson"": {""party"": ""Republican"", ""votes"": 2135806, ""pct"": 54.8}, ""Jim Barksdale"": {""party"": ""Democratic"", ""votes"": 1599726, ""pct"": 41.04}, ""Allen Buckley"": {""party"": ""Libertarian"", ""votes"": 162260, ""pct"": 4.16}}"
2016,Hawaii,HI,III,regular,General,"United States Senate election in Hawaii, 2016",306604,92653,17305,0.7360344918643563,0.22242307267585618,Brian Schatz,John Carroll,Brian Schatz,D,John Carroll,0.021852689395576167,Joy Allison,17305,416562,"{""Joy Allison"": {""party"": ""Constitution"", ""votes"": 9103, ""pct"": 2.19}, ""Michael Kokowski"": {""party"": ""Libertarian"", ""votes"": 6809, ""pct"": 1.63}, ""John Giuffre"": {""party"": ""American Shopping"", ""votes"": 1393, ""pct"": 0.33}}",0,0,0,0.513611419189,0,0.106112687652,0,0.407498731537,0,0.041542435459787495,0.035239951912578005,0.006302483547209491,0.5358728838818104,0.0,0.1099886835715689,0.0,0.42588420031024155,0.0,deepskyblue,D+51.4,0,D+10.6,0,D+40.7,0,2.19%,4.15%,3.52%,0.63%,D+53.6,0,D+11.0,0,D+42.6,0,9103,,https://en.wikipedia.org/wiki/2016_United_States_Senate_election_in_Hawaii,"{""Brian Schatz"": {""party"": ""Democratic"", ""votes"": 306604, ""pct"": 73.61}, ""John Carroll"": {""party"": ""Republican"", ""votes"": 92653, ""pct"": 22.24}, ""Joy Allison"": {""party"": ""Constitution"", ""votes"": 9103, ""pct"": 2.19}, ""Michael Kokowski"": {""party"": ""Libertarian"", ""votes"": 6809, ""pct"": 1.63}, ""John Giuffre"": {""party"": ""American Shopping"", ""votes"": 1393, ""pct"": 0.33}}"
2016,Iowa,IA,III,regular,General,"United States Senate election in Iowa, 2016",549460,926007,65569,0.356552345305366,0.6008990056040222,Patty Judge,Chuck Grassley,Chuck Grassley,R,Patty Judge,0.02712071619352176,Charles Aldrich,65569,1541036,"{""Charles Aldrich"": {""party"": ""Libertarian"", ""votes"": 41794, ""pct"": 2.71}, ""Jim Hennager"": {""party"": ""Independent"", ""votes"": 17649, ""pct"": 1.15}, ""Michael Luick-Thrams"": {""party"": ""Independent"", ""votes"": 4441, ""pct"": 0.29}, ""Write-ins"": {""party"": ""n/a"", ""votes"": 1685, ""pct"": 0.11}}",0,0,0,-0.244346660299,0,0.106112687652,0,-0.350459347950,0,0.04254864909061177,0.035239951912578005,0.007308697178033764,-0.2552053011012784,0.0,0.1099886835715689,0.0,-0.3651939846728473,0.0,red,R+24.4,0,D+10.6,0,R+35.0,0,2.71%,4.25%,3.52%,0.73%,R+25.5,0,D+11.0,0,R+36.5,0,41794,,https://en.wikipedia.org/wiki/2016_United_States_Senate_election_in_Iowa,"{""Chuck Grassley"": {""party"": ""Republican"", ""votes"": 926007, ""pct"": 60.09}, ""Patty Judge"": {""party"": ""Democratic"", ""votes"": 549460, ""pct"": 35.66}, ""Charles Aldrich"": {""party"": ""Libertarian"", ""votes"": 41794, ""pct"": 2.71}, ""Jim Hennager"": {""party"": ""Independent"", ""votes"": 17649, ""pct"": 1.15}, ""Michael Luick-Thrams"": {""party"": ""Independent"", ""votes"": 4441, ""pct"": 0.29}, ""Write-ins"": {""party"": ""n/a"", ""votes"": 1685, ""pct"": 0.11}}"
2016,Idaho,ID,III,regular,General,"United States Senate election in Idaho, 2016",188249,449017,41677,0.2772677529630617,0.6613471233962203,Jerry Sturgill,Mike Crapo,Mike Crapo,R,Jerry Sturgill,0.061385123640718,Ray J. Writz,41677,678943,"{""Ray J. Writz"": {""party"": ""Constitution"", ""votes"": 41677, ""pct"": 6.14}}",0,0,0,-0.384079370433,0,0.106112687652,0,-0.490192058085,0,0.061385123640718,0.035239951912578005,0.026145171728139995,-0.4091980428894684,0.0,0.1099886835715689,0.0,-0.5191867264610374,0.0,red,R+38.4,0,D+10.6,0,R+49.0,0,6.14%,6.14%,3.52%,2.61%,R+40.9,0,D+11.0,0,R+51.9,0,41677,,https://en.wikipedia.org/wiki/2016_United_States_Senate_election_in_Idaho,"{""Mike Crapo"": {""party"": ""Republican"", ""votes"": 449017, ""pct"": 66.13}, ""Jerry Sturgill"": {""party"": ""Democratic"", ""votes"": 188249, ""pct"": 27.73}, ""Ray J. Writz"": {""party"": ""Constitution"", ""votes"": 41677, ""pct"": 6.14}}"
2016,Illinois,IL,III,regular,General,"United States Senate election in Illinois, 2016",3012940,2184692,294246,0.5486174310499978,0.3978041755479637,Tammy Duckworth,Mark Kirk,Tammy Duckworth,D,Mark Kirk,0.03204514011418316,Kenton McMillen,294246,5491878,"{""Kenton McMillen"": {""party"": ""Libertarian"", ""votes"": 175988, ""pct"": 3.21}, ""Scott Summers"": {""party"": ""Green"", ""votes"": 117619, ""pct"": 2.14}, ""Write-in"": {""party"": ""Write-in"", ""votes"": 639, ""pct"": 0.01}}",0,0,0,0.150813255502,0,0.106112687652,0,0.044700567850,0,0.053578393402038425,0.035239951912578005,0.01833844148946042,0.1593510275448512,0.0,0.1099886835715689,0.0,0.049362343973282305,0.0,deepskyblue,D+15.1,0,D+10.6,0,D+4.5,0,3.20%,5.36%,3.52%,1.83%,D+15.9,0,D+11.0,0,D+4.9,0,175988,,https://en.wikipedia.org/wiki/2016_United_States_Senate_election_in_Illinois,"{""Tammy Duckworth"": {""party"": ""Democratic"", ""votes"": 3012940, ""pct"": 54.86}, ""Mark Kirk"": {""party"": ""Republican"", ""votes"": 2184692, ""pct"": 39.78}, ""Kenton McMillen"": {""party"": ""Libertarian"", ""votes"": 175988, ""pct"": 3.21}, ""Scott Summers"": {""party"": ""Green"", ""votes"": 117619, ""pct"": 2.14}, ""Write-in"": {""party"": ""Write-in"", ""votes"": 639, ""pct"": 0.01}}"
2016,Indiana,IN,III,regular,General,"United States Senate election in Indiana, 2016",1158947,1423991,149608,0.4241271693138926,0.5211224257523935,Evan Bayh,Todd Young,Todd Young,R,Evan Bayh,0.05470392813149349,Lucy Brenton,149608,2732546,"{""Lucy Brenton"": {""party"": ""Libertarian"", ""votes"": 149481, ""pct"": 5.47}, ""James L. Johnson, Jr."": {""party"": ""Independent"", ""votes"": 127, ""pct"": 0.01}}",0,0,0,-0.096995256439,0,0.106112687652,0,-0.203107944090,0,0.05475040493371383,0.035239951912578005,0.019510453021135826,-0.10261338057669213,0.0,0.1099886835715689,0.0,-0.21260206414826102,0.0,red,R+9.7,0,D+10.6,0,R+20.3,0,5.47%,5.48%,3.52%,1.95%,R+10.3,0,D+11.0,0,R+21.3,0,149481,,https://en.wikipedia.org/wiki/2016_United_States_Senate_election_in_Indiana,"{""Todd Young"": {""party"": ""Republican"", ""votes"": 1423991, ""pct"": 52.11}, ""Evan Bayh"": {""party"": ""Democratic"", ""votes"": 1158947, ""pct"": 42.41}, ""Lucy Brenton"": {""party"": ""Libertarian"", ""votes"": 149481, ""pct"": 5.47}, ""James L. Johnson, Jr."": {""party"": ""Independent"", ""votes"": 127, ""pct"": 0.01}}"
2016,Kansas,KS,III,regular,General,2016 United States Senate election in Kansas,379740,732376,65806,0.3223812782170636,0.6217525438866071,Patrick Wiesner,Jerry Moran,Jerry Moran,R,Patrick Wiesner,0.05582712607456181,Robert D. Garrard,65806,1177922,"{""Robert D. Garrard"": {""party"": ""Libertarian"", ""votes"": 65760, ""pct"": 5.58}, ""DJ Smith"": {""party"": ""Independent"", ""votes"": 46, ""pct"": 0.0}}",0,0,0,-0.299371265670,0,0.106112687652,0,-0.405483953321,0,0.0558661778963293,0.035239951912578005,0.020626225983751294,-0.31708562775825544,0.0,0.1099886835715689,0.0,-0.4270743113298243,0.0,red,R+29.9,0,D+10.6,0,R+40.5,0,5.58%,5.59%,3.52%,2.06%,R+31.7,0,D+11.0,0,R+42.7,0,65760,,https://en.wikipedia.org/wiki/2016_United_States_Senate_election_in_Kansas,"{""Jerry Moran"": {""party"": ""Republican"", ""votes"": 732376, ""pct"": 62.18}, ""Patrick Wiesner"": {""party"": ""Democratic"", ""votes"": 379740, ""pct"": 32.24}, ""Robert D. Garrard"": {""party"": ""Libertarian"", ""votes"": 65760, ""pct"": 5.58}, ""DJ Smith"": {""party"": ""Independent"", ""votes"": 46, ""pct"": 0.0}}"
2016,Kentucky,KY,III,regular,General,"United States Senate election in Kentucky, 2016",813246,1090177,42,0.4272450504737413,0.5727328845027359,Jim Gray,Rand Paul,Rand Paul,R,Jim Gray,2.2065023522891147e-05,Write-in,42,1903465,"{""Write-in"": {""party"": ""Write-in"", ""votes"": 42, ""pct"": 0.0}}",0,0,0,-0.145487834029,0,0.106112687652,0,-0.251600521681,0,2.2065023522891147e-05,0.035239951912578005,-0.03521788688905511,-0.14549104429230916,0.0,0.1099886835715689,0.0,-0.25547972786387807,0.0,red,R+14.5,0,D+10.6,0,R+25.2,0,0.00%,0.00%,3.52%,-3.52%,R+14.5,0,D+11.0,0,R+25.5,0,42,,https://en.wikipedia.org/wiki/2016_United_States_Senate_election_in_Kentucky,"{""Rand Paul"": {""party"": ""Republican"", ""votes"": 1090177, ""pct"": 57.27}, ""Jim Gray"": {""party"": ""Democratic"", ""votes"": 813246, ""pct"": 42.73}, ""Write-in"": {""party"": ""Write-in"", ""votes"": 42, ""pct"": 0.0}}"
2016,Louisiana,LA,III,regular,General,"United States Senate election in Louisiana, 2016",705271,1722080,52458,0.28440537154272766,0.6944405798995004,Foster Campbell,John Neely Kennedy,John Neely Kennedy,R,John Kennedy,0.007803826826985465,Beryl Billiot,52458,2479809,"{""Beryl Billiot"": {""party"": ""Independent"", ""votes"": 19352, ""pct"": 1.0}, ""Thomas Clements"": {""party"": ""Libertarian"", ""votes"": 11370, ""pct"": 0.59}, ""Troy Hebert"": {""party"": ""Independent"", ""votes"": 9503, ""pct"": 0.49}, ""Kaitlin Marone"": {""party"": ""Independent"", ""votes"": 4108, ""pct"": 0.21}, ""Le Roy Gillam"": {""party"": ""Libertarian"", ""votes"": 4067, ""pct"": 0.21}, ""Arden Wells"": {""party"": ""Independent"", ""votes"": 1483, ""pct"": 0.08}, ""Bob Lang"": {""party"": ""Independent"", ""votes"": 1424, ""pct"": 0.07}, ""Gregory Taylor"": {""party"": ""Independent"", ""votes"": 1151, ""pct"": 0.06}}",0,0,0,-0.410035208357,0,0.106112687652,0,-0.516147896008,0,0.02115404855777199,0.035239951912578005,-0.014085903354806015,-0.41889656666876773,0.0,0.1099886835715689,0.0,-0.5288852502403366,0.0,red,R+41.0,0,D+10.6,0,R+51.6,0,0.78%,2.12%,3.52%,-1.41%,R+41.9,0,D+11.0,0,R+52.9,0,19352,,https://en.wikipedia.org/wiki/2016_United_States_Senate_election_in_Louisiana,"{""John Neely Kennedy"": {""party"": ""Republican"", ""votes"": 536191, ""pct"": 60.65}, ""John Kennedy"": {""party"": ""Republican"", ""votes"": 482591, ""pct"": 24.96}, ""Foster Campbell"": {""party"": ""Democratic"", ""votes"": 347816, ""pct"": 39.35}, ""Charles Boustany"": {""party"": ""Republican"", ""votes"": 298008, ""pct"": 15.41}, ""Caroline Fayard"": {""party"": ""Democratic"", ""votes"": 240917, ""pct"": 12.46}, ""John Fleming"": {""party"": ""Republican"", ""votes"": 204026, ""pct"": 10.55}, ""Rob Maness"": {""party"": ""Republican"", ""votes"": 90856, ""pct"": 4.7}, ""David Duke"": {""party"": ""Republican"", ""votes"": 58606, ""pct"": 3.03}, ""Derrick Edwards"": {""party"": ""Democratic"", ""votes"": 51774, ""pct"": 2.68}, ""Gary Landrieu"": {""party"": ""Democratic"", ""votes"": 45587, ""pct"": 2.36}, ""Donald \""Crawdaddy\"" Crawford"": {""party"": ""Republican"", ""votes"": 25523, ""pct"": 1.32}, ""Joseph Cao"": {""party"": ""Republican"", ""votes"": 21019, ""pct"": 1.09}, ""Beryl Billiot"": {""party"": ""Independent"", ""votes"": 19352, ""pct"": 1.0}, ""Thomas Clements"": {""party"": ""Libertarian"", ""votes"": 11370, ""pct"": 0.59}, ""Troy Hebert"": {""party"": ""Independent"", ""votes"": 9503, ""pct"": 0.49}, ""Josh Pellerin"": {""party"": ""Democratic"", ""votes"": 7395, ""pct"": 0.38}, ""Peter Williams"": {""party"": ""Democratic"", ""votes"": 6855, ""pct"": 0.35}, ""Vinny Mendoza"": {""party"": ""Democratic"", ""votes"": 4927, ""pct"": 0.25}, ""Kaitlin Marone"": {""party"": ""Independent"", ""votes"": 4108, ""pct"": 0.21}, ""Le Roy Gillam"": {""party"": ""Libertarian"", ""votes"": 4067, ""pct"": 0.21}, ""Charles Eugene Marsala"": {""party"": ""Republican"", ""votes"": 3684, ""pct"": 0.19}, ""Abhay Patel"": {""party"": ""Republican"", ""votes"": 1576, ""pct"": 0.08}, ""Arden Wells"": {""party"": ""Independent"", ""votes"": 1483, ""pct"": 0.08}, ""Bob Lang"": {""party"": ""Independent"", ""votes"": 1424, ""pct"": 0.07}, ""Gregory Taylor"": {""party"": ""Independent"", ""votes"": 1151, ""pct"": 0.06}}"
2016,Maryland,MD,III,regular,General,"United States Senate election in Maryland, 2016",1659907,972557,93706,0.6088787566439363,0.35674847863486137,Chris Van Hollen,Kathy Szeliga,Chris Van Hollen,D,Kathy Szeliga,0.0330023439477362,Margaret Flowers,93706,2726170,"{""Margaret Flowers"": {""party"": ""Green"", ""votes"": 89970, ""pct"": 3.3}, ""Write-in"": {""party"": ""Write-in"", ""votes"": 3736, ""pct"": 0.14}}",0,0,0,0.252130278009,0,0.106112687652,0,0.146017590357,0,0.03437276472120227,0.035239951912578005,-0.0008671871913757331,0.26110518510414576,0.0,0.1099886835715689,0.0,0.15111650153257689,0.0,deepskyblue,D+25.2,0,D+10.6,0,D+14.6,0,3.30%,3.44%,3.52%,-0.09%,D+26.1,0,D+11.0,0,D+15.1,0,89970,,https://en.wikipedia.org/wiki/2016_United_States_Senate_election_in_Maryland,"{""Chris Van Hollen"": {""party"": ""Democratic"", ""votes"": 1659907, ""pct"": 60.89}, ""Kathy Szeliga"": {""party"": ""Republican"", ""votes"": 972557, ""pct"": 35.67}, ""Margaret Flowers"": {""party"": ""Green"", ""votes"": 89970, ""pct"": 3.3}, ""Write-in"": {""party"": ""Write-in"", ""votes"": 3736, ""pct"": 0.14}}"
2016,Missouri,MO,III,regular,General,2016 United States Senate election in Missouri,1300200,1378458,123983,0.4639195672938489,0.4918425156843135,Jason Kander,Roy Blunt,Roy Blunt,R,Jason Kander,0.024169345984733685,Jonathan Dine,123983,2802641,"{""Jonathan Dine"": {""party"": ""Libertarian"", ""votes"": 67738, ""pct"": 2.42}, ""Johnathan McFarland"": {""party"": ""Green"", ""votes"": 30743, ""pct"": 1.1}, ""Fred Ryman"": {""party"": ""Constitution"", ""votes"": 25407, ""pct"": 0.91}, ""Write-in"": {""party"": ""Write-in"", ""votes"": 95, ""pct"": 0.03}}",0,0,0,-0.027922948390,0,0.106112687652,0,-0.134035636042,0,0.04423791702183762,0.035239951912578005,0.008997965109259612,-0.029215375759055466,0.0,0.1099886835715689,0.0,-0.13920405933062435,0.0,red,R+2.8,0,D+10.6,0,R+13.4,0,2.42%,4.42%,3.52%,0.90%,R+2.9,0,D+11.0,0,R+13.9,0,67738,,https://en.wikipedia.org/wiki/2016_United_States_Senate_election_in_Missouri,"{""Roy Blunt"": {""party"": ""Republican"", ""votes"": 1378458, ""pct"": 49.18}, ""Jason Kander"": {""party"": ""Democratic"", ""votes"": 1300200, ""pct"": 46.39}, ""Jonathan Dine"": {""party"": ""Libertarian"", ""votes"": 67738, ""pct"": 2.42}, ""Johnathan McFarland"": {""party"": ""Green"", ""votes"": 30743, ""pct"": 1.1}, ""Fred Ryman"": {""party"": ""Constitution"", ""votes"": 25407, ""pct"": 0.91}, ""Write-in"": {""party"": ""Write-in"", ""votes"": 95, ""pct"": 0.03}}"
2016,North Carolina,NC,III,regular,General,2016 United States Senate election in North Carolina,2128165,2395376,167592,0.45365693106548033,0.5106177974489319,Deborah Ross,Richard Burr,Richard Burr,R,Deborah Ross,0.03572527148558781,Sean Haugh,167592,4691133,"{""Sean Haugh"": {""party"": ""Libertarian"", ""votes"": 167592, ""pct"": 3.57}}",0,0,0,-0.056960866383,0,0.106112687652,0,-0.163073554035,0,0.03572527148558781,0.035239951912578005,0.0004853195730098042,-0.05907120107897773,0.0,0.1099886835715689,0.0,-0.1690598846505466,0.0,red,R+5.7,0,D+10.6,0,R+16.3,0,3.57%,3.57%,3.52%,0.05%,R+5.9,0,D+11.0,0,R+16.9,0,167592,,https://en.wikipedia.org/wiki/2016_United_States_Senate_election_in_North_Carolina,"{""Richard Burr"": {""party"": ""Republican"", ""votes"": 2395376, ""pct"": 51.06}, ""Deborah Ross"": {""party"": ""Democratic"", ""votes"": 2128165, ""pct"": 45.37}, ""Sean Haugh"": {""party"": ""Libertarian"", ""votes"": 167592, ""pct"": 3.57}}"
2016,North Dakota,ND,III,regular,General,"United States Senate election in North Dakota, 2016",58116,268788,15597,0.1696812564050908,0.7847801904228017,Eliot Glassheim,John Hoeven,John Hoeven,R,Eliot Glassheim,0.03082034796978695,Robert Marquette,15597,342501,"{""Robert Marquette"": {""party"": ""Libertarian"", ""votes"": 10556, ""pct"": 3.08}, ""James Germalic"": {""party"": ""Independent"", ""votes"": 4675, ""pct"": 1.36}, ""Write-in"": {""party"": ""Write-in"", ""votes"": 366, ""pct"": 0.11}}",0,0,0,-0.615098934018,0,0.106112687652,0,-0.721211621669,0,0.045538553172107525,0.035239951912578005,0.01029860125952952,-0.6444460759121944,0.0,0.1099886835715689,0.0,-0.7544347594837633,0.0,red,R+61.5,0,D+10.6,0,R+72.1,0,3.08%,4.55%,3.52%,1.03%,R+64.4,0,D+11.0,0,R+75.4,0,10556,,https://en.wikipedia.org/wiki/2016_United_States_Senate_election_in_North_Dakota,"{""John Hoeven"": {""party"": ""Republican"", ""votes"": 268788, ""pct"": 78.48}, ""Eliot Glassheim"": {""party"": ""Democratic–NPL"", ""votes"": 58116, ""pct"": 16.97}, ""Robert Marquette"": {""party"": ""Libertarian"", ""votes"": 10556, ""pct"": 3.08}, ""James Germalic"": {""party"": ""Independent"", ""votes"": 4675, ""pct"": 1.36}, ""Write-in"": {""party"": ""Write-in"", ""votes"": 366, ""pct"": 0.11}}"
2016,New Hampshire,NH,III,regular,General,"United States Senate election in New Hampshire, 2016",354649,353632,30859,0.47981302594907593,0.4784371025786725,Maggie Hassan,Kelly Ayotte,Maggie Hassan,D,Kelly Ayotte,0.024003571718483642,Aaron Day,30859,739140,"{""Aaron Day"": {""party"": ""Independent"", ""votes"": 17742, ""pct"": 2.4}, ""Brian Chabot"": {""party"": ""Libertarian"", ""votes"": 12597, ""pct"": 1.7}, ""Write-in"": {""party"": ""Write-in"", ""votes"": 520, ""pct"": 0.07}}",0,0,0,0.001375923370,0,0.106112687652,0,-0.104736764281,0,0.04174987147225154,0.035239951912578005,0.006509919559673533,0.0014358707913949408,0.0,0.1099886835715689,0.0,-0.10855281278017395,0.0,deepskyblue,D+0.1,0,D+10.6,0,R+10.5,0,2.40%,4.17%,3.52%,0.65%,D+0.1,0,D+11.0,0,R+10.9,0,17742,,https://en.wikipedia.org/wiki/2016_United_States_Senate_election_in_New_Hampshire,"{""Maggie Hassan"": {""party"": ""Democratic"", ""votes"": 354649, ""pct"": 47.98}, ""Kelly Ayotte"": {""party"": ""Republican"", ""votes"": 353632, ""pct"": 47.84}, ""Aaron Day"": {""party"": ""Independent"", ""votes"": 17742, ""pct"": 2.4}, ""Brian Chabot"": {""party"": ""Libertarian"", ""votes"": 12597, ""pct"": 1.7}, ""Write-in"": {""party"": ""Write-in"", ""votes"": 520, ""pct"": 0.07}}"
2016,Nevada,NV,III,regular,General,"United States Senate election in Nevada, 2016",521994,495079,91221,0.4709887448637275,0.44670367249123427,Catherine Cortez Masto,Joe Heck,Catherine Cortez Masto,D,Joe Heck,0.038127969654261414,None of These Candidates,91221,1108294,"{""None of These Candidates"": {""party"": ""None of These Candidates"", ""votes"": 42257, ""pct"": 3.81}, ""Tom Jones"": {""party"": ""Independent American"", ""votes"": 17128, ""pct"": 1.55}, ""Thomas Sawyer"": {""party"": ""Independent"", ""votes"": 14208, ""pct"": 1.28}, ""Tony Gumina"": {""party"": ""Independent"", ""votes"": 10740, ""pct"": 0.97}, ""Jarrod Williams"": {""party"": ""Independent"", ""votes"": 6888, ""pct"": 0.62}}",0,0,0,0.024285072372,0,0.106112687652,0,-0.081827615279,0,0.08230758264503824,0.035239951912578005,0.04706763073246023,0.02646319389070401,0.0,0.1099886835715689,0.0,-0.08352548968086489,0.0,deepskyblue,D+2.4,0,D+10.6,0,R+8.2,0,3.81%,8.23%,3.52%,4.71%,D+2.6,0,D+11.0,0,R+8.4,0,42257,,https://en.wikipedia.org/wiki/2016_United_States_Senate_election_in_Nevada,"{""Catherine Cortez Masto"": {""party"": ""Democratic"", ""votes"": 521994, ""pct"": 47.1}, ""Joe Heck"": {""party"": ""Republican"", ""votes"": 495079, ""pct"": 44.67}, ""None of These Candidates"": {""party"": ""None of These Candidates"", ""votes"": 42257, ""pct"": 3.81}, ""Tom Jones"": {""party"": ""Independent American"", ""votes"": 17128, ""pct"": 1.55}, ""Thomas Sawyer"": {""party"": ""Independent"", ""votes"": 14208, ""pct"": 1.28}, ""Tony Gumina"": {""party"": ""Independent"", ""votes"": 10740, ""pct"": 0.97}, ""Jarrod Williams"": {""party"": ""Independent"", ""votes"": 6888, ""pct"": 0.62}}"
2016,New York,NY,III,regular,General,"United States Senate election in New York, 2016",5221945,2009355,161533,0.7063523550444059,0.2717976992040805,Chuck Schumer,Wendy Long,Chuck Schumer,D,Wendy Long,0.015340938987800753,Robin Laverne Wilson,161533,7392833,"{""Robin Laverne Wilson"": {""party"": ""Green"", ""votes"": 113413, ""pct"": 1.53}, ""Alex Merced"": {""party"": ""Libertarian"", ""votes"": 48120, ""pct"": 0.65}}",0,0,0,0.434554655840,0,0.106112687652,0,0.328441968189,0,0.021849945751513663,0.035239951912578005,-0.013390006161064342,0.4442617509991288,0.0,0.1099886835715689,0.0,0.3342730674275599,0.0,deepskyblue,D+43.5,0,D+10.6,0,D+32.8,0,1.53%,2.18%,3.52%,-1.34%,D+44.4,0,D+11.0,0,D+33.4,0,113413,,https://en.wikipedia.org/wiki/2016_United_States_Senate_election_in_New_York,"{""Chuck Schumer"": {""party"": ""Democratic"", ""votes"": 5221945, ""pct"": 70.64}, ""Wendy Long"": {""party"": ""Republican"", ""votes"": 2009355, ""pct"": 27.18}, ""Robin Laverne Wilson"": {""party"": ""Green"", ""votes"": 113413, ""pct"": 1.53}, ""Alex Merced"": {""party"": ""Libertarian"", ""votes"": 48120, ""pct"": 0.65}}"
2016,Ohio,OH,III,regular,General,"United States Senate election in Ohio, 2016",1996908,3118567,258689,0.37157556040344136,0.5802887667737717,Ted Strickland,Rob Portman,Rob Portman,R,Ted Strickland,0.01731264620878708,Tom Connors,258689,5374164,"{""Tom Connors"": {""party"": ""Independent"", ""votes"": 93041, ""pct"": 1.73}, ""Joseph R. DeMare"": {""party"": ""Green"", ""votes"": 88246, ""pct"": 1.64}, ""Scott Rupert"": {""party"": ""Independent"", ""votes"": 77291, ""pct"": 1.44}, ""James Stahl"": {""party"": ""Independent"", ""votes"": 111, ""pct"": 0.0}}",0,0,0,-0.208713206370,0,0.106112687652,0,-0.314825894022,0,0.04813567282278695,0.035239951912578005,0.012895720910208942,-0.21926780992967418,0.0,0.1099886835715689,0.0,-0.3292564935012431,0.0,red,R+20.9,0,D+10.6,0,R+31.5,0,1.73%,4.81%,3.52%,1.29%,R+21.9,0,D+11.0,0,R+32.9,0,93041,,https://en.wikipedia.org/wiki/2016_United_States_Senate_election_in_Ohio,"{""Rob Portman"": {""party"": ""Republican"", ""votes"": 3118567, ""pct"": 58.03}, ""Ted Strickland"": {""party"": ""Democratic"", ""votes"": 1996908, ""pct"": 37.16}, ""Tom Connors"": {""party"": ""Independent"", ""votes"": 93041, ""pct"": 1.73}, ""Joseph R. DeMare"": {""party"": ""Green"", ""votes"": 88246, ""pct"": 1.64}, ""Scott Rupert"": {""party"": ""Independent"", ""votes"": 77291, ""pct"": 1.44}, ""James Stahl"": {""party"": ""Independent"", ""votes"": 111, ""pct"": 0.0}}"
2016,Oklahoma,OK,III,regular,General,"United States Senate election in Oklahoma, 2016",355911,980892,111244,0.24578691161267555,0.677389615116084,Mike Workman,James Lankford,James Lankford,R,Mike Workman,0.029985905153631063,Robert T. Murphy,111244,1448047,"{""Robert T. Murphy"": {""party"": ""Libertarian"", ""votes"": 43421, ""pct"": 3.0}, ""Sean Braddy"": {""party"": ""Independent"", ""votes"": 40405, ""pct"": 2.79}, ""Mark T. Beard"": {""party"": ""Independent"", ""votes"": 27418, ""pct"": 1.89}}",0,0,0,-0.431602703503,0,0.106112687652,0,-0.537715391155,0,0.0768234732712405,0.035239951912578005,0.0415835213586625,-0.46751914829634583,0.0,0.1099886835715689,0.0,-0.5775078318679148,0.0,red,R+43.2,0,D+10.6,0,R+53.8,0,3.00%,7.68%,3.52%,4.16%,R+46.8,0,D+11.0,0,R+57.8,0,43421,,https://en.wikipedia.org/wiki/2016_United_States_Senate_election_in_Oklahoma,"{""James Lankford"": {""party"": ""Republican"", ""votes"": 980892, ""pct"": 67.74}, ""Mike Workman"": {""party"": ""Democratic"", ""votes"": 355911, ""pct"": 24.58}, ""Robert T. Murphy"": {""party"": ""Libertarian"", ""votes"": 43421, ""pct"": 3.0}, ""Sean Braddy"": {""party"": ""Independent"", ""votes"": 40405, ""pct"": 2.79}, ""Mark T. Beard"": {""party"": ""Independent"", ""votes"": 27418, ""pct"": 1.89}}"
2016,Oregon,OR,III,regular,General,"United States Senate election in Oregon, 2016",1105119,651106,196253,0.5660084262153018,0.3334767408390773,Ronald Wyden,Mark Callahan,Ronald Wyden,D,Mark Callahan,0.03171098470763819,Shanti Lewallen,196253,1952478,"{""Shanti Lewallen"": {""party"": ""Working Families"", ""votes"": 61915, ""pct"": 3.17}, ""Steven Reynolds"": {""party"": ""Independent Party"", ""votes"": 59516, ""pct"": 3.05}, ""Eric Navickas"": {""party"": ""Pacific Green"", ""votes"": 48823, ""pct"": 2.5}, ""Jim Lindsay"": {""party"": ""Libertarian"", ""votes"": 23941, ""pct"": 1.23}, ""Write-ins"": {""party"": ""n/a"", ""votes"": 2058, ""pct"": 0.1}}",0,0,0,0.232531685376,0,0.106112687652,0,0.126418997725,0,0.1005148329456209,0.035239951912578005,0.0652748810330429,0.2585164201625646,0.0,0.1099886835715689,0.0,0.14852773659099572,0.0,deepskyblue,D+23.3,0,D+10.6,0,D+12.6,0,3.17%,10.05%,3.52%,6.53%,D+25.9,0,D+11.0,0,D+14.9,0,61915,,https://en.wikipedia.org/wiki/2016_United_States_Senate_election_in_Oregon,"{""Ronald Wyden"": {""party"": ""Democratic"", ""votes"": 1105119, ""pct"": 56.6}, ""Mark Callahan"": {""party"": ""Republican"", ""votes"": 651106, ""pct"": 33.35}, ""Shanti Lewallen"": {""party"": ""Working Families"", ""votes"": 61915, ""pct"": 3.17}, ""Steven Reynolds"": {""party"": ""Independent Party"", ""votes"": 59516, ""pct"": 3.05}, ""Eric Navickas"": {""party"": ""Pacific Green"", ""votes"": 48823, ""pct"": 2.5}, ""Jim Lindsay"": {""party"": ""Libertarian"", ""votes"": 23941, ""pct"": 1.23}, ""Write-ins"": {""party"": ""n/a"", ""votes"": 2058, ""pct"": 0.1}}"
2016,Pennsylvania,PA,III,regular,General,"United States Senate election in Pennsylvania, 2016",2865012,2951702,241797,0.4728904511356008,0.48719924747186233,Katie McGinty,Pat Toomey,Pat Toomey,R,Katie McGinty,0.03881184667321723,Edward T. Clifford III,241797,6058511,"{""Edward T. Clifford III"": {""party"": ""Libertarian"", ""votes"": 235142, ""pct"": 3.88}, ""Write-in"": {""party"": ""Write-in"", ""votes"": 6655, ""pct"": 0.11}}",0,0,0,-0.014308796336,0,0.106112687652,0,-0.120421483988,0,0.03991030139253688,0.035239951912578005,0.0046703494799588754,-0.014903603649758266,0.0,0.1099886835715689,0.0,-0.12489228722132716,0.0,red,R+1.4,0,D+10.6,0,R+12.0,0,3.88%,3.99%,3.52%,0.47%,R+1.5,0,D+11.0,0,R+12.5,0,235142,,https://en.wikipedia.org/wiki/2016_United_States_Senate_election_in_Pennsylvania,"{""Pat Toomey"": {""party"": ""Republican"", ""votes"": 2951702, ""pct"": 48.72}, ""Katie McGinty"": {""party"": ""Democratic"", ""votes"": 2865012, ""pct"": 47.29}, ""Edward T. Clifford III"": {""party"": ""Libertarian"", ""votes"": 235142, ""pct"": 3.88}, ""Write-in"": {""party"": ""Write-in"", ""votes"": 6655, ""pct"": 0.11}}"
2016,South Carolina,SC,III,regular,General,"United States Senate election in South Carolina, 2016",757022,1241609,51262,0.3692982999600467,0.6056945411297078,Thomas Dixon,Tim Scott,Tim Scott,R,Thomas Dixon,0.018284856819355936,Bill Bledsoe,51262,2049893,"{""Bill Bledsoe"": {""party"": ""Libertarian"", ""votes"": 37482, ""pct"": 1.83}, ""Michael Scarborough"": {""party"": ""American"", ""votes"": 11923, ""pct"": 0.58}, ""Write-ins"": {""party"": ""n/a"", ""votes"": 1857, ""pct"": 0.09}}",0,0,0,-0.236396241170,0,0.106112687652,0,-0.342508928821,0,0.025007158910245558,0.035239951912578005,-0.010232793002332447,-0.24245946350276765,0.0,0.1099886835715689,0.0,-0.3524481470743365,0.0,red,R+23.6,0,D+10.6,0,R+34.3,0,1.83%,2.50%,3.52%,-1.02%,R+24.2,0,D+11.0,0,R+35.2,0,37482,,https://en.wikipedia.org/wiki/2016_United_States_Senate_election_in_South_Carolina,"{""Tim Scott"": {""party"": ""Republican"", ""votes"": 1241609, ""pct"": 60.57}, ""Thomas Dixon"": {""party"": ""Democratic"", ""votes"": 757022, ""pct"": 36.93}, ""Bill Bledsoe"": {""party"": ""Libertarian"", ""votes"": 37482, ""pct"": 1.83}, ""Michael Scarborough"": {""party"": ""American"", ""votes"": 11923, ""pct"": 0.58}, ""Write-ins"": {""party"": ""n/a"", ""votes"": 1857, ""pct"": 0.09}}"
2016,South Dakota,SD,III,regular,General,"United States Senate election in South Dakota, 2016",104140,265516,0,0.28172138420585624,0.7182786157941438,Jay Williams,John Thune,John Thune,R,Jay Williams,0.0,None,0,369656,{},0,0,0,-0.436557231588,0,0.106112687652,0,-0.542669919240,0,0.0,0.035239951912578005,-0.035239951912578005,-0.43655723158828746,0.0,0.1099886835715689,0.0,-0.5465459151598564,0.0,red,R+43.7,0,D+10.6,0,R+54.3,0,0.00%,0.00%,3.52%,-3.52%,R+43.7,0,D+11.0,0,R+54.7,0,0,,https://en.wikipedia.org/wiki/2016_United_States_Senate_election_in_South_Dakota,"{""John Thune"": {""party"": ""Republican"", ""votes"": 265516, ""pct"": 71.83}, ""Jay Williams"": {""party"": ""Democratic"", ""votes"": 104140, ""pct"": 28.17}}"
2016,Utah,UT,III,regular,General,"United States Senate election in Utah, 2016",301860,760241,53507,0.27057891302321246,0.6814588995417745,Misty Snow,Mike Lee,Mike Lee,R,Misty Snow,0.02450681601422722,Stoney Fonua,53507,1115608,"{""Stoney Fonua"": {""party"": ""Independent American"", ""votes"": 27340, ""pct"": 2.45}, ""Bill Barron"": {""party"": ""Independent"", ""votes"": 26167, ""pct"": 2.34}}",0,0,0,-0.410879986519,0,0.106112687652,0,-0.516992674170,0,0.047962187435013015,0.035239951912578005,0.01272223552243501,-0.4315794825539191,0.0,0.1099886835715689,0.0,-0.541568166125488,0.0,red,R+41.1,0,D+10.6,0,R+51.7,0,2.45%,4.80%,3.52%,1.27%,R+43.2,0,D+11.0,0,R+54.2,0,27340,,https://en.wikipedia.org/wiki/2016_United_States_Senate_election_in_Utah,"{""Mike Lee"": {""party"": ""Republican"", ""votes"": 760241, ""pct"": 68.15}, ""Misty Snow"": {""party"": ""Democratic"", ""votes"": 301860, ""pct"": 27.06}, ""Stoney Fonua"": {""party"": ""Independent American"", ""votes"": 27340, ""pct"": 2.45}, ""Bill Barron"": {""party"": ""Independent"", ""votes"": 26167, ""pct"": 2.34}}"
2016,Vermont,VT,III,regular,General,"United States Senate election in Vermont, 2016",192243,103637,17929,0.6126114929782128,0.33025502773980353,Patrick Leahy,Scott Milne,Patrick Leahy,D,Scott Milne,0.029176983451717445,Cris Ericson,17929,313809,"{""Cris Ericson"": {""party"": ""Marijuana"", ""votes"": 9156, ""pct"": 2.92}, ""Jerry Trudell"": {""party"": ""Independent"", ""votes"": 5223, ""pct"": 1.66}, ""Peter Diamondstone"": {""party"": ""Liberty Union"", ""votes"": 3241, ""pct"": 1.03}, ""Write-in"": {""party"": ""Write-in"", ""votes"": 309, ""pct"": 0.1}}",0,0,0,0.282356465238,0,0.106112687652,0,0.176243777587,0,0.057133479281983625,0.035239951912578005,0.02189352736940562,0.2994659997296201,0.0,0.1099886835715689,0.0,0.18947731615805125,0.0,deepskyblue,D+28.2,0,D+10.6,0,D+17.6,0,2.92%,5.71%,3.52%,2.19%,D+29.9,0,D+11.0,0,D+18.9,0,9156,,https://en.wikipedia.org/wiki/2016_United_States_Senate_election_in_Vermont,"{""Patrick Leahy"": {""party"": ""Democratic"", ""votes"": 192243, ""pct"": 61.26}, ""Scott Milne"": {""party"": ""Republican"", ""votes"": 103637, ""pct"": 33.03}, ""Cris Ericson"": {""party"": ""Marijuana"", ""votes"": 9156, ""pct"": 2.92}, ""Jerry Trudell"": {""party"": ""Independent"", ""votes"": 5223, ""pct"": 1.66}, ""Peter Diamondstone"": {""party"": ""Liberty Union"", ""votes"": 3241, ""pct"": 1.03}, ""Write-in"": {""party"": ""Write-in"", ""votes"": 309, ""pct"": 0.1}}"
2016,Washington,WA,III,regular,General,"United States Senate election in Washington, 2016",1913979,1329338,0,0.5901301044578745,0.40986989554212555,Patty Murray,Chris Vance,Patty Murray,D,Chris Vance,0.0,None,0,3243317,{},0,0,0,0.180260208916,0,0.106112687652,0,0.074147521264,0,0.0,0.035239951912578005,-0.035239951912578005,0.1802602089157489,0.0,0.1099886835715689,0.0,0.07027152534418,0.0,deepskyblue,D+18.0,0,D+10.6,0,D+7.4,0,0.00%,0.00%,3.52%,-3.52%,D+18.0,0,D+11.0,0,D+7.0,0,0,,https://en.wikipedia.org/wiki/2016_United_States_Senate_election_in_Washington,"{""Patty Murray"": {""party"": ""Democratic"", ""votes"": 1913979, ""pct"": 59.01}, ""Chris Vance"": {""party"": ""Republican"", ""votes"": 1329338, ""pct"": 40.99}}"
2016,Wisconsin,WI,III,regular,General,2016 United States Senate election in Wisconsin,1380335,1479471,88935,0.46810994929700506,0.5017297212607007,Russ Feingold,Ron Johnson,Ron Johnson,R,Russ Feingold,0.029684194033996202,Phil Anderson,88935,2948741,"{""Phil Anderson"": {""party"": ""Libertarian"", ""votes"": 87531, ""pct"": 2.97}, ""Write-in"": {""party"": ""Write-in"", ""votes"": 1404, ""pct"": 0.05}}",0,0,0,-0.033619771964,0,0.106112687652,0,-0.139732459615,0,0.030160329442294187,0.035239951912578005,-0.005079622470283818,-0.0346652884846035,0.0,0.1099886835715689,0.0,-0.1446539720561724,0.0,red,R+3.4,0,D+10.6,0,R+14.0,0,2.97%,3.02%,3.52%,-0.51%,R+3.5,0,D+11.0,0,R+14.5,0,87531,,https://en.wikipedia.org/wiki/2016_United_States_Senate_election_in_Wisconsin,"{""Ron Johnson"": {""party"": ""Republican"", ""votes"": 1479471, ""pct"": 50.17}, ""Russ Feingold"": {""party"": ""Democratic"", ""votes"": 1380335, ""pct"": 46.81}, ""Phil Anderson"": {""party"": ""Libertarian"", ""votes"": 87531, ""pct"": 2.97}, ""Write-in"": {""party"": ""Write-in"", ""votes"": 1404, ""pct"": 0.05}}"
2018,United States,NATIONAL,,national,Aggregate,National aggregate,50775429,33411757,1973021,0.5893141482355073,0.3877864058520658,Democratic total,Republican total,Democratic Party,D,Republican Party,0.0,Various,1973021,86160207,{},-1118697,-8198000,-10759108,0.201527742383,0.095415054732,0.201527742383,0.095415054732,0.000000000000,0.000000000000,0.022899445912426836,0.022899445912426836,0.0,0.20625077075268913,0.09626208718112024,0.20625077075268913,0.09626208718112024,0.0,0.0,transparent,D+20.2,D+9.5,D+20.2,D+9.5,EVEN,EVEN,0.00%,2.29%,2.29%,0.00%,D+20.6,D+9.6,D+20.6,D+9.6,EVEN,EVEN,0,,,{}
2018,Arizona,AZ,I,regular,General,"United States Senate election in Arizona, 2018",1191100,1135200,58008,0.49955794301742895,0.4761129854028926,Kyrsten Sinema,Martha McSally,Kyrsten Sinema,D,Martha McSally,0.02409168614122001,Angela Green,58008,2384308,"{""Angela Green"": {""party"": ""Green"", ""votes"": 57442, ""pct"": 2.41}, ""Write-in"": {""party"": ""Write-in"", ""votes"": 566, ""pct"": 0.02}}",0,0,0,0.023444957615,0,0.201527742383,0.095415054732,-0.178082784769,0,0.024329071579678466,0.022899445912426836,0.0014296256672516293,0.024029574861367836,0.0,0.20625077075268913,0.09626208718112024,-0.1822211958913213,0.0,deepskyblue,D+2.3,0,D+20.2,D+9.5,R+17.8,0,2.41%,2.43%,2.29%,0.14%,D+2.4,0,D+20.6,D+9.6,R+18.2,0,57442,,https://en.wikipedia.org/wiki/2018_United_States_Senate_election_in_Arizona,"{""Kyrsten Sinema"": {""party"": ""Democratic"", ""votes"": 1191100, ""pct"": 49.96}, ""Martha McSally"": {""party"": ""Republican"", ""votes"": 1135200, ""pct"": 47.61}, ""Angela Green"": {""party"": ""Green"", ""votes"": 57442, ""pct"": 2.41}, ""Write-in"": {""party"": ""Write-in"", ""votes"": 566, ""pct"": 0.02}}"
2018,California,CA,I,regular,General,"United States Senate election in California, 2018",11113364,0,0,1.0,0.0,Dianne Feinstein,None,Dianne Feinstein,D,Kevin de León,0.0,None,0,11113364,{},0,0,0,1.000000000000,0,0.201527742383,0.095415054732,0.798472257617,0,0.0,0.022899445912426836,-0.022899445912426836,1.0,0.0,0.20625077075268913,0.09626208718112024,0.7937492292473108,0.0,deepskyblue,D+100.0,0,D+20.2,D+9.5,D+79.8,0,0.00%,0.00%,2.29%,-2.29%,D+100.0,0,D+20.6,D+9.6,D+79.4,0,0,,https://en.wikipedia.org/wiki/2018_United_States_Senate_election_in_California,"{""Dianne Feinstein"": {""party"": ""Democratic"", ""votes"": 6019422, ""pct"": 54.16}, ""Kevin de León"": {""party"": ""Democratic"", ""votes"": 5093942, ""pct"": 45.84}}"
2018,Connecticut,CT,I,regular,General,"United States Senate election in Connecticut, 2018",825579,545717,15544,0.5952950592714372,0.3934967263707421,Chris Murphy,Matthew Corey,Chris Murphy,D,Matthew Corey,0.006372761097170546,Richard Lion,15544,1386840,"{""Richard Lion"": {""party"": ""Libertarian"", ""votes"": 8838, ""pct"": 0.64}, ""Jeff Russell"": {""party"": ""Green"", ""votes"": 6618, ""pct"": 0.48}, ""Write-in"": {""party"": ""Write-in"", ""votes"": 88, ""pct"": 0.0}}",0,0,0,0.201798332901,0,0.201527742383,0.095415054732,0.000270590517,0,0.011208214357820658,0.022899445912426836,-0.011691231554606179,0.2040857699577626,0.0,0.20625077075268913,0.09626208718112024,-0.0021650007949265415,0.0,deepskyblue,D+20.2,0,D+20.2,D+9.5,D+0.0,0,0.64%,1.12%,2.29%,-1.17%,D+20.4,0,D+20.6,D+9.6,R+0.2,0,8838,,https://en.wikipedia.org/wiki/2018_United_States_Senate_election_in_Connecticut,"{""Chris Murphy"": {""party"": ""Democratic"", ""votes"": 825579, ""pct"": 59.53}, ""Matthew Corey"": {""party"": ""Republican"", ""votes"": 545717, ""pct"": 39.35}, ""Richard Lion"": {""party"": ""Libertarian"", ""votes"": 8838, ""pct"": 0.64}, ""Jeff Russell"": {""party"": ""Green"", ""votes"": 6618, ""pct"": 0.48}, ""Write-in"": {""party"": ""Write-in"", ""votes"": 88, ""pct"": 0.0}}"
2018,Delaware,DE,I,regular,General,"United States Senate election in Delaware, 2018",217385,137127,8080,0.5995306018886242,0.37818539846438975,Tom Carper,Rob Arlett,Tom Carper,D,Rob Arlett,0.011500529520783691,Demitri Theodoropoulos,8080,362592,"{""Demitri Theodoropoulos"": {""party"": ""Green"", ""votes"": 4170, ""pct"": 1.15}, ""Nadine Frost"": {""party"": ""Libertarian"", ""votes"": 3910, ""pct"": 1.09}}",0,0,0,0.221345203424,0,0.201527742383,0.095415054732,0.019817461041,0,0.022283999646986144,0.022899445912426836,-0.0006154462654406924,0.2263900798844609,0.0,0.20625077075268913,0.09626208718112024,0.020139309131771754,0.0,deepskyblue,D+22.1,0,D+20.2,D+9.5,D+2.0,0,1.15%,2.23%,2.29%,-0.06%,D+22.6,0,D+20.6,D+9.6,D+2.0,0,4170,,https://en.wikipedia.org/wiki/2018_United_States_Senate_election_in_Delaware,"{""Tom Carper"": {""party"": ""Democratic"", ""votes"": 217385, ""pct"": 59.95}, ""Rob Arlett"": {""party"": ""Republican"", ""votes"": 137127, ""pct"": 37.81}, ""Demitri Theodoropoulos"": {""party"": ""Green"", ""votes"": 4170, ""pct"": 1.15}, ""Nadine Frost"": {""party"": ""Libertarian"", ""votes"": 3910, ""pct"": 1.09}}"
2018,Florida,FL,I,regular,General,"United States Senate election in Florida, 2018",4089472,4099505,1028,0.49932472568698066,0.5005497554641297,Bill Nelson,Rick Scott,Rick Scott,R,Bill Nelson,0.00012551884888959165,Write-in,1028,8190005,"{""Write-in"": {""party"": ""Write-in"", ""votes"": 1028, ""pct"": 0.01}}",0,0,0,-0.001225029777,0,0.201527742383,0.095415054732,-0.202752772161,0,0.00012551884888959165,0.022899445912426836,-0.022773927063537244,-0.0012251835607793257,0.0,0.20625077075268913,0.09626208718112024,-0.20747595431346846,0.0,red,R+0.1,0,D+20.2,D+9.5,R+20.3,0,0.01%,0.01%,2.29%,-2.28%,R+0.1,0,D+20.6,D+9.6,R+20.7,0,1028,,https://en.wikipedia.org/wiki/2018_United_States_Senate_election_in_Florida,"{""Rick Scott"": {""party"": ""Republican"", ""votes"": 4099505, ""pct"": 50.05}, ""Bill Nelson"": {""party"": ""Democratic"", ""votes"": 4089472, ""pct"": 49.93}, ""Write-in"": {""party"": ""Write-in"", ""votes"": 1028, ""pct"": 0.01}}"
2018,Hawaii,HI,I,regular,General,"United States Senate election in Hawaii, 2018",276316,112035,0,0.7115109784705074,0.28848902152949263,Mazie Hirono,Ron Curtis,Mazie Hirono,D,Ron Curtis,0.0,None,0,388351,{},0,0,0,0.423021956941,0,0.201527742383,0.095415054732,0.221494214558,0,0.0,0.022899445912426836,-0.022899445912426836,0.4230219569410147,0.0,0.20625077075268913,0.09626208718112024,0.21677118618832555,0.0,deepskyblue,D+42.3,0,D+20.2,D+9.5,D+22.1,0,0.00%,0.00%,2.29%,-2.29%,D+42.3,0,D+20.6,D+9.6,D+21.7,0,0,,https://en.wikipedia.org/wiki/2018_United_States_Senate_election_in_Hawaii,"{""Mazie Hirono"": {""party"": ""Democratic"", ""votes"": 276316, ""pct"": 71.15}, ""Ron Curtis"": {""party"": ""Republican"", ""votes"": 112035, ""pct"": 28.85}}"
2018,Indiana,IN,I,regular,General,"United States Senate election in Indiana, 2018",1023553,1158000,101012,0.44842227932172796,0.507323997345092,Joe Donnelly,Mike Braun,Mike Braun,R,Joe Donnelly,0.044223056079454474,Lucy Brenton,101012,2282565,"{""Lucy Brenton"": {""party"": ""Libertarian"", ""votes"": 100942, ""pct"": 4.42}, ""Write-in"": {""party"": ""Write-in"", ""votes"": 70, ""pct"": 0.0}}",0,0,0,-0.058901718023,0,0.201527742383,0.095415054732,-0.260429460407,0,0.04425372333318,0.022899445912426836,0.021354277420753163,-0.06162903216195068,0.0,0.20625077075268913,0.09626208718112024,-0.2678798029146398,0.0,red,R+5.9,0,D+20.2,D+9.5,R+26.0,0,4.42%,4.43%,2.29%,2.14%,R+6.2,0,D+20.6,D+9.6,R+26.8,0,100942,,https://en.wikipedia.org/wiki/2018_United_States_Senate_election_in_Indiana,"{""Mike Braun"": {""party"": ""Republican"", ""votes"": 1158000, ""pct"": 50.73}, ""Joe Donnelly"": {""party"": ""Democratic"", ""votes"": 1023553, ""pct"": 44.84}, ""Lucy Brenton"": {""party"": ""Libertarian"", ""votes"": 100942, ""pct"": 4.42}, ""Write-in"": {""party"": ""Write-in"", ""votes"": 70, ""pct"": 0.0}}"
2018,Massachusetts,MA,I,regular,General,"United States Senate election in Massachusetts, 2018",1633371,979210,94509,0.6033678230129031,0.3617205190813752,Elizabeth Warren,Geoff Diehl,Elizabeth Warren,D,Geoff Diehl,0.033877706319331825,Shiva Ayyadurai,94509,2707090,"{""Shiva Ayyadurai"": {""party"": ""Independent"", ""votes"": 91710, ""pct"": 3.39}, ""Write-in"": {""party"": ""Write-in"", ""votes"": 2799, ""pct"": 0.1}}",0,0,0,0.241647303932,0,0.201527742383,0.095415054732,0.040119561548,0,0.03491165790572164,0.022899445912426836,0.012012211993294806,0.250388791773346,0.0,0.20625077075268913,0.09626208718112024,0.044138021020656865,0.0,deepskyblue,D+24.2,0,D+20.2,D+9.5,D+4.0,0,3.39%,3.49%,2.29%,1.20%,D+25.0,0,D+20.6,D+9.6,D+4.4,0,91710,,https://en.wikipedia.org/wiki/2018_United_States_Senate_election_in_Massachusetts,"{""Elizabeth Warren"": {""party"": ""Democratic"", ""votes"": 1633371, ""pct"": 60.34}, ""Geoff Diehl"": {""party"": ""Republican"", ""votes"": 979210, ""pct"": 36.17}, ""Shiva Ayyadurai"": {""party"": ""Independent"", ""votes"": 91710, ""pct"": 3.39}, ""Write-in"": {""party"": ""Write-in"", ""votes"": 2799, ""pct"": 0.1}}"
2018,Maryland,MD,I,regular,General,2018 United States Senate election in Maryland,1491614,697017,111258,0.6485591261143473,0.3030654957695784,Ben Cardin,Tony Campbell,Ben Cardin,D,Tony Campbell,0.03737745604244379,Neal Simon,111258,2299889,"{""Neal Simon"": {""party"": ""Independent"", ""votes"": 85964, ""pct"": 3.74}, ""Arvin Vohra"": {""party"": ""Libertarian"", ""votes"": 22943, ""pct"": 1.0}, ""Write-in"": {""party"": ""Write-in"", ""votes"": 2351, ""pct"": 0.1}}",0,0,0,0.345493630345,0,0.201527742383,0.095415054732,0.143965887961,0,0.0483753781160743,0.022899445912426836,0.025475932203647463,0.3630566322052461,0.0,0.20625077075268913,0.09626208718112024,0.15680586145255695,0.0,deepskyblue,D+34.5,0,D+20.2,D+9.5,D+14.4,0,3.74%,4.84%,2.29%,2.55%,D+36.3,0,D+20.6,D+9.6,D+15.7,0,85964,,https://en.wikipedia.org/wiki/2018_United_States_Senate_election_in_Maryland,"{""Ben Cardin"": {""party"": ""Democratic"", ""votes"": 1491614, ""pct"": 64.86}, ""Tony Campbell"": {""party"": ""Republican"", ""votes"": 697017, ""pct"": 30.31}, ""Neal Simon"": {""party"": ""Independent"", ""votes"": 85964, ""pct"": 3.74}, ""Arvin Vohra"": {""party"": ""Libertarian"", ""votes"": 22943, ""pct"": 1.0}, ""Write-in"": {""party"": ""Write-in"", ""votes"": 2351, ""pct"": 0.1}}"
2018,Maine,ME,I,regular,General,"United States Senate election in Maine, 2018",66268,223502,344639,0.10445627347657425,0.35229954177825346,Zak Ringelstein,Eric Brakey,Angus King,T,Eric Brakey,0.5431433034525046,Angus King,344639,634409,"{""Angus King"": {""party"": ""Independent"", ""votes"": 344575, ""pct"": 54.31}, ""Write-in"": {""party"": ""Write-in"", ""votes"": 64, ""pct"": 0.01}}",0,0,0,-0.247843268302,0,0.201527742383,0.095415054732,-0.449371010685,0,0.5432441847451723,0.022899445912426836,0.5203447388327455,-0.5426165579597612,0.0,0.20625077075268913,0.09626208718112024,-0.7488673287124503,0.0,yellow,R+24.8,0,D+20.2,D+9.5,R+44.9,0,54.31%,54.32%,2.29%,52.03%,R+54.3,0,D+20.6,D+9.6,R+74.9,0,344575,,https://en.wikipedia.org/wiki/2018_United_States_Senate_election_in_Maine,"{""Angus King"": {""party"": ""Independent"", ""votes"": 344575, ""pct"": 54.31}, ""Eric Brakey"": {""party"": ""Republican"", ""votes"": 223502, ""pct"": 35.23}, ""Zak Ringelstein"": {""party"": ""Democratic"", ""votes"": 66268, ""pct"": 10.45}, ""Write-in"": {""party"": ""Write-in"", ""votes"": 64, ""pct"": 0.01}}"
2018,Michigan,MI,I,regular,General,2018 United States Senate election in Michigan,2214478,1938818,83975,0.5226189214709184,0.45756289838436104,Debbie Stabenow,John James,Debbie Stabenow,D,John James,0.009488182370209505,Marcia Squier,83975,4237271,"{""Marcia Squier"": {""party"": ""Green"", ""votes"": 40204, ""pct"": 0.95}, ""George Huffman III"": {""party"": ""Constitution"", ""votes"": 27251, ""pct"": 0.65}, ""John Howard Wilhelm"": {""party"": ""Natural Law"", ""votes"": 16502, ""pct"": 0.39}, ""Write-in"": {""party"": ""Write-in"", ""votes"": 18, ""pct"": 0.01}}",0,0,0,0.065056023087,0,0.201527742383,0.095415054732,-0.136471719297,0,0.019818180144720504,0.022899445912426836,-0.0030812657677063322,0.06637138311355607,0.0,0.20625077075268913,0.09626208718112024,-0.13987938763913305,0.0,deepskyblue,D+6.5,0,D+20.2,D+9.5,R+13.6,0,0.95%,1.98%,2.29%,-0.31%,D+6.6,0,D+20.6,D+9.6,R+14.0,0,40204,,https://en.wikipedia.org/wiki/2018_United_States_Senate_election_in_Michigan,"{""Debbie Stabenow"": {""party"": ""Democratic"", ""votes"": 2214478, ""pct"": 52.26}, ""John James"": {""party"": ""Republican"", ""votes"": 1938818, ""pct"": 45.76}, ""Marcia Squier"": {""party"": ""Green"", ""votes"": 40204, ""pct"": 0.95}, ""George Huffman III"": {""party"": ""Constitution"", ""votes"": 27251, ""pct"": 0.65}, ""John Howard Wilhelm"": {""party"": ""Natural Law"", ""votes"": 16502, ""pct"": 0.39}, ""Write-in"": {""party"": ""Write-in"", ""votes"": 18, ""pct"": 0.01}}"
2018,Minnesota,MN,I,regular,General,"United States Senate election in Minnesota, 2018",1566174,940437,90268,0.6030985656243514,0.3621412472433255,Amy Klobuchar,Jim Newberger,Amy Klobuchar,D,Jim Newberger,0.025506001627338046,Dennis Schuller,90268,2596879,"{""Dennis Schuller"": {""party"": ""Legal Marijuana Now"", ""votes"": 66236, ""pct"": 2.55}, ""Paula Overby"": {""party"": ""Green"", ""votes"": 23101, ""pct"": 0.89}, ""Write-in"": {""party"": ""Write-in"", ""votes"": 931, ""pct"": 0.04}}",0,0,0,0.240957318381,0,0.201527742383,0.095415054732,0.039429575998,0,0.03476018713232307,0.022899445912426836,0.01186074121989623,0.24963466608899426,0.0,0.20625077075268913,0.09626208718112024,0.04338389533630513,0.0,deepskyblue,D+24.1,0,D+20.2,D+9.5,D+3.9,0,2.55%,3.48%,2.29%,1.19%,D+25.0,0,D+20.6,D+9.6,D+4.3,0,66236,,https://en.wikipedia.org/wiki/2018_United_States_Senate_election_in_Minnesota,"{""Amy Klobuchar"": {""party"": ""Democratic (DFL)"", ""votes"": 1566174, ""pct"": 60.31}, ""Jim Newberger"": {""party"": ""Republican"", ""votes"": 940437, ""pct"": 36.21}, ""Dennis Schuller"": {""party"": ""Legal Marijuana Now"", ""votes"": 66236, ""pct"": 2.55}, ""Paula Overby"": {""party"": ""Green"", ""votes"": 23101, ""pct"": 0.89}, ""Write-in"": {""party"": ""Write-in"", ""votes"": 931, ""pct"": 0.04}}"
2018,Missouri,MO,I,regular,General,"United States Senate election in Missouri, 2018",1112935,1254927,74427,0.4556934089290825,0.5138323105905976,Claire McCaskill,Josh Hawley,Josh Hawley,R,Claire McCaskill,0.01408432826745729,Craig O'Dear,74427,2442289,"{""Craig O'Dear"": {""party"": ""Independent"", ""votes"": 34398, ""pct"": 1.41}, ""Japheth Campbell"": {""party"": ""Libertarian"", ""votes"": 27316, ""pct"": 1.12}, ""Jo Crain"": {""party"": ""Green"", ""votes"": 12706, ""pct"": 0.52}, ""Write-in"": {""party"": ""Write-in"", ""votes"": 7, ""pct"": 0.0}}",0,0,0,-0.058138901662,0,0.201527742383,0.095415054732,-0.259666644045,0,0.030474280480319898,0.022899445912426836,0.0075748345678930615,-0.0599663324974175,0.0,0.20625077075268913,0.09626208718112024,-0.2662171032501066,0.0,red,R+5.8,0,D+20.2,D+9.5,R+26.0,0,1.41%,3.05%,2.29%,0.76%,R+6.0,0,D+20.6,D+9.6,R+26.6,0,34398,,https://en.wikipedia.org/wiki/2018_United_States_Senate_election_in_Missouri,"{""Josh Hawley"": {""party"": ""Republican"", ""votes"": 1254927, ""pct"": 51.38}, ""Claire McCaskill"": {""party"": ""Democratic"", ""votes"": 1112935, ""pct"": 45.57}, ""Craig O'Dear"": {""party"": ""Independent"", ""votes"": 34398, ""pct"": 1.41}, ""Japheth Campbell"": {""party"": ""Libertarian"", ""votes"": 27316, ""pct"": 1.12}, ""Jo Crain"": {""party"": ""Green"", ""votes"": 12706, ""pct"": 0.52}, ""Write-in"": {""party"": ""Write-in"", ""votes"": 7, ""pct"": 0.0}}"
2018,Mississippi,MS,I,regular,General,2018 United States Senate election in Mississippi,369567,547619,19029,0.3947458649989586,0.5849286755713164,David Baria,Roger Wicker,Roger Wicker,R,David Baria,0.013865404848245328,Danny Bedwell,19029,936215,"{""Danny Bedwell"": {""party"": ""Libertarian"", ""votes"": 12981, ""pct"": 1.39}, ""Shawn O'Hara"": {""party"": ""Reform"", ""votes"": 6048, ""pct"": 0.65}}",0,0,0,-0.190182810572,0,0.201527742383,0.095415054732,-0.391710552956,0,0.02032545942972501,0.022899445912426836,-0.0025739864827018268,-0.19412856279969384,0.0,0.20625077075268913,0.09626208718112024,-0.400379333552383,0.0,red,R+19.0,0,D+20.2,D+9.5,R+39.2,0,1.39%,2.03%,2.29%,-0.26%,R+19.4,0,D+20.6,D+9.6,R+40.0,0,12981,,https://en.wikipedia.org/wiki/2018_United_States_Senate_election_in_Mississippi,"{""Roger Wicker"": {""party"": ""Republican"", ""votes"": 547619, ""pct"": 58.49}, ""David Baria"": {""party"": ""Democratic"", ""votes"": 369567, ""pct"": 39.47}, ""Danny Bedwell"": {""party"": ""Libertarian"", ""votes"": 12981, ""pct"": 1.39}, ""Shawn O'Hara"": {""party"": ""Reform"", ""votes"": 6048, ""pct"": 0.65}}"
2018,Montana,MT,I,regular,General,"United States Senate election in Montana, 2018",253876,235963,14545,0.5033387260499936,0.46782411813221675,Jon Tester,Matt Rosendale,Jon Tester,D,Matt Rosendale,0.02883715581778962,Rick Breckenridge,14545,504384,"{""Rick Breckenridge"": {""party"": ""Libertarian"", ""votes"": 14545, ""pct"": 2.88}}",0,0,0,0.035514607918,0,0.201527742383,0.095415054732,-0.166013134466,0,0.02883715581778962,0.022899445912426836,0.005937709905362784,0.03656915843777241,0.0,0.20625077075268913,0.09626208718112024,-0.1696816123149167,0.0,deepskyblue,D+3.6,0,D+20.2,D+9.5,R+16.6,0,2.88%,2.88%,2.29%,0.59%,D+3.7,0,D+20.6,D+9.6,R+17.0,0,14545,,https://en.wikipedia.org/wiki/2018_United_States_Senate_election_in_Montana,"{""Jon Tester"": {""party"": ""Democratic"", ""votes"": 253876, ""pct"": 50.33}, ""Matt Rosendale"": {""party"": ""Republican"", ""votes"": 235963, ""pct"": 46.78}, ""Rick Breckenridge"": {""party"": ""Libertarian"", ""votes"": 14545, ""pct"": 2.88}}"
2018,North Dakota,ND,I,regular,General,"United States Senate election in North Dakota, 2018",144376,179720,2042,0.44268377190023855,0.5510550748456176,Heidi Heitkamp,Kevin Cramer,Kevin Cramer,R,Heidi Heitkamp,0.006261153254143952,Write-in,2042,326138,"{""Write-in"": {""party"": ""Write-in"", ""votes"": 2042, ""pct"": 0.63}}",0,0,0,-0.108371302945,0,0.201527742383,0.095415054732,-0.309899045329,0,0.006261153254143952,0.022899445912426836,-0.016638292658282886,-0.10905410742496051,0.0,0.20625077075268913,0.09626208718112024,-0.31530487817764963,0.0,red,R+10.8,0,D+20.2,D+9.5,R+31.0,0,0.63%,0.63%,2.29%,-1.66%,R+10.9,0,D+20.6,D+9.6,R+31.5,0,2042,,https://en.wikipedia.org/wiki/2018_United_States_Senate_election_in_North_Dakota,"{""Kevin Cramer"": {""party"": ""Republican"", ""votes"": 179720, ""pct"": 55.11}, ""Heidi Heitkamp"": {""party"": ""Democratic–NPL"", ""votes"": 144376, ""pct"": 44.27}, ""Write-in"": {""party"": ""Write-in"", ""votes"": 2042, ""pct"": 0.63}}"
2018,Nebraska,NE,I,regular,General,2018 United States Senate election in Nebraska,269917,403151,159049,0.32437385608033487,0.4844883592091016,Jane Raybould,Deb Fischer,Deb Fischer,R,Jane Raybould,0.16011450312876674,Majority,159049,832117,"{""Majority"": {""party"": ""Majority"", ""votes"": 133234, ""pct"": 19.06}, ""Jim Schultz"": {""party"": ""Libertarian"", ""votes"": 25349, ""pct"": 3.63}, ""Write-in"": {""party"": ""Write-in"", ""votes"": 466, ""pct"": 0.07}}",0,0,0,-0.160114503129,0,0.201527742383,0.095415054732,-0.361642245512,0,0.19113778471056353,0.022899445912426836,0.16823833879813668,-0.19795028139801624,0.0,0.20625077075268913,0.09626208718112024,-0.40420105215070534,0.0,red,R+16.0,0,D+20.2,D+9.5,R+36.2,0,16.01%,19.11%,2.29%,16.82%,R+19.8,0,D+20.6,D+9.6,R+40.4,0,133234,,https://en.wikipedia.org/wiki/2018_United_States_Senate_election_in_Nebraska,"{""Deb Fischer"": {""party"": ""Republican"", ""votes"": 403151, ""pct"": 57.69}, ""Jane Raybould"": {""party"": ""Democratic"", ""votes"": 269917, ""pct"": 38.62}, ""Majority"": {""party"": ""Majority"", ""votes"": 133234, ""pct"": 19.06}, ""Jim Schultz"": {""party"": ""Libertarian"", ""votes"": 25349, ""pct"": 3.63}, ""Write-in"": {""party"": ""Write-in"", ""votes"": 466, ""pct"": 0.07}}"
2018,New Jersey,NJ,I,regular,General,"United States Senate election in New Jersey, 2018",1711654,1357355,100301,0.5400714982125446,0.42828091919061245,Bob Menendez,Bob Hugin,Bob Menendez,D,Bob Hugin,0.00793548122461987,Madelyn Hoffman,100301,3169310,"{""Madelyn Hoffman"": {""party"": ""Green"", ""votes"": 25150, ""pct"": 0.79}, ""Murray Sabrin"": {""party"": ""Libertarian"", ""votes"": 21212, ""pct"": 0.67}, ""Natalie Rivera"": {""party"": ""Independent"", ""votes"": 19897, ""pct"": 0.63}, ""Tricia Flanagan"": {""party"": ""Independent"", ""votes"": 16101, ""pct"": 0.51}, ""Kevin Kimple"": {""party"": ""Independent"", ""votes"": 9087, ""pct"": 0.29}, ""Hank Schroeder"": {""party"": ""Independent"", ""votes"": 8854, ""pct"": 0.28}}",0,0,0,0.111790579022,0,0.201527742383,0.095415054732,-0.089737163362,0,0.031647582596842846,0.022899445912426836,0.00874813668441601,0.11544410589867934,0.0,0.20625077075268913,0.09626208718112024,-0.09080666485400979,0.0,deepskyblue,D+11.2,0,D+20.2,D+9.5,R+9.0,0,0.79%,3.16%,2.29%,0.87%,D+11.5,0,D+20.6,D+9.6,R+9.1,0,25150,,https://en.wikipedia.org/wiki/2018_United_States_Senate_election_in_New_Jersey,"{""Bob Menendez"": {""party"": ""Democratic"", ""votes"": 1711654, ""pct"": 54.01}, ""Bob Hugin"": {""party"": ""Republican"", ""votes"": 1357355, ""pct"": 42.83}, ""Madelyn Hoffman"": {""party"": ""Green"", ""votes"": 25150, ""pct"": 0.79}, ""Murray Sabrin"": {""party"": ""Libertarian"", ""votes"": 21212, ""pct"": 0.67}, ""Natalie Rivera"": {""party"": ""Independent"", ""votes"": 19897, ""pct"": 0.63}, ""Tricia Flanagan"": {""party"": ""Independent"", ""votes"": 16101, ""pct"": 0.51}, ""Kevin Kimple"": {""party"": ""Independent"", ""votes"": 9087, ""pct"": 0.29}, ""Hank Schroeder"": {""party"": ""Independent"", ""votes"": 8854, ""pct"": 0.28}}"
2018,New Mexico,NM,I,regular,General,2018 United States Senate election in New Mexico,376998,212813,107201,0.540877345009842,0.3053218595949568,Martin Heinrich,Mick Rich,Martin Heinrich,D,Mick Rich,0.15380079539520122,Gary Johnson,107201,697012,"{""Gary Johnson"": {""party"": ""Libertarian"", ""votes"": 107201, ""pct"": 15.38}}",0,0,0,0.235555485415,0,0.201527742383,0.095415054732,0.034027743031,0,0.15380079539520122,0.022899445912426836,0.13090134948277438,0.2783688334059555,0.0,0.20625077075268913,0.09626208718112024,0.07211806265326634,0.0,deepskyblue,D+23.6,0,D+20.2,D+9.5,D+3.4,0,15.38%,15.38%,2.29%,13.09%,D+27.8,0,D+20.6,D+9.6,D+7.2,0,107201,,https://en.wikipedia.org/wiki/2018_United_States_Senate_election_in_New_Mexico,"{""Martin Heinrich"": {""party"": ""Democratic"", ""votes"": 376998, ""pct"": 54.09}, ""Mick Rich"": {""party"": ""Republican"", ""votes"": 212813, ""pct"": 30.53}, ""Gary Johnson"": {""party"": ""Libertarian"", ""votes"": 107201, ""pct"": 15.38}}"
2018,Nevada,NV,I,regular,General,"United States Senate election in Nevada, 2018",490071,441202,40859,0.5041198108898791,0.4538498886982426,Jacky Rosen,Dean Heller,Jacky Rosen,D,Dean Heller,0.01574168940020491,None of These Candidates,40859,972132,"{""None of These Candidates"": {""party"": ""None of These Candidates"", ""votes"": 15303, ""pct"": 1.57}, ""Barry Michaels"": {""party"": ""Independent"", ""votes"": 9269, ""pct"": 0.95}, ""Tim Hagan"": {""party"": ""Libertarian"", ""votes"": 9196, ""pct"": 0.95}, ""Kamau Bakari"": {""party"": ""Independent American"", ""votes"": 7091, ""pct"": 0.73}}",0,0,0,0.050269922192,0,0.201527742383,0.095415054732,-0.151257820192,0,0.042030300411878226,0.022899445912426836,0.01913085449945139,0.052475482484727894,0.0,0.20625077075268913,0.09626208718112024,-0.15377528826796125,0.0,deepskyblue,D+5.0,0,D+20.2,D+9.5,R+15.1,0,1.57%,4.20%,2.29%,1.91%,D+5.2,0,D+20.6,D+9.6,R+15.4,0,15303,,https://en.wikipedia.org/wiki/2018_United_States_Senate_election_in_Nevada,"{""Jacky Rosen"": {""party"": ""Democratic"", ""votes"": 490071, ""pct"": 50.41}, ""Dean Heller"": {""party"": ""Republican"", ""votes"": 441202, ""pct"": 45.38}, ""None of These Candidates"": {""party"": ""None of These Candidates"", ""votes"": 15303, ""pct"": 1.57}, ""Barry Michaels"": {""party"": ""Independent"", ""votes"": 9269, ""pct"": 0.95}, ""Tim Hagan"": {""party"": ""Libertarian"", ""votes"": 9196, ""pct"": 0.95}, ""Kamau Bakari"": {""party"": ""Independent American"", ""votes"": 7091, ""pct"": 0.73}}"
2018,New York,NY,I,regular,General,"United States Senate election in New York, 2018",4056931,1998220,0,0.6699966689517735,0.33000333104822654,Kirsten Gillibrand,Chele Chiavacci Farley,Kirsten Gillibrand,D,Chele Chiavacci Farley,0.0,None,0,6055151,{},0,0,0,0.339993337904,0,0.201527742383,0.095415054732,0.138465595520,0,0.0,0.022899445912426836,-0.022899445912426836,0.3399933379035469,0.0,0.20625077075268913,0.09626208718112024,0.13374256715085778,0.0,deepskyblue,D+34.0,0,D+20.2,D+9.5,D+13.8,0,0.00%,0.00%,2.29%,-2.29%,D+34.0,0,D+20.6,D+9.6,D+13.4,0,0,,https://en.wikipedia.org/wiki/2018_United_States_Senate_election_in_New_York,"{""Kirsten Gillibrand"": {""party"": ""Democratic"", ""votes"": 4056931, ""pct"": 67.0}, ""Chele Chiavacci Farley"": {""party"": ""Republican"", ""votes"": 1998220, ""pct"": 33.0}}"
2018,Ohio,OH,I,regular,General,"United States Senate election in Ohio, 2018",2358508,2057559,1017,0.5339513579547049,0.46581839965008587,Sherrod Brown,Jim Renacci,Sherrod Brown,D,Jim Renacci,0.00023024239520914703,Write-in,1017,4417084,"{""Write-in"": {""party"": ""Write-in"", ""votes"": 1017, ""pct"": 0.02}}",0,0,0,0.068132958305,0,0.201527742383,0.095415054732,-0.133394784079,0,0.00023024239520914703,0.022899445912426836,-0.022669203517217688,0.06814864901279805,0.0,0.20625077075268913,0.09626208718112024,-0.1381021217398911,0.0,deepskyblue,D+6.8,0,D+20.2,D+9.5,R+13.3,0,0.02%,0.02%,2.29%,-2.27%,D+6.8,0,D+20.6,D+9.6,R+13.8,0,1017,,https://en.wikipedia.org/wiki/2018_United_States_Senate_election_in_Ohio,"{""Sherrod Brown"": {""party"": ""Democratic"", ""votes"": 2358508, ""pct"": 53.4}, ""Jim Renacci"": {""party"": ""Republican"", ""votes"": 2057559, ""pct"": 46.58}, ""Write-in"": {""party"": ""Write-in"", ""votes"": 1017, ""pct"": 0.02}}"
2018,Pennsylvania,PA,I,regular,General,"United States Senate election in Pennsylvania, 2018",2792437,2134848,82115,0.5574394139018645,0.426168403401605,Bob Casey Jr.,Lou Barletta,Bob Casey Jr.,D,Lou Barletta,0.010162294885615044,Dale Kerns,82115,5009400,"{""Dale Kerns"": {""party"": ""Libertarian"", ""votes"": 50907, ""pct"": 1.02}, ""Neal Gale"": {""party"": ""Green"", ""votes"": 31208, ""pct"": 0.62}}",0,0,0,0.131271010500,0,0.201527742383,0.095415054732,-0.070256731883,0,0.016392182696530522,0.022899445912426836,-0.006507263215896314,0.13345868972466582,0.0,0.20625077075268913,0.09626208718112024,-0.07279208102802331,0.0,deepskyblue,D+13.1,0,D+20.2,D+9.5,R+7.0,0,1.02%,1.64%,2.29%,-0.65%,D+13.3,0,D+20.6,D+9.6,R+7.3,0,50907,,https://en.wikipedia.org/wiki/2018_United_States_Senate_election_in_Pennsylvania,"{""Bob Casey Jr."": {""party"": ""Democratic"", ""votes"": 2792437, ""pct"": 55.74}, ""Lou Barletta"": {""party"": ""Republican"", ""votes"": 2134848, ""pct"": 42.62}, ""Dale Kerns"": {""party"": ""Libertarian"", ""votes"": 50907, ""pct"": 1.02}, ""Neal Gale"": {""party"": ""Green"", ""votes"": 31208, ""pct"": 0.62}}"
2018,Rhode Island,RI,I,regular,General,"United States Senate election in Rhode Island, 2018",231477,144421,840,0.614424347955343,0.3833459858044583,Sheldon Whitehouse,Robert Flanders,Sheldon Whitehouse,D,Robert Flanders,0.002229666240198759,Write-in,840,376738,"{""Write-in"": {""party"": ""Write-in"", ""votes"": 840, ""pct"": 0.22}}",0,0,0,0.231078362151,0,0.201527742383,0.095415054732,0.029550619767,0,0.002229666240198759,0.022899445912426836,-0.020669779672228078,0.2315947411265822,0.0,0.20625077075268913,0.09626208718112024,0.025343970373893077,0.0,deepskyblue,D+23.1,0,D+20.2,D+9.5,D+3.0,0,0.22%,0.22%,2.29%,-2.07%,D+23.2,0,D+20.6,D+9.6,D+2.5,0,840,,https://en.wikipedia.org/wiki/2018_United_States_Senate_election_in_Rhode_Island,"{""Sheldon Whitehouse"": {""party"": ""Democratic"", ""votes"": 231477, ""pct"": 61.44}, ""Robert Flanders"": {""party"": ""Republican"", ""votes"": 144421, ""pct"": 38.33}, ""Write-in"": {""party"": ""Write-in"", ""votes"": 840, ""pct"": 0.22}}"
2018,Tennessee,TN,I,regular,General,2018 United States Senate election in Tennessee,985450,1227483,30807,0.43919972902386195,0.5470700705072781,Phil Bredesen,Marsha Blackburn,Marsha Blackburn,R,Phil Bredesen,0.0042139463574210915,Trudy Austin,30807,2243740,"{""Trudy Austin"": {""party"": ""Independent"", ""votes"": 9455, ""pct"": 0.42}, ""Dean Hill"": {""party"": ""Independent"", ""votes"": 8717, ""pct"": 0.39}, ""Kris L. Todd"": {""party"": ""Independent"", ""votes"": 5084, ""pct"": 0.23}, ""John Carico"": {""party"": ""Independent"", ""votes"": 3398, ""pct"": 0.15}, ""Breton Phillips"": {""party"": ""Independent"", ""votes"": 2226, ""pct"": 0.1}, ""Kevin Lee McCants"": {""party"": ""Independent"", ""votes"": 1927, ""pct"": 0.09}}",0,0,0,-0.107870341483,0,0.201527742383,0.095415054732,-0.309398083867,0,0.013730200468860029,0.022899445912426836,-0.009169245443566808,-0.10937204153944109,0.0,0.20625077075268913,0.09626208718112024,-0.31562281229213024,0.0,red,R+10.8,0,D+20.2,D+9.5,R+30.9,0,0.42%,1.37%,2.29%,-0.92%,R+10.9,0,D+20.6,D+9.6,R+31.6,0,9455,,https://en.wikipedia.org/wiki/2018_United_States_Senate_election_in_Tennessee,"{""Marsha Blackburn"": {""party"": ""Republican"", ""votes"": 1227483, ""pct"": 54.71}, ""Phil Bredesen"": {""party"": ""Democratic"", ""votes"": 985450, ""pct"": 43.92}, ""Trudy Austin"": {""party"": ""Independent"", ""votes"": 9455, ""pct"": 0.42}, ""Dean Hill"": {""party"": ""Independent"", ""votes"": 8717, ""pct"": 0.39}, ""Kris L. Todd"": {""party"": ""Independent"", ""votes"": 5084, ""pct"": 0.23}, ""John Carico"": {""party"": ""Independent"", ""votes"": 3398, ""pct"": 0.15}, ""Breton Phillips"": {""party"": ""Independent"", ""votes"": 2226, ""pct"": 0.1}, ""Kevin Lee McCants"": {""party"": ""Independent"", ""votes"": 1927, ""pct"": 0.09}}"
2018,Texas,TX,I,regular,General,2018 United States Senate election in Texas,4045632,4260553,65470,0.4832535502239402,0.508926012837366,Beto O'Rourke,Ted Cruz,Ted Cruz,R,Beto O'Rourke,0.007820436938693723,Neal Dikeman,65470,8371655,"{""Neal Dikeman"": {""party"": ""Libertarian"", ""votes"": 65470, ""pct"": 0.78}}",0,0,0,-0.025672462613,0,0.201527742383,0.095415054732,-0.227200204997,0,0.007820436938693723,0.022899445912426836,-0.015079008973733113,-0.025874814972216487,0.0,0.20625077075268913,0.09626208718112024,-0.23212558572490563,0.0,red,R+2.6,0,D+20.2,D+9.5,R+22.7,0,0.78%,0.78%,2.29%,-1.51%,R+2.6,0,D+20.6,D+9.6,R+23.2,0,65470,,https://en.wikipedia.org/wiki/2018_United_States_Senate_election_in_Texas,"{""Ted Cruz"": {""party"": ""Republican"", ""votes"": 4260553, ""pct"": 50.89}, ""Beto O'Rourke"": {""party"": ""Democratic"", ""votes"": 4045632, ""pct"": 48.33}, ""Neal Dikeman"": {""party"": ""Libertarian"", ""votes"": 65470, ""pct"": 0.78}}"
2018,Utah,UT,I,regular,General,"United States Senate general election in Utah, 2018",328541,665215,69141,0.309099564680303,0.6258508585497936,Jenny Wilson,Mitt Romney,Mitt Romney,R,Jenny Wilson,0.02707129665433245,Tim Aalders,69141,1062897,"{""Tim Aalders"": {""party"": ""Constitution"", ""votes"": 28774, ""pct"": 2.71}, ""Craig Bowden"": {""party"": ""Libertarian"", ""votes"": 27607, ""pct"": 2.6}, ""Reed McCandless"": {""party"": ""Independent American"", ""votes"": 12708, ""pct"": 1.2}, ""Write-in"": {""party"": ""Write-in"", ""votes"": 52, ""pct"": 0.01}}",0,0,0,-0.316751293869,0,0.201527742383,0.095415054732,-0.518279036253,0,0.06504957676990339,0.022899445912426836,0.042150130857476556,-0.3387894010199687,0.0,0.20625077075268913,0.09626208718112024,-0.5450401717726578,0.0,red,R+31.7,0,D+20.2,D+9.5,R+51.8,0,2.71%,6.50%,2.29%,4.22%,R+33.9,0,D+20.6,D+9.6,R+54.5,0,28774,,https://en.wikipedia.org/wiki/2018_United_States_Senate_election_in_Utah,"{""Mitt Romney"": {""party"": ""Republican"", ""votes"": 665215, ""pct"": 62.59}, ""Jenny Wilson"": {""party"": ""Democratic"", ""votes"": 328541, ""pct"": 30.91}, ""Tim Aalders"": {""party"": ""Constitution"", ""votes"": 28774, ""pct"": 2.71}, ""Craig Bowden"": {""party"": ""Libertarian"", ""votes"": 27607, ""pct"": 2.6}, ""Reed McCandless"": {""party"": ""Independent American"", ""votes"": 12708, ""pct"": 1.2}, ""Write-in"": {""party"": ""Write-in"", ""votes"": 52, ""pct"": 0.01}}"
2018,Virginia,VA,I,regular,General,"United States Senate election in Virginia, 2018",1910370,1374313,66690,0.5700260758799454,0.4100746171792874,Tim Kaine,Corey Stewart,Tim Kaine,D,Corey Stewart,0.018370082948093214,Matt Waters,66690,3351373,"{""Matt Waters"": {""party"": ""Libertarian"", ""votes"": 61565, ""pct"": 1.84}, ""Write-in"": {""party"": ""Write-in"", ""votes"": 5125, ""pct"": 0.15}}",0,0,0,0.159951458701,0,0.201527742383,0.095415054732,-0.041576283683,0,0.01989930694076726,0.022899445912426836,-0.003000138971659575,0.16319900580969304,0.0,0.20625077075268913,0.09626208718112024,-0.04305176494299609,0.0,deepskyblue,D+16.0,0,D+20.2,D+9.5,R+4.2,0,1.84%,1.99%,2.29%,-0.30%,D+16.3,0,D+20.6,D+9.6,R+4.3,0,61565,,https://en.wikipedia.org/wiki/2018_United_States_Senate_election_in_Virginia,"{""Tim Kaine"": {""party"": ""Democratic"", ""votes"": 1910370, ""pct"": 57.0}, ""Corey Stewart"": {""party"": ""Republican"", ""votes"": 1374313, ""pct"": 41.01}, ""Matt Waters"": {""party"": ""Libertarian"", ""votes"": 61565, ""pct"": 1.84}, ""Write-in"": {""party"": ""Write-in"", ""votes"": 5125, ""pct"": 0.15}}"
2018,Vermont,VT,I,regular,General,"United States Senate election in Vermont, 2018",0,74815,197809,0.0,0.27442558248723514,None,Lawrence Zupan,Bernie Sanders,T,Lawrence Zupan,0.6736347496918833,Bernie Sanders,197809,272624,"{""Bernie Sanders"": {""party"": ""Independent"", ""votes"": 183649, ""pct"": 67.44}, ""Brad J. Peacock"": {""party"": ""Independent"", ""votes"": 3665, ""pct"": 1.35}, ""Russell Beste"": {""party"": ""Independent"", ""votes"": 2763, ""pct"": 1.02}, ""Edward S. Gilbert, Jr."": {""party"": ""Independent"", ""votes"": 2244, ""pct"": 0.82}, ""Folasade Adeluola"": {""party"": ""Independent"", ""votes"": 1979, ""pct"": 0.73}, ""Reid Kane"": {""party"": ""Liberty Union"", ""votes"": 1171, ""pct"": 0.43}, ""Jon Svitavsky"": {""party"": ""Independent"", ""votes"": 1130, ""pct"": 0.42}, ""Bruce Busa"": {""party"": ""Independent"", ""votes"": 914, ""pct"": 0.34}, ""Write-in"": {""party"": ""Write-in"", ""votes"": 294, ""pct"": 0.11}}",0,0,0,-0.274425582487,0,0.201527742383,0.095415054732,-0.475953324871,0,0.7255744175127649,0.022899445912426836,0.702674971600338,-1.0,0.0,0.20625077075268913,0.09626208718112024,-1.206250770752689,0.0,yellow,R+27.4,0,D+20.2,D+9.5,R+47.6,0,67.36%,72.56%,2.29%,70.27%,R+100.0,0,D+20.6,D+9.6,R+120.6,0,183649,,https://en.wikipedia.org/wiki/2018_United_States_Senate_election_in_Vermont,"{""Bernie Sanders"": {""party"": ""Independent"", ""votes"": 183649, ""pct"": 67.44}, ""Lawrence Zupan"": {""party"": ""Republican"", ""votes"": 74815, ""pct"": 27.47}, ""Brad J. Peacock"": {""party"": ""Independent"", ""votes"": 3665, ""pct"": 1.35}, ""Russell Beste"": {""party"": ""Independent"", ""votes"": 2763, ""pct"": 1.02}, ""Edward S. Gilbert, Jr."": {""party"": ""Independent"", ""votes"": 2244, ""pct"": 0.82}, ""Folasade Adeluola"": {""party"": ""Independent"", ""votes"": 1979, ""pct"": 0.73}, ""Reid Kane"": {""party"": ""Liberty Union"", ""votes"": 1171, ""pct"": 0.43}, ""Jon Svitavsky"": {""party"": ""Independent"", ""votes"": 1130, ""pct"": 0.42}, ""Bruce Busa"": {""party"": ""Independent"", ""votes"": 914, ""pct"": 0.34}, ""Write-in"": {""party"": ""Write-in"", ""votes"": 294, ""pct"": 0.11}}"
2018,Washington,WA,I,regular,General,"United States Senate election in Washington, 2018",1803364,1282804,0,0.5843375992492955,0.41566240075070443,Maria Cantwell,Susan Hutchison,Maria Cantwell,D,Susan Hutchison,0.0,None,0,3086168,{},0,0,0,0.168675198499,0,0.201527742383,0.095415054732,-0.032852543885,0,0.0,0.022899445912426836,-0.022899445912426836,0.16867519849859114,0.0,0.20625077075268913,0.09626208718112024,-0.037575572254097994,0.0,deepskyblue,D+16.9,0,D+20.2,D+9.5,R+3.3,0,0.00%,0.00%,2.29%,-2.29%,D+16.9,0,D+20.6,D+9.6,R+3.8,0,0,,https://en.wikipedia.org/wiki/2018_United_States_Senate_election_in_Washington,"{""Maria Cantwell"": {""party"": ""Democratic"", ""votes"": 1803364, ""pct"": 58.43}, ""Susan Hutchison"": {""party"": ""Republican"", ""votes"": 1282804, ""pct"": 41.57}}"
2018,Wisconsin,WI,I,regular,General,"United States Senate election in Wisconsin, 2018",1472914,1184885,2964,0.5535682809780503,0.4453177528400688,Tammy Baldwin,Leah Vukmir,Tammy Baldwin,D,Leah Vukmir,0.0011139661818809117,Write-in,2964,2660763,"{""Write-in"": {""party"": ""Write-in"", ""votes"": 2964, ""pct"": 0.11}}",0,0,0,0.108250528138,0,0.201527742383,0.095415054732,-0.093277214245,0,0.0011139661818809117,0.022899445912426836,-0.021785479730545926,0.10837125004562045,0.0,0.20625077075268913,0.09626208718112024,-0.09787952070706868,0.0,deepskyblue,D+10.8,0,D+20.2,D+9.5,R+9.3,0,0.11%,0.11%,2.29%,-2.18%,D+10.8,0,D+20.6,D+9.6,R+9.8,0,2964,,https://en.wikipedia.org/wiki/2018_United_States_Senate_election_in_Wisconsin,"{""Tammy Baldwin"": {""party"": ""Democratic"", ""votes"": 1472914, ""pct"": 55.36}, ""Leah Vukmir"": {""party"": ""Republican"", ""votes"": 1184885, ""pct"": 44.53}, ""Write-in"": {""party"": ""Write-in"", ""votes"": 2964, ""pct"": 0.11}}"
2018,West Virginia,WV,I,regular,General,"United States Senate election in West Virginia, 2018",290510,271113,24411,0.49572209120972505,0.46262332902186565,Joe Manchin,Patrick Morrisey,Joe Manchin,D,Patrick Morrisey,0.04165457976840934,Rusty Hollen,24411,586034,"{""Rusty Hollen"": {""party"": ""Libertarian"", ""votes"": 24411, ""pct"": 4.17}}",0,0,0,0.033098762188,0,0.201527742383,0.095415054732,-0.168428980196,0,0.04165457976840934,0.022899445912426836,0.018755133855982504,0.03453740320464083,0.0,0.20625077075268913,0.09626208718112024,-0.1717133675480483,0.0,deepskyblue,D+3.3,0,D+20.2,D+9.5,R+16.8,0,4.17%,4.17%,2.29%,1.88%,D+3.5,0,D+20.6,D+9.6,R+17.2,0,24411,,https://en.wikipedia.org/wiki/2018_United_States_Senate_election_in_West_Virginia,"{""Joe Manchin"": {""party"": ""Democratic"", ""votes"": 290510, ""pct"": 49.57}, ""Patrick Morrisey"": {""party"": ""Republican"", ""votes"": 271113, ""pct"": 46.26}, ""Rusty Hollen"": {""party"": ""Libertarian"", ""votes"": 24411, ""pct"": 4.17}}"
2018,Wyoming,WY,I,regular,General,"United States Senate election in Wyoming, 2018",61227,136210,5983,0.30098810343132437,0.669599842690001,Gary Trauner,John Barrasso,John Barrasso,R,Gary Trauner,0.02781437420116016,Joseph Porambo,5983,203420,"{""Joseph Porambo"": {""party"": ""Libertarian"", ""votes"": 5658, ""pct"": 2.78}, ""Write-in"": {""party"": ""Write-in"", ""votes"": 325, ""pct"": 0.16}}",0,0,0,-0.368611739259,0,0.201527742383,0.095415054732,-0.570139481642,0,0.029412053878674665,0.022899445912426836,0.006512607966247828,-0.37978190511403637,0.0,0.20625077075268913,0.09626208718112024,-0.5860326758667255,0.0,red,R+36.9,0,D+20.2,D+9.5,R+57.0,0,2.78%,2.94%,2.29%,0.65%,R+38.0,0,D+20.6,D+9.6,R+58.6,0,5658,,https://en.wikipedia.org/wiki/2018_United_States_Senate_election_in_Wyoming,"{""John Barrasso"": {""party"": ""Republican"", ""votes"": 136210, ""pct"": 66.96}, ""Gary Trauner"": {""party"": ""Democratic"", ""votes"": 61227, ""pct"": 30.1}, ""Joseph Porambo"": {""party"": ""Libertarian"", ""votes"": 5658, ""pct"": 2.78}, ""Write-in"": {""party"": ""Write-in"", ""votes"": 325, ""pct"": 0.16}}"
2020,United States,NATIONAL,,national,Aggregate,National aggregate,34923408,36352416,3094626,0.4695871545755068,0.48880188300595195,Democratic total,Republican total,Republican Party,R,Democratic Party,0.0,Various,3094626,74370450,{},-15852021,2940659,-11789757,-0.019214728430,-0.220742470814,-0.019214728430,-0.220742470814,0.000000000000,0.000000000000,0.04161096241854124,0.04161096241854124,0.0,-0.020048986034872075,-0.2262997567875612,-0.020048986034872075,-0.2262997567875612,0.0,0.0,transparent,R+1.9,R+22.1,R+1.9,R+22.1,EVEN,EVEN,0.00%,4.16%,4.16%,0.00%,R+2.0,R+22.6,R+2.0,R+22.6,EVEN,EVEN,0,,,{}
2020,Alaska,AK,II,regular,General,2020 United States Senate election in Alaska,0,191112,163475,0.0,0.5389706898448053,None,Dan Sullivan,Dan Sullivan,R,Al Gross,0.41193839593668125,Al Gross,163475,354587,"{""Al Gross"": {""party"": ""Independent"", ""votes"": 146068, ""pct"": 41.19}, ""John Howe"": {""party"": ""Independence"", ""votes"": 16806, ""pct"": 4.74}, ""Write-in"": {""party"": ""Write-in"", ""votes"": 601, ""pct"": 0.17}}",0,0,0,-0.538970689845,0,-0.019214728430,-0.220742470814,-0.519755961414,0,0.46102931015519466,0.04161096241854124,0.41941834773665343,-1.0,0.0,-0.020048986034872075,-0.2262997567875612,-0.979951013965128,0.0,red,R+53.9,0,R+1.9,R+22.1,R+52.0,0,41.19%,46.10%,4.16%,41.94%,R+100.0,0,R+2.0,R+22.6,R+98.0,0,146068,,https://en.wikipedia.org/wiki/2020_United_States_Senate_election_in_Alaska,"{""Dan Sullivan"": {""party"": ""Republican"", ""votes"": 191112, ""pct"": 53.9}, ""Al Gross"": {""party"": ""Independent"", ""votes"": 146068, ""pct"": 41.19}, ""John Howe"": {""party"": ""Independence"", ""votes"": 16806, ""pct"": 4.74}, ""Write-in"": {""party"": ""Write-in"", ""votes"": 601, ""pct"": 0.17}}"
2020,Alabama,AL,II,regular,General,"United States Senate election in Alabama, 2020",920478,1392076,3891,0.39736665450722986,0.6009536164251688,Doug Jones,Tommy Tuberville,Tommy Tuberville,R,Doug Jones,0.0016797290676014323,Write-in,3891,2316445,"{""Write-in"": {""party"": ""Write-in"", ""votes"": 3891, ""pct"": 0.17}}",0,0,0,-0.203586961918,0,-0.019214728430,-0.220742470814,-0.184372233487,0,0.0016797290676014323,0.04161096241854124,-0.03993123335093981,-0.20392950824067244,0.0,-0.020048986034872075,-0.2262997567875612,-0.18388052220580037,0.0,red,R+20.4,0,R+1.9,R+22.1,R+18.4,0,0.17%,0.17%,4.16%,-3.99%,R+20.4,0,R+2.0,R+22.6,R+18.4,0,3891,,https://en.wikipedia.org/wiki/2020_United_States_Senate_election_in_Alabama,"{""Tommy Tuberville"": {""party"": ""Republican"", ""votes"": 1392076, ""pct"": 60.1}, ""Doug Jones"": {""party"": ""Democratic"", ""votes"": 920478, ""pct"": 39.74}, ""Write-in"": {""party"": ""Write-in"", ""votes"": 3891, ""pct"": 0.17}}"
2020,Arkansas,AR,II,regular,General,"United States Senate election in Arkansas, 2020",0,793871,399390,0.0,0.6652953544949513,None,Tom Cotton,Tom Cotton,R,Ricky Dale Harrington Jr.,0.33470464550504875,Ricky Dale Harrington Jr.,399390,1193261,"{""Ricky Dale Harrington Jr."": {""party"": ""Libertarian"", ""votes"": 399390, ""pct"": 33.47}}",0,0,0,-0.665295354495,0,-0.019214728430,-0.220742470814,-0.646080626065,0,0.33470464550504875,0.04161096241854124,0.2930936830865075,-1.0,0.0,-0.020048986034872075,-0.2262997567875612,-0.979951013965128,0.0,red,R+66.5,0,R+1.9,R+22.1,R+64.6,0,33.47%,33.47%,4.16%,29.31%,R+100.0,0,R+2.0,R+22.6,R+98.0,0,399390,,https://en.wikipedia.org/wiki/2020_United_States_Senate_election_in_Arkansas,"{""Tom Cotton"": {""party"": ""Republican"", ""votes"": 793871, ""pct"": 66.53}, ""Ricky Dale Harrington Jr."": {""party"": ""Libertarian"", ""votes"": 399390, ""pct"": 33.47}}"
2020,Colorado,CO,II,regular,General,"United States Senate election in Colorado, 2020",1731114,1429492,75053,0.5350112604572979,0.4417931555828349,John Hickenlooper,Cory Gardner,John Hickenlooper,D,Cory Gardner,0.017388111664424465,Raymon Doane,75053,3235659,"{""Raymon Doane"": {""party"": ""Libertarian"", ""votes"": 56262, ""pct"": 1.74}, ""Daniel Doyle"": {""party"": ""Approval Voting"", ""votes"": 9820, ""pct"": 0.3}, ""Stephen Evans"": {""party"": ""Unity"", ""votes"": 8971, ""pct"": 0.28}}",0,0,0,0.093218104874,0,-0.019214728430,-0.220742470814,0.112432833305,0,0.023195583959867216,0.04161096241854124,-0.018415378458674022,0.0954316988577507,0.0,-0.020048986034872075,-0.2262997567875612,0.11548068489262278,0.0,deepskyblue,D+9.3,0,R+1.9,R+22.1,D+11.2,0,1.74%,2.32%,4.16%,-1.84%,D+9.5,0,R+2.0,R+22.6,D+11.5,0,56262,,https://en.wikipedia.org/wiki/2020_United_States_Senate_election_in_Colorado,"{""John Hickenlooper"": {""party"": ""Democratic"", ""votes"": 1731114, ""pct"": 53.5}, ""Cory Gardner"": {""party"": ""Republican"", ""votes"": 1429492, ""pct"": 44.18}, ""Raymon Doane"": {""party"": ""Libertarian"", ""votes"": 56262, ""pct"": 1.74}, ""Daniel Doyle"": {""party"": ""Approval Voting"", ""votes"": 9820, ""pct"": 0.3}, ""Stephen Evans"": {""party"": ""Unity"", ""votes"": 8971, ""pct"": 0.28}}"
2020,Delaware,DE,II,regular,General,"United States Senate election in Delaware, 2020",291804,186054,13077,0.5943841852791103,0.3789788872253964,Chris Coons,Lauren Witzke,Chris Coons,D,Lauren Witzke,0.015955269027467994,Mark Turley,13077,490935,"{""Mark Turley"": {""party"": ""Independent Party"", ""votes"": 7833, ""pct"": 1.59}, ""Nadine Frost"": {""party"": ""Libertarian"", ""votes"": 5244, ""pct"": 1.07}}",0,0,0,0.215405298054,0,-0.019214728430,-0.220742470814,0.234620026484,0,0.026636927495493293,0.04161096241854124,-0.014974034923047944,0.22130005147972828,0.0,-0.020048986034872075,-0.2262997567875612,0.24134903751460035,0.0,deepskyblue,D+21.5,0,R+1.9,R+22.1,D+23.5,0,1.60%,2.66%,4.16%,-1.50%,D+22.1,0,R+2.0,R+22.6,D+24.1,0,7833,,https://en.wikipedia.org/wiki/2020_United_States_Senate_election_in_Delaware,"{""Chris Coons"": {""party"": ""Democratic"", ""votes"": 291804, ""pct"": 59.44}, ""Lauren Witzke"": {""party"": ""Republican"", ""votes"": 186054, ""pct"": 37.9}, ""Mark Turley"": {""party"": ""Independent Party"", ""votes"": 7833, ""pct"": 1.59}, ""Nadine Frost"": {""party"": ""Libertarian"", ""votes"": 5244, ""pct"": 1.07}}"
2020,Iowa,IA,II,regular,General,2020 United States Senate election in Iowa,754859,864997,51972,0.4515171417155353,0.5173959282892738,Theresa Greenfield,Joni Ernst,Joni Ernst,R,Theresa Greenfield,0.02210813552590338,Rick Stewart,51972,1671828,"{""Rick Stewart"": {""party"": ""Libertarian"", ""votes"": 36961, ""pct"": 2.21}, ""Suzanne Herzog"": {""party"": ""Independent"", ""votes"": 13800, ""pct"": 0.83}, ""Write-in"": {""party"": ""Write-in"", ""votes"": 1211, ""pct"": 0.07}}",0,0,0,-0.065878786574,0,-0.019214728430,-0.220742470814,-0.046664058143,0,0.031086929995190894,0.04161096241854124,-0.010524032423350344,-0.06799246352762221,0.0,-0.020048986034872075,-0.2262997567875612,-0.04794347749275014,0.0,red,R+6.6,0,R+1.9,R+22.1,R+4.7,0,2.21%,3.11%,4.16%,-1.05%,R+6.8,0,R+2.0,R+22.6,R+4.8,0,36961,,https://en.wikipedia.org/wiki/2020_United_States_Senate_election_in_Iowa,"{""Joni Ernst"": {""party"": ""Republican"", ""votes"": 864997, ""pct"": 51.74}, ""Theresa Greenfield"": {""party"": ""Democratic"", ""votes"": 754859, ""pct"": 45.15}, ""Rick Stewart"": {""party"": ""Libertarian"", ""votes"": 36961, ""pct"": 2.21}, ""Suzanne Herzog"": {""party"": ""Independent"", ""votes"": 13800, ""pct"": 0.83}, ""Write-in"": {""party"": ""Write-in"", ""votes"": 1211, ""pct"": 0.07}}"
2020,Idaho,ID,II,regular,General,"United States Senate election in Idaho, 2020",285864,538446,35517,0.3324668799653884,0.6262259733644093,Paulette Jordan,Jim Risch,Jim Risch,R,Paulette Jordan,0.02945825148547324,Natalie Fleming,35517,859827,"{""Natalie Fleming"": {""party"": ""Independent"", ""votes"": 25329, ""pct"": 2.95}, ""Ray Writz"": {""party"": ""Constitution"", ""votes"": 10188, ""pct"": 1.18}}",0,0,0,-0.293759093399,0,-0.019214728430,-0.220742470814,-0.274544364969,0,0.041307146670202265,0.04161096241854124,-0.00030381574833897307,-0.30641627543035993,0.0,-0.020048986034872075,-0.2262997567875612,-0.28636728939548783,0.0,red,R+29.4,0,R+1.9,R+22.1,R+27.5,0,2.95%,4.13%,4.16%,-0.03%,R+30.6,0,R+2.0,R+22.6,R+28.6,0,25329,,https://en.wikipedia.org/wiki/2020_United_States_Senate_election_in_Idaho,"{""Jim Risch"": {""party"": ""Republican"", ""votes"": 538446, ""pct"": 62.62}, ""Paulette Jordan"": {""party"": ""Democratic"", ""votes"": 285864, ""pct"": 33.25}, ""Natalie Fleming"": {""party"": ""Independent"", ""votes"": 25329, ""pct"": 2.95}, ""Ray Writz"": {""party"": ""Constitution"", ""votes"": 10188, ""pct"": 1.18}}"
2020,Illinois,IL,II,regular,General,"United States Senate election in Illinois, 2020",3278930,2319870,370101,0.5493356314671662,0.38865948689716917,Dick Durbin,Mark Curran,Dick Durbin,D,Mark Curran,0.0398229087733236,Willie Wilson,370101,5968901,"{""Willie Wilson"": {""party"": ""Willie Wilson Party"", ""votes"": 237699, ""pct"": 3.98}, ""Danny Malouf"": {""party"": ""Libertarian"", ""votes"": 75673, ""pct"": 1.27}, ""David Black"": {""party"": ""Green"", ""votes"": 56711, ""pct"": 0.95}, ""Write-in"": {""party"": ""Write-in"", ""votes"": 18, ""pct"": 0.0}}",0,0,0,0.160676144570,0,-0.019214728430,-0.220742470814,0.179890873000,0,0.06200488163566459,0.04161096241854124,0.02039391921712335,0.17129742087590197,0.0,-0.020048986034872075,-0.2262997567875612,0.19134640691077404,0.0,deepskyblue,D+16.1,0,R+1.9,R+22.1,D+18.0,0,3.98%,6.20%,4.16%,2.04%,D+17.1,0,R+2.0,R+22.6,D+19.1,0,237699,,https://en.wikipedia.org/wiki/2020_United_States_Senate_election_in_Illinois,"{""Dick Durbin"": {""party"": ""Democratic"", ""votes"": 3278930, ""pct"": 54.93}, ""Mark Curran"": {""party"": ""Republican"", ""votes"": 2319870, ""pct"": 38.87}, ""Willie Wilson"": {""party"": ""Willie Wilson Party"", ""votes"": 237699, ""pct"": 3.98}, ""Danny Malouf"": {""party"": ""Libertarian"", ""votes"": 75673, ""pct"": 1.27}, ""David Black"": {""party"": ""Green"", ""votes"": 56711, ""pct"": 0.95}, ""Write-in"": {""party"": ""Write-in"", ""votes"": 18, ""pct"": 0.0}}"
2020,Kansas,KS,II,regular,General,"United States Senate election in Kansas, 2020",571530,727962,68263,0.41785992374365294,0.5322312841115551,Barbara Bollier,Roger Marshall,Roger Marshall,R,Barbara Bollier,0.04990879214479201,Jason Buckley,68263,1367755,"{""Jason Buckley"": {""party"": ""Libertarian"", ""votes"": 68263, ""pct"": 4.99}}",0,0,0,-0.114371360368,0,-0.019214728430,-0.220742470814,-0.095156631937,0,0.04990879214479201,0.04161096241854124,0.008297829726250774,-0.120379348237619,0.0,-0.020048986034872075,-0.2262997567875612,-0.10033036220274694,0.0,red,R+11.4,0,R+1.9,R+22.1,R+9.5,0,4.99%,4.99%,4.16%,0.83%,R+12.0,0,R+2.0,R+22.6,R+10.0,0,68263,,https://en.wikipedia.org/wiki/2020_United_States_Senate_election_in_Kansas,"{""Roger Marshall"": {""party"": ""Republican"", ""votes"": 727962, ""pct"": 53.22}, ""Barbara Bollier"": {""party"": ""Democratic"", ""votes"": 571530, ""pct"": 41.79}, ""Jason Buckley"": {""party"": ""Libertarian"", ""votes"": 68263, ""pct"": 4.99}}"
2020,Kentucky,KY,II,regular,General,2020 United States Senate election in Kentucky,816257,1233315,85485,0.38231157294629603,0.5776496833573999,Amy McGrath,Mitch McConnell,Mitch McConnell,R,Amy McGrath,0.03999237491083376,Brad Barron,85485,2135057,"{""Brad Barron"": {""party"": ""Libertarian"", ""votes"": 85386, ""pct"": 4.0}, ""Write-in"": {""party"": ""Write-in"", ""votes"": 99, ""pct"": 0.01}}",0,0,0,-0.195338110411,0,-0.019214728430,-0.220742470814,-0.176123381981,0,0.04003874369630413,0.04161096241854124,-0.0015722187222371106,-0.20348541061255715,0.0,-0.020048986034872075,-0.2262997567875612,-0.18343642457768508,0.0,red,R+19.5,0,R+1.9,R+22.1,R+17.6,0,4.00%,4.00%,4.16%,-0.16%,R+20.3,0,R+2.0,R+22.6,R+18.3,0,85386,,https://en.wikipedia.org/wiki/2020_United_States_Senate_election_in_Kentucky,"{""Mitch McConnell"": {""party"": ""Republican"", ""votes"": 1233315, ""pct"": 57.76}, ""Amy McGrath"": {""party"": ""Democratic"", ""votes"": 816257, ""pct"": 38.23}, ""Brad Barron"": {""party"": ""Libertarian"", ""votes"": 85386, ""pct"": 4.0}, ""Write-in"": {""party"": ""Write-in"", ""votes"": 99, ""pct"": 0.01}}"
2020,Massachusetts,MA,II,regular,General,"United States Senate election in Massachusetts, 2020",2357809,1177765,28562,0.661537326297313,0.3304489503206387,Ed Markey,Kevin O'Connor,Ed Markey,D,Kevin O'Connor,0.005929627825649751,Shiva Ayyadurai,28562,3564136,"{""Shiva Ayyadurai"": {""party"": ""Independent"", ""votes"": 21134, ""pct"": 0.59}, ""Write-in"": {""party"": ""Write-in"", ""votes"": 7428, ""pct"": 0.21}}",0,0,0,0.331088375977,0,-0.019214728430,-0.220742470814,0.350303104407,0,0.008013723382048272,0.04161096241854124,-0.03359723903649296,0.33376306082124146,0.0,-0.020048986034872075,-0.2262997567875612,0.35381204685611356,0.0,deepskyblue,D+33.1,0,R+1.9,R+22.1,D+35.0,0,0.59%,0.80%,4.16%,-3.36%,D+33.4,0,R+2.0,R+22.6,D+35.4,0,21134,,https://en.wikipedia.org/wiki/2020_United_States_Senate_election_in_Massachusetts,"{""Ed Markey"": {""party"": ""Democratic"", ""votes"": 2357809, ""pct"": 66.15}, ""Kevin O'Connor"": {""party"": ""Republican"", ""votes"": 1177765, ""pct"": 33.05}, ""Shiva Ayyadurai"": {""party"": ""Independent"", ""votes"": 21134, ""pct"": 0.59}, ""Write-in"": {""party"": ""Write-in"", ""votes"": 7428, ""pct"": 0.21}}"
2020,Maine,ME,II,regular,General,"United States Senate election in Maine, 2020",347223,417645,54315,0.4238649971984282,0.509831136632474,Sara Gideon,Susan Collins,Susan Collins,R,Sara Gideon,0.04953594007688148,Lisa Savage,54315,819183,"{""Lisa Savage"": {""party"": ""Independent"", ""votes"": 40579, ""pct"": 4.95}, ""Max Linn"": {""party"": ""Independent"", ""votes"": 13508, ""pct"": 1.65}, ""Write-in"": {""party"": ""Write-in"", ""votes"": 228, ""pct"": 0.03}}",0,0,0,-0.085966139434,0,-0.019214728430,-0.220742470814,-0.066751411004,0,0.06630386616909775,0.04161096241854124,0.024692903750556515,-0.09207078868510644,0.0,-0.020048986034872075,-0.2262997567875612,-0.07202180265023436,0.0,red,R+8.6,0,R+1.9,R+22.1,R+6.7,0,4.95%,6.63%,4.16%,2.47%,R+9.2,0,R+2.0,R+22.6,R+7.2,0,40579,,https://en.wikipedia.org/wiki/2020_United_States_Senate_election_in_Maine,"{""Susan Collins"": {""party"": ""Republican"", ""votes"": 417645, ""pct"": 50.98}, ""Sara Gideon"": {""party"": ""Democratic"", ""votes"": 347223, ""pct"": 42.39}, ""Lisa Savage"": {""party"": ""Independent"", ""votes"": 40579, ""pct"": 4.95}, ""Max Linn"": {""party"": ""Independent"", ""votes"": 13508, ""pct"": 1.65}, ""Write-in"": {""party"": ""Write-in"", ""votes"": 228, ""pct"": 0.03}}"
2020,Michigan,MI,II,regular,General,2020 United States Senate election in Michigan,2734568,2642233,102919,0.4990342572248217,0.48218394370515283,Gary Peters,John James,Gary Peters,D,John James,0.009233500981801989,Valerie Willis,102919,5479720,"{""Valerie Willis"": {""party"": ""Constitution"", ""votes"": 50597, ""pct"": 0.92}, ""Marcia Squier"": {""party"": ""Green"", ""votes"": 39217, ""pct"": 0.72}, ""Doug Dern"": {""party"": ""Natural Law"", ""votes"": 13093, ""pct"": 0.24}, ""Write-in"": {""party"": ""Write-in"", ""votes"": 12, ""pct"": 0.0}}",0,0,0,0.016850313520,0,-0.019214728430,-0.220742470814,0.036065041950,0,0.018781799070025477,0.04161096241854124,-0.02282916334851576,0.017172850548123317,0.0,-0.020048986034872075,-0.2262997567875612,0.037221836582995396,0.0,deepskyblue,D+1.7,0,R+1.9,R+22.1,D+3.6,0,0.92%,1.88%,4.16%,-2.28%,D+1.7,0,R+2.0,R+22.6,D+3.7,0,50597,,https://en.wikipedia.org/wiki/2020_United_States_Senate_election_in_Michigan,"{""Gary Peters"": {""party"": ""Democratic"", ""votes"": 2734568, ""pct"": 49.9}, ""John James"": {""party"": ""Republican"", ""votes"": 2642233, ""pct"": 48.22}, ""Valerie Willis"": {""party"": ""Constitution"", ""votes"": 50597, ""pct"": 0.92}, ""Marcia Squier"": {""party"": ""Green"", ""votes"": 39217, ""pct"": 0.72}, ""Doug Dern"": {""party"": ""Natural Law"", ""votes"": 13093, ""pct"": 0.24}, ""Write-in"": {""party"": ""Write-in"", ""votes"": 12, ""pct"": 0.0}}"
2020,Minnesota,MN,II,regular,General,2020 United States Senate election in Minnesota,1566522,1398145,249589,0.48736690543628136,0.43498246561568216,Tina Smith,Jason Lewis,Tina Smith,D,Jason Lewis,0.059159569119572306,Kevin O'Connor,249589,3214256,"{""Kevin O'Connor"": {""party"": ""Legal Marijuana Now"", ""votes"": 190154, ""pct"": 5.91}, ""Oliver Steinberg"": {""party"": ""Grassroots—LC"", ""votes"": 57174, ""pct"": 1.78}, ""Write-in"": {""party"": ""Write-in"", ""votes"": 2261, ""pct"": 0.07}}",0,0,0,0.052384439821,0,-0.019214728430,-0.220742470814,0.071599168251,0,0.0776506289480365,0.04161096241854124,0.03603966652949526,0.056794574230427906,0.0,-0.020048986034872075,-0.2262997567875612,0.07684356026529998,0.0,deepskyblue,D+5.2,0,R+1.9,R+22.1,D+7.2,0,5.92%,7.77%,4.16%,3.60%,D+5.7,0,R+2.0,R+22.6,D+7.7,0,190154,,https://en.wikipedia.org/wiki/2020_United_States_Senate_election_in_Minnesota,"{""Tina Smith"": {""party"": ""Democratic (DFL)"", ""votes"": 1566522, ""pct"": 48.74}, ""Jason Lewis"": {""party"": ""Republican"", ""votes"": 1398145, ""pct"": 43.5}, ""Kevin O'Connor"": {""party"": ""Legal Marijuana Now"", ""votes"": 190154, ""pct"": 5.91}, ""Oliver Steinberg"": {""party"": ""Grassroots—LC"", ""votes"": 57174, ""pct"": 1.78}, ""Write-in"": {""party"": ""Write-in"", ""votes"": 2261, ""pct"": 0.07}}"
2020,Mississippi,MS,II,regular,General,2020 United States Senate election in Mississippi,578691,709511,23152,0.44129274017542175,0.5410522254097673,Mike Espy,Cindy Hyde-Smith,Cindy Hyde-Smith,R,Mike Espy,0.01765503441481095,Jimmy Edwards,23152,1311354,"{""Jimmy Edwards"": {""party"": ""Libertarian"", ""votes"": 23152, ""pct"": 1.77}}",0,0,0,-0.099759485234,0,-0.019214728430,-0.220742470814,-0.080544756804,0,0.01765503441481095,0.04161096241854124,-0.023955928003730288,-0.1015523962856757,0.0,-0.020048986034872075,-0.2262997567875612,-0.08150341025080363,0.0,red,R+10.0,0,R+1.9,R+22.1,R+8.1,0,1.77%,1.77%,4.16%,-2.40%,R+10.2,0,R+2.0,R+22.6,R+8.2,0,23152,,https://en.wikipedia.org/wiki/2020_United_States_Senate_election_in_Mississippi,"{""Cindy Hyde-Smith"": {""party"": ""Republican"", ""votes"": 709511, ""pct"": 54.11}, ""Mike Espy"": {""party"": ""Democratic"", ""votes"": 578691, ""pct"": 44.13}, ""Jimmy Edwards"": {""party"": ""Libertarian"", ""votes"": 23152, ""pct"": 1.77}}"
2020,Montana,MT,II,regular,General,"United States Senate election in Montana, 2020",272463,333174,0,0.4498783925024396,0.5501216074975604,Steve Bullock,Steve Daines,Steve Daines,R,Steve Bullock,0.0,None,0,605637,{},0,0,0,-0.100243214995,0,-0.019214728430,-0.220742470814,-0.081028486565,0,0.0,0.04161096241854124,-0.04161096241854124,-0.10024321499512084,0.0,-0.020048986034872075,-0.2262997567875612,-0.08019422896024878,0.0,red,R+10.0,0,R+1.9,R+22.1,R+8.1,0,0.00%,0.00%,4.16%,-4.16%,R+10.0,0,R+2.0,R+22.6,R+8.0,0,0,,https://en.wikipedia.org/wiki/2020_United_States_Senate_election_in_Montana,"{""Steve Daines"": {""party"": ""Republican"", ""votes"": 333174, ""pct"": 55.01}, ""Steve Bullock"": {""party"": ""Democratic"", ""votes"": 272463, ""pct"": 44.99}}"
2020,North Carolina,NC,II,regular,General,2020 United States Senate election in North Carolina,2569965,2665598,239389,0.46940411532375076,0.4868714830741895,Cal Cunningham,Thom Tillis,Thom Tillis,R,Cal Cunningham,0.031337443689004034,Shannon Bray,239389,5474952,"{""Shannon Bray"": {""party"": ""Libertarian"", ""votes"": 171571, ""pct"": 3.13}, ""Kevin E. Hayes"": {""party"": ""Constitution"", ""votes"": 67818, ""pct"": 1.24}}",0,0,0,-0.017467367750,0,-0.019214728430,-0.220742470814,0.001747360680,0,0.04372440160205971,0.04161096241854124,0.002113439183518473,-0.018266039392516142,0.0,-0.020048986034872075,-0.2262997567875612,0.0017829466423559329,0.0,red,R+1.7,0,R+1.9,R+22.1,D+0.2,0,3.13%,4.37%,4.16%,0.21%,R+1.8,0,R+2.0,R+22.6,D+0.2,0,171571,,https://en.wikipedia.org/wiki/2020_United_States_Senate_election_in_North_Carolina,"{""Thom Tillis"": {""party"": ""Republican"", ""votes"": 2665598, ""pct"": 48.69}, ""Cal Cunningham"": {""party"": ""Democratic"", ""votes"": 2569965, ""pct"": 46.94}, ""Shannon Bray"": {""party"": ""Libertarian"", ""votes"": 171571, ""pct"": 3.13}, ""Kevin E. Hayes"": {""party"": ""Constitution"", ""votes"": 67818, ""pct"": 1.24}}"
2020,Nebraska,NE,II,regular,General,"United States Senate election in Nebraska, 2020",285602,583507,417219,0.222028907090571,0.4536222487577041,Chris Janicek,Ben Sasse,Ben Sasse,R,Majority,0.2770024441666511,Majority,417219,1286328,"{""Majority"": {""party"": ""Majority"", ""votes"": 356316, ""pct"": 38.31}, ""Gene Siadek"": {""party"": ""Libertarian"", ""votes"": 55115, ""pct"": 5.93}, ""Write-in"": {""party"": ""Write-in"", ""votes"": 5788, ""pct"": 0.62}}",0,0,0,-0.231593341667,0,-0.019214728430,-0.220742470814,-0.212378613237,0,0.32434884415172494,0.04161096241854124,0.2827378817331837,-0.34277058458720366,0.0,-0.020048986034872075,-0.2262997567875612,-0.32272159855233157,0.0,red,R+23.2,0,R+1.9,R+22.1,R+21.2,0,27.70%,32.43%,4.16%,28.27%,R+34.3,0,R+2.0,R+22.6,R+32.3,0,356316,,https://en.wikipedia.org/wiki/2020_United_States_Senate_election_in_Nebraska,"{""Ben Sasse"": {""party"": ""Republican"", ""votes"": 583507, ""pct"": 62.74}, ""Majority"": {""party"": ""Majority"", ""votes"": 356316, ""pct"": 38.31}, ""Chris Janicek"": {""party"": ""Democratic"", ""votes"": 227191, ""pct"": 24.43}, ""Preston Love Jr."": {""party"": ""Democratic"", ""votes"": 58411, ""pct"": 6.28}, ""Gene Siadek"": {""party"": ""Libertarian"", ""votes"": 55115, ""pct"": 5.93}, ""Write-in"": {""party"": ""Write-in"", ""votes"": 5788, ""pct"": 0.62}}"
2020,New Hampshire,NH,II,regular,General,"United States Senate election in New Hampshire, 2020",450778,326229,18907,0.5663652103116669,0.40987971062200185,Jeanne Shaheen,"Bryant ""Corky"" Messner",Jeanne Shaheen,D,"Bryant ""Corky"" Messner",0.023144460331141304,Justin O'Donnell,18907,795914,"{""Justin O'Donnell"": {""party"": ""Libertarian"", ""votes"": 18421, ""pct"": 2.32}, ""Write-in"": {""party"": ""Write-in"", ""votes"": 486, ""pct"": 0.06}}",0,0,0,0.156485499690,0,-0.019214728430,-0.220742470814,0.175700228120,0,0.023755079066331286,0.04161096241854124,-0.01785588335220995,0.1602932792111268,0.0,-0.020048986034872075,-0.2262997567875612,0.18034226524599886,0.0,deepskyblue,D+15.6,0,R+1.9,R+22.1,D+17.6,0,2.31%,2.38%,4.16%,-1.79%,D+16.0,0,R+2.0,R+22.6,D+18.0,0,18421,,https://en.wikipedia.org/wiki/2020_United_States_Senate_election_in_New_Hampshire,"{""Jeanne Shaheen"": {""party"": ""Democratic"", ""votes"": 450778, ""pct"": 56.63}, ""Bryant \""Corky\"" Messner"": {""party"": ""Republican"", ""votes"": 326229, ""pct"": 40.99}, ""Justin O'Donnell"": {""party"": ""Libertarian"", ""votes"": 18421, ""pct"": 2.32}, ""Write-in"": {""party"": ""Write-in"", ""votes"": 486, ""pct"": 0.06}}"
2020,New Jersey,NJ,II,regular,General,"United States Senate election in New Jersey, 2020",2541239,1817091,82210,0.5722815243191144,0.4092049615587293,Cory Booker,Rikin Mehta,Cory Booker,D,Rikin Mehta,0.008622374756223343,Madelyn Hoffman,82210,4440540,"{""Madelyn Hoffman"": {""party"": ""Green"", ""votes"": 38288, ""pct"": 0.86}, ""Veronica Fernandez"": {""party"": ""Independent"", ""votes"": 32290, ""pct"": 0.73}, ""Daniel Burke"": {""party"": ""Independent"", ""votes"": 11632, ""pct"": 0.26}}",0,0,0,0.163076562760,0,-0.019214728430,-0.220742470814,0.182291291191,0,0.018513514122156315,0.04161096241854124,-0.023097448296384923,0.1661526318566974,0.0,-0.020048986034872075,-0.2262997567875612,0.18620161789156947,0.0,deepskyblue,D+16.3,0,R+1.9,R+22.1,D+18.2,0,0.86%,1.85%,4.16%,-2.31%,D+16.6,0,R+2.0,R+22.6,D+18.6,0,38288,,https://en.wikipedia.org/wiki/2020_United_States_Senate_election_in_New_Jersey,"{""Cory Booker"": {""party"": ""Democratic"", ""votes"": 2541239, ""pct"": 57.23}, ""Rikin Mehta"": {""party"": ""Republican"", ""votes"": 1817091, ""pct"": 40.92}, ""Madelyn Hoffman"": {""party"": ""Green"", ""votes"": 38288, ""pct"": 0.86}, ""Veronica Fernandez"": {""party"": ""Independent"", ""votes"": 32290, ""pct"": 0.73}, ""Daniel Burke"": {""party"": ""Independent"", ""votes"": 11632, ""pct"": 0.26}}"
2020,New Mexico,NM,II,regular,General,"United States Senate election in New Mexico, 2020",474483,418483,24271,0.5172959660371311,0.45624304296490437,Ben Ray Luján,Mark Ronchetti,Ben Ray Luján,D,Mark Ronchetti,0.026460990997964538,Bob Walsh,24271,917237,"{""Bob Walsh"": {""party"": ""Libertarian"", ""votes"": 24271, ""pct"": 2.65}}",0,0,0,0.061052923072,0,-0.019214728430,-0.220742470814,0.080267651503,0,0.026460990997964538,0.04161096241854124,-0.0151499714205767,0.06271235410978694,0.0,-0.020048986034872075,-0.2262997567875612,0.08276134014465902,0.0,deepskyblue,D+6.1,0,R+1.9,R+22.1,D+8.0,0,2.65%,2.65%,4.16%,-1.51%,D+6.3,0,R+2.0,R+22.6,D+8.3,0,24271,,https://en.wikipedia.org/wiki/2020_United_States_Senate_election_in_New_Mexico,"{""Ben Ray Luján"": {""party"": ""Democratic"", ""votes"": 474483, ""pct"": 51.73}, ""Mark Ronchetti"": {""party"": ""Republican"", ""votes"": 418483, ""pct"": 45.62}, ""Bob Walsh"": {""party"": ""Libertarian"", ""votes"": 24271, ""pct"": 2.65}}"
2020,Oklahoma,OK,II,regular,General,"United States Senate election in Oklahoma, 2020",509763,979140,67458,0.32753519267059505,0.629121392787406,Abby Broyles,Jim Inhofe,Jim Inhofe,R,Abby Broyles,0.022125329534728767,Robert Murphy,67458,1556361,"{""Robert Murphy"": {""party"": ""Libertarian"", ""votes"": 34435, ""pct"": 2.21}, ""Joan Farr"": {""party"": ""Independent"", ""votes"": 21652, ""pct"": 1.39}, ""A. D. Nesbit"": {""party"": ""Independent"", ""votes"": 11371, ""pct"": 0.73}}",0,0,0,-0.301586200117,0,-0.019214728430,-0.220742470814,-0.282371471686,0,0.043343414541998936,0.04161096241854124,0.0017324521234576978,-0.31525022113596385,0.0,-0.020048986034872075,-0.2262997567875612,-0.29520123510109175,0.0,red,R+30.2,0,R+1.9,R+22.1,R+28.2,0,2.21%,4.33%,4.16%,0.17%,R+31.5,0,R+2.0,R+22.6,R+29.5,0,34435,,https://en.wikipedia.org/wiki/2020_United_States_Senate_election_in_Oklahoma,"{""Jim Inhofe"": {""party"": ""Republican"", ""votes"": 979140, ""pct"": 62.91}, ""Abby Broyles"": {""party"": ""Democratic"", ""votes"": 509763, ""pct"": 32.75}, ""Robert Murphy"": {""party"": ""Libertarian"", ""votes"": 34435, ""pct"": 2.21}, ""Joan Farr"": {""party"": ""Independent"", ""votes"": 21652, ""pct"": 1.39}, ""A. D. Nesbit"": {""party"": ""Independent"", ""votes"": 11371, ""pct"": 0.73}}"
2020,Oregon,OR,II,regular,General,2020 United States Senate election in Oregon,1321047,912814,87388,0.5691104228800961,0.3932426034432325,Jeff Merkley,Jo Rae Perkins,Jeff Merkley,D,Jo Rae Perkins,0.01841551681874715,Gary Dye,87388,2321249,"{""Gary Dye"": {""party"": ""Libertarian"", ""votes"": 42747, ""pct"": 1.84}, ""Ibrahim Taher"": {""party"": ""Pacific Green"", ""votes"": 42239, ""pct"": 1.82}, ""Write-in"": {""party"": ""Write-in"", ""votes"": 2402, ""pct"": 0.11}}",0,0,0,0.175867819437,0,-0.019214728430,-0.220742470814,0.195082547867,0,0.03764697367667148,0.04161096241854124,-0.003963988741869755,0.18274771796454659,0.0,-0.020048986034872075,-0.2262997567875612,0.20279670399941865,0.0,deepskyblue,D+17.6,0,R+1.9,R+22.1,D+19.5,0,1.84%,3.76%,4.16%,-0.40%,D+18.3,0,R+2.0,R+22.6,D+20.3,0,42747,,https://en.wikipedia.org/wiki/2020_United_States_Senate_election_in_Oregon,"{""Jeff Merkley"": {""party"": ""Democratic"", ""votes"": 1321047, ""pct"": 56.91}, ""Jo Rae Perkins"": {""party"": ""Republican"", ""votes"": 912814, ""pct"": 39.32}, ""Gary Dye"": {""party"": ""Libertarian"", ""votes"": 42747, ""pct"": 1.84}, ""Ibrahim Taher"": {""party"": ""Pacific Green"", ""votes"": 42239, ""pct"": 1.82}, ""Write-in"": {""party"": ""Write-in"", ""votes"": 2402, ""pct"": 0.11}}"
2020,Rhode Island,RI,II,regular,General,"United States Senate election in Rhode Island, 2020",328574,164855,833,0.6647769806297065,0.33353767839728726,Jack Reed,Allen Waters,Jack Reed,D,Allen Waters,0.0016853409730062194,Write-in,833,494262,"{""Write-in"": {""party"": ""Write-in"", ""votes"": 833, ""pct"": 0.17}}",0,0,0,0.331239302232,0,-0.019214728430,-0.220742470814,0.350454030663,0,0.0016853409730062194,0.04161096241854124,-0.03992562144553502,0.33179849583222715,0.0,-0.020048986034872075,-0.2262997567875612,0.35184748186709924,0.0,deepskyblue,D+33.1,0,R+1.9,R+22.1,D+35.0,0,0.17%,0.17%,4.16%,-3.99%,D+33.2,0,R+2.0,R+22.6,D+35.2,0,833,,https://en.wikipedia.org/wiki/2020_United_States_Senate_election_in_Rhode_Island,"{""Jack Reed"": {""party"": ""Democratic"", ""votes"": 328574, ""pct"": 66.48}, ""Allen Waters"": {""party"": ""Republican"", ""votes"": 164855, ""pct"": 33.35}, ""Write-in"": {""party"": ""Write-in"", ""votes"": 833, ""pct"": 0.17}}"
2020,South Carolina,SC,II,regular,General,"United States Senate election in South Carolina, 2020",1110828,1369137,35139,0.4416628497270888,0.544365958624375,Jaime Harrison,Lindsey Graham,Lindsey Graham,R,Jaime Harrison,0.01305910212857997,Bill Bledsoe,35139,2515104,"{""Bill Bledsoe"": {""party"": ""Constitution"", ""votes"": 32845, ""pct"": 1.3}, ""Write-in"": {""party"": ""Write-in"", ""votes"": 2294, ""pct"": 0.09}}",0,0,0,-0.102703108897,0,-0.019214728430,-0.220742470814,-0.083488380467,0,0.013971191648536203,0.04161096241854124,-0.027639770770005033,-0.10415832481506795,0.0,-0.020048986034872075,-0.2262997567875612,-0.08410933878019589,0.0,red,R+10.3,0,R+1.9,R+22.1,R+8.3,0,1.31%,1.40%,4.16%,-2.76%,R+10.4,0,R+2.0,R+22.6,R+8.4,0,32845,,https://en.wikipedia.org/wiki/2020_United_States_Senate_election_in_South_Carolina,"{""Lindsey Graham"": {""party"": ""Republican"", ""votes"": 1369137, ""pct"": 54.44}, ""Jaime Harrison"": {""party"": ""Democratic"", ""votes"": 1110828, ""pct"": 44.17}, ""Bill Bledsoe"": {""party"": ""Constitution"", ""votes"": 32845, ""pct"": 1.3}, ""Write-in"": {""party"": ""Write-in"", ""votes"": 2294, ""pct"": 0.09}}"
2020,South Dakota,SD,II,regular,General,"United States Senate election in South Dakota, 2020",143987,276232,0,0.3426475242671083,0.6573524757328917,Daniel Ahlers,Mike Rounds,Mike Rounds,R,Daniel Ahlers,0.0,None,0,420219,{},0,0,0,-0.314704951466,0,-0.019214728430,-0.220742470814,-0.295490223035,0,0.0,0.04161096241854124,-0.04161096241854124,-0.3147049514657833,0.0,-0.020048986034872075,-0.2262997567875612,-0.2946559654309112,0.0,red,R+31.5,0,R+1.9,R+22.1,R+29.5,0,0.00%,0.00%,4.16%,-4.16%,R+31.5,0,R+2.0,R+22.6,R+29.5,0,0,,https://en.wikipedia.org/wiki/2020_United_States_Senate_election_in_South_Dakota,"{""Mike Rounds"": {""party"": ""Republican"", ""votes"": 276232, ""pct"": 65.74}, ""Daniel Ahlers"": {""party"": ""Democratic"", ""votes"": 143987, ""pct"": 34.26}}"
2020,Tennessee,TN,II,regular,General,2020 United States Senate election in Tennessee,1040691,1840926,78144,0.3516131876864382,0.6219846805198123,Marquita Bradshaw,Bill Hagerty,Bill Hagerty,R,Marquita Bradshaw,0.005626129947654557,Elizabeth McLeod,78144,2959761,"{""Elizabeth McLeod"": {""party"": ""Independent"", ""votes"": 16652, ""pct"": 0.56}, ""Yomi Faparusi"": {""party"": ""Independent"", ""votes"": 10727, ""pct"": 0.36}, ""Stephen Hooper"": {""party"": ""Independent"", ""votes"": 9609, ""pct"": 0.32}, ""Kacey Morgan"": {""party"": ""Independent"", ""votes"": 9598, ""pct"": 0.32}, ""Ronnie Henley"": {""party"": ""Independent"", ""votes"": 8478, ""pct"": 0.3}, ""Aaron James"": {""party"": ""Independent"", ""votes"": 7203, ""pct"": 0.29}, ""Eric William Stansberry"": {""party"": ""Independent"", ""votes"": 6781, ""pct"": 0.23}, ""Dean Hill"": {""party"": ""Independent"", ""votes"": 4872, ""pct"": 0.16}, ""Jeffrey Grunau"": {""party"": ""Independent"", ""votes"": 4160, ""pct"": 0.14}, ""Write-in"": {""party"": ""Write-in"", ""votes"": 64, ""pct"": 0.0}}",0,0,0,-0.270371492833,0,-0.019214728430,-0.220742470814,-0.251156764403,0,0.02640213179374956,0.04161096241854124,-0.015208830624791676,-0.2777034560803882,0.0,-0.020048986034872075,-0.2262997567875612,-0.2576544700455161,0.0,red,R+27.0,0,R+1.9,R+22.1,R+25.1,0,0.56%,2.64%,4.16%,-1.52%,R+27.8,0,R+2.0,R+22.6,R+25.8,0,16652,,https://en.wikipedia.org/wiki/2020_United_States_Senate_election_in_Tennessee,"{""Bill Hagerty"": {""party"": ""Republican"", ""votes"": 1840926, ""pct"": 62.2}, ""Marquita Bradshaw"": {""party"": ""Democratic"", ""votes"": 1040691, ""pct"": 35.16}, ""Elizabeth McLeod"": {""party"": ""Independent"", ""votes"": 16652, ""pct"": 0.56}, ""Yomi Faparusi"": {""party"": ""Independent"", ""votes"": 10727, ""pct"": 0.36}, ""Stephen Hooper"": {""party"": ""Independent"", ""votes"": 9609, ""pct"": 0.32}, ""Kacey Morgan"": {""party"": ""Independent"", ""votes"": 9598, ""pct"": 0.32}, ""Ronnie Henley"": {""party"": ""Independent"", ""votes"": 8478, ""pct"": 0.3}, ""Aaron James"": {""party"": ""Independent"", ""votes"": 7203, ""pct"": 0.29}, ""Eric William Stansberry"": {""party"": ""Independent"", ""votes"": 6781, ""pct"": 0.23}, ""Dean Hill"": {""party"": ""Independent"", ""votes"": 4872, ""pct"": 0.16}, ""Jeffrey Grunau"": {""party"": ""Independent"", ""votes"": 4160, ""pct"": 0.14}, ""Write-in"": {""party"": ""Write-in"", ""votes"": 64, ""pct"": 0.0}}"
2020,Texas,TX,II,regular,General,2020 United States Senate election in Texas,4888764,5962983,292293,0.4386886622804656,0.5350826989134999,MJ Hegar,John Cornyn,John Cornyn,R,MJ Hegar,0.018819207396958373,Kerry McKennon,292293,11144040,"{""Kerry McKennon"": {""party"": ""Libertarian"", ""votes"": 209722, ""pct"": 1.88}, ""David Collins"": {""party"": ""Green"", ""votes"": 81893, ""pct"": 0.73}, ""Ricardo Turullols-Bonilla"": {""party"": ""Independent"", ""votes"": 678, ""pct"": 0.01}}",0,0,0,-0.096394036633,0,-0.019214728430,-0.220742470814,-0.077179308203,0,0.026228638806034436,0.04161096241854124,-0.015382323612506802,-0.0989904206207535,0.0,-0.020048986034872075,-0.2262997567875612,-0.07894143458588143,0.0,red,R+9.6,0,R+1.9,R+22.1,R+7.7,0,1.88%,2.62%,4.16%,-1.54%,R+9.9,0,R+2.0,R+22.6,R+7.9,0,209722,,https://en.wikipedia.org/wiki/2020_United_States_Senate_election_in_Texas,"{""John Cornyn"": {""party"": ""Republican"", ""votes"": 5962983, ""pct"": 53.51}, ""MJ Hegar"": {""party"": ""Democratic"", ""votes"": 4888764, ""pct"": 43.87}, ""Kerry McKennon"": {""party"": ""Libertarian"", ""votes"": 209722, ""pct"": 1.88}, ""David Collins"": {""party"": ""Green"", ""votes"": 81893, ""pct"": 0.73}, ""Ricardo Turullols-Bonilla"": {""party"": ""Independent"", ""votes"": 678, ""pct"": 0.01}}"
2020,Virginia,VA,II,regular,General,"United States Senate election in Virginia, 2020",2466500,1934199,4388,0.559920836977794,0.43908304194673115,Mark Warner,Daniel Gade,Mark Warner,D,Daniel Gade,0.0009961210754747863,Write-in,4388,4405087,"{""Write-in"": {""party"": ""Write-in"", ""votes"": 4388, ""pct"": 0.1}}",0,0,0,0.120837795031,0,-0.019214728430,-0.220742470814,0.140052523462,0,0.0009961210754747863,0.04161096241854124,-0.04061484134306645,0.12095828412713526,0.0,-0.020048986034872075,-0.2262997567875612,0.14100727016200734,0.0,deepskyblue,D+12.1,0,R+1.9,R+22.1,D+14.0,0,0.10%,0.10%,4.16%,-4.06%,D+12.1,0,R+2.0,R+22.6,D+14.1,0,4388,,https://en.wikipedia.org/wiki/2020_United_States_Senate_election_in_Virginia,"{""Mark Warner"": {""party"": ""Democratic"", ""votes"": 2466500, ""pct"": 55.99}, ""Daniel Gade"": {""party"": ""Republican"", ""votes"": 1934199, ""pct"": 43.91}, ""Write-in"": {""party"": ""Write-in"", ""votes"": 4388, ""pct"": 0.1}}"
2020,West Virginia,WV,II,regular,General,"United States Senate election in West Virginia, 2020",210309,547454,21155,0.27000146356869403,0.7028390664999397,Paula Jean Swearengin,Shelley Moore Capito,Shelley Moore Capito,R,Paula Jean Swearengin,0.02715946993136633,David Moran,21155,778918,"{""David Moran"": {""party"": ""Libertarian"", ""votes"": 21155, ""pct"": 2.72}}",0,0,0,-0.432837602931,0,-0.019214728430,-0.220742470814,-0.413622874501,0,0.02715946993136633,0.04161096241854124,-0.014451492487174908,-0.4449214332185657,0.0,-0.020048986034872075,-0.2262997567875612,-0.4248724471836936,0.0,red,R+43.3,0,R+1.9,R+22.1,R+41.4,0,2.72%,2.72%,4.16%,-1.45%,R+44.5,0,R+2.0,R+22.6,R+42.5,0,21155,,https://en.wikipedia.org/wiki/2020_United_States_Senate_election_in_West_Virginia,"{""Shelley Moore Capito"": {""party"": ""Republican"", ""votes"": 547454, ""pct"": 70.28}, ""Paula Jean Swearengin"": {""party"": ""Democratic"", ""votes"": 210309, ""pct"": 27.0}, ""David Moran"": {""party"": ""Libertarian"", ""votes"": 21155, ""pct"": 2.72}}"
2020,Wyoming,WY,II,regular,General,"United States Senate election in Wyoming, 2020",72766,198100,1071,0.2675840360083402,0.7284775517858916,Merav Ben-David,Cynthia Lummis,Cynthia Lummis,R,Merav Ben-David,0.003938412205768248,Write-in,1071,271937,"{""Write-in"": {""party"": ""Write-in"", ""votes"": 1071, ""pct"": 0.39}}",0,0,0,-0.460893515778,0,-0.019214728430,-0.220742470814,-0.441678787347,0,0.003938412205768248,0.04161096241854124,-0.03767255021277299,-0.462715881653659,0.0,-0.020048986034872075,-0.2262997567875612,-0.4426668956187869,0.0,red,R+46.1,0,R+1.9,R+22.1,R+44.2,0,0.39%,0.39%,4.16%,-3.77%,R+46.3,0,R+2.0,R+22.6,R+44.3,0,1071,,https://en.wikipedia.org/wiki/2020_United_States_Senate_election_in_Wyoming,"{""Cynthia Lummis"": {""party"": ""Republican"", ""votes"": 198100, ""pct"": 72.85}, ""Merav Ben-David"": {""party"": ""Democratic"", ""votes"": 72766, ""pct"": 26.76}, ""Write-in"": {""party"": ""Write-in"", ""votes"": 1071, ""pct"": 0.39}}"
2022,United States,NATIONAL,,national,Aggregate,National aggregate,33041591,34956140,12149938,0.41225891422993227,0.43614668319299466,Democratic total,Republican total,Republican Party,R,Democratic Party,0.0,Various,12149938,80147669,{},-1881817,-1396276,5777219,-0.023887768963,-0.004673040533,-0.023887768963,-0.004673040533,0.000000000000,0.000000000000,0.15159440257707307,0.15159440257707307,0.0,-0.02815607185480939,-0.008107085819937316,-0.02815607185480939,-0.008107085819937316,0.0,0.0,transparent,R+2.4,R+0.5,R+2.4,R+0.5,EVEN,EVEN,0.00%,15.16%,15.16%,0.00%,R+2.8,R+0.8,R+2.8,R+0.8,EVEN,EVEN,0,,,{}
2022,Alabama,AL,III,regular,General,2022 United States Senate election in Alabama,436746,942154,35338,0.30882072183041326,0.6661919705169851,Will Boyd,Katie Britt,Katie Britt,R,Will Boyd,0.023248562123206987,John Sophocleus,35338,1414238,"{""John Sophocleus"": {""party"": ""Libertarian"", ""votes"": 32879, ""pct"": 2.32}, ""Write-in"": {""party"": ""Write-in"", ""votes"": 2459, ""pct"": 0.17}}",-311963,-392950,-673206,-0.357371248687,-0.076455928323,-0.023887768963,-0.004673040533,-0.333483479724,0.053544528291,0.024987307652601612,0.15159440257707307,-0.12660709492447147,-0.3665298426281819,-0.08512503327148818,-0.02815607185480939,-0.008107085819937316,-0.3383737707733725,0.05301972215489009,red,R+35.7,R+7.6,R+2.4,R+0.5,R+33.3,D+5.4,2.32%,2.50%,15.16%,-12.66%,R+36.7,R+8.5,R+2.8,R+0.8,R+33.8,D+5.3,32879,,https://en.wikipedia.org/wiki/2022_United_States_Senate_election_in_Alabama,"{""Katie Britt"": {""party"": ""Republican"", ""votes"": 942154, ""pct"": 66.62}, ""Will Boyd"": {""party"": ""Democratic"", ""votes"": 436746, ""pct"": 30.88}, ""John Sophocleus"": {""party"": ""Libertarian"", ""votes"": 32879, ""pct"": 2.32}, ""Write-in"": {""party"": ""Write-in"", ""votes"": 2459, ""pct"": 0.17}}"
2022,Arkansas,AR,III,regular,General,2022 United States Senate election in Arkansas,280187,592437,28682,0.3108677851917107,0.6573095042083377,Natalie James,John Boozman,John Boozman,R,Natalie James,0.03182271059995163,Kenneth Cates,28682,901306,"{""Kenneth Cates"": {""party"": ""Libertarian"", ""votes"": 28682, ""pct"": 3.18}}",-120415,-69547,-206216,-0.346441719017,-0.110435571960,-0.023887768963,-0.004673040533,-0.322553950054,0.019564884654,0.03182271059995163,0.15159440257707307,-0.11977169197712145,-0.35782880140816664,-0.11184212362396848,-0.02815607185480939,-0.008107085819937316,-0.32967272955335725,0.026302631802409826,red,R+34.6,R+11.0,R+2.4,R+0.5,R+32.3,D+2.0,3.18%,3.18%,15.16%,-11.98%,R+35.8,R+11.2,R+2.8,R+0.8,R+33.0,D+2.6,28682,,https://en.wikipedia.org/wiki/2022_United_States_Senate_election_in_Arkansas,"{""John Boozman"": {""party"": ""Republican"", ""votes"": 592437, ""pct"": 65.73}, ""Natalie James"": {""party"": ""Democratic"", ""votes"": 280187, ""pct"": 31.09}, ""Kenneth Cates"": {""party"": ""Libertarian"", ""votes"": 28682, ""pct"": 3.18}}"
2022,Arizona,AZ,III,regular,General,2022 United States Senate election in Arizona,1322027,1196308,53959,0.5139486388414388,0.46507436552742415,Mark Kelly,Blake Masters,Mark Kelly,D,Blake Masters,0.02090041029524619,Marc Victor,53959,2572294,"{""Marc Victor"": {""party"": ""Libertarian"", ""votes"": 53762, ""pct"": 2.09}, ""Write-in"": {""party"": ""Write-in"", ""votes"": 197, ""pct"": 0.01}}",290782,-162959,41564,0.048874273314,0.178489838783,-0.023887768963,-0.004673040533,0.072762042277,0.308490295398,0.020976995631137033,0.15159440257707307,-0.13061740694593604,0.049921475895780346,0.18713977892040434,-0.02815607185480939,-0.008107085819937316,0.07807754775058974,0.3252845343467826,deepskyblue,D+4.9,D+17.8,R+2.4,R+0.5,D+7.3,D+30.8,2.09%,2.10%,15.16%,-13.06%,D+5.0,D+18.7,R+2.8,R+0.8,D+7.8,D+32.5,53762,,https://en.wikipedia.org/wiki/2022_United_States_Senate_election_in_Arizona,"{""Mark Kelly"": {""party"": ""Democratic"", ""votes"": 1322027, ""pct"": 51.39}, ""Blake Masters"": {""party"": ""Republican"", ""votes"": 1196308, ""pct"": 46.51}, ""Marc Victor"": {""party"": ""Libertarian"", ""votes"": 53762, ""pct"": 2.09}, ""Write-in"": {""party"": ""Write-in"", ""votes"": 197, ""pct"": 0.01}}"
2022,Colorado,CO,III,regular,General,2022 United States Senate election in Colorado,1397170,1031693,71338,0.5588230706251217,0.412644023420517,Michael Bennet,Joe O'Dea,Michael Bennet,D,Joe O'Dea,0.017412200059115247,Brian Peotter,71338,2500201,"{""Brian Peotter"": {""party"": ""Libertarian"", ""votes"": 43534, ""pct"": 1.74}, ""T.J. Cole"": {""party"": ""Unity"", ""votes"": 16379, ""pct"": 0.66}, ""Frank Atwood"": {""party"": ""Approval Voting"", ""votes"": 11354, ""pct"": 0.45}, ""Write-in"": {""party"": ""Write-in"", ""votes"": 71, ""pct"": 0.0}}",26460,-183625,-242822,0.146179047205,0.089529139420,-0.023887768963,-0.004673040533,0.170066816168,0.219529596035,0.028532905954361268,0.15159440257707307,-0.1230614966227118,0.15047246386477953,0.09038340063731254,-0.02815607185480939,-0.008107085819937316,0.17862853571958892,0.2285281560636908,deepskyblue,D+14.6,D+9.0,R+2.4,R+0.5,D+17.0,D+22.0,1.74%,2.85%,15.16%,-12.31%,D+15.0,D+9.0,R+2.8,R+0.8,D+17.9,D+22.9,43534,,https://en.wikipedia.org/wiki/2022_United_States_Senate_election_in_Colorado,"{""Michael Bennet"": {""party"": ""Democratic"", ""votes"": 1397170, ""pct"": 55.88}, ""Joe O'Dea"": {""party"": ""Republican"", ""votes"": 1031693, ""pct"": 41.26}, ""Brian Peotter"": {""party"": ""Libertarian"", ""votes"": 43534, ""pct"": 1.74}, ""T.J. Cole"": {""party"": ""Unity"", ""votes"": 16379, ""pct"": 0.66}, ""Frank Atwood"": {""party"": ""Approval Voting"", ""votes"": 11354, ""pct"": 0.45}, ""Write-in"": {""party"": ""Write-in"", ""votes"": 71, ""pct"": 0.0}}"
2022,Connecticut,CT,III,regular,General,2022 United States Senate election in Connecticut,723864,535943,80,0.5745467649082815,0.42538973733358626,Richard Blumenthal,Leora Levy,Richard Blumenthal,D,Leora Levy,6.349775813227695e-05,Write-in,80,1259887,"{""Write-in"": {""party"": ""Write-in"", ""votes"": 80, ""pct"": 0.0}}",-284850,-16678,-336389,0.149157027575,-0.136566118047,-0.023887768963,-0.004673040533,0.173044796538,-0.006565661432,6.349775813227695e-05,0.15159440257707307,-0.1515309048189408,0.14916649931299,-0.14295082336279705,-0.02815607185480939,-0.008107085819937316,0.1773225711677994,-0.004806067936418773,deepskyblue,D+14.9,R+13.7,R+2.4,R+0.5,D+17.3,R+0.7,0.01%,0.01%,15.16%,-15.15%,D+14.9,R+14.3,R+2.8,R+0.8,D+17.7,R+0.5,80,,https://en.wikipedia.org/wiki/2022_United_States_Senate_election_in_Connecticut,"{""Richard Blumenthal"": {""party"": ""Democratic"", ""votes"": 723864, ""pct"": 57.45}, ""Leora Levy"": {""party"": ""Republican"", ""votes"": 535943, ""pct"": 42.54}, ""Write-in"": {""party"": ""Write-in"", ""votes"": 80, ""pct"": 0.0}}"
2022,Florida,FL,III,regular,General,"United States Senate election in Florida, 2022",3201522,4474847,81645,0.4126728825186446,0.5768031612214157,Val Demings,Marco Rubio,Marco Rubio,R,Val Demings,0.004147582100264321,Dennis Misigoy,81645,7758014,"{""Dennis Misigoy"": {""party"": ""Libertarian"", ""votes"": 32177, ""pct"": 0.41}, ""Steven B. Grant"": {""party"": ""Independent"", ""votes"": 31816, ""pct"": 0.41}, ""Tuan TQ Nguyen"": {""party"": ""Independent"", ""votes"": 17385, ""pct"": 0.22}, ""Write-in"": {""party"": ""Write-in"", ""votes"": 267, ""pct"": 0.0}}",-920566,-360344,-1543806,-0.164130278703,-0.087467539583,-0.023887768963,-0.004673040533,-0.140242509740,0.042532917032,0.010523956259939722,0.15159440257707307,-0.14107044631713336,-0.16587594994456364,-0.08626438486994667,-0.02815607185480939,-0.008107085819937316,-0.13771987808975425,0.051880370556431604,red,R+16.4,R+8.7,R+2.4,R+0.5,R+14.0,D+4.3,0.41%,1.05%,15.16%,-14.11%,R+16.6,R+8.6,R+2.8,R+0.8,R+13.8,D+5.2,32177,,https://en.wikipedia.org/wiki/2022_United_States_Senate_election_in_Florida,"{""Marco Rubio"": {""party"": ""Republican"", ""votes"": 4474847, ""pct"": 57.68}, ""Val Demings"": {""party"": ""Democratic"", ""votes"": 3201522, ""pct"": 41.27}, ""Dennis Misigoy"": {""party"": ""Libertarian"", ""votes"": 32177, ""pct"": 0.41}, ""Steven B. Grant"": {""party"": ""Independent"", ""votes"": 31816, ""pct"": 0.41}, ""Tuan TQ Nguyen"": {""party"": ""Independent"", ""votes"": 17385, ""pct"": 0.22}, ""Write-in"": {""party"": ""Write-in"", ""votes"": 267, ""pct"": 0.0}}"
2022,Georgia,GA,III,regular,General,2022 United States Senate election in Georgia,1946117,1908442,81365,0.4944498420193073,0.4848777567859542,Raphael Warnock,Herschel Walker,Raphael Warnock,D,Herschel Walker,0.020672401194738517,Chase Oliver,81365,3935924,"{""Chase Oliver"": {""party"": ""Libertarian"", ""votes"": 81365, ""pct"": 2.07}}",346391,-227364,38132,0.009572085233,0.147106361049,-0.023887768963,-0.004673040533,0.033459854196,0.277106817664,0.020672401194738517,0.15159440257707307,-0.13092200138233456,0.00977414018049795,0.15328248116111332,-0.02815607185480939,-0.008107085819937316,0.037930212035307345,0.2914272365874916,deepskyblue,D+1.0,D+14.7,R+2.4,R+0.5,D+3.3,D+27.7,2.07%,2.07%,15.16%,-13.09%,D+1.0,D+15.3,R+2.8,R+0.8,D+3.8,D+29.1,81365,,https://en.wikipedia.org/wiki/2022_United_States_Senate_election_in_Georgia#Runoff,"{""Raphael Warnock"": {""party"": ""Democratic"", ""votes"": 1946117, ""pct"": 49.44}, ""Herschel Walker"": {""party"": ""Republican"", ""votes"": 1908442, ""pct"": 48.49}, ""Chase Oliver"": {""party"": ""Libertarian"", ""votes"": 81365, ""pct"": 2.07}}"
2022,Hawaii,HI,III,regular,General,2022 United States Senate election in Hawaii,290894,106358,11265,0.712073181777013,0.26035146640164303,Brian Schatz,Bob McDermott,Brian Schatz,D,Bob McDermott,0.012031323053875359,Feena Bonoan,11265,408517,"{""Feena Bonoan"": {""party"": ""Libertarian"", ""votes"": 4915, ""pct"": 1.2}, ""Emma Jane Pohlman"": {""party"": ""Green"", ""votes"": 4142, ""pct"": 1.01}, ""Dan Decker"": {""party"": ""Aloha ʻĀina"", ""votes"": 2208, ""pct"": 0.54}}",-15710,13705,-8045,0.451721715375,-0.061889703813,-0.023887768963,-0.004673040533,0.475609484338,0.068110752802,0.027575351821344032,0.15159440257707307,-0.12401905075572904,0.46453133023874016,-0.07134155364307027,-0.02815607185480939,-0.008107085819937316,0.49268740209354955,0.06680320178330801,deepskyblue,D+45.2,R+6.2,R+2.4,R+0.5,D+47.6,D+6.8,1.20%,2.76%,15.16%,-12.40%,D+46.5,R+7.1,R+2.8,R+0.8,D+49.3,D+6.7,4915,,https://en.wikipedia.org/wiki/2022_United_States_Senate_election_in_Hawaii,"{""Brian Schatz"": {""party"": ""Democratic"", ""votes"": 290894, ""pct"": 71.21}, ""Bob McDermott"": {""party"": ""Republican"", ""votes"": 106358, ""pct"": 26.04}, ""Feena Bonoan"": {""party"": ""Libertarian"", ""votes"": 4915, ""pct"": 1.2}, ""Emma Jane Pohlman"": {""party"": ""Green"", ""votes"": 4142, ""pct"": 1.01}, ""Dan Decker"": {""party"": ""Aloha ʻĀina"", ""votes"": 2208, ""pct"": 0.54}}"
2022,Iowa,IA,III,regular,General,2022 United States Senate election in Iowa,533330,681501,1815,0.4383608707873942,0.5601473230504189,Michael Franken,Chuck Grassley,Chuck Grassley,R,Michael Franken,0.0014918061621868645,Write-in,1815,1216646,"{""Write-in"": {""party"": ""Write-in"", ""votes"": 1815, ""pct"": 0.15}}",-16130,-244506,-324390,-0.121786452263,0.122560208036,-0.023887768963,-0.004673040533,-0.097898683300,0.252560664650,0.0014918061621868645,0.15159440257707307,-0.1501025964148862,-0.12196840548191477,0.13323689561936364,-0.02815607185480939,-0.008107085819937316,-0.09381233362710538,0.2713816510457419,red,R+12.2,D+12.3,R+2.4,R+0.5,R+9.8,D+25.3,0.15%,0.15%,15.16%,-15.01%,R+12.2,D+13.3,R+2.8,R+0.8,R+9.4,D+27.1,1815,,https://en.wikipedia.org/wiki/2022_United_States_Senate_election_in_Iowa,"{""Chuck Grassley"": {""party"": ""Republican"", ""votes"": 681501, ""pct"": 56.01}, ""Michael Franken"": {""party"": ""Democratic"", ""votes"": 533330, ""pct"": 43.84}, ""Write-in"": {""party"": ""Write-in"", ""votes"": 1815, ""pct"": 0.15}}"
2022,Idaho,ID,III,regular,General,2022 United States Senate election in Idaho,169808,358539,62543,0.2873766690923861,0.6067779112863646,David Roth,Mike Crapo,Mike Crapo,R,David Roth,0.08447765235492223,Scott Cleveland,62543,590890,"{""Scott Cleveland"": {""party"": ""Independent"", ""votes"": 49917, ""pct"": 8.45}, ""Ray Writz"": {""party"": ""Constitution"", ""votes"": 8500, ""pct"": 1.44}, ""Idaho Sierra Law"": {""party"": ""Libertarian"", ""votes"": 4126, ""pct"": 0.7}}",-18441,-90478,-88053,-0.319401242194,0.064678128239,-0.023887768963,-0.004673040533,-0.295513473231,0.194678584854,0.1058454196212493,0.15159440257707307,-0.045748982955823775,-0.3572103182188978,0.05198772467057061,-0.02815607185480939,-0.008107085819937316,-0.3290542463640884,0.19013248009694894,red,R+31.9,D+6.5,R+2.4,R+0.5,R+29.6,D+19.5,8.45%,10.58%,15.16%,-4.57%,R+35.7,D+5.2,R+2.8,R+0.8,R+32.9,D+19.0,49917,,https://en.wikipedia.org/wiki/2022_United_States_Senate_election_in_Idaho,"{""Mike Crapo"": {""party"": ""Republican"", ""votes"": 358539, ""pct"": 60.68}, ""David Roth"": {""party"": ""Democratic"", ""votes"": 169808, ""pct"": 28.74}, ""Scott Cleveland"": {""party"": ""Independent"", ""votes"": 49917, ""pct"": 8.45}, ""Ray Writz"": {""party"": ""Constitution"", ""votes"": 8500, ""pct"": 1.44}, ""Idaho Sierra Law"": {""party"": ""Libertarian"", ""votes"": 4126, ""pct"": 0.7}}"
2022,Illinois,IL,III,regular,General,2022 United States Senate election in Illinois,2329136,1701055,8266649,0.1894093116605567,0.13833269360258407,Tammy Duckworth,Kathy Salvi,"68,705",T,Tammy Duckworth,0.33332921303359236,"68,705",8266649,12296840,"{""68,705"": {""party"": """", ""votes"": 4098896, ""pct"": NaN}, ""20,300"": {""party"": """", ""votes"": 1441922, ""pct"": NaN}, ""5,818"": {""party"": """", ""votes"": 341740, ""pct"": NaN}, ""3,551"": {""party"": """", ""votes"": 233321, ""pct"": NaN}, ""3,300"": {""party"": """", ""votes"": 229413, ""pct"": NaN}, ""2,693"": {""party"": """", ""votes"": 157941, ""pct"": NaN}, ""2,322"": {""party"": """", ""votes"": 116350, ""pct"": NaN}, ""1,883"": {""party"": """", ""votes"": 98014, ""pct"": NaN}, ""1,634"": {""party"": """", ""votes"": 88603, ""pct"": NaN}, ""1,646"": {""party"": """", ""votes"": 88002, ""pct"": NaN}, ""2,221"": {""party"": """", ""votes"": 79666, ""pct"": NaN}, ""Bill Redpath"": {""party"": ""Libertarian"", ""votes"": 68671, ""pct"": 1.68}, ""1,247"": {""party"": """", ""votes"": 67794, ""pct"": NaN}, ""1,286"": {""party"": """", ""votes"": 64827, ""pct"": NaN}, ""1,075"": {""party"": """", ""votes"": 59035, ""pct"": NaN}, ""1,168"": {""party"": """", ""votes"": 51324, ""pct"": NaN}, ""955"": {""party"": """", ""votes"": 47972, ""pct"": NaN}, ""820"": {""party"": """", ""votes"": 45265, ""pct"": NaN}, ""380"": {""party"": """", ""votes"": 45056, ""pct"": NaN}, ""698"": {""party"": """", ""votes"": 39578, ""pct"": NaN}, ""628"": {""party"": """", ""votes"": 35243, ""pct"": NaN}, ""767"": {""party"": """", ""votes"": 35108, ""pct"": NaN}, ""747"": {""party"": """", ""votes"": 34498, ""pct"": NaN}, ""293"": {""party"": """", ""votes"": 32379, ""pct"": NaN}, ""228"": {""party"": """", ""votes"": 31002, ""pct"": NaN}, ""313"": {""party"": """", ""votes"": 29880, ""pct"": NaN}, ""351"": {""party"": """", ""votes"": 24936, ""pct"": NaN}, ""382"": {""party"": """", ""votes"": 21964, ""pct"": NaN}, ""389"": {""party"": """", ""votes"": 19652, ""pct"": NaN}, ""377"": {""party"": """", ""votes"": 19402, ""pct"": NaN}, ""419"": {""party"": """", ""votes"": 19370, ""pct"": NaN}, ""346"": {""party"": """", ""votes"": 17748, ""pct"": NaN}, ""364"": {""party"": """", ""votes"": 17566, ""pct"": NaN}, ""338"": {""party"": """", ""votes"": 17517, ""pct"": NaN}, ""287"": {""party"": """", ""votes"": 17089, ""pct"": NaN}, ""337"": {""party"": """", ""votes"": 16644, ""pct"": NaN}, ""233"": {""party"": """", ""votes"": 15670, ""pct"": NaN}, ""255"": {""party"": """", ""votes"": 14773, ""pct"": NaN}, ""135"": {""party"": """", ""votes"": 14252, ""pct"": NaN}, ""121"": {""party"": """", ""votes"": 14210, ""pct"": NaN}, ""222"": {""party"": """", ""votes"": 13116, ""pct"": NaN}, ""219"": {""party"": """", ""votes"": 12898, ""pct"": NaN}, ""224"": {""party"": """", ""votes"": 12798, ""pct"": NaN}, ""213"": {""party"": """", ""votes"": 12670, ""pct"": NaN}, ""330"": {""party"": """", ""votes"": 12417, ""pct"": NaN}, ""204"": {""party"": """", ""votes"": 12002, ""pct"": NaN}, ""189"": {""party"": """", ""votes"": 11327, ""pct"": NaN}, ""108"": {""party"": """", ""votes"": 11302, ""pct"": NaN}, ""251"": {""party"": """", ""votes"": 11027, ""pct"": NaN}, ""198"": {""party"": """", ""votes"": 10438, ""pct"": NaN}, ""91"": {""party"": """", ""votes"": 10248, ""pct"": NaN}, ""71"": {""party"": """", ""votes"": 9675, ""pct"": NaN}, ""273"": {""party"": """", ""votes"": 9668, ""pct"": NaN}, ""186"": {""party"": """", ""votes"": 9667, ""pct"": NaN}, ""167"": {""party"": """", ""votes"": 9465, ""pct"": NaN}, ""159"": {""party"": """", ""votes"": 9386, ""pct"": NaN}, ""210"": {""party"": """", ""votes"": 9260, ""pct"": NaN}, ""88"": {""party"": """", ""votes"": 8801, ""pct"": NaN}, ""137"": {""party"": """", ""votes"": 8005, ""pct"": NaN}, ""175"": {""party"": """", ""votes"": 7615, ""pct"": NaN}, ""150"": {""party"": """", ""votes"": 7202, ""pct"": NaN}, ""132"": {""party"": """", ""votes"": 6965, ""pct"": NaN}, ""158"": {""party"": """", ""votes"": 6943, ""pct"": NaN}, ""99"": {""party"": """", ""votes"": 6765, ""pct"": NaN}, ""139"": {""party"": """", ""votes"": 6393, ""pct"": NaN}, ""57"": {""party"": """", ""votes"": 6370, ""pct"": NaN}, ""144"": {""party"": """", ""votes"": 6080, ""pct"": NaN}, ""105"": {""party"": """", ""votes"": 6024, ""pct"": NaN}, ""114"": {""party"": """", ""votes"": 5963, ""pct"": NaN}, ""110"": {""party"": """", ""votes"": 5953, ""pct"": NaN}, ""111"": {""party"": """", ""votes"": 5854, ""pct"": NaN}, ""101"": {""party"": """", ""votes"": 5737, ""pct"": NaN}, ""160"": {""party"": """", ""votes"": 5284, ""pct"": NaN}, ""127"": {""party"": """", ""votes"": 5134, ""pct"": NaN}, ""102"": {""party"": """", ""votes"": 5025, ""pct"": NaN}, ""93"": {""party"": """", ""votes"": 4967, ""pct"": NaN}, ""79"": {""party"": """", ""votes"": 4763, ""pct"": NaN}, ""100"": {""party"": """", ""votes"": 4738, ""pct"": NaN}, ""70"": {""party"": """", ""votes"": 4575, ""pct"": NaN}, ""82"": {""party"": """", ""votes"": 4523, ""pct"": NaN}, ""28"": {""party"": """", ""votes"": 3547, ""pct"": NaN}, ""52"": {""party"": """", ""votes"": 3398, ""pct"": NaN}, ""76"": {""party"": """", ""votes"": 2909, ""pct"": NaN}, ""55"": {""party"": """", ""votes"": 2783, ""pct"": NaN}, ""48"": {""party"": """", ""votes"": 2745, ""pct"": NaN}, ""69"": {""party"": """", ""votes"": 2310, ""pct"": NaN}, ""39"": {""party"": """", ""votes"": 2165, ""pct"": NaN}, ""30"": {""party"": """", ""votes"": 2083, ""pct"": NaN}, ""25"": {""party"": """", ""votes"": 1986, ""pct"": NaN}, ""13"": {""party"": """", ""votes"": 1707, ""pct"": NaN}, ""24"": {""party"": """", ""votes"": 1646, ""pct"": NaN}, ""Write-in"": {""party"": ""Write-in"", ""votes"": 34, ""pct"": 0.0}}",-683804,-483637,6804962,0.051076618058,-0.099736637444,-0.023887768963,-0.004673040533,0.074964387021,0.030263819171,0.6722579947368592,0.15159440257707307,0.5206635921597862,0.15584397861044302,-0.0035070489344081746,-0.02815607185480939,-0.008107085819937316,0.18400005046525242,0.1346377064919701,yellow,D+5.1,R+10.0,R+2.4,R+0.5,D+7.5,D+3.0,33.33%,67.23%,15.16%,52.07%,D+15.6,R+0.4,R+2.8,R+0.8,D+18.4,D+13.5,4098896,,https://en.wikipedia.org/wiki/2022_United_States_Senate_election_in_Illinois,"{""68,705"": {""party"": """", ""votes"": 4098896, ""pct"": NaN}, ""Tammy Duckworth"": {""party"": ""Democratic"", ""votes"": 2329136, ""pct"": 56.82}, ""Kathy Salvi"": {""party"": ""Republican"", ""votes"": 1701055, ""pct"": 41.5}, ""20,300"": {""party"": """", ""votes"": 1441922, ""pct"": NaN}, ""5,818"": {""party"": """", ""votes"": 341740, ""pct"": NaN}, ""3,551"": {""party"": """", ""votes"": 233321, ""pct"": NaN}, ""3,300"": {""party"": """", ""votes"": 229413, ""pct"": NaN}, ""2,693"": {""party"": """", ""votes"": 157941, ""pct"": NaN}, ""2,322"": {""party"": """", ""votes"": 116350, ""pct"": NaN}, ""1,883"": {""party"": """", ""votes"": 98014, ""pct"": NaN}, ""1,634"": {""party"": """", ""votes"": 88603, ""pct"": NaN}, ""1,646"": {""party"": """", ""votes"": 88002, ""pct"": NaN}, ""2,221"": {""party"": """", ""votes"": 79666, ""pct"": NaN}, ""Bill Redpath"": {""party"": ""Libertarian"", ""votes"": 68671, ""pct"": 1.68}, ""1,247"": {""party"": """", ""votes"": 67794, ""pct"": NaN}, ""1,286"": {""party"": """", ""votes"": 64827, ""pct"": NaN}, ""1,075"": {""party"": """", ""votes"": 59035, ""pct"": NaN}, ""1,168"": {""party"": """", ""votes"": 51324, ""pct"": NaN}, ""955"": {""party"": """", ""votes"": 47972, ""pct"": NaN}, ""820"": {""party"": """", ""votes"": 45265, ""pct"": NaN}, ""380"": {""party"": """", ""votes"": 45056, ""pct"": NaN}, ""698"": {""party"": """", ""votes"": 39578, ""pct"": NaN}, ""628"": {""party"": """", ""votes"": 35243, ""pct"": NaN}, ""767"": {""party"": """", ""votes"": 35108, ""pct"": NaN}, ""747"": {""party"": """", ""votes"": 34498, ""pct"": NaN}, ""293"": {""party"": """", ""votes"": 32379, ""pct"": NaN}, ""228"": {""party"": """", ""votes"": 31002, ""pct"": NaN}, ""313"": {""party"": """", ""votes"": 29880, ""pct"": NaN}, ""351"": {""party"": """", ""votes"": 24936, ""pct"": NaN}, ""382"": {""party"": """", ""votes"": 21964, ""pct"": NaN}, ""389"": {""party"": """", ""votes"": 19652, ""pct"": NaN}, ""377"": {""party"": """", ""votes"": 19402, ""pct"": NaN}, ""419"": {""party"": """", ""votes"": 19370, ""pct"": NaN}, ""346"": {""party"": """", ""votes"": 17748, ""pct"": NaN}, ""364"": {""party"": """", ""votes"": 17566, ""pct"": NaN}, ""338"": {""party"": """", ""votes"": 17517, ""pct"": NaN}, ""287"": {""party"": """", ""votes"": 17089, ""pct"": NaN}, ""337"": {""party"": """", ""votes"": 16644, ""pct"": NaN}, ""233"": {""party"": """", ""votes"": 15670, ""pct"": NaN}, ""255"": {""party"": """", ""votes"": 14773, ""pct"": NaN}, ""135"": {""party"": """", ""votes"": 14252, ""pct"": NaN}, ""121"": {""party"": """", ""votes"": 14210, ""pct"": NaN}, ""222"": {""party"": """", ""votes"": 13116, ""pct"": NaN}, ""219"": {""party"": """", ""votes"": 12898, ""pct"": NaN}, ""224"": {""party"": """", ""votes"": 12798, ""pct"": NaN}, ""213"": {""party"": """", ""votes"": 12670, ""pct"": NaN}, ""330"": {""party"": """", ""votes"": 12417, ""pct"": NaN}, ""204"": {""party"": """", ""votes"": 12002, ""pct"": NaN}, ""189"": {""party"": """", ""votes"": 11327, ""pct"": NaN}, ""108"": {""party"": """", ""votes"": 11302, ""pct"": NaN}, ""251"": {""party"": """", ""votes"": 11027, ""pct"": NaN}, ""198"": {""party"": """", ""votes"": 10438, ""pct"": NaN}, ""91"": {""party"": """", ""votes"": 10248, ""pct"": NaN}, ""71"": {""party"": """", ""votes"": 9675, ""pct"": NaN}, ""273"": {""party"": """", ""votes"": 9668, ""pct"": NaN}, ""186"": {""party"": """", ""votes"": 9667, ""pct"": NaN}, ""167"": {""party"": """", ""votes"": 9465, ""pct"": NaN}, ""159"": {""party"": """", ""votes"": 9386, ""pct"": NaN}, ""210"": {""party"": """", ""votes"": 9260, ""pct"": NaN}, ""88"": {""party"": """", ""votes"": 8801, ""pct"": NaN}, ""137"": {""party"": """", ""votes"": 8005, ""pct"": NaN}, ""175"": {""party"": """", ""votes"": 7615, ""pct"": NaN}, ""150"": {""party"": """", ""votes"": 7202, ""pct"": NaN}, ""132"": {""party"": """", ""votes"": 6965, ""pct"": NaN}, ""158"": {""party"": """", ""votes"": 6943, ""pct"": NaN}, ""99"": {""party"": """", ""votes"": 6765, ""pct"": NaN}, ""139"": {""party"": """", ""votes"": 6393, ""pct"": NaN}, ""57"": {""party"": """", ""votes"": 6370, ""pct"": NaN}, ""144"": {""party"": """", ""votes"": 6080, ""pct"": NaN}, ""105"": {""party"": """", ""votes"": 6024, ""pct"": NaN}, ""114"": {""party"": """", ""votes"": 5963, ""pct"": NaN}, ""110"": {""party"": """", ""votes"": 5953, ""pct"": NaN}, ""111"": {""party"": """", ""votes"": 5854, ""pct"": NaN}, ""101"": {""party"": """", ""votes"": 5737, ""pct"": NaN}, ""160"": {""party"": """", ""votes"": 5284, ""pct"": NaN}, ""127"": {""party"": """", ""votes"": 5134, ""pct"": NaN}, ""102"": {""party"": """", ""votes"": 5025, ""pct"": NaN}, ""93"": {""party"": """", ""votes"": 4967, ""pct"": NaN}, ""79"": {""party"": """", ""votes"": 4763, ""pct"": NaN}, ""100"": {""party"": """", ""votes"": 4738, ""pct"": NaN}, ""70"": {""party"": """", ""votes"": 4575, ""pct"": NaN}, ""82"": {""party"": """", ""votes"": 4523, ""pct"": NaN}, ""28"": {""party"": """", ""votes"": 3547, ""pct"": NaN}, ""52"": {""party"": """", ""votes"": 3398, ""pct"": NaN}, ""76"": {""party"": """", ""votes"": 2909, ""pct"": NaN}, ""55"": {""party"": """", ""votes"": 2783, ""pct"": NaN}, ""48"": {""party"": """", ""votes"": 2745, ""pct"": NaN}, ""69"": {""party"": """", ""votes"": 2310, ""pct"": NaN}, ""39"": {""party"": """", ""votes"": 2165, ""pct"": NaN}, ""30"": {""party"": """", ""votes"": 2083, ""pct"": NaN}, ""25"": {""party"": """", ""votes"": 1986, ""pct"": NaN}, ""13"": {""party"": """", ""votes"": 1707, ""pct"": NaN}, ""24"": {""party"": """", ""votes"": 1646, ""pct"": NaN}, ""Write-in"": {""party"": ""Write-in"", ""votes"": 34, ""pct"": 0.0}}"
2022,Indiana,IN,III,regular,General,2022 United States Senate election in Indiana,704411,1090165,65275,0.3787459317977623,0.5861571706550686,Thomas McDermott Jr.,Todd Young,Todd Young,R,Thomas McDermott Jr.,0.03431135074799003,James Sceniak,65275,1859851,"{""James Sceniak"": {""party"": ""Libertarian"", ""votes"": 63814, ""pct"": 3.43}, ""Write-in"": {""party"": ""Write-in"", ""votes"": 1461, ""pct"": 0.08}}",-454536,-333826,-872695,-0.207411238857,-0.110415982419,-0.023887768963,-0.004673040533,-0.183523469894,0.019584474196,0.035096897547169104,0.15159440257707307,-0.11649750502990397,-0.21495551038239674,-0.11234212980570461,-0.02815607185480939,-0.008107085819937316,-0.18679943852758735,0.025802625620673675,red,R+20.7,R+11.0,R+2.4,R+0.5,R+18.4,D+2.0,3.43%,3.51%,15.16%,-11.65%,R+21.5,R+11.2,R+2.8,R+0.8,R+18.7,D+2.6,63814,,https://en.wikipedia.org/wiki/2022_United_States_Senate_election_in_Indiana,"{""Todd Young"": {""party"": ""Republican"", ""votes"": 1090165, ""pct"": 58.62}, ""Thomas McDermott Jr."": {""party"": ""Democratic"", ""votes"": 704411, ""pct"": 37.87}, ""James Sceniak"": {""party"": ""Libertarian"", ""votes"": 63814, ""pct"": 3.43}, ""Write-in"": {""party"": ""Write-in"", ""votes"": 1461, ""pct"": 0.08}}"
2022,Kansas,KS,III,regular,General,2022 United States Senate election in Kansas,372214,602976,29766,0.3703784046266702,0.6000023881642579,Mark Holland,Jerry Moran,Jerry Moran,R,Mark Holland,0.02961920720907184,David Graham,29766,1004956,"{""David Graham"": {""party"": ""Libertarian"", ""votes"": 29766, ""pct"": 2.96}}",-7526,-129400,-172966,-0.229623983538,0.069747282132,-0.023887768963,-0.004673040533,-0.205736214575,0.199747738747,0.02961920720907184,0.15159440257707307,-0.12197519536800124,-0.23663286128856942,0.08045276646968602,-0.02815607185480939,-0.008107085819937316,-0.20847678943376002,0.2185975218960643,red,R+23.0,D+7.0,R+2.4,R+0.5,R+20.6,D+20.0,2.96%,2.96%,15.16%,-12.20%,R+23.7,D+8.0,R+2.8,R+0.8,R+20.8,D+21.9,29766,,https://en.wikipedia.org/wiki/2022_United_States_Senate_election_in_Kansas,"{""Jerry Moran"": {""party"": ""Republican"", ""votes"": 602976, ""pct"": 60.0}, ""Mark Holland"": {""party"": ""Democratic"", ""votes"": 372214, ""pct"": 37.04}, ""David Graham"": {""party"": ""Libertarian"", ""votes"": 29766, ""pct"": 2.96}}"
2022,Kentucky,KY,III,regular,General,2022 United States Senate election in Kentucky,564311,913326,193,0.38185109248019056,0.6180183106311281,Charles Booker,Rand Paul,Rand Paul,R,Charles Booker,0.00013059688868137742,Write-in,193,1477830,"{""Write-in"": {""party"": ""Write-in"", ""votes"": 193, ""pct"": 0.01}}",-248935,-176851,-425635,-0.236167218151,-0.090679384122,-0.023887768963,-0.004673040533,-0.212279449188,0.039321072493,0.00013059688868137742,0.15159440257707307,-0.15146380568839168,-0.23619806488332384,-0.09070702059101468,-0.02815607185480939,-0.008107085819937316,-0.20804199302851445,0.04743773483536362,red,R+23.6,R+9.1,R+2.4,R+0.5,R+21.2,D+3.9,0.01%,0.01%,15.16%,-15.15%,R+23.6,R+9.1,R+2.8,R+0.8,R+20.8,D+4.7,193,,https://en.wikipedia.org/wiki/2022_United_States_Senate_election_in_Kentucky,"{""Rand Paul"": {""party"": ""Republican"", ""votes"": 913326, ""pct"": 61.8}, ""Charles Booker"": {""party"": ""Democratic"", ""votes"": 564311, ""pct"": 38.19}, ""Write-in"": {""party"": ""Write-in"", ""votes"": 193, ""pct"": 0.01}}"
2022,Louisiana,LA,III,regular,General,2022 United States Senate election in Louisiana,481065,876843,25382,0.3477687252853704,0.633882266191471,Gary Chambers,John Kennedy,John Kennedy,R,Gary Chambers,0.006779489477983648,Beryl Billiot,25382,1383290,"{""Beryl Billiot"": {""party"": ""Independent"", ""votes"": 9378, ""pct"": 0.68}, ""Bradley McMorris"": {""party"": ""Independent"", ""votes"": 5388, ""pct"": 0.39}, ""Aaron C. Sigler"": {""party"": ""Libertarian"", ""votes"": 4865, ""pct"": 0.35}, ""Alexander \""Xan\"" John"": {""party"": ""Independent"", ""votes"": 2753, ""pct"": 0.2}, ""W. Thomas La Fontaine Olson"": {""party"": ""Independent"", ""votes"": 1676, ""pct"": 0.12}, ""Thomas Wenn"": {""party"": ""Independent"", ""votes"": 1322, ""pct"": 0.1}}",-224206,-845237,-1096519,-0.286113540906,0.123921667451,-0.023887768963,-0.004673040533,-0.262225771943,0.253922124065,0.018349008523158558,0.15159440257707307,-0.1332453940539145,-0.2914615717706943,0.12743499489807342,-0.02815607185480939,-0.008107085819937316,-0.2633054999158849,0.2655797503244517,red,R+28.6,D+12.4,R+2.4,R+0.5,R+26.2,D+25.4,0.68%,1.83%,15.16%,-13.32%,R+29.1,D+12.7,R+2.8,R+0.8,R+26.3,D+26.6,9378,,https://en.wikipedia.org/wiki/2022_United_States_Senate_election_in_Louisiana,"{""John Kennedy"": {""party"": ""Republican"", ""votes"": 851568, ""pct"": 61.56}, ""Gary Chambers"": {""party"": ""Democratic"", ""votes"": 246933, ""pct"": 17.85}, ""Luke Mixon"": {""party"": ""Democratic"", ""votes"": 182887, ""pct"": 13.22}, ""Syrita Steib"": {""party"": ""Democratic"", ""votes"": 31568, ""pct"": 2.28}, ""Devin Lance Graham"": {""party"": ""Republican"", ""votes"": 25275, ""pct"": 1.83}, ""MV \""Vinny\"" Mendoza"": {""party"": ""Democratic"", ""votes"": 11910, ""pct"": 0.86}, ""Beryl Billiot"": {""party"": ""Independent"", ""votes"": 9378, ""pct"": 0.68}, ""Salvador P. Rodriguez"": {""party"": ""Democratic"", ""votes"": 7767, ""pct"": 0.56}, ""Bradley McMorris"": {""party"": ""Independent"", ""votes"": 5388, ""pct"": 0.39}, ""Aaron C. Sigler"": {""party"": ""Libertarian"", ""votes"": 4865, ""pct"": 0.35}, ""Alexander \""Xan\"" John"": {""party"": ""Independent"", ""votes"": 2753, ""pct"": 0.2}, ""W. Thomas La Fontaine Olson"": {""party"": ""Independent"", ""votes"": 1676, ""pct"": 0.12}, ""Thomas Wenn"": {""party"": ""Independent"", ""votes"": 1322, ""pct"": 0.1}}"
2022,Maryland,MD,III,regular,General,2022 United States Senate election in Maryland,1316897,682293,3146,0.6576803293752896,0.3407485057452895,Chris Van Hollen,Chris Chaffee,Chris Van Hollen,D,Chris Chaffee,0.0015711648794208364,Write-in,3146,2002336,"{""Write-in"": {""party"": ""Write-in"", ""votes"": 3146, ""pct"": 0.16}}",-343010,-290264,-723834,0.316931823630,0.064801545621,-0.023887768963,-0.004673040533,0.340819592593,0.194802002236,0.0015711648794208364,0.15159440257707307,-0.15002323769765225,0.3174305593765475,0.05632537427240175,-0.02815607185480939,-0.008107085819937316,0.3455866312313569,0.19447012969878003,deepskyblue,D+31.7,D+6.5,R+2.4,R+0.5,D+34.1,D+19.5,0.16%,0.16%,15.16%,-15.00%,D+31.7,D+5.6,R+2.8,R+0.8,D+34.6,D+19.4,3146,,https://en.wikipedia.org/wiki/2022_United_States_Senate_election_in_Maryland,"{""Chris Van Hollen"": {""party"": ""Democratic"", ""votes"": 1316897, ""pct"": 65.77}, ""Chris Chaffee"": {""party"": ""Republican"", ""votes"": 682293, ""pct"": 34.07}, ""Write-in"": {""party"": ""Write-in"", ""votes"": 3146, ""pct"": 0.16}}"
2022,Missouri,MO,III,regular,General,2022 United States Senate election in Missouri,872694,1146966,49470,0.4217685693987328,0.5543228313349089,Trudy Busch Valentine,Eric Schmitt,Eric Schmitt,R,Trudy Busch Valentine,0.016828812109437298,Jonathan Dine,49470,2069130,"{""Jonathan Dine"": {""party"": ""Libertarian"", ""votes"": 34821, ""pct"": 1.68}, ""Paul Venable"": {""party"": ""Constitution"", ""votes"": 14608, ""pct"": 0.71}, ""Write-in"": {""party"": ""Write-in"", ""votes"": 41, ""pct"": 0.0}}",-427506,-231492,-733511,-0.132554261936,-0.104631313546,-0.023887768963,-0.004673040533,-0.108666492973,0.025369143069,0.023908599266358323,0.15159440257707307,-0.12768580331071475,-0.13580107542853748,-0.106585699669482,-0.02815607185480939,-0.008107085819937316,-0.10764500357372808,0.03155905575689627,red,R+13.3,R+10.5,R+2.4,R+0.5,R+10.9,D+2.5,1.68%,2.39%,15.16%,-12.77%,R+13.6,R+10.7,R+2.8,R+0.8,R+10.8,D+3.2,34821,,https://en.wikipedia.org/wiki/2022_United_States_Senate_election_in_Missouri,"{""Eric Schmitt"": {""party"": ""Republican"", ""votes"": 1146966, ""pct"": 55.43}, ""Trudy Busch Valentine"": {""party"": ""Democratic"", ""votes"": 872694, ""pct"": 42.18}, ""Jonathan Dine"": {""party"": ""Libertarian"", ""votes"": 34821, ""pct"": 1.68}, ""Paul Venable"": {""party"": ""Constitution"", ""votes"": 14608, ""pct"": 0.71}, ""Write-in"": {""party"": ""Write-in"", ""votes"": 41, ""pct"": 0.0}}"
2022,North Carolina,NC,III,regular,General,2022 United States Senate election in North Carolina,1784049,1905786,84089,0.47273050543678147,0.5049879117862469,Cheri Beasley,Ted Budd,Ted Budd,R,Cheri Beasley,0.013683370412334748,Shannon W. Bray,84089,3773924,"{""Shannon W. Bray"": {""party"": ""Libertarian"", ""votes"": 51640, ""pct"": 1.37}, ""Matthew Hoh"": {""party"": ""Green"", ""votes"": 29934, ""pct"": 0.79}, ""Write-in"": {""party"": ""Write-in"", ""votes"": 2515, ""pct"": 0.07}}",-344116,-489590,-917209,-0.032257406349,0.024703460034,-0.023887768963,-0.004673040533,-0.008369637386,0.154703916649,0.022281582776971662,0.15159440257707307,-0.1293128198001014,-0.03299253218639858,0.02607866889257915,-0.02815607185480939,-0.008107085819937316,-0.004836460331589191,0.16422342431895742,red,R+3.2,D+2.5,R+2.4,R+0.5,R+0.8,D+15.5,1.37%,2.23%,15.16%,-12.93%,R+3.3,D+2.6,R+2.8,R+0.8,R+0.5,D+16.4,51640,,https://en.wikipedia.org/wiki/2022_United_States_Senate_election_in_North_Carolina,"{""Ted Budd"": {""party"": ""Republican"", ""votes"": 1905786, ""pct"": 50.5}, ""Cheri Beasley"": {""party"": ""Democratic"", ""votes"": 1784049, ""pct"": 47.27}, ""Shannon W. Bray"": {""party"": ""Libertarian"", ""votes"": 51640, ""pct"": 1.37}, ""Matthew Hoh"": {""party"": ""Green"", ""votes"": 29934, ""pct"": 0.79}, ""Write-in"": {""party"": ""Write-in"", ""votes"": 2515, ""pct"": 0.07}}"
2022,North Dakota,ND,III,regular,General,2022 United States Senate election in North Dakota,59995,135474,44671,0.24983343049887566,0.5641459148829849,Katrina Christiansen,John Hoeven,John Hoeven,R,Katrina Christiansen,0.18491713167319063,Rick Becker,44671,240140,"{""Rick Becker"": {""party"": ""Independent"", ""votes"": 44406, ""pct"": 18.49}, ""Write-in"": {""party"": ""Write-in"", ""votes"": 265, ""pct"": 0.11}}",1879,-133314,-102361,-0.314312484384,0.300786449634,-0.023887768963,-0.004673040533,-0.290424715421,0.430786906248,0.1860206546181394,0.15159440257707307,0.034426252041066335,-0.3861430712798449,0.2583030046323495,-0.02815607185480939,-0.008107085819937316,-0.3579869994250355,0.3964477600587278,red,R+31.4,D+30.1,R+2.4,R+0.5,R+29.0,D+43.1,18.49%,18.60%,15.16%,3.44%,R+38.6,D+25.8,R+2.8,R+0.8,R+35.8,D+39.6,44406,,https://en.wikipedia.org/wiki/2022_United_States_Senate_election_in_North_Dakota,"{""John Hoeven"": {""party"": ""Republican"", ""votes"": 135474, ""pct"": 56.41}, ""Katrina Christiansen"": {""party"": ""Democratic–NPL"", ""votes"": 59995, ""pct"": 24.98}, ""Rick Becker"": {""party"": ""Independent"", ""votes"": 44406, ""pct"": 18.49}, ""Write-in"": {""party"": ""Write-in"", ""votes"": 265, ""pct"": 0.11}}"
2022,New Hampshire,NH,III,regular,General,2022 United States Senate election in New Hampshire,332490,275631,12854,0.5354321832601957,0.4438681106324731,Maggie Hassan,Don Bolduc,Maggie Hassan,D,Don Bolduc,0.019952494061757718,Jeremy Kauffman,12854,620975,"{""Jeremy Kauffman"": {""party"": ""Libertarian"", ""votes"": 12390, ""pct"": 2.0}, ""Write-in"": {""party"": ""Write-in"", ""votes"": 464, ""pct"": 0.07}}",-22159,-78001,-118165,0.091564072628,0.090188149257,-0.023887768963,-0.004673040533,0.115451841591,0.220188605872,0.02069970610733121,0.15159440257707307,-0.13089469646974186,0.09349948447759575,0.09206361368620081,-0.02815607185480939,-0.008107085819937316,0.12165555633240514,0.23020836911257908,deepskyblue,D+9.2,D+9.0,R+2.4,R+0.5,D+11.5,D+22.0,2.00%,2.07%,15.16%,-13.09%,D+9.3,D+9.2,R+2.8,R+0.8,D+12.2,D+23.0,12390,,https://en.wikipedia.org/wiki/2022_United_States_Senate_election_in_New_Hampshire,"{""Maggie Hassan"": {""party"": ""Democratic"", ""votes"": 332490, ""pct"": 53.54}, ""Don Bolduc"": {""party"": ""Republican"", ""votes"": 275631, ""pct"": 44.39}, ""Jeremy Kauffman"": {""party"": ""Libertarian"", ""votes"": 12390, ""pct"": 2.0}, ""Write-in"": {""party"": ""Write-in"", ""votes"": 464, ""pct"": 0.07}}"
2022,Nevada,NV,III,regular,General,2022 United States Senate election in Nevada,498316,490388,32146,0.4881383161091247,0.48037223882059066,Catherine Cortez Masto,Adam Laxalt,Catherine Cortez Masto,D,Adam Laxalt,0.01218690307097027,None of These Candidates,32146,1020850,"{""None of These Candidates"": {""party"": ""None of These Candidates"", ""votes"": 12441, ""pct"": 1.22}, ""Barry Lindemann"": {""party"": ""Independent"", ""votes"": 8075, ""pct"": 0.79}, ""Neil Scott"": {""party"": ""Libertarian"", ""votes"": 6422, ""pct"": 0.63}, ""Barry Rubinson"": {""party"": ""Independent American"", ""votes"": 5208, ""pct"": 0.51}}",-23678,-4691,-87444,0.007766077289,-0.016518995084,-0.023887768963,-0.004673040533,0.031653846252,0.113481461531,0.03148944507028457,0.15159440257707307,-0.12010495750678851,0.008018577855455223,-0.018444616035248787,-0.02815607185480939,-0.008107085819937316,0.036174649710264614,0.1197001393911295,deepskyblue,D+0.8,R+1.7,R+2.4,R+0.5,D+3.2,D+11.3,1.22%,3.15%,15.16%,-12.01%,D+0.8,R+1.8,R+2.8,R+0.8,D+3.6,D+12.0,12441,,https://en.wikipedia.org/wiki/2022_United_States_Senate_election_in_Nevada,"{""Catherine Cortez Masto"": {""party"": ""Democratic"", ""votes"": 498316, ""pct"": 48.81}, ""Adam Laxalt"": {""party"": ""Republican"", ""votes"": 490388, ""pct"": 48.04}, ""None of These Candidates"": {""party"": ""None of These Candidates"", ""votes"": 12441, ""pct"": 1.22}, ""Barry Lindemann"": {""party"": ""Independent"", ""votes"": 8075, ""pct"": 0.79}, ""Neil Scott"": {""party"": ""Libertarian"", ""votes"": 6422, ""pct"": 0.63}, ""Barry Rubinson"": {""party"": ""Independent American"", ""votes"": 5208, ""pct"": 0.51}}"
2022,New York,NY,III,regular,General,2022 United States Senate election in New York,3320561,2501151,26844,0.5677574088373267,0.4276527402661443,Chuck Schumer,Joe Pinion,Chuck Schumer,D,Joe Pinion,0.004589850896528989,Diane Sare,26844,5848556,"{""Diane Sare"": {""party"": ""LaRouche"", ""votes"": 26844, ""pct"": 0.46}}",-1901384,491796,-1544277,0.140104668571,-0.294449987269,-0.023887768963,-0.004673040533,0.163992437534,-0.164449530655,0.004589850896528989,0.15159440257707307,-0.14700455168054408,0.14075069326686032,-0.3035110577322685,-0.02815607185480939,-0.008107085819937316,0.16890676512166972,-0.1653663023058902,deepskyblue,D+14.0,R+29.4,R+2.4,R+0.5,D+16.4,R+16.4,0.46%,0.46%,15.16%,-14.70%,D+14.1,R+30.4,R+2.8,R+0.8,D+16.9,R+16.5,26844,,https://en.wikipedia.org/wiki/2022_United_States_Senate_election_in_New_York,"{""Chuck Schumer"": {""party"": ""Democratic"", ""votes"": 3320561, ""pct"": 56.78}, ""Joe Pinion"": {""party"": ""Republican"", ""votes"": 2501151, ""pct"": 42.76}, ""Diane Sare"": {""party"": ""LaRouche"", ""votes"": 26844, ""pct"": 0.46}}"
2022,Ohio,OH,III,regular,General,2022 United States Senate election in Ohio,1939489,2192114,1739,0.46923022580759105,0.5303490492681225,Tim Ryan,JD Vance,JD Vance,R,Tim Ryan,0.00042072492428644906,Write-in,1739,4133342,"{""Write-in"": {""party"": ""Write-in"", ""votes"": 1739, ""pct"": 0.04}}",-57419,-926453,-1240822,-0.061118823461,0.147594382910,-0.023887768963,-0.004673040533,-0.037231054497,0.277594839524,0.00042072492428644906,0.15159440257707307,-0.15117367765278664,-0.06114454849606799,0.1581232614336062,-0.02815607185480939,-0.008107085819937316,-0.032988476641258604,0.2962680168599845,red,R+6.1,D+14.8,R+2.4,R+0.5,R+3.7,D+27.8,0.04%,0.04%,15.16%,-15.12%,R+6.1,D+15.8,R+2.8,R+0.8,R+3.3,D+29.6,1739,,https://en.wikipedia.org/wiki/2022_United_States_Senate_election_in_Ohio,"{""JD Vance"": {""party"": ""Republican"", ""votes"": 2192114, ""pct"": 53.03}, ""Tim Ryan"": {""party"": ""Democratic"", ""votes"": 1939489, ""pct"": 46.92}, ""Write-in"": {""party"": ""Write-in"", ""votes"": 1739, ""pct"": 0.04}}"
2022,Oklahoma,OK,III,regular,General,2022 United States Senate election in Oklahoma,369370,739960,2337308,0.10716820275294359,0.21469037363366852,Madison Horn,James Lankford,Registered electors,T,James Lankford,0.6661291380179758,Registered electors,2337308,3446638,"{""Registered electors"": {""party"": ""Registered electors"", ""votes"": 2295906, ""pct"": NaN}, ""Michael Delaney"": {""party"": ""Independent"", ""votes"": 20907, ""pct"": 1.82}, ""Kenneth Blevins"": {""party"": ""Libertarian"", ""votes"": 20495, ""pct"": 1.78}}",13459,-240932,1998591,-0.107522170881,0.324080532623,-0.023887768963,-0.004673040533,-0.083634401918,0.454080989237,0.6781414236133879,0.15159440257707307,0.5265470210363148,-0.3340665086133071,0.13345263968303872,-0.02815607185480939,-0.008107085819937316,-0.3059104367584977,0.27159739510941705,yellow,R+10.8,D+32.4,R+2.4,R+0.5,R+8.4,D+45.4,66.61%,67.81%,15.16%,52.65%,R+33.4,D+13.3,R+2.8,R+0.8,R+30.6,D+27.2,2295906,,https://en.wikipedia.org/wiki/2022_United_States_Senate_election_in_Oklahoma,"{""Registered electors"": {""party"": ""Registered electors"", ""votes"": 2295906, ""pct"": NaN}, ""James Lankford"": {""party"": ""Republican"", ""votes"": 739960, ""pct"": 64.3}, ""Madison Horn"": {""party"": ""Democratic"", ""votes"": 369370, ""pct"": 32.1}, ""Michael Delaney"": {""party"": ""Independent"", ""votes"": 20907, ""pct"": 1.82}, ""Kenneth Blevins"": {""party"": ""Libertarian"", ""votes"": 20495, ""pct"": 1.78}}"
2022,Oregon,OR,III,regular,General,2022 United States Senate election in Oregon,1076424,788991,62534,0.5583259723156577,0.40923852238829966,Ron Wyden,Jo Rae Perkins,Ron Wyden,D,Jo Rae Perkins,0.01913069277247479,Chris Henry,62534,1927949,"{""Chris Henry"": {""party"": ""Progressive"", ""votes"": 36883, ""pct"": 1.91}, ""Dan Pulju"": {""party"": ""Pacific Green"", ""votes"": 23454, ""pct"": 1.22}, ""Write-in"": {""party"": ""Write-in"", ""votes"": 2197, ""pct"": 0.11}}",-28695,137885,-24529,0.149087449927,-0.083444235449,-0.023887768963,-0.004673040533,0.172975218890,0.046556221166,0.03243550529604258,0.15159440257707307,-0.11915889728103049,0.15408528397166313,-0.10443113619090147,-0.02815607185480939,-0.008107085819937316,0.18224135582647252,0.033713619235476805,deepskyblue,D+14.9,R+8.3,R+2.4,R+0.5,D+17.3,D+4.7,1.91%,3.24%,15.16%,-11.92%,D+15.4,R+10.4,R+2.8,R+0.8,D+18.2,D+3.4,36883,,https://en.wikipedia.org/wiki/2022_United_States_Senate_election_in_Oregon,"{""Ron Wyden"": {""party"": ""Democratic"", ""votes"": 1076424, ""pct"": 55.83}, ""Jo Rae Perkins"": {""party"": ""Republican"", ""votes"": 788991, ""pct"": 40.92}, ""Chris Henry"": {""party"": ""Progressive"", ""votes"": 36883, ""pct"": 1.91}, ""Dan Pulju"": {""party"": ""Pacific Green"", ""votes"": 23454, ""pct"": 1.22}, ""Write-in"": {""party"": ""Write-in"", ""votes"": 2197, ""pct"": 0.11}}"
2022,Pennsylvania,PA,III,regular,General,2022 United States Senate election in Pennsylvania,2751012,2487260,137613,0.5117319287893993,0.46266986737997556,John Fetterman,Mehmet Oz,John Fetterman,D,Mehmet Oz,0.013558139729551506,Erik Gerhardt,137613,5375885,"{""Erik Gerhardt"": {""party"": ""Libertarian"", ""votes"": 72887, ""pct"": 1.36}, ""Richard L. Weiss"": {""party"": ""Green"", ""votes"": 30434, ""pct"": 0.57}, ""Dan Wassmer"": {""party"": ""Keystone"", ""votes"": 26428, ""pct"": 0.49}, ""Write-in"": {""party"": ""Write-in"", ""votes"": 7864, ""pct"": 0.15}}",-114000,-464442,-682626,0.049062061409,0.063370857746,-0.023887768963,-0.004673040533,0.072949830372,0.193371314360,0.025598203830625096,0.15159440257707307,-0.12599619874644796,0.05035095542957678,0.06525455907933504,-0.02815607185480939,-0.008107085819937316,0.07850702728438617,0.20339931450571333,deepskyblue,D+4.9,D+6.3,R+2.4,R+0.5,D+7.3,D+19.3,1.36%,2.56%,15.16%,-12.60%,D+5.0,D+6.5,R+2.8,R+0.8,D+7.9,D+20.3,72887,,https://en.wikipedia.org/wiki/2022_United_States_Senate_election_in_Pennsylvania,"{""John Fetterman"": {""party"": ""Democratic"", ""votes"": 2751012, ""pct"": 51.17}, ""Mehmet Oz"": {""party"": ""Republican"", ""votes"": 2487260, ""pct"": 46.27}, ""Erik Gerhardt"": {""party"": ""Libertarian"", ""votes"": 72887, ""pct"": 1.36}, ""Richard L. Weiss"": {""party"": ""Green"", ""votes"": 30434, ""pct"": 0.57}, ""Dan Wassmer"": {""party"": ""Keystone"", ""votes"": 26428, ""pct"": 0.49}, ""Write-in"": {""party"": ""Write-in"", ""votes"": 7864, ""pct"": 0.15}}"
2022,South Carolina,SC,III,regular,General,2022 United States Senate election in South Carolina,627616,1066274,1812,0.37012163693856587,0.6288097790767482,Krystle Matthews,Tim Scott,Tim Scott,R,Krystle Matthews,0.0010685839846859885,Write-in,1812,1695702,"{""Write-in"": {""party"": ""Write-in"", ""votes"": 1812, ""pct"": 0.11}}",-129406,-175335,-354191,-0.258688142138,-0.022291900969,-0.023887768963,-0.004673040533,-0.234800373175,0.107708555646,0.0010685839846859885,0.15159440257707307,-0.1505258185923871,-0.2589648678485616,-0.01650540434579395,-0.02815607185480939,-0.008107085819937316,-0.2308087959937522,0.12163935108058432,red,R+25.9,R+2.2,R+2.4,R+0.5,R+23.5,D+10.8,0.11%,0.11%,15.16%,-15.05%,R+25.9,R+1.7,R+2.8,R+0.8,R+23.1,D+12.2,1812,,https://en.wikipedia.org/wiki/2022_United_States_Senate_election_in_South_Carolina,"{""Tim Scott"": {""party"": ""Republican"", ""votes"": 1066274, ""pct"": 62.88}, ""Krystle Matthews"": {""party"": ""Democratic"", ""votes"": 627616, ""pct"": 37.01}, ""Write-in"": {""party"": ""Write-in"", ""votes"": 1812, ""pct"": 0.11}}"
2022,South Dakota,SD,III,regular,General,2022 United States Senate election in South Dakota,91007,242316,14697,0.2614993391184415,0.6962703292914201,Brian Bengs,John Thune,John Thune,R,Brian Bengs,0.042230331590138497,Tamara Lesnar,14697,348020,"{""Tamara Lesnar"": {""party"": ""Libertarian"", ""votes"": 14697, ""pct"": 4.22}}",-13133,-23200,-21636,-0.434770990173,0.001786241415,-0.023887768963,-0.004673040533,-0.410883221210,0.131786698030,0.042230331590138497,0.15159440257707307,-0.10936407098693457,-0.45394107217323737,-0.017383840584949906,-0.02815607185480939,-0.008107085819937316,-0.425785000318428,0.12076091484142842,red,R+43.5,D+0.2,R+2.4,R+0.5,R+41.1,D+13.2,4.22%,4.22%,15.16%,-10.94%,R+45.4,R+1.7,R+2.8,R+0.8,R+42.6,D+12.1,14697,,https://en.wikipedia.org/wiki/2022_United_States_Senate_election_in_South_Dakota,"{""John Thune"": {""party"": ""Republican"", ""votes"": 242316, ""pct"": 69.63}, ""Brian Bengs"": {""party"": ""Democratic"", ""votes"": 91007, ""pct"": 26.15}, ""Tamara Lesnar"": {""party"": ""Libertarian"", ""votes"": 14697, ""pct"": 4.22}}"
2022,Utah,UT,III,regular,General,2022 United States Senate election in Utah,0,571974,504087,0.0,0.5315442154301662,None,Mike Lee,Mike Lee,R,Evan McMullin,0.4274460276880214,Evan McMullin,504087,1076061,"{""Evan McMullin"": {""party"": ""Independent"", ""votes"": 459958, ""pct"": 42.74}, ""James Hansen"": {""party"": ""Libertarian"", ""votes"": 31784, ""pct"": 2.95}, ""Tommy Williams"": {""party"": ""Independent American"", ""votes"": 12103, ""pct"": 1.12}, ""Write-in"": {""party"": ""Write-in"", ""votes"": 242, ""pct"": 0.02}}",-301860,-188267,-39547,-0.531544215430,-0.120664228912,-0.023887768963,-0.004673040533,-0.507656446467,0.009336227703,0.4684557845698339,0.15159440257707307,0.3168613819927608,-1.0,-0.5684205174460809,-0.02815607185480939,-0.008107085819937316,-0.9718439281451906,-0.43027576201970263,red,R+53.2,R+12.1,R+2.4,R+0.5,R+50.8,D+0.9,42.74%,46.85%,15.16%,31.69%,R+100.0,R+56.8,R+2.8,R+0.8,R+97.2,R+43.0,459958,,https://en.wikipedia.org/wiki/2022_United_States_Senate_election_in_Utah,"{""Mike Lee"": {""party"": ""Republican"", ""votes"": 571974, ""pct"": 53.15}, ""Evan McMullin"": {""party"": ""Independent"", ""votes"": 459958, ""pct"": 42.74}, ""James Hansen"": {""party"": ""Libertarian"", ""votes"": 31784, ""pct"": 2.95}, ""Tommy Williams"": {""party"": ""Independent American"", ""votes"": 12103, ""pct"": 1.12}, ""Write-in"": {""party"": ""Write-in"", ""votes"": 242, ""pct"": 0.02}}"
2022,Vermont,VT,III,regular,General,2022 United States Senate election in Vermont,196575,80468,10057,0.6846917450365726,0.2802786485545106,Peter Welch,Gerald Malloy,Peter Welch,D,Gerald Malloy,0.009585510275165448,Dawn Marie Ellis,10057,287100,"{""Dawn Marie Ellis"": {""party"": ""Independent"", ""votes"": 2752, ""pct"": 0.96}, ""Natasha Diamondstone-Kohout"": {""party"": ""Green Mountain"", ""votes"": 1574, ""pct"": 0.55}, ""Kerry Patrick Raheb"": {""party"": ""Independent"", ""votes"": 1532, ""pct"": 0.53}, ""Mark Coester"": {""party"": ""Independent"", ""votes"": 1273, ""pct"": 0.44}, ""Stephen Duke"": {""party"": ""Independent"", ""votes"": 1209, ""pct"": 0.42}, ""Cris Ericson"": {""party"": ""Independent"", ""votes"": 1105, ""pct"": 0.38}, ""Write-in"": {""party"": ""Write-in"", ""votes"": 612, ""pct"": 0.21}}",4332,-23169,-26709,0.404413096482,0.122056631244,-0.023887768963,-0.004673040533,0.428300865445,0.252057087858,0.03502960640891675,0.15159440257707307,-0.11656479616815632,0.4190937868850684,0.11962778715544825,-0.02815607185480939,-0.008107085819937316,0.44724985873987777,0.2577725425818265,deepskyblue,D+40.4,D+12.2,R+2.4,R+0.5,D+42.8,D+25.2,0.96%,3.50%,15.16%,-11.66%,D+41.9,D+12.0,R+2.8,R+0.8,D+44.7,D+25.8,2752,,https://en.wikipedia.org/wiki/2022_United_States_Senate_election_in_Vermont,"{""Peter Welch"": {""party"": ""Democratic"", ""votes"": 196575, ""pct"": 68.47}, ""Gerald Malloy"": {""party"": ""Republican"", ""votes"": 80468, ""pct"": 28.03}, ""Dawn Marie Ellis"": {""party"": ""Independent"", ""votes"": 2752, ""pct"": 0.96}, ""Natasha Diamondstone-Kohout"": {""party"": ""Green Mountain"", ""votes"": 1574, ""pct"": 0.55}, ""Kerry Patrick Raheb"": {""party"": ""Independent"", ""votes"": 1532, ""pct"": 0.53}, ""Mark Coester"": {""party"": ""Independent"", ""votes"": 1273, ""pct"": 0.44}, ""Stephen Duke"": {""party"": ""Independent"", ""votes"": 1209, ""pct"": 0.42}, ""Cris Ericson"": {""party"": ""Independent"", ""votes"": 1105, ""pct"": 0.38}, ""Write-in"": {""party"": ""Write-in"", ""votes"": 612, ""pct"": 0.21}}"
2022,Washington,WA,III,regular,General,2022 United States Senate election in Washington,1741827,1299322,6751,0.5714843006660324,0.4263007316513009,Patty Murray,Tiffany Smiley,Patty Murray,D,Tiffany Smiley,0.0022149676826667543,Write-in,6751,3047900,"{""Write-in"": {""party"": ""Write-in"", ""votes"": 6751, ""pct"": 0.22}}",-172152,-30016,-195417,0.145183569015,-0.035076639901,-0.023887768963,-0.004673040533,0.169071337978,0.094923816714,0.0022149676826667543,0.15159440257707307,-0.14937943489440633,0.14550585979180894,-0.03475434912393996,-0.02815607185480939,-0.008107085819937316,0.17366193164661833,0.10339040630243833,deepskyblue,D+14.5,R+3.5,R+2.4,R+0.5,D+16.9,D+9.5,0.22%,0.22%,15.16%,-14.94%,D+14.6,R+3.5,R+2.8,R+0.8,D+17.4,D+10.3,6751,,https://en.wikipedia.org/wiki/2022_United_States_Senate_election_in_Washington,"{""Patty Murray"": {""party"": ""Democratic"", ""votes"": 1741827, ""pct"": 57.15}, ""Tiffany Smiley"": {""party"": ""Republican"", ""votes"": 1299322, ""pct"": 42.63}, ""Write-in"": {""party"": ""Write-in"", ""votes"": 6751, ""pct"": 0.22}}"
2022,Wisconsin,WI,III,regular,General,2022 United States Senate election in Wisconsin,1310467,1337185,4825,0.49405404834801586,0.5041268972360552,Mandela Barnes,Ron Johnson,Ron Johnson,R,Mandela Barnes,0.0017937950074590656,Write-in,4825,2652477,"{""Write-in"": {""party"": ""Write-in"", ""votes"": 4758, ""pct"": 0.18}, ""Adam Paul"": {""party"": ""Independent"", ""votes"": 67, ""pct"": 0.0}}",-69868,-142286,-296264,-0.010072848888,0.023546923076,-0.023887768963,-0.004673040533,0.013814920075,0.153547379690,0.00181905441592896,0.15159440257707307,-0.1497753481611441,-0.01009120533967455,0.024574083144928947,-0.02815607185480939,-0.008107085819937316,0.018064866515134843,0.16271883857130723,red,R+1.0,D+2.4,R+2.4,R+0.5,D+1.4,D+15.4,0.18%,0.18%,15.16%,-14.98%,R+1.0,D+2.5,R+2.8,R+0.8,D+1.8,D+16.3,4758,,https://en.wikipedia.org/wiki/2022_United_States_Senate_election_in_Wisconsin,"{""Ron Johnson"": {""party"": ""Republican"", ""votes"": 1337185, ""pct"": 50.41}, ""Mandela Barnes"": {""party"": ""Democratic"", ""votes"": 1310467, ""pct"": 49.41}, ""Write-in"": {""party"": ""Write-in"", ""votes"": 4758, ""pct"": 0.18}, ""Adam Paul"": {""party"": ""Independent"", ""votes"": 67, ""pct"": 0.0}}"
2024,United States,NATIONAL,,national,Aggregate,National aggregate,46903636,48096597,3178017,0.4777395808134694,0.48989055111493635,Democratic total,Republican total,Republican Party,R,Democratic Party,0.0,Various,3178017,98178250,{},13862045,13140457,18030581,-0.012150970301,0.011736798662,-0.012150970301,0.011736798662,0.000000000000,0.000000000000,0.03236986807159427,0.03236986807159427,0.0,-0.012557453411719526,0.015598618443089865,-0.012557453411719526,0.015598618443089865,0.0,0.0,transparent,R+1.2,D+1.2,R+1.2,D+1.2,EVEN,EVEN,0.00%,3.24%,3.24%,0.00%,R+1.3,D+1.6,R+1.3,D+1.6,EVEN,EVEN,0,,,{}
2024,Arizona,AZ,I,regular,General,2024 United States Senate election in Arizona,1676335,1595761,76718,0.5005757262123247,0.47651526779331427,Ruben Gallego,Kari Lake,Ruben Gallego,D,Kari Lake,0.02265518479079459,Eduardo Heredia Quintana,76718,3348814,"{""Eduardo Heredia Quintana"": {""party"": ""Green"", ""votes"": 75868, ""pct"": 2.27}, ""Write-in"": {""party"": ""Write-in"", ""votes"": 850, ""pct"": 0.02}}",485235,460561,964506,0.024060458419,0.000615500804,-0.012150970301,0.011736798662,0.036211428720,0.214294213489,0.02290900599436099,0.03236986807159427,-0.00946086207723328,0.02462458314181491,0.0005950082804470729,-0.012557453411719526,0.015598618443089865,0.037182036553534435,0.21940323244485574,deepskyblue,D+2.4,D+0.1,R+1.2,D+1.2,D+3.6,D+21.4,2.27%,2.29%,3.24%,-0.95%,D+2.5,D+0.1,R+1.3,D+1.6,D+3.7,D+21.9,75868,,https://en.wikipedia.org/wiki/2024_United_States_Senate_election_in_Arizona,"{""Ruben Gallego"": {""party"": ""Democratic"", ""votes"": 1676335, ""pct"": 50.06}, ""Kari Lake"": {""party"": ""Republican"", ""votes"": 1595761, ""pct"": 47.65}, ""Eduardo Heredia Quintana"": {""party"": ""Green"", ""votes"": 75868, ""pct"": 2.27}, ""Write-in"": {""party"": ""Write-in"", ""votes"": 850, ""pct"": 0.02}}"
2024,Connecticut,CT,I,regular,General,2024 United States Senate election in Connecticut,1000695,678256,29308,0.5857981722912041,0.39704517874631423,Chris Murphy,Matthew Corey,Chris Murphy,D,Matthew Corey,0.008710037529437865,Robert F. Hyde,29308,1708259,"{""Robert F. Hyde"": {""party"": ""Cheaper Gas Groceries"", ""votes"": 14879, ""pct"": 0.87}, ""Justin Paglino"": {""party"": ""Green"", ""votes"": 14422, ""pct"": 0.84}, ""Write-in"": {""party"": ""Write-in"", ""votes"": 7, ""pct"": 0.0}}",175116,132539,321419,0.188752993545,-0.013045339356,-0.012150970301,0.011736798662,0.200903963846,0.200633373329,0.017156648962481685,0.03236986807159427,-0.015213219109112584,0.19204789180863527,-0.012037878149127323,-0.012557453411719526,0.015598618443089865,0.20460534522035478,0.20677034601528133,deepskyblue,D+18.9,R+1.3,R+1.2,D+1.2,D+20.1,D+20.1,0.87%,1.72%,3.24%,-1.52%,D+19.2,R+1.2,R+1.3,D+1.6,D+20.5,D+20.7,14879,,https://en.wikipedia.org/wiki/2024_United_States_Senate_election_in_Connecticut,"{""Chris Murphy"": {""party"": ""Democratic"", ""votes"": 1000695, ""pct"": 58.58}, ""Matthew Corey"": {""party"": ""Republican"", ""votes"": 678256, ""pct"": 39.7}, ""Robert F. Hyde"": {""party"": ""Cheaper Gas Groceries"", ""votes"": 14879, ""pct"": 0.87}, ""Justin Paglino"": {""party"": ""Green"", ""votes"": 14422, ""pct"": 0.84}, ""Write-in"": {""party"": ""Write-in"", ""votes"": 7, ""pct"": 0.0}}"
2024,Delaware,DE,I,regular,General,"United States Senate election in Delaware, 2024",283298,197753,19555,0.5659101169382709,0.39502722700087495,Lisa Blunt Rochester,Eric Hansen,Lisa Blunt Rochester,D,Eric Hansen,0.039062656060854246,Michael Katz,19555,500606,"{""Michael Katz"": {""party"": ""Independent Party"", ""votes"": 19555, ""pct"": 3.91}}",65913,60626,138014,0.170882889937,-0.050462313487,-0.012150970301,0.011736798662,0.183033860239,0.163216399198,0.039062656060854246,0.03236986807159427,0.006692787989259978,0.17782937775828342,-0.04856070212617747,-0.012557453411719526,0.015598618443089865,0.19038683117000293,0.17024752203823118,deepskyblue,D+17.1,R+5.0,R+1.2,D+1.2,D+18.3,D+16.3,3.91%,3.91%,3.24%,0.67%,D+17.8,R+4.9,R+1.3,D+1.6,D+19.0,D+17.0,19555,,https://en.wikipedia.org/wiki/2024_United_States_Senate_election_in_Delaware,"{""Lisa Blunt Rochester"": {""party"": ""Democratic"", ""votes"": 283298, ""pct"": 56.59}, ""Eric Hansen"": {""party"": ""Republican"", ""votes"": 197753, ""pct"": 39.5}, ""Michael Katz"": {""party"": ""Independent Party"", ""votes"": 19555, ""pct"": 3.91}}"
2024,Florida,FL,I,regular,General,2024 United States Senate election in Florida,4603077,5977706,176645,0.42789754205187336,0.5556817112789414,Debbie Mucarsel-Powell,Rick Scott,Rick Scott,R,Debbie Mucarsel-Powell,0.005826950456930783,Ben Everidge,176645,10757428,"{""Ben Everidge"": {""party"": ""Independent"", ""votes"": 62683, ""pct"": 0.58}, ""Feena Bonoan"": {""party"": ""Libertarian"", ""votes"": 57363, ""pct"": 0.53}, ""Tuan TQ Nguyen"": {""party"": ""Independent"", ""votes"": 56586, ""pct"": 0.53}, ""Write-in"": {""party"": ""Write-in"", ""votes"": 13, ""pct"": 0.0}}",513605,1878201,2567423,-0.127784169227,-0.126559139450,-0.012150970301,0.011736798662,-0.115633198926,0.087119573235,0.016420746669185235,0.03236986807159427,-0.015949121402409033,-0.12991751177582983,-0.1286923282150505,-0.012557453411719526,0.015598618443089865,-0.1173600583641103,0.09011589594935816,red,R+12.8,R+12.7,R+1.2,D+1.2,R+11.6,D+8.7,0.58%,1.64%,3.24%,-1.59%,R+13.0,R+12.9,R+1.3,D+1.6,R+11.7,D+9.0,62683,,https://en.wikipedia.org/wiki/2024_United_States_Senate_election_in_Florida,"{""Rick Scott"": {""party"": ""Republican"", ""votes"": 5977706, ""pct"": 55.57}, ""Debbie Mucarsel-Powell"": {""party"": ""Democratic"", ""votes"": 4603077, ""pct"": 42.79}, ""Ben Everidge"": {""party"": ""Independent"", ""votes"": 62683, ""pct"": 0.58}, ""Feena Bonoan"": {""party"": ""Libertarian"", ""votes"": 57363, ""pct"": 0.53}, ""Tuan TQ Nguyen"": {""party"": ""Independent"", ""votes"": 56586, ""pct"": 0.53}, ""Write-in"": {""party"": ""Write-in"", ""votes"": 13, ""pct"": 0.0}}"
2024,Hawaii,HI,I,regular,General,2024 United States Senate election in Hawaii,324194,160075,17494,0.6461098167860125,0.31902511743592094,Mazie Hirono,Bob McDermott,Mazie Hirono,D,Bob McDermott,0.018383180904132032,Shelby Billionaire,17494,501763,"{""Shelby Billionaire"": {""party"": ""We the People"", ""votes"": 9224, ""pct"": 1.84}, ""Emma Pohlman"": {""party"": ""Green"", ""votes"": 8270, ""pct"": 1.65}}",47878,48040,113412,0.327084699350,-0.095937257591,-0.012150970301,0.011736798662,0.339235669652,0.117741455094,0.034865065778066535,0.03236986807159427,0.002495197706472267,0.33890048712595683,-0.08412146981505786,-0.012557453411719526,0.015598618443089865,0.35145794053767637,0.13468675434935082,deepskyblue,D+32.7,R+9.6,R+1.2,D+1.2,D+33.9,D+11.8,1.84%,3.49%,3.24%,0.25%,D+33.9,R+8.4,R+1.3,D+1.6,D+35.1,D+13.5,9224,,https://en.wikipedia.org/wiki/2024_United_States_Senate_election_in_Hawaii,"{""Mazie Hirono"": {""party"": ""Democratic"", ""votes"": 324194, ""pct"": 64.61}, ""Bob McDermott"": {""party"": ""Republican"", ""votes"": 160075, ""pct"": 31.9}, ""Shelby Billionaire"": {""party"": ""We the People"", ""votes"": 9224, ""pct"": 1.84}, ""Emma Pohlman"": {""party"": ""Green"", ""votes"": 8270, ""pct"": 1.65}}"
2024,Indiana,IN,I,regular,General,2024 United States Senate election in Indiana,1097061,1659416,73420,0.3876681730819178,0.5863874197541465,Valerie McCray,Jim Banks,Jim Banks,R,Valerie McCray,0.02587832702038272,Andrew Horning,73420,2829897,"{""Andrew Horning"": {""party"": ""Libertarian"", ""votes"": 73233, ""pct"": 2.59}, ""Write-in"": {""party"": ""Write-in"", ""votes"": 187, ""pct"": 0.0}}",73508,501416,547332,-0.198719246672,-0.139817528649,-0.012150970301,0.011736798662,-0.186568276371,0.073861184036,0.02594440716393565,0.03236986807159427,-0.006425460907658619,-0.20401222284822257,-0.1423831906862719,-0.012557453411719526,0.015598618443089865,-0.19145476943650305,0.07642503347813676,red,R+19.9,R+14.0,R+1.2,D+1.2,R+18.7,D+7.4,2.59%,2.59%,3.24%,-0.64%,R+20.4,R+14.2,R+1.3,D+1.6,R+19.1,D+7.6,73233,,https://en.wikipedia.org/wiki/2024_United_States_Senate_election_in_Indiana,"{""Jim Banks"": {""party"": ""Republican"", ""votes"": 1659416, ""pct"": 58.64}, ""Valerie McCray"": {""party"": ""Democratic"", ""votes"": 1097061, ""pct"": 38.77}, ""Andrew Horning"": {""party"": ""Libertarian"", ""votes"": 73233, ""pct"": 2.59}, ""Write-in"": {""party"": ""Write-in"", ""votes"": 187, ""pct"": 0.0}}"
2024,Massachusetts,MA,I,regular,General,2024 United States Senate election in Massachusetts,2041668,1365440,6221,0.5981456812396344,0.4000317578528176,Elizabeth Warren,John Deaton,Elizabeth Warren,D,John Deaton,0.0018225609075480272,Write-in,6221,3413329,"{""Write-in"": {""party"": ""Write-in"", ""votes"": 6221, ""pct"": 0.18}}",408297,386230,706239,0.198113923387,-0.043533380545,-0.012150970301,0.011736798662,0.210264893688,0.170145332140,0.0018225609075480272,0.03236986807159427,-0.03054730716404624,0.1984756573610229,-0.05191313441232309,-0.012557453411719526,0.015598618443089865,0.21103311077274242,0.16689508975208556,deepskyblue,D+19.8,R+4.4,R+1.2,D+1.2,D+21.0,D+17.0,0.18%,0.18%,3.24%,-3.05%,D+19.8,R+5.2,R+1.3,D+1.6,D+21.1,D+16.7,6221,,https://en.wikipedia.org/wiki/2024_United_States_Senate_election_in_Massachusetts,"{""Elizabeth Warren"": {""party"": ""Democratic"", ""votes"": 2041668, ""pct"": 59.81}, ""John Deaton"": {""party"": ""Republican"", ""votes"": 1365440, ""pct"": 40.0}, ""Write-in"": {""party"": ""Write-in"", ""votes"": 6221, ""pct"": 0.18}}"
2024,Maryland,MD,I,regular,General,2024 United States Senate election in Maryland,1650912,1294344,76122,0.5464102803422809,0.4283952554099487,Angela Alsobrooks,Larry Hogan,Angela Alsobrooks,D,Larry Hogan,0.022968327696832373,Mike Scott,76122,3021378,"{""Mike Scott"": {""party"": ""Libertarian"", ""votes"": 69396, ""pct"": 2.3}, ""Write-in"": {""party"": ""Write-in"", ""votes"": 6726, ""pct"": 0.22}}",159298,597327,721489,0.118015024932,-0.227478605412,-0.012150970301,0.011736798662,0.130165995234,-0.013799892728,0.025194464247770387,0.03236986807159427,-0.007175403823823881,0.12106519772814316,-0.24199143447710292,-0.012557453411719526,0.015598618443089865,0.13362265113986269,-0.02318321031269427,deepskyblue,D+11.8,R+22.7,R+1.2,D+1.2,D+13.0,R+1.4,2.30%,2.52%,3.24%,-0.72%,D+12.1,R+24.2,R+1.3,D+1.6,D+13.4,R+2.3,69396,,https://en.wikipedia.org/wiki/2024_United_States_Senate_election_in_Maryland,"{""Angela Alsobrooks"": {""party"": ""Democratic"", ""votes"": 1650912, ""pct"": 54.64}, ""Larry Hogan"": {""party"": ""Republican"", ""votes"": 1294344, ""pct"": 42.84}, ""Mike Scott"": {""party"": ""Libertarian"", ""votes"": 69396, ""pct"": 2.3}, ""Write-in"": {""party"": ""Write-in"", ""votes"": 6726, ""pct"": 0.22}}"
2024,Maine,ME,I,regular,General,2024 United States Senate election in Maine,88891,284338,447553,0.10830037695758435,0.3464232890097492,David Costello,Demi Kouzounas,Angus King,T,Demi Kouzounas,0.5206388541659052,Angus King,447553,820782,"{""Angus King"": {""party"": ""Independent"", ""votes"": 427331, ""pct"": 52.06}, ""Jason Cherry"": {""party"": ""Independent"", ""votes"": 20222, ""pct"": 2.46}}",22623,60836,186373,-0.238122912052,0.009720356250,-0.012150970301,0.011736798662,-0.225971941751,0.223399068934,0.5452763340326664,0.03236986807159427,0.5129064659610721,-0.5236650956919211,0.018951462267840058,-0.012557453411719526,0.015598618443089865,-0.5111076422802016,0.23775968643224876,yellow,R+23.8,D+1.0,R+1.2,D+1.2,R+22.6,D+22.3,52.06%,54.53%,3.24%,51.29%,R+52.4,D+1.9,R+1.3,D+1.6,R+51.1,D+23.8,427331,,https://en.wikipedia.org/wiki/2024_United_States_Senate_election_in_Maine,"{""Angus King"": {""party"": ""Independent"", ""votes"": 427331, ""pct"": 52.06}, ""Demi Kouzounas"": {""party"": ""Republican"", ""votes"": 284338, ""pct"": 34.64}, ""David Costello"": {""party"": ""Democratic"", ""votes"": 88891, ""pct"": 10.83}, ""Jason Cherry"": {""party"": ""Independent"", ""votes"": 20222, ""pct"": 2.46}}"
2024,Michigan,MI,I,regular,General,2024 United States Senate election in Michigan,2712686,2693680,170817,0.48638999294088076,0.4829821793547029,Elissa Slotkin,Mike Rogers,Elissa Slotkin,D,Mike Rogers,0.010165884820347476,Joseph Solis-Mullen,170817,5577183,"{""Joseph Solis-Mullen"": {""party"": ""Libertarian"", ""votes"": 56697, ""pct"": 1.02}, ""Douglas Marsh"": {""party"": ""Green"", ""votes"": 53978, ""pct"": 0.97}, ""Dave Stein"": {""party"": ""Constitution"", ""votes"": 41363, ""pct"": 0.74}, ""Doug Dern"": {""party"": ""Natural Law"", ""votes"": 18779, ""pct"": 0.34}}",498208,754862,1339912,0.003407813586,-0.061648209500,-0.012150970301,0.011736798662,0.015558783888,0.152030503185,0.03062782770441637,0.03236986807159427,-0.0017420403671778995,0.003515485263113892,-0.06285589785044218,-0.012557453411719526,0.015598618443089865,0.016072938674833417,0.15595232631396647,deepskyblue,D+0.3,R+6.2,R+1.2,D+1.2,D+1.6,D+15.2,1.02%,3.06%,3.24%,-0.17%,D+0.4,R+6.3,R+1.3,D+1.6,D+1.6,D+15.6,56697,,https://en.wikipedia.org/wiki/2024_United_States_Senate_election_in_Michigan,"{""Elissa Slotkin"": {""party"": ""Democratic"", ""votes"": 2712686, ""pct"": 48.64}, ""Mike Rogers"": {""party"": ""Republican"", ""votes"": 2693680, ""pct"": 48.3}, ""Joseph Solis-Mullen"": {""party"": ""Libertarian"", ""votes"": 56697, ""pct"": 1.02}, ""Douglas Marsh"": {""party"": ""Green"", ""votes"": 53978, ""pct"": 0.97}, ""Dave Stein"": {""party"": ""Constitution"", ""votes"": 41363, ""pct"": 0.74}, ""Doug Dern"": {""party"": ""Natural Law"", ""votes"": 18779, ""pct"": 0.34}}"
2024,Minnesota,MN,I,regular,General,2024 United States Senate election in Minnesota,1792441,1291712,105170,0.5620130040137045,0.4050113456680305,Amy Klobuchar,Royce White,Amy Klobuchar,D,Royce White,0.01731245157671393,Rebecca Whiting,105170,3189323,"{""Rebecca Whiting"": {""party"": ""Libertarian"", ""votes"": 55215, ""pct"": 1.73}, ""Joyce Lacey"": {""party"": ""Independence"", ""votes"": 46377, ""pct"": 1.45}, ""Write-in"": {""party"": ""Write-in"", ""votes"": 3578, ""pct"": 0.11}}",226267,351275,592444,0.157001658346,-0.083955660035,-0.012150970301,0.011736798662,0.169152628647,0.129723052650,0.032975650318265035,0.03236986807159427,0.0006057822466707663,0.1623554343769586,-0.08727923171203567,-0.012557453411719526,0.015598618443089865,0.1749128877886781,0.13152899245237298,deepskyblue,D+15.7,R+8.4,R+1.2,D+1.2,D+16.9,D+13.0,1.73%,3.30%,3.24%,0.06%,D+16.2,R+8.7,R+1.3,D+1.6,D+17.5,D+13.2,55215,,https://en.wikipedia.org/wiki/2024_United_States_Senate_election_in_Minnesota,"{""Amy Klobuchar"": {""party"": ""Democratic (DFL)"", ""votes"": 1792441, ""pct"": 56.2}, ""Royce White"": {""party"": ""Republican"", ""votes"": 1291712, ""pct"": 40.5}, ""Rebecca Whiting"": {""party"": ""Libertarian"", ""votes"": 55215, ""pct"": 1.73}, ""Joyce Lacey"": {""party"": ""Independence"", ""votes"": 46377, ""pct"": 1.45}, ""Write-in"": {""party"": ""Write-in"", ""votes"": 3578, ""pct"": 0.11}}"
2024,Missouri,MO,I,regular,General,2024 United States Senate election in Missouri,1243728,1651907,76924,0.4184031334617749,0.5557188267751793,Lucas Kunce,Josh Hawley,Josh Hawley,R,Lucas Kunce,0.012000098231860159,W.C. Young,76924,2972559,"{""W.C. Young"": {""party"": ""Libertarian"", ""votes"": 35671, ""pct"": 1.2}, ""Jared Young"": {""party"": ""Better Party"", ""votes"": 21111, ""pct"": 0.71}, ""Nathan Kline"": {""party"": ""Green"", ""votes"": 20123, ""pct"": 0.68}, ""Write-in"": {""party"": ""Write-in"", ""votes"": 19, ""pct"": 0.0}}",130793,396980,530270,-0.137315693313,-0.079176791652,-0.012150970301,0.011736798662,-0.125164723012,0.134501921033,0.025878039763045913,0.03236986807159427,-0.006491828308548355,-0.14096355376281886,-0.08099722126540135,-0.012557453411719526,0.015598618443089865,-0.12840610035109934,0.13781100289900727,red,R+13.7,R+7.9,R+1.2,D+1.2,R+12.5,D+13.5,1.20%,2.59%,3.24%,-0.65%,R+14.1,R+8.1,R+1.3,D+1.6,R+12.8,D+13.8,35671,,https://en.wikipedia.org/wiki/2024_United_States_Senate_election_in_Missouri,"{""Josh Hawley"": {""party"": ""Republican"", ""votes"": 1651907, ""pct"": 55.57}, ""Lucas Kunce"": {""party"": ""Democratic"", ""votes"": 1243728, ""pct"": 41.84}, ""W.C. Young"": {""party"": ""Libertarian"", ""votes"": 35671, ""pct"": 1.2}, ""Jared Young"": {""party"": ""Better Party"", ""votes"": 21111, ""pct"": 0.71}, ""Nathan Kline"": {""party"": ""Green"", ""votes"": 20123, ""pct"": 0.68}, ""Write-in"": {""party"": ""Write-in"", ""votes"": 19, ""pct"": 0.0}}"
2024,Mississippi,MS,I,regular,General,2024 United States Senate election in Mississippi,451981,763420,0,0.3718780879726115,0.6281219120273885,Ty Pinkins,Roger Wicker,Roger Wicker,R,Ty Pinkins,0.0,None,0,1215401,{},82414,215801,279186,-0.256243824055,-0.066061013482,-0.012150970301,0.011736798662,-0.244092853753,0.147617699202,0.0,0.03236986807159427,-0.03236986807159427,-0.25624382405477697,-0.062115261255083126,-0.012557453411719526,0.015598618443089865,-0.24368637064305745,0.15669296290932552,red,R+25.6,R+6.6,R+1.2,D+1.2,R+24.4,D+14.8,0.00%,0.00%,3.24%,-3.24%,R+25.6,R+6.2,R+1.3,D+1.6,R+24.4,D+15.7,0,,https://en.wikipedia.org/wiki/2024_United_States_Senate_election_in_Mississippi,"{""Roger Wicker"": {""party"": ""Republican"", ""votes"": 763420, ""pct"": 62.81}, ""Ty Pinkins"": {""party"": ""Democratic"", ""votes"": 451981, ""pct"": 37.19}}"
2024,Montana,MT,I,regular,General,2024 United States Senate election in Montana,276305,319682,11275,0.45500130092118396,0.526431754333385,Jon Tester,Tim Sheehy,Tim Sheehy,R,Jon Tester,0.011975061834924628,Sid Daoud,11275,607262,"{""Sid Daoud"": {""party"": ""Libertarian"", ""votes"": 7272, ""pct"": 1.2}, ""Robert Barb"": {""party"": ""Green"", ""votes"": 4003, ""pct"": 0.66}}",22429,83719,102878,-0.071430453412,-0.106945061330,-0.012150970301,0.011736798662,-0.059279483111,0.106733651355,0.018566944745431132,0.03236986807159427,-0.013802923326163136,-0.07278178886452222,-0.10935094730229464,-0.012557453411719526,0.015598618443089865,-0.06022433545280269,0.10945727686211403,red,R+7.1,R+10.7,R+1.2,D+1.2,R+5.9,D+10.7,1.20%,1.86%,3.24%,-1.38%,R+7.3,R+10.9,R+1.3,D+1.6,R+6.0,D+10.9,7272,,https://en.wikipedia.org/wiki/2024_United_States_Senate_election_in_Montana,"{""Tim Sheehy"": {""party"": ""Republican"", ""votes"": 319682, ""pct"": 52.64}, ""Jon Tester"": {""party"": ""Democratic"", ""votes"": 276305, ""pct"": 45.5}, ""Sid Daoud"": {""party"": ""Libertarian"", ""votes"": 7272, ""pct"": 1.2}, ""Robert Barb"": {""party"": ""Green"", ""votes"": 4003, ""pct"": 0.66}}"
2024,North Dakota,ND,I,regular,General,2024 United States Senate election in North Dakota,121602,241569,1156,0.33377158431848314,0.6630554419518729,Katrina Christiansen,Kevin Cramer,Kevin Cramer,R,Katrina Christiansen,0.0031729737296439737,Write-in,1156,364327,"{""Write-in"": {""party"": ""Write-in"", ""votes"": 1156, ""pct"": 0.32}}",-22774,61849,38189,-0.329283857633,-0.220912554688,-0.012150970301,0.011736798662,-0.317132887332,-0.007233842003,0.0031729737296439737,0.03236986807159427,-0.029196894341950295,-0.330331992367232,-0.22127788494227146,-0.012557453411719526,0.015598618443089865,-0.31777453895551244,-0.0024696607778628143,red,R+32.9,R+22.1,R+1.2,D+1.2,R+31.7,R+0.7,0.32%,0.32%,3.24%,-2.92%,R+33.0,R+22.1,R+1.3,D+1.6,R+31.8,R+0.2,1156,,https://en.wikipedia.org/wiki/2024_United_States_Senate_election_in_North_Dakota,"{""Kevin Cramer"": {""party"": ""Republican"", ""votes"": 241569, ""pct"": 66.31}, ""Katrina Christiansen"": {""party"": ""Democratic–NPL"", ""votes"": 121602, ""pct"": 33.38}, ""Write-in"": {""party"": ""Write-in"", ""votes"": 1156, ""pct"": 0.32}}"
2024,Nebraska,NE,I,regular,General,2024 United States Senate election in Nebraska,0,499124,501843,0.0,0.4986418133664746,None,Deb Fischer,Deb Fischer,R,Dan Osborn,0.43607131903449364,Dan Osborn,501843,1000967,"{""Dan Osborn"": {""party"": ""Independent"", ""votes"": 436493, ""pct"": 46.52}, ""Majority"": {""party"": ""Majority"", ""votes"": 62631, ""pct"": 6.67}, ""Write-in"": {""party"": ""Write-in"", ""votes"": 2719, ""pct"": 0.29}}",-269917,95973,168850,-0.498641813366,-0.338527310238,-0.012150970301,0.011736798662,-0.486490843065,-0.124848597553,0.5013581866335254,0.03236986807159427,0.46898831856193113,-1.0,-0.8020497186019837,-0.012557453411719526,0.015598618443089865,-0.9874425465882805,-0.5832414944375751,red,R+49.9,R+33.9,R+1.2,D+1.2,R+48.6,R+12.5,43.61%,50.14%,3.24%,46.90%,R+100.0,R+80.2,R+1.3,D+1.6,R+98.7,R+58.3,436493,,https://en.wikipedia.org/wiki/2024_United_States_Senate_election_in_Nebraska,"{""Deb Fischer"": {""party"": ""Republican"", ""votes"": 499124, ""pct"": 53.19}, ""Dan Osborn"": {""party"": ""Independent"", ""votes"": 436493, ""pct"": 46.52}, ""Majority"": {""party"": ""Majority"", ""votes"": 62631, ""pct"": 6.67}, ""Write-in"": {""party"": ""Write-in"", ""votes"": 2719, ""pct"": 0.29}}"
2024,New Jersey,NJ,I,regular,General,Hunterdon County Republican Convention (February 7),2162263,1774272,101052,0.5355334758111714,0.43943870435485355,Andy Kim,Curtis Bashaw,Andy Kim,D,Curtis Bashaw,0.011254989675764262,Christina Khalil,101052,4037587,"{""Christina Khalil"": {""party"": ""Green"", ""votes"": 45443, ""pct"": 1.13}, ""Kenneth Kaplan"": {""party"": ""Libertarian"", ""votes"": 24242, ""pct"": 0.6}, ""Patricia Mooneyham"": {""party"": ""Vote Better"", ""votes"": 17224, ""pct"": 0.43}, ""Joanne Kuniansky"": {""party"": ""Socialist Workers"", ""votes"": 9806, ""pct"": 0.24}, ""Write-in"": {""party"": ""Write-in"", ""votes"": 4337, ""pct"": 0.11}}",450609,416917,868277,0.096094771456,-0.015695807566,-0.012150970301,0.011736798662,0.108245741758,0.197982905119,0.025027819833975094,0.03236986807159427,-0.007342048237619175,0.09856155222803811,-0.01688255367064123,-0.012557453411719526,0.015598618443089865,0.11111900563975764,0.20192567049376742,deepskyblue,D+9.6,R+1.6,R+1.2,D+1.2,D+10.8,D+19.8,1.13%,2.50%,3.24%,-0.73%,D+9.9,R+1.7,R+1.3,D+1.6,D+11.1,D+20.2,45443,,https://en.wikipedia.org/wiki/2024_United_States_Senate_election_in_New_Jersey,"{""Andy Kim"": {""party"": ""Democratic"", ""votes"": 2161491, ""pct"": 53.55}, ""Curtis Bashaw"": {""party"": ""Republican"", ""votes"": 1773589, ""pct"": 43.94}, ""Christina Khalil"": {""party"": ""Green"", ""votes"": 45443, ""pct"": 1.13}, ""Kenneth Kaplan"": {""party"": ""Libertarian"", ""votes"": 24242, ""pct"": 0.6}, ""Patricia Mooneyham"": {""party"": ""Vote Better"", ""votes"": 17224, ""pct"": 0.43}, ""Joanne Kuniansky"": {""party"": ""Socialist Workers"", ""votes"": 9806, ""pct"": 0.24}, ""Write-in"": {""party"": ""Write-in"", ""votes"": 4337, ""pct"": 0.11}, ""Tammy Murphy"": {""party"": ""Democratic"", ""votes"": 738, ""pct"": 63.8}, ""Christine Serrano Glassner"": {""party"": ""Republican"", ""votes"": 279, ""pct"": 73.6}, ""Alex Zdan"": {""party"": ""Republican"", ""votes"": 265, ""pct"": 21.8}, ""Fred Schneiderman"": {""party"": ""Republican"", ""votes"": 99, ""pct"": 15.6}, ""Patricia Campos-Medina"": {""party"": ""Democratic"", ""votes"": 26, ""pct"": 4.8}, ""Gregg Mele"": {""party"": ""Republican"", ""votes"": 16, ""pct"": 7.0}, ""Justin Michael Murphy"": {""party"": ""Republican"", ""votes"": 16, ""pct"": 11.2}, ""Lawrence Hamm"": {""party"": ""Democratic"", ""votes"": 8, ""pct"": 2.1}, ""Albert Harshaw"": {""party"": ""Republican"", ""votes"": 6, ""pct"": 2.8}, ""Brian Jackson"": {""party"": ""Republican"", ""votes"": 2, ""pct"": 0.3}, ""Michael Estrada"": {""party"": ""Republican"", ""votes"": 0, ""pct"": 0.0}}"
2024,New Mexico,NM,I,regular,General,2024 United States Senate election in New Mexico,497333,405978,0,0.5505667483292023,0.4494332516707978,Martin Heinrich,Nella Domenici,Martin Heinrich,D,Nella Domenici,0.0,None,0,903311,{},120335,193165,206299,0.101133496658,-0.134421988756,-0.012150970301,0.011736798662,0.113284466960,0.079256723928,0.0,0.03236986807159427,-0.03236986807159427,0.10113349665840447,-0.177235336747551,-0.012557453411719526,0.015598618443089865,0.113690950070124,0.04157288741685766,deepskyblue,D+10.1,R+13.4,R+1.2,D+1.2,D+11.3,D+7.9,0.00%,0.00%,3.24%,-3.24%,D+10.1,R+17.7,R+1.3,D+1.6,D+11.4,D+4.2,0,,https://en.wikipedia.org/wiki/2024_United_States_Senate_election_in_New_Mexico,"{""Martin Heinrich"": {""party"": ""Democratic"", ""votes"": 497333, ""pct"": 55.06}, ""Nella Domenici"": {""party"": ""Republican"", ""votes"": 405978, ""pct"": 44.94}}"
2024,Nevada,NV,I,regular,General,2024 United States Senate election in Nevada,701105,677046,86577,0.4786588363163673,0.4622332610559776,Jacky Rosen,Sam Brown,Jacky Rosen,D,Sam Brown,0.030299140864378914,None of These Candidates,86577,1464728,"{""None of These Candidates"": {""party"": ""None of These Candidates"", ""votes"": 44380, ""pct"": 3.03}, ""Janine Hansen"": {""party"": ""Independent American"", ""votes"": 21316, ""pct"": 1.46}, ""Chris Cunningham"": {""party"": ""Libertarian"", ""votes"": 20881, ""pct"": 1.43}}",211034,235844,492596,0.016425575260,-0.033844346931,-0.012150970301,0.011736798662,0.028576545562,0.179834365754,0.0591079026276551,0.03236986807159427,0.02673803455606083,0.017457448421834762,-0.03501803406289313,-0.012557453411719526,0.015598618443089865,0.030014901833554288,0.18379019010151554,deepskyblue,D+1.6,R+3.4,R+1.2,D+1.2,D+2.9,D+18.0,3.03%,5.91%,3.24%,2.67%,D+1.7,R+3.5,R+1.3,D+1.6,D+3.0,D+18.4,44380,,https://en.wikipedia.org/wiki/2024_United_States_Senate_election_in_Nevada,"{""Jacky Rosen"": {""party"": ""Democratic"", ""votes"": 701105, ""pct"": 47.87}, ""Sam Brown"": {""party"": ""Republican"", ""votes"": 677046, ""pct"": 46.22}, ""None of These Candidates"": {""party"": ""None of These Candidates"", ""votes"": 44380, ""pct"": 3.03}, ""Janine Hansen"": {""party"": ""Independent American"", ""votes"": 21316, ""pct"": 1.46}, ""Chris Cunningham"": {""party"": ""Libertarian"", ""votes"": 20881, ""pct"": 1.43}}"
2024,New York,NY,I,regular,General,2024 United States Senate election in New York,4711298,3246114,39413,0.5891460673454777,0.40592535162392573,Kirsten Gillibrand,Mike Sapraicone,Kirsten Gillibrand,D,Mike Sapraicone,0.004928581030596518,Diane Sare,39413,7996825,"{""Diane Sare"": {""party"": ""LaRouche"", ""votes"": 39413, ""pct"": 0.49}}",654367,1247894,1941674,0.183220715722,-0.156772622182,-0.012150970301,0.011736798662,0.195371686023,0.056906090503,0.004928581030596518,0.03236986807159427,-0.02744128704099775,0.18412820650734182,-0.1558651313962051,-0.012557453411719526,0.015598618443089865,0.19668565991906134,0.06294309276820356,deepskyblue,D+18.3,R+15.7,R+1.2,D+1.2,D+19.5,D+5.7,0.49%,0.49%,3.24%,-2.74%,D+18.4,R+15.6,R+1.3,D+1.6,D+19.7,D+6.3,39413,,https://en.wikipedia.org/wiki/2024_United_States_Senate_election_in_New_York,"{""Kirsten Gillibrand"": {""party"": ""Democratic"", ""votes"": 4711298, ""pct"": 58.91}, ""Mike Sapraicone"": {""party"": ""Republican"", ""votes"": 3246114, ""pct"": 40.59}, ""Diane Sare"": {""party"": ""LaRouche"", ""votes"": 39413, ""pct"": 0.49}}"
2024,Ohio,OH,I,regular,General,2024 United States Senate election in Ohio,2650949,2857383,196288,0.46470211863366884,0.5008892792157935,Sherrod Brown,Bernie Moreno,Bernie Moreno,R,Sherrod Brown,0.03429641238154338,Don Kissick,196288,5704620,"{""Don Kissick"": {""party"": ""Libertarian"", ""votes"": 195648, ""pct"": 3.43}, ""Write-in"": {""party"": ""Write-in"", ""votes"": 640, ""pct"": 0.01}}",292441,799824,1287536,-0.036187160582,-0.104320118887,-0.012150970301,0.011736798662,-0.024036190281,0.109358593798,0.034408602150537634,0.03236986807159427,0.002038734078943366,-0.03747668078104224,-0.10562532979384029,-0.012557453411719526,0.015598618443089865,-0.024919227369322717,0.11318289437056837,red,R+3.6,R+10.4,R+1.2,D+1.2,R+2.4,D+10.9,3.43%,3.44%,3.24%,0.20%,R+3.7,R+10.6,R+1.3,D+1.6,R+2.5,D+11.3,195648,,https://en.wikipedia.org/wiki/2024_United_States_Senate_election_in_Ohio,"{""Bernie Moreno"": {""party"": ""Republican"", ""votes"": 2857383, ""pct"": 50.09}, ""Sherrod Brown"": {""party"": ""Democratic"", ""votes"": 2650949, ""pct"": 46.47}, ""Don Kissick"": {""party"": ""Libertarian"", ""votes"": 195648, ""pct"": 3.43}, ""Write-in"": {""party"": ""Write-in"", ""votes"": 640, ""pct"": 0.01}}"
2024,Pennsylvania,PA,I,regular,General,2024 United States Senate election in Pennsylvania,3384180,3399295,179662,0.4860137033064264,0.488184420326643,Bob Casey Jr.,Dave McCormick,Dave McCormick,R,Bob Casey Jr.,0.01287537499262186,John Thomas,179662,6963137,"{""John Thomas"": {""party"": ""Libertarian"", ""votes"": 89653, ""pct"": 1.29}, ""Leila Hazou"": {""party"": ""Green"", ""votes"": 66388, ""pct"": 0.95}, ""Marty Selker"": {""party"": ""Constitution"", ""votes"": 23621, ""pct"": 0.34}}",591743,1264447,1953737,-0.002170717020,-0.133441727520,-0.012150970301,0.011736798662,0.009980253281,0.080236985164,0.025801876366930595,0.03236986807159427,-0.006567991704663673,-0.002228208993178275,-0.1356868987178441,-0.012557453411719526,0.015598618443089865,0.010329244418541252,0.08312132544656456,red,R+0.2,R+13.3,R+1.2,D+1.2,D+1.0,D+8.0,1.29%,2.58%,3.24%,-0.66%,R+0.2,R+13.6,R+1.3,D+1.6,D+1.0,D+8.3,89653,,https://en.wikipedia.org/wiki/2024_United_States_Senate_election_in_Pennsylvania,"{""Dave McCormick"": {""party"": ""Republican"", ""votes"": 3399295, ""pct"": 48.82}, ""Bob Casey Jr."": {""party"": ""Democratic"", ""votes"": 3384180, ""pct"": 48.6}, ""John Thomas"": {""party"": ""Libertarian"", ""votes"": 89653, ""pct"": 1.29}, ""Leila Hazou"": {""party"": ""Green"", ""votes"": 66388, ""pct"": 0.95}, ""Marty Selker"": {""party"": ""Constitution"", ""votes"": 23621, ""pct"": 0.34}}"
2024,Rhode Island,RI,I,regular,General,2024 United States Senate election in Rhode Island,294665,196039,1244,0.5989759080227992,0.39849536942928926,Sheldon Whitehouse,Patricia Morgan,Sheldon Whitehouse,D,Patricia Morgan,0.002528722547911568,Write-in,1244,491948,"{""Write-in"": {""party"": ""Write-in"", ""votes"": 1244, ""pct"": 0.25}}",63188,51618,115210,0.200480538594,-0.030597823557,-0.012150970301,0.011736798662,0.212631508895,0.183080889128,0.002528722547911568,0.03236986807159427,-0.0298411455236827,0.20098878346212787,-0.030605957664454342,-0.012557453411719526,0.015598618443089865,0.21354623687384738,0.1882022664999543,deepskyblue,D+20.0,R+3.1,R+1.2,D+1.2,D+21.3,D+18.3,0.25%,0.25%,3.24%,-2.98%,D+20.1,R+3.1,R+1.3,D+1.6,D+21.4,D+18.8,1244,,https://en.wikipedia.org/wiki/2024_United_States_Senate_election_in_Rhode_Island,"{""Sheldon Whitehouse"": {""party"": ""Democratic"", ""votes"": 294665, ""pct"": 59.9}, ""Patricia Morgan"": {""party"": ""Republican"", ""votes"": 196039, ""pct"": 39.85}, ""Write-in"": {""party"": ""Write-in"", ""votes"": 1244, ""pct"": 0.25}}"
2024,Tennessee,TN,I,regular,General,2024 United States Senate election in Tennessee,1027461,1918743,61404,0.3416206500315201,0.6379631255136973,Gloria Johnson,Marsha Blackburn,Marsha Blackburn,R,Gloria Johnson,0.009457349495013978,Tharon Chandler,61404,3007608,"{""Tharon Chandler"": {""party"": ""Independent"", ""votes"": 28444, ""pct"": 0.95}, ""Pamela Moses"": {""party"": ""Independent"", ""votes"": 24682, ""pct"": 0.82}, ""Hastina Robinson"": {""party"": ""Independent"", ""votes"": 8278, ""pct"": 0.28}}",42011,691260,763868,-0.296342475482,-0.188472133999,-0.012150970301,0.011736798662,-0.284191505181,0.025206578686,0.02041622445478267,0.03236986807159427,-0.011953643616811598,-0.3025187665212592,-0.19314672498181812,-0.012557453411719526,0.015598618443089865,-0.28996131310953965,0.025661499182590586,red,R+29.6,R+18.8,R+1.2,D+1.2,R+28.4,D+2.5,0.95%,2.04%,3.24%,-1.20%,R+30.3,R+19.3,R+1.3,D+1.6,R+29.0,D+2.6,28444,,https://en.wikipedia.org/wiki/2024_United_States_Senate_election_in_Tennessee,"{""Marsha Blackburn"": {""party"": ""Republican"", ""votes"": 1918743, ""pct"": 63.8}, ""Gloria Johnson"": {""party"": ""Democratic"", ""votes"": 1027461, ""pct"": 34.16}, ""Tharon Chandler"": {""party"": ""Independent"", ""votes"": 28444, ""pct"": 0.95}, ""Pamela Moses"": {""party"": ""Independent"", ""votes"": 24682, ""pct"": 0.82}, ""Hastina Robinson"": {""party"": ""Independent"", ""votes"": 8278, ""pct"": 0.28}}"
2024,Texas,TX,I,regular,General,2024 United States Senate election in Texas,5031249,5990741,269864,0.44556447506317387,0.5305365265969609,Colin Allred,Ted Cruz,Ted Cruz,R,Colin Allred,0.02364881798861374,Ted Brown,269864,11291854,"{""Ted Brown"": {""party"": ""Libertarian"", ""votes"": 267039, ""pct"": 2.36}, ""Write-in"": {""party"": ""Write-in"", ""votes"": 2825, ""pct"": 0.03}}",985617,1730188,2920199,-0.084972051534,-0.059299588920,-0.012150970301,0.011736798662,-0.072821081232,0.154379123765,0.023898998339865182,0.03236986807159427,-0.008470869731729086,-0.0870525195540914,-0.06117770458187492,-0.012557453411719526,0.015598618443089865,-0.07449506614237188,0.15763051958253377,red,R+8.5,R+5.9,R+1.2,D+1.2,R+7.3,D+15.4,2.36%,2.39%,3.24%,-0.85%,R+8.7,R+6.1,R+1.3,D+1.6,R+7.4,D+15.8,267039,,https://en.wikipedia.org/wiki/2024_United_States_Senate_election_in_Texas,"{""Ted Cruz"": {""party"": ""Republican"", ""votes"": 5990741, ""pct"": 53.05}, ""Colin Allred"": {""party"": ""Democratic"", ""votes"": 5031249, ""pct"": 44.56}, ""Ted Brown"": {""party"": ""Libertarian"", ""votes"": 267039, ""pct"": 2.36}, ""Write-in"": {""party"": ""Write-in"", ""votes"": 2825, ""pct"": 0.03}}"
2024,Utah,UT,I,regular,General,2024 United States Senate election in Utah,464515,914700,84294,0.31739811644479127,0.6250046976137489,Caroline Gleich,John Curtis,John Curtis,R,Caroline Gleich,0.057377166795694455,Carlton Bowen,84294,1463509,"{""Carlton Bowen"": {""party"": ""Independent American"", ""votes"": 83972, ""pct"": 5.74}, ""Write-in"": {""party"": ""Write-in"", ""votes"": 322, ""pct"": 0.02}}",135974,249485,400612,-0.307606581169,0.009144712701,-0.012150970301,0.011736798662,-0.295455610867,0.222823425385,0.05759718594145988,0.03236986807159427,0.02522731786986561,-0.3264066878622985,0.0123827131576702,-0.012557453411719526,0.015598618443089865,-0.31384923445057894,0.2311909373220789,red,R+30.8,D+0.9,R+1.2,D+1.2,R+29.5,D+22.3,5.74%,5.76%,3.24%,2.52%,R+32.6,D+1.2,R+1.3,D+1.6,R+31.4,D+23.1,83972,,https://en.wikipedia.org/wiki/2024_United_States_Senate_election_in_Utah,"{""John Curtis"": {""party"": ""Republican"", ""votes"": 914700, ""pct"": 62.5}, ""Caroline Gleich"": {""party"": ""Democratic"", ""votes"": 464515, ""pct"": 31.74}, ""Carlton Bowen"": {""party"": ""Independent American"", ""votes"": 83972, ""pct"": 5.74}, ""Write-in"": {""party"": ""Write-in"", ""votes"": 322, ""pct"": 0.02}}"
2024,Virginia,VA,I,regular,General,"United States Senate election in Virginia, 2024",2417115,2019911,8509,0.5437174603281719,0.45436848433315674,Tim Kaine,Hung Cao,Tim Kaine,D,Hung Cao,0.0019140553386712735,Write-in,8509,4445535,"{""Write-in"": {""party"": ""Write-in"", ""votes"": 8509, ""pct"": 0.19}}",506745,645598,1094162,0.089348975995,-0.070602482706,-0.012150970301,0.011736798662,0.101499946296,0.143076229979,0.0019140553386712735,0.03236986807159427,-0.030455812732922995,0.08952032284687987,-0.07367868296281317,-0.012557453411719526,0.015598618443089865,0.1020777762585994,0.1451295412015955,deepskyblue,D+8.9,R+7.1,R+1.2,D+1.2,D+10.1,D+14.3,0.19%,0.19%,3.24%,-3.05%,D+9.0,R+7.4,R+1.3,D+1.6,D+10.2,D+14.5,8509,,https://en.wikipedia.org/wiki/2024_United_States_Senate_election_in_Virginia,"{""Tim Kaine"": {""party"": ""Democratic"", ""votes"": 2417115, ""pct"": 54.37}, ""Hung Cao"": {""party"": ""Republican"", ""votes"": 2019911, ""pct"": 45.44}, ""Write-in"": {""party"": ""Write-in"", ""votes"": 8509, ""pct"": 0.19}}"
2024,Vermont,VT,I,regular,General,2024 United States Senate election in Vermont,0,116512,246741,0.0,0.3207461466250795,None,Gerald Malloy,Bernie Sanders,T,Gerald Malloy,0.6315956096714962,Bernie Sanders,246741,363253,"{""Bernie Sanders"": {""party"": ""Independent"", ""votes"": 229429, ""pct"": 63.16}, ""Steve Berry"": {""party"": ""Independent"", ""votes"": 7941, ""pct"": 2.19}, ""Matt Hill"": {""party"": ""Libertarian"", ""votes"": 4530, ""pct"": 1.25}, ""Justin Schoville"": {""party"": ""Green Mountain Peace and Justice"", ""votes"": 3339, ""pct"": 0.92}, ""Mark Stewart Greenstein"": {""party"": ""E.P.I.C."", ""votes"": 1104, ""pct"": 0.3}, ""Write-in"": {""party"": ""Write-in"", ""votes"": 398, ""pct"": 0.11}}",0,41697,90629,-0.320746146625,-0.046320564138,-0.012150970301,0.011736798662,-0.308595176324,0.167358148547,0.6792538533749205,0.03236986807159427,0.6468839853033262,-1.0,0.0,-0.012557453411719526,0.015598618443089865,-0.9874425465882805,0.2188082241644086,yellow,R+32.1,R+4.6,R+1.2,D+1.2,R+30.9,D+16.7,63.16%,67.93%,3.24%,64.69%,R+100.0,EVEN,R+1.3,D+1.6,R+98.7,D+21.9,229429,,https://en.wikipedia.org/wiki/2024_United_States_Senate_election_in_Vermont,"{""Bernie Sanders"": {""party"": ""Independent"", ""votes"": 229429, ""pct"": 63.16}, ""Gerald Malloy"": {""party"": ""Republican"", ""votes"": 116512, ""pct"": 32.07}, ""Steve Berry"": {""party"": ""Independent"", ""votes"": 7941, ""pct"": 2.19}, ""Matt Hill"": {""party"": ""Libertarian"", ""votes"": 4530, ""pct"": 1.25}, ""Justin Schoville"": {""party"": ""Green Mountain Peace and Justice"", ""votes"": 3339, ""pct"": 0.92}, ""Mark Stewart Greenstein"": {""party"": ""E.P.I.C."", ""votes"": 1104, ""pct"": 0.3}, ""Write-in"": {""party"": ""Write-in"", ""votes"": 398, ""pct"": 0.11}}"
2024,Washington,WA,I,regular,General,2024 United States Senate election in Washington,2252577,1549187,10627,0.5908567615441334,0.40635574892501847,Maria Cantwell,Raul Garcia,Maria Cantwell,D,Raul Garcia,0.0027874895308482263,Write-in,10627,3812391,"{""Write-in"": {""party"": ""Write-in"", ""votes"": 10627, ""pct"": 0.28}}",449213,266383,726223,0.184501012619,0.015825814121,-0.012150970301,0.011736798662,0.196651982921,0.229504526805,0.0027874895308482263,0.03236986807159427,-0.02958237854074604,0.18501674485843939,0.016341546359848247,-0.012557453411719526,0.015598618443089865,0.1975741982701589,0.2351497705242569,deepskyblue,D+18.5,D+1.6,R+1.2,D+1.2,D+19.7,D+23.0,0.28%,0.28%,3.24%,-2.96%,D+18.5,D+1.6,R+1.3,D+1.6,D+19.8,D+23.5,10627,,https://en.wikipedia.org/wiki/2024_United_States_Senate_election_in_Washington,"{""Maria Cantwell"": {""party"": ""Democratic"", ""votes"": 2252577, ""pct"": 59.09}, ""Raul Garcia"": {""party"": ""Republican"", ""votes"": 1549187, ""pct"": 40.64}, ""Write-in"": {""party"": ""Write-in"", ""votes"": 10627, ""pct"": 0.28}}"
2024,Wisconsin,WI,I,regular,General,2024 United States Senate election in Wisconsin,1672777,1643996,74014,0.4933300145364483,0.48484201455296366,Tammy Baldwin,Eric Hovde,Tammy Baldwin,D,Eric Hovde,0.012479403749041152,Phil Anderson,74014,3390787,"{""Phil Anderson"": {""party"": ""Disrupt the Corruption"", ""votes"": 42315, ""pct"": 1.25}, ""Thomas Leager"": {""party"": ""America First"", ""votes"": 28751, ""pct"": 0.85}, ""Write-in"": {""party"": ""Write-in"", ""votes"": 2922, ""pct"": 0.09}, ""John Schiess"": {""party"": ""Independent"", ""votes"": 26, ""pct"": 0.0}}",199863,459111,730024,0.008487999983,-0.099762528154,-0.012150970301,0.011736798662,0.020638970285,0.113916184530,0.021827970910588013,0.03236986807159427,-0.010541897161006255,0.008677410241822397,-0.09969383980379806,-0.012557453411719526,0.015598618443089865,0.02123486365354192,0.1191143843606106,deepskyblue,D+0.8,R+10.0,R+1.2,D+1.2,D+2.1,D+11.4,1.25%,2.18%,3.24%,-1.05%,D+0.9,R+10.0,R+1.3,D+1.6,D+2.1,D+11.9,42315,,https://en.wikipedia.org/wiki/2024_United_States_Senate_election_in_Wisconsin,"{""Tammy Baldwin"": {""party"": ""Democratic"", ""votes"": 1672777, ""pct"": 49.33}, ""Eric Hovde"": {""party"": ""Republican"", ""votes"": 1643996, ""pct"": 48.48}, ""Phil Anderson"": {""party"": ""Disrupt the Corruption"", ""votes"": 42315, ""pct"": 1.25}, ""Thomas Leager"": {""party"": ""America First"", ""votes"": 28751, ""pct"": 0.85}, ""Write-in"": {""party"": ""Write-in"", ""votes"": 2922, ""pct"": 0.09}, ""John Schiess"": {""party"": ""Independent"", ""votes"": 26, ""pct"": 0.0}}"
2024,West Virginia,WV,I,regular,General,2024 United States Senate election in West Virginia,207548,514079,26090,0.2775756068138079,0.6875315125909937,Glenn Elliott,Jim Justice,Jim Justice,R,Glenn Elliott,0.0348728195293139,David Moran,26090,747717,"{""David Moran"": {""party"": ""Libertarian"", ""votes"": 26075, ""pct"": 3.49}, ""Write-in"": {""party"": ""Write-in"", ""votes"": 15, ""pct"": 0.0}}",-82962,242966,161683,-0.409955905777,-0.443054667965,-0.012150970301,0.011736798662,-0.397804935476,-0.229375955280,0.034892880595198454,0.03236986807159427,0.002523012523604186,-0.42477762057129237,-0.4593150237759332,-0.012557453411719526,0.015598618443089865,-0.4122201671595728,-0.24050679961152452,red,R+41.0,R+44.3,R+1.2,D+1.2,R+39.8,R+22.9,3.49%,3.49%,3.24%,0.25%,R+42.5,R+45.9,R+1.3,D+1.6,R+41.2,R+24.1,26075,,https://en.wikipedia.org/wiki/2024_United_States_Senate_election_in_West_Virginia,"{""Jim Justice"": {""party"": ""Republican"", ""votes"": 514079, ""pct"": 68.75}, ""Glenn Elliott"": {""party"": ""Democratic"", ""votes"": 207548, ""pct"": 27.76}, ""David Moran"": {""party"": ""Libertarian"", ""votes"": 26075, ""pct"": 3.49}, ""Write-in"": {""party"": ""Write-in"", ""votes"": 15, ""pct"": 0.0}}"
2024,Wyoming,WY,I,regular,General,"United States Senate election in Wyoming, 2024",63727,198418,2017,0.24124211657997743,0.7511224173045328,Scott Morrow,John Barrasso,John Barrasso,R,Scott Morrow,0.007635466115489737,Write-in,2017,264162,"{""Write-in"": {""party"": ""Write-in"", ""votes"": 2017, ""pct"": 0.76}}",2500,62208,60742,-0.509880300725,-0.141268561466,-0.012150970301,0.011736798662,-0.497729330423,0.072410151219,0.007635466115489737,0.03236986807159427,-0.024734401956104532,-0.5138034293997596,-0.13402152428572328,-0.012557453411719526,0.015598618443089865,-0.5012459759880401,0.08478669987868537,red,R+51.0,R+14.1,R+1.2,D+1.2,R+49.8,D+7.2,0.76%,0.76%,3.24%,-2.47%,R+51.4,R+13.4,R+1.3,D+1.6,R+50.1,D+8.5,2017,,https://en.wikipedia.org/wiki/2024_United_States_Senate_election_in_Wyoming,"{""John Barrasso"": {""party"": ""Republican"", ""votes"": 198418, ""pct"": 75.11}, ""Scott Morrow"": {""party"": ""Democratic"", ""votes"": 63727, ""pct"": 24.12}, ""Write-in"": {""party"": ""Write-in"", ""votes"": 2017, ""pct"": 0.76}}"
