year,state,abbr,class,race_type,round,caption,D_votes,R_votes,T_votes,D_share,R_share,D_candidate,R_candidate,winner,winner_party,runner_up,top_third_party_share,top_third_party,third_party_votes,total_votes,third_party_results,D_delta,R_delta,total_delta,sen_margin,sen_margin_delta,national_margin,national_margin_delta,relative_margin,relative_margin_delta,third_party_share,third_party_national_share,third_party_relative_share,two_party_margin,two_party_margin_delta,two_party_national_margin,two_party_national_margin_delta,two_party_relative_margin,two_party_relative_margin_delta,color,sen_margin_str,sen_margin_delta_str,national_margin_str,national_margin_delta_str,relative_margin_str,relative_margin_delta_str,top_third_party_share_str,third_party_share_str,third_party_national_share_str,third_party_relative_share_str,two_party_margin_str,two_party_margin_delta_str,two_party_national_margin_str,two_party_national_margin_delta_str,two_party_relative_margin_str,two_party_relative_margin_delta_str,top_third_party_votes,special_case_notes,source_url,results_json
2004,United States,NATIONAL,,national,Aggregate,National aggregate,43952819,39920860,27607651,0.3942617028340082,0.3580945796035982,Democratic total,Republican total,Democratic Party,D,Republican Party,0.0,Various,27607651,111481330,{},0,0,0,0.036167123230,0,0.036167123230,0,0.000000000000,0,0.24764371756239364,0.24764371756239364,0.0,0.0480718033126936,0.0,0.0480718033126936,0.0,0.0,0.0,transparent,D+3.6,0,D+3.6,0,EVEN,0,0.00%,24.76%,24.76%,0.00%,D+4.8,0,D+4.8,0,EVEN,0,0,,,{}
2004,Alaska,AK,III,regular,General,2004 United States Senate election in Alaska,140424,149773,27467,0.44205197944998487,0.4714824468620933,Tony Knowles,Lisa Murkowski,Lisa Murkowski,R,Tony Knowles,0.02943046741210839,Majority,27467,317664,"{""Majority"": {""party"": ""Majority"", ""votes"": 9349, ""pct"": 3.03}, ""Marc J. Millican"": {""party"": ""Independent"", ""votes"": 8885, ""pct"": 2.88}, ""Jerry Sanders"": {""party"": ""Independence"", ""votes"": 3785, ""pct"": 1.23}, ""Jim Sykes"": {""party"": ""Green"", ""votes"": 3053, ""pct"": 0.99}, ""Scott A. Kohlhaas"": {""party"": ""Libertarian"", ""votes"": 1240, ""pct"": 0.4}, ""Ted Gianoutsas"": {""party"": ""Independent"", ""votes"": 732, ""pct"": 0.24}, ""423"": {""party"": ""Write-ins"", ""votes"": 423, ""pct"": 0.14}}",0,0,0,-0.029430467412,0,0.036167123230,0,-0.065597590643,0,0.08646557368792183,0.24764371756239364,-0.16117814387447182,-0.03221604634093392,0.0,0.0480718033126936,0.0,-0.08028784965362752,0.0,red,R+2.9,0,D+3.6,0,R+6.6,0,2.94%,8.65%,24.76%,-16.12%,R+3.2,0,D+4.8,0,R+8.0,0,9349,,https://en.wikipedia.org/wiki/2004_United_States_Senate_election_in_Alaska,"{""Lisa Murkowski"": {""party"": ""Republican"", ""votes"": 149773, ""pct"": 48.58}, ""Tony Knowles"": {""party"": ""Democratic"", ""votes"": 140424, ""pct"": 45.55}, ""Majority"": {""party"": ""Majority"", ""votes"": 9349, ""pct"": 3.03}, ""Marc J. Millican"": {""party"": ""Independent"", ""votes"": 8885, ""pct"": 2.88}, ""Jerry Sanders"": {""party"": ""Independence"", ""votes"": 3785, ""pct"": 1.23}, ""Jim Sykes"": {""party"": ""Green"", ""votes"": 3053, ""pct"": 0.99}, ""Scott A. Kohlhaas"": {""party"": ""Libertarian"", ""votes"": 1240, ""pct"": 0.4}, ""Ted Gianoutsas"": {""party"": ""Independent"", ""votes"": 732, ""pct"": 0.24}, ""423"": {""party"": ""Write-ins"", ""votes"": 423, ""pct"": 0.14}}"
2004,Alabama,AL,III,regular,General,2004 United States Senate election in Alabama,595018,1242200,1848,0.3235435813614084,0.6754515607378963,Wayne Sowell,Richard Shelby,Richard Shelby,R,Wayne Sowell,0.0010048579006952441,Write-in,1848,1839066,"{""Write-in"": {""party"": ""Write-in"", ""votes"": 1848, ""pct"": 0.1}}",0,0,0,-0.351907979376,0,0.036167123230,0,-0.388075102607,0,0.0010048579006952441,0.24764371756239364,-0.2466388596616984,-0.35226195258265486,0.0,0.0480718033126936,0.0,-0.4003337558953485,0.0,red,R+35.2,0,D+3.6,0,R+38.8,0,0.10%,0.10%,24.76%,-24.66%,R+35.2,0,D+4.8,0,R+40.0,0,1848,,https://en.wikipedia.org/wiki/2004_United_States_Senate_election_in_Alabama,"{""Richard Shelby"": {""party"": ""Republican"", ""votes"": 1242200, ""pct"": 67.55}, ""Wayne Sowell"": {""party"": ""Democratic"", ""votes"": 595018, ""pct"": 32.35}, ""Write-in"": {""party"": ""Write-in"", ""votes"": 1848, ""pct"": 0.1}}"
2004,Arkansas,AR,III,regular,General,Arkansas Senate election 2004,580973,458036,340,0.5589777832085276,0.4406950889450993,Blanche Lincoln,Jim Holt,Blanche Lincoln,D,Jim Holt,0.0003271278463730662,Write-in,340,1039349,"{""Write-in"": {""party"": ""Write-in"", ""votes"": 340, ""pct"": 0.03}}",0,0,0,0.118282694263,0,0.036167123230,0,0.082115571033,0,0.0003271278463730662,0.24764371756239364,-0.24731658971602058,0.11832140048834995,0.0,0.0480718033126936,0.0,0.07024959717565635,0.0,deepskyblue,D+11.8,0,D+3.6,0,D+8.2,0,0.03%,0.03%,24.76%,-24.73%,D+11.8,0,D+4.8,0,D+7.0,0,340,,https://en.wikipedia.org/wiki/2004_United_States_Senate_election_in_Arkansas,"{""Blanche Lincoln"": {""party"": ""Democratic"", ""votes"": 580973, ""pct"": 55.9}, ""Jim Holt"": {""party"": ""Republican"", ""votes"": 458036, ""pct"": 44.07}, ""Write-in"": {""party"": ""Write-in"", ""votes"": 340, ""pct"": 0.03}}"
2004,Arizona,AZ,III,regular,General,General election results,404507,1505372,1152663,0.1320821069555944,0.4915432996510742,Stuart Starky,John McCain,John McCain,R,Majority,0.35946119269547977,Majority,1152663,3062542,"{""Majority"": {""party"": ""Majority"", ""votes"": 1100865, ""pct"": 56.12}, ""Ernest Hancock"": {""party"": ""Libertarian"", ""votes"": 51798, ""pct"": 2.64}}",0,0,0,-0.359461192695,0,0.036167123230,0,-0.395628315926,0,0.3763745933933314,0.24764371756239364,0.12873087583093776,-0.5764056256967064,0.0,0.0480718033126936,0.0,-0.6244774290094,0.0,red,R+35.9,0,D+3.6,0,R+39.6,0,35.95%,37.64%,24.76%,12.87%,R+57.6,0,D+4.8,0,R+62.4,0,1100865,,https://en.wikipedia.org/wiki/2004_United_States_Senate_election_in_Arizona,"{""John McCain"": {""party"": ""Republican"", ""votes"": 1505372, ""pct"": 76.74}, ""Majority"": {""party"": ""Majority"", ""votes"": 1100865, ""pct"": 56.12}, ""Stuart Starky"": {""party"": ""Democratic"", ""votes"": 404507, ""pct"": 20.62}, ""Ernest Hancock"": {""party"": ""Libertarian"", ""votes"": 51798, ""pct"": 2.64}}"
2004,California,CA,III,regular,General,"2004 United States Senate election, California",6955728,4555922,1078053,0.5524934146579947,0.3618768449104796,Barbara Boxer,Bill Jones,Barbara Boxer,D,Bill Jones,0.042605294183667396,Invalid or blank votes,1078053,12589703,"{""Invalid or blank votes"": {""party"": ""Invalid or blank votes"", ""votes"": 536388, ""pct"": 4.26}, ""Marsha Feinland"": {""party"": ""Peace and Freedom"", ""votes"": 243846, ""pct"": 2.02}, ""James P. \""Jim\"" Gray"": {""party"": ""Libertarian"", ""votes"": 216522, ""pct"": 1.8}, ""Don J. Grundmann"": {""party"": ""American Independent"", ""votes"": 81244, ""pct"": 0.67}, ""Dennis Richter"": {""party"": ""No party"", ""votes"": 43, ""pct"": 0.0}, ""Howard Johnson"": {""party"": ""No party"", ""votes"": 8, ""pct"": 0.0}, ""John Emery Jones"": {""party"": ""No party"", ""votes"": 2, ""pct"": 0.0}}",0,0,0,0.190616569748,0,0.036167123230,0,0.154449446517,0,0.08562974043152567,0.24764371756239364,-0.16201397713086796,0.20846759587027056,0.0,0.0480718033126936,0.0,0.16039579255757697,0.0,deepskyblue,D+19.1,0,D+3.6,0,D+15.4,0,4.26%,8.56%,24.76%,-16.20%,D+20.8,0,D+4.8,0,D+16.0,0,536388,,https://en.wikipedia.org/wiki/2004_United_States_Senate_election_in_California,"{""Barbara Boxer"": {""party"": ""Democratic"", ""votes"": 6955728, ""pct"": 57.71}, ""Bill Jones"": {""party"": ""Republican"", ""votes"": 4555922, ""pct"": 37.8}, ""Invalid or blank votes"": {""party"": ""Invalid or blank votes"", ""votes"": 536388, ""pct"": 4.26}, ""Marsha Feinland"": {""party"": ""Peace and Freedom"", ""votes"": 243846, ""pct"": 2.02}, ""James P. \""Jim\"" Gray"": {""party"": ""Libertarian"", ""votes"": 216522, ""pct"": 1.8}, ""Don J. Grundmann"": {""party"": ""American Independent"", ""votes"": 81244, ""pct"": 0.67}, ""Dennis Richter"": {""party"": ""No party"", ""votes"": 43, ""pct"": 0.0}, ""Howard Johnson"": {""party"": ""No party"", ""votes"": 8, ""pct"": 0.0}, ""John Emery Jones"": {""party"": ""No party"", ""votes"": 2, ""pct"": 0.0}}"
2004,Colorado,CO,III,regular,General,General election results,1081188,980668,146136,0.4896702524284508,0.44414472516204767,Ken Salazar,Pete Coors,Ken Salazar,D,Pete Coors,0.04552552726640314,Majority,146136,2207992,"{""Majority"": {""party"": ""Majority"", ""votes"": 100520, ""pct"": 4.77}, ""Douglas Campbell"": {""party"": ""Constitution"", ""votes"": 18783, ""pct"": 0.89}, ""Richard Randall"": {""party"": ""Libertarian"", ""votes"": 10160, ""pct"": 0.48}, ""John R. Harris"": {""party"": ""Independent"", ""votes"": 8442, ""pct"": 0.4}, ""Victor Good"": {""party"": ""Reform"", ""votes"": 6481, ""pct"": 0.31}, ""Finn Gotaas"": {""party"": ""Independent"", ""votes"": 1750, ""pct"": 0.08}}",0,0,0,0.045525527266,0,0.036167123230,0,0.009358404036,0,0.06618502240950148,0.24764371756239364,-0.18145869515289215,0.04875219219964925,0.0,0.0480718033126936,0.0,0.0006803888869556449,0.0,deepskyblue,D+4.6,0,D+3.6,0,D+0.9,0,4.55%,6.62%,24.76%,-18.15%,D+4.9,0,D+4.8,0,D+0.1,0,100520,,https://en.wikipedia.org/wiki/2004_United_States_Senate_election_in_Colorado,"{""Ken Salazar"": {""party"": ""Democratic"", ""votes"": 1081188, ""pct"": 51.3}, ""Pete Coors"": {""party"": ""Republican"", ""votes"": 980668, ""pct"": 46.53}, ""Majority"": {""party"": ""Majority"", ""votes"": 100520, ""pct"": 4.77}, ""Douglas Campbell"": {""party"": ""Constitution"", ""votes"": 18783, ""pct"": 0.89}, ""Richard Randall"": {""party"": ""Libertarian"", ""votes"": 10160, ""pct"": 0.48}, ""John R. Harris"": {""party"": ""Independent"", ""votes"": 8442, ""pct"": 0.4}, ""Victor Good"": {""party"": ""Reform"", ""votes"": 6481, ""pct"": 0.31}, ""Finn Gotaas"": {""party"": ""Independent"", ""votes"": 1750, ""pct"": 0.08}}"
2004,Connecticut,CT,III,regular,General,General election results,945347,457749,21630,0.6635289873280897,0.3212891461235353,Chris Dodd,Jack Orchulli,Chris Dodd,D,Jack Orchulli,0.008732907239707845,Timothy Knibbs,21630,1424726,"{""Timothy Knibbs"": {""party"": ""Concerned Citizens"", ""votes"": 12442, ""pct"": 0.87}, ""Leonard Rasch"": {""party"": ""Libertarian"", ""votes"": 9188, ""pct"": 0.64}}",0,0,0,0.342239841205,0,0.036167123230,0,0.306072717974,0,0.015181866548374915,0.24764371756239364,-0.23246185101401873,0.3475157793907188,0.0,0.0480718033126936,0.0,0.2994439760780252,0.0,deepskyblue,D+34.2,0,D+3.6,0,D+30.6,0,0.87%,1.52%,24.76%,-23.25%,D+34.8,0,D+4.8,0,D+29.9,0,12442,,https://en.wikipedia.org/wiki/2004_United_States_Senate_election_in_Connecticut,"{""Chris Dodd"": {""party"": ""Democratic"", ""votes"": 945347, ""pct"": 66.35}, ""Jack Orchulli"": {""party"": ""Republican"", ""votes"": 457749, ""pct"": 32.13}, ""Timothy Knibbs"": {""party"": ""Concerned Citizens"", ""votes"": 12442, ""pct"": 0.87}, ""Leonard Rasch"": {""party"": ""Libertarian"", ""votes"": 9188, ""pct"": 0.64}}"
2004,Florida,FL,III,regular,General,"United States Senate election in Florida, 2004",3590201,3672864,15129260,0.16033176545981714,0.1640233428194705,Elizabeth Castor,Melquíades Rafael Martínez Ruiz,"166,829",T,Melquíades Rafael Martínez Ruiz,0.33180538421088474,"166,829",15129260,22392325,"{""166,829"": {""party"": """", ""votes"": 7429894, ""pct"": NaN}, ""13,202"": {""party"": """", ""votes"": 747551, ""pct"": NaN}, ""13,780"": {""party"": """", ""votes"": 687774, ""pct"": NaN}, ""9,566"": {""party"": """", ""votes"": 528050, ""pct"": NaN}, ""12,379"": {""party"": """", ""votes"": 464470, ""pct"": NaN}, ""10,261"": {""party"": """", ""votes"": 447890, ""pct"": NaN}, ""7,081"": {""party"": """", ""votes"": 382751, ""pct"": NaN}, ""6,160"": {""party"": """", ""votes"": 374909, ""pct"": NaN}, ""7,682"": {""party"": """", ""votes"": 261553, ""pct"": NaN}, ""4,531"": {""party"": """", ""votes"": 233389, ""pct"": NaN}, ""6,174"": {""party"": """", ""votes"": 225138, ""pct"": NaN}, ""6,051"": {""party"": """", ""votes"": 208056, ""pct"": NaN}, ""3,455"": {""party"": """", ""votes"": 190531, ""pct"": NaN}, ""6,044"": {""party"": """", ""votes"": 186205, ""pct"": NaN}, ""3,914"": {""party"": """", ""votes"": 183391, ""pct"": NaN}, ""Dennis F. Bradley"": {""party"": ""Veterans"", ""votes"": 166642, ""pct"": 2.24}, ""3,699"": {""party"": """", ""votes"": 141323, ""pct"": NaN}, ""2,632"": {""party"": """", ""votes"": 139693, ""pct"": NaN}, ""3,799"": {""party"": """", ""votes"": 138143, ""pct"": NaN}, ""1,691"": {""party"": """", ""votes"": 133324, ""pct"": NaN}, ""1,934"": {""party"": """", ""votes"": 124214, ""pct"": NaN}, ""3,319"": {""party"": """", ""votes"": 121379, ""pct"": NaN}, ""1,802"": {""party"": """", ""votes"": 108685, ""pct"": NaN}, ""2,905"": {""party"": """", ""votes"": 98001, ""pct"": NaN}, ""2,413"": {""party"": """", ""votes"": 87204, ""pct"": NaN}, ""1,420"": {""party"": """", ""votes"": 84990, ""pct"": NaN}, ""Majority"": {""party"": ""Majority"", ""votes"": 82663, ""pct"": 1.11}, ""2,296"": {""party"": """", ""votes"": 80968, ""pct"": NaN}, ""1,503"": {""party"": """", ""votes"": 80465, ""pct"": NaN}, ""3,143"": {""party"": """", ""votes"": 79334, ""pct"": NaN}, ""1,729"": {""party"": """", ""votes"": 77645, ""pct"": NaN}, ""1,564"": {""party"": """", ""votes"": 73393, ""pct"": NaN}, ""1,579"": {""party"": """", ""votes"": 70523, ""pct"": NaN}, ""2,742"": {""party"": """", ""votes"": 68439, ""pct"": NaN}, ""1,524"": {""party"": """", ""votes"": 65838, ""pct"": NaN}, ""1,543"": {""party"": """", ""votes"": 59392, ""pct"": NaN}, ""1,278"": {""party"": """", ""votes"": 40800, ""pct"": NaN}, ""1,267"": {""party"": """", ""votes"": 38303, ""pct"": NaN}, ""904"": {""party"": """", ""votes"": 38010, ""pct"": NaN}, ""595"": {""party"": """", ""votes"": 32007, ""pct"": NaN}, ""656"": {""party"": """", ""votes"": 31429, ""pct"": NaN}, ""876"": {""party"": """", ""votes"": 30518, ""pct"": NaN}, ""726"": {""party"": """", ""votes"": 24520, ""pct"": NaN}, ""585"": {""party"": """", ""votes"": 23393, ""pct"": NaN}, ""316"": {""party"": """", ""votes"": 20792, ""pct"": NaN}, ""395"": {""party"": """", ""votes"": 19449, ""pct"": NaN}, ""219"": {""party"": """", ""votes"": 17773, ""pct"": NaN}, ""497"": {""party"": """", ""votes"": 16361, ""pct"": NaN}, ""397"": {""party"": """", ""votes"": 15561, ""pct"": NaN}, ""496"": {""party"": """", ""votes"": 11919, ""pct"": NaN}, ""331"": {""party"": """", ""votes"": 11619, ""pct"": NaN}, ""270"": {""party"": """", ""votes"": 10742, ""pct"": NaN}, ""242"": {""party"": """", ""votes"": 10108, ""pct"": NaN}, ""186"": {""party"": """", ""votes"": 9854, ""pct"": NaN}, ""295"": {""party"": """", ""votes"": 9320, ""pct"": NaN}, ""241"": {""party"": """", ""votes"": 8454, ""pct"": NaN}, ""342"": {""party"": """", ""votes"": 8064, ""pct"": NaN}, ""145"": {""party"": """", ""votes"": 7371, ""pct"": NaN}, ""307"": {""party"": """", ""votes"": 7137, ""pct"": NaN}, ""180"": {""party"": """", ""votes"": 7124, ""pct"": NaN}, ""258"": {""party"": """", ""votes"": 6896, ""pct"": NaN}, ""250"": {""party"": """", ""votes"": 6307, ""pct"": NaN}, ""175"": {""party"": """", ""votes"": 5834, ""pct"": NaN}, ""150"": {""party"": """", ""votes"": 5742, ""pct"": NaN}, ""127"": {""party"": """", ""votes"": 4930, ""pct"": NaN}, ""93"": {""party"": """", ""votes"": 4599, ""pct"": NaN}, ""149"": {""party"": """", ""votes"": 4117, ""pct"": NaN}, ""82"": {""party"": """", ""votes"": 3240, ""pct"": NaN}, ""63"": {""party"": """", ""votes"": 2970, ""pct"": NaN}, ""187"": {""party"": ""Write-ins"", ""votes"": 187, ""pct"": 0.0}}",0,0,0,-0.003691577360,0,0.036167123230,0,-0.039858700590,0,0.6756448917207123,0.24764371756239364,0.4280011741583186,-0.011381283246122677,0.0,0.0480718033126936,0.0,-0.05945308655881628,0.0,yellow,R+0.4,0,D+3.6,0,R+4.0,0,33.18%,67.56%,24.76%,42.80%,R+1.1,0,D+4.8,0,R+5.9,0,7429894,,https://en.wikipedia.org/wiki/2004_United_States_Senate_election_in_Florida,"{""166,829"": {""party"": """", ""votes"": 7429894, ""pct"": NaN}, ""Melquíades Rafael Martínez Ruiz"": {""party"": ""Republican"", ""votes"": 3672864, ""pct"": 49.43}, ""Elizabeth Castor"": {""party"": ""Democratic"", ""votes"": 3590201, ""pct"": 48.32}, ""13,202"": {""party"": """", ""votes"": 747551, ""pct"": NaN}, ""13,780"": {""party"": """", ""votes"": 687774, ""pct"": NaN}, ""9,566"": {""party"": """", ""votes"": 528050, ""pct"": NaN}, ""12,379"": {""party"": """", ""votes"": 464470, ""pct"": NaN}, ""10,261"": {""party"": """", ""votes"": 447890, ""pct"": NaN}, ""7,081"": {""party"": """", ""votes"": 382751, ""pct"": NaN}, ""6,160"": {""party"": """", ""votes"": 374909, ""pct"": NaN}, ""7,682"": {""party"": """", ""votes"": 261553, ""pct"": NaN}, ""4,531"": {""party"": """", ""votes"": 233389, ""pct"": NaN}, ""6,174"": {""party"": """", ""votes"": 225138, ""pct"": NaN}, ""6,051"": {""party"": """", ""votes"": 208056, ""pct"": NaN}, ""3,455"": {""party"": """", ""votes"": 190531, ""pct"": NaN}, ""6,044"": {""party"": """", ""votes"": 186205, ""pct"": NaN}, ""3,914"": {""party"": """", ""votes"": 183391, ""pct"": NaN}, ""Dennis F. Bradley"": {""party"": ""Veterans"", ""votes"": 166642, ""pct"": 2.24}, ""3,699"": {""party"": """", ""votes"": 141323, ""pct"": NaN}, ""2,632"": {""party"": """", ""votes"": 139693, ""pct"": NaN}, ""3,799"": {""party"": """", ""votes"": 138143, ""pct"": NaN}, ""1,691"": {""party"": """", ""votes"": 133324, ""pct"": NaN}, ""1,934"": {""party"": """", ""votes"": 124214, ""pct"": NaN}, ""3,319"": {""party"": """", ""votes"": 121379, ""pct"": NaN}, ""1,802"": {""party"": """", ""votes"": 108685, ""pct"": NaN}, ""2,905"": {""party"": """", ""votes"": 98001, ""pct"": NaN}, ""2,413"": {""party"": """", ""votes"": 87204, ""pct"": NaN}, ""1,420"": {""party"": """", ""votes"": 84990, ""pct"": NaN}, ""Majority"": {""party"": ""Majority"", ""votes"": 82663, ""pct"": 1.11}, ""2,296"": {""party"": """", ""votes"": 80968, ""pct"": NaN}, ""1,503"": {""party"": """", ""votes"": 80465, ""pct"": NaN}, ""3,143"": {""party"": """", ""votes"": 79334, ""pct"": NaN}, ""1,729"": {""party"": """", ""votes"": 77645, ""pct"": NaN}, ""1,564"": {""party"": """", ""votes"": 73393, ""pct"": NaN}, ""1,579"": {""party"": """", ""votes"": 70523, ""pct"": NaN}, ""2,742"": {""party"": """", ""votes"": 68439, ""pct"": NaN}, ""1,524"": {""party"": """", ""votes"": 65838, ""pct"": NaN}, ""1,543"": {""party"": """", ""votes"": 59392, ""pct"": NaN}, ""1,278"": {""party"": """", ""votes"": 40800, ""pct"": NaN}, ""1,267"": {""party"": """", ""votes"": 38303, ""pct"": NaN}, ""904"": {""party"": """", ""votes"": 38010, ""pct"": NaN}, ""595"": {""party"": """", ""votes"": 32007, ""pct"": NaN}, ""656"": {""party"": """", ""votes"": 31429, ""pct"": NaN}, ""876"": {""party"": """", ""votes"": 30518, ""pct"": NaN}, ""726"": {""party"": """", ""votes"": 24520, ""pct"": NaN}, ""585"": {""party"": """", ""votes"": 23393, ""pct"": NaN}, ""316"": {""party"": """", ""votes"": 20792, ""pct"": NaN}, ""395"": {""party"": """", ""votes"": 19449, ""pct"": NaN}, ""219"": {""party"": """", ""votes"": 17773, ""pct"": NaN}, ""497"": {""party"": """", ""votes"": 16361, ""pct"": NaN}, ""397"": {""party"": """", ""votes"": 15561, ""pct"": NaN}, ""496"": {""party"": """", ""votes"": 11919, ""pct"": NaN}, ""331"": {""party"": """", ""votes"": 11619, ""pct"": NaN}, ""270"": {""party"": """", ""votes"": 10742, ""pct"": NaN}, ""242"": {""party"": """", ""votes"": 10108, ""pct"": NaN}, ""186"": {""party"": """", ""votes"": 9854, ""pct"": NaN}, ""295"": {""party"": """", ""votes"": 9320, ""pct"": NaN}, ""241"": {""party"": """", ""votes"": 8454, ""pct"": NaN}, ""342"": {""party"": """", ""votes"": 8064, ""pct"": NaN}, ""145"": {""party"": """", ""votes"": 7371, ""pct"": NaN}, ""307"": {""party"": """", ""votes"": 7137, ""pct"": NaN}, ""180"": {""party"": """", ""votes"": 7124, ""pct"": NaN}, ""258"": {""party"": """", ""votes"": 6896, ""pct"": NaN}, ""250"": {""party"": """", ""votes"": 6307, ""pct"": NaN}, ""175"": {""party"": """", ""votes"": 5834, ""pct"": NaN}, ""150"": {""party"": """", ""votes"": 5742, ""pct"": NaN}, ""127"": {""party"": """", ""votes"": 4930, ""pct"": NaN}, ""93"": {""party"": """", ""votes"": 4599, ""pct"": NaN}, ""149"": {""party"": """", ""votes"": 4117, ""pct"": NaN}, ""82"": {""party"": """", ""votes"": 3240, ""pct"": NaN}, ""63"": {""party"": """", ""votes"": 2970, ""pct"": NaN}, ""187"": {""party"": ""Write-ins"", ""votes"": 187, ""pct"": 0.0}}"
2004,Georgia,GA,III,regular,General,"2004 United States Senate election, Georgia",1287695,1864205,645561,0.3390936733780808,0.4909082673923445,Denise Majette,Johnny Isakson,Johnny Isakson,R,Denise Majette,0.15181459401426375,Majority,645561,3797461,"{""Majority"": {""party"": ""Majority"", ""votes"": 576510, ""pct"": 17.9}, ""Allen Buckley"": {""party"": ""Libertarian"", ""votes"": 69051, ""pct"": 2.14}}",0,0,0,-0.151814594014,0,0.036167123230,0,-0.187981717245,0,0.1699980592295747,0.24764371756239364,-0.07764565833281895,-0.18290872172340494,0.0,0.0480718033126936,0.0,-0.23098052503609856,0.0,red,R+15.2,0,D+3.6,0,R+18.8,0,15.18%,17.00%,24.76%,-7.76%,R+18.3,0,D+4.8,0,R+23.1,0,576510,,https://en.wikipedia.org/wiki/2004_United_States_Senate_election_in_Georgia,"{""Johnny Isakson"": {""party"": ""Republican"", ""votes"": 1864205, ""pct"": 57.88}, ""Denise Majette"": {""party"": ""Democratic"", ""votes"": 1287695, ""pct"": 39.98}, ""Majority"": {""party"": ""Majority"", ""votes"": 576510, ""pct"": 17.9}, ""Allen Buckley"": {""party"": ""Libertarian"", ""votes"": 69051, ""pct"": 2.14}}"
2004,Hawaii,HI,III,regular,General,Generale election results,313629,87172,14546,0.7551011563824946,0.2098775240943115,Daniel Inouye,Campbell Cavasso,Daniel Inouye,D,Campbell Cavasso,0.02231628012240368,Jim Brewer,14546,415347,"{""Jim Brewer"": {""party"": ""Independent"", ""votes"": 9269, ""pct"": 2.23}, ""Lloyd Jeffrey Mallan"": {""party"": ""Libertarian"", ""votes"": 5277, ""pct"": 1.27}}",0,0,0,0.545223632288,0,0.036167123230,0,0.509056509058,0,0.03502131952319386,0.24764371756239364,-0.2126223980391998,0.5650110653416534,0.0,0.0480718033126936,0.0,0.5169392620289598,0.0,deepskyblue,D+54.5,0,D+3.6,0,D+50.9,0,2.23%,3.50%,24.76%,-21.26%,D+56.5,0,D+4.8,0,D+51.7,0,9269,,https://en.wikipedia.org/wiki/2004_United_States_Senate_election_in_Hawaii,"{""Daniel Inouye"": {""party"": ""Democratic"", ""votes"": 313629, ""pct"": 75.51}, ""Campbell Cavasso"": {""party"": ""Republican"", ""votes"": 87172, ""pct"": 20.99}, ""Jim Brewer"": {""party"": ""Independent"", ""votes"": 9269, ""pct"": 2.23}, ""Lloyd Jeffrey Mallan"": {""party"": ""Libertarian"", ""votes"": 5277, ""pct"": 1.27}}"
2004,Iowa,IA,III,regular,General,"United States Senate election in Iowa, 2004",412365,1038175,654498,0.1958943258981548,0.49318587122892793,Arthur A. Small,Chuck Grassley,Chuck Grassley,R,Majority,0.2972915453307731,Majority,654498,2105038,"{""Majority"": {""party"": ""Majority"", ""votes"": 625810, ""pct"": 42.31}, ""Christy Ann Welty"": {""party"": ""Libertarian"", ""votes"": 15218, ""pct"": 1.03}, ""Daryl A. Northrop"": {""party"": ""Green"", ""votes"": 11121, ""pct"": 0.75}, ""Edwin Fruit"": {""party"": ""Socialist Workers"", ""votes"": 1874, ""pct"": 0.13}, ""475"": {""party"": ""Write-ins"", ""votes"": 475, ""pct"": 0.03}}",0,0,0,-0.297291545331,0,0.036167123230,0,-0.333458668561,0,0.31091980287291726,0.24764371756239364,0.06327608531052362,-0.43143243205978465,0.0,0.0480718033126936,0.0,-0.47950423537247827,0.0,red,R+29.7,0,D+3.6,0,R+33.3,0,29.73%,31.09%,24.76%,6.33%,R+43.1,0,D+4.8,0,R+48.0,0,625810,,https://en.wikipedia.org/wiki/2004_United_States_Senate_election_in_Iowa,"{""Chuck Grassley"": {""party"": ""Republican"", ""votes"": 1038175, ""pct"": 70.18}, ""Majority"": {""party"": ""Majority"", ""votes"": 625810, ""pct"": 42.31}, ""Arthur A. Small"": {""party"": ""Democratic"", ""votes"": 412365, ""pct"": 27.88}, ""Christy Ann Welty"": {""party"": ""Libertarian"", ""votes"": 15218, ""pct"": 1.03}, ""Daryl A. Northrop"": {""party"": ""Green"", ""votes"": 11121, ""pct"": 0.75}, ""Edwin Fruit"": {""party"": ""Socialist Workers"", ""votes"": 1874, ""pct"": 0.13}, ""475"": {""party"": ""Write-ins"", ""votes"": 475, ""pct"": 0.03}}"
2004,Idaho,ID,III,regular,General,"United States Senate election in Idaho, 2004",4136,499796,495660,0.004137688176776125,0.5,Scott McClure,Mike Crapo,Mike Crapo,R,Majority,0.4958623118232239,Majority,495660,999592,"{""Majority"": {""party"": ""Majority"", ""votes"": 495660, ""pct"": 98.36}}",0,0,0,-0.495862311823,0,0.036167123230,0,-0.532029435054,0,0.4958623118232239,0.24764371756239364,0.24821859426083023,-0.9835850868768008,0.0,0.0480718033126936,0.0,-1.0316568901894945,0.0,red,R+49.6,0,D+3.6,0,R+53.2,0,49.59%,49.59%,24.76%,24.82%,R+98.4,0,D+4.8,0,R+103.2,0,495660,,https://en.wikipedia.org/wiki/2004_United_States_Senate_election_in_Idaho,"{""Mike Crapo"": {""party"": ""Republican"", ""votes"": 499796, ""pct"": 99.18}, ""Majority"": {""party"": ""Majority"", ""votes"": 495660, ""pct"": 98.36}, ""Scott McClure"": {""party"": ""Democratic"", ""votes"": 4136, ""pct"": 0.82}}"
2004,Illinois,IL,III,regular,General,2004 United States Senate election in Illinois,3597456,1390690,153374,0.6996872520188583,0.27048226983460144,Barack Obama,Alan Keyes,Barack Obama,D,Alan Keyes,0.015785993247133142,Al Franzen,153374,5141520,"{""Al Franzen"": {""party"": ""Independent"", ""votes"": 81164, ""pct"": 1.6}, ""Jerry Kohn"": {""party"": ""Libertarian"", ""votes"": 69253, ""pct"": 1.3}, ""Write-in"": {""party"": ""Write-in"", ""votes"": 2957, ""pct"": 0.1}}",0,0,0,0.429204982184,0,0.036167123230,0,0.393037858954,0,0.029830478146540322,0.24764371756239364,-0.21781323941585332,0.44240204677248823,0.0,0.0480718033126936,0.0,0.3943302434597946,0.0,deepskyblue,D+42.9,0,D+3.6,0,D+39.3,0,1.58%,2.98%,24.76%,-21.78%,D+44.2,0,D+4.8,0,D+39.4,0,81164,,https://en.wikipedia.org/wiki/2004_United_States_Senate_election_in_Illinois,"{""Barack Obama"": {""party"": ""Democratic"", ""votes"": 3597456, ""pct"": 69.97}, ""Alan Keyes"": {""party"": ""Republican"", ""votes"": 1390690, ""pct"": 27.05}, ""Al Franzen"": {""party"": ""Independent"", ""votes"": 81164, ""pct"": 1.6}, ""Jerry Kohn"": {""party"": ""Libertarian"", ""votes"": 69253, ""pct"": 1.3}, ""Write-in"": {""party"": ""Write-in"", ""votes"": 2957, ""pct"": 0.1}}"
2004,Indiana,IN,III,regular,General,General election results,1496976,903913,27344,0.6164877917399195,0.3722513449080051,Evan Bayh,Marvin Scott,Evan Bayh,D,Marvin Scott,0.011260863352075356,Albert Barger,27344,2428233,"{""Albert Barger"": {""party"": ""Libertarian"", ""votes"": 27344, ""pct"": 1.13}}",0,0,0,0.244236446832,0,0.036167123230,0,0.208069323602,0,0.011260863352075356,0.24764371756239364,-0.2363828542103183,0.24701808371815606,0.0,0.0480718033126936,0.0,0.19894628040546247,0.0,deepskyblue,D+24.4,0,D+3.6,0,D+20.8,0,1.13%,1.13%,24.76%,-23.64%,D+24.7,0,D+4.8,0,D+19.9,0,27344,,https://en.wikipedia.org/wiki/2004_United_States_Senate_election_in_Indiana,"{""Evan Bayh"": {""party"": ""Democratic"", ""votes"": 1496976, ""pct"": 61.65}, ""Marvin Scott"": {""party"": ""Republican"", ""votes"": 903913, ""pct"": 37.23}, ""Albert Barger"": {""party"": ""Libertarian"", ""votes"": 27344, ""pct"": 1.13}}"
2004,Kansas,KS,III,regular,General,General election results,310337,780863,508348,0.19401543436020677,0.488177285083036,Lee Jones,Sam Brownback,Sam Brownback,R,Majority,0.2941618507228292,Majority,508348,1599548,"{""Majority"": {""party"": ""Majority"", ""votes"": 470526, ""pct"": 41.68}, ""Steven A. Rosile"": {""party"": ""Libertarian"", ""votes"": 21842, ""pct"": 1.93}, ""George Cook"": {""party"": ""Reform"", ""votes"": 15980, ""pct"": 1.42}}",0,0,0,-0.294161850723,0,0.036167123230,0,-0.330328973953,0,0.3178072805567573,0.24764371756239364,0.07016356299436363,-0.43120051319648095,0.0,0.0480718033126936,0.0,-0.47927231650917457,0.0,red,R+29.4,0,D+3.6,0,R+33.0,0,29.42%,31.78%,24.76%,7.02%,R+43.1,0,D+4.8,0,R+47.9,0,470526,,https://en.wikipedia.org/wiki/2004_United_States_Senate_election_in_Kansas,"{""Sam Brownback"": {""party"": ""Republican"", ""votes"": 780863, ""pct"": 69.16}, ""Majority"": {""party"": ""Majority"", ""votes"": 470526, ""pct"": 41.68}, ""Lee Jones"": {""party"": ""Democratic"", ""votes"": 310337, ""pct"": 27.49}, ""Steven A. Rosile"": {""party"": ""Libertarian"", ""votes"": 21842, ""pct"": 1.93}, ""George Cook"": {""party"": ""Reform"", ""votes"": 15980, ""pct"": 1.42}}"
2004,Kentucky,KY,III,regular,General,2004 Kentucky U.S. Senator general election,850855,873507,0,0.4934317736067021,0.5065682263932979,Daniel Mongiardo,Jim Bunning,Jim Bunning,R,Daniel Mongiardo,0.0,None,0,1724362,{},0,0,0,-0.013136452787,0,0.036167123230,0,-0.049303576017,0,0.0,0.24764371756239364,-0.24764371756239364,-0.013136452786595854,0.0,0.0480718033126936,0.0,-0.061208256099289454,0.0,red,R+1.3,0,D+3.6,0,R+4.9,0,0.00%,0.00%,24.76%,-24.76%,R+1.3,0,D+4.8,0,R+6.1,0,0,,https://en.wikipedia.org/wiki/2004_United_States_Senate_election_in_Kentucky,"{""Jim Bunning"": {""party"": ""Republican"", ""votes"": 873507, ""pct"": 50.66}, ""Daniel Mongiardo"": {""party"": ""Democratic"", ""votes"": 850855, ""pct"": 49.34}}"
2004,Louisiana,LA,III,regular,General,"Louisiana United States Senate election, 2004",877482,943014,428424,0.3901792860573075,0.4193186062643402,Chris John,David Vitter,David Vitter,R,Chris John,0.17824733649929744,Majority,428424,2248920,"{""Majority"": {""party"": ""Majority"", ""votes"": 400864, ""pct"": 21.69}, ""Richard M. Fontanesi"": {""party"": ""Independent"", ""votes"": 15097, ""pct"": 0.82}, ""R. A. \""Skip\"" Galan"": {""party"": ""Independent"", ""votes"": 12463, ""pct"": 0.67}}",0,0,0,-0.029139320207,0,0.036167123230,0,-0.065306443437,0,0.19050210767835227,0.24764371756239364,-0.05714160988404138,-0.035996783294223116,0.0,0.0480718033126936,0.0,-0.08406858660691671,0.0,red,R+2.9,0,D+3.6,0,R+6.5,0,17.82%,19.05%,24.76%,-5.71%,R+3.6,0,D+4.8,0,R+8.4,0,400864,,https://en.wikipedia.org/wiki/2004_United_States_Senate_election_in_Louisiana,"{""David Vitter"": {""party"": ""Republican"", ""votes"": 943014, ""pct"": 51.03}, ""Chris John"": {""party"": ""Democratic"", ""votes"": 542150, ""pct"": 29.34}, ""Majority"": {""party"": ""Majority"", ""votes"": 400864, ""pct"": 21.69}, ""John Neely Kennedy"": {""party"": ""Democratic"", ""votes"": 275821, ""pct"": 14.92}, ""Arthur A. Morrell"": {""party"": ""Democratic"", ""votes"": 47222, ""pct"": 2.56}, ""Richard M. Fontanesi"": {""party"": ""Independent"", ""votes"": 15097, ""pct"": 0.82}, ""R. A. \""Skip\"" Galan"": {""party"": ""Independent"", ""votes"": 12463, ""pct"": 0.67}, ""Sam Houston Melton, Jr."": {""party"": ""Democratic"", ""votes"": 12289, ""pct"": 0.66}}"
2004,Maryland,MD,III,regular,General,"United States Senate election in Maryland, 2004",1504691,783055,755821,0.4943840566020068,0.2572819983920183,Barbara A. Mikulski,E. J. Pipkin,Barbara A. Mikulski,D,E. J. Pipkin,0.23710205820998848,Majority,755821,3043567,"{""Majority"": {""party"": ""Majority"", ""votes"": 721636, ""pct"": 31.08}, ""Maria Allwine"": {""party"": ""Green"", ""votes"": 24816, ""pct"": 1.07}, ""Thomas Trump"": {""party"": ""Constitution"", ""votes"": 9009, ""pct"": 0.39}, ""360"": {""party"": ""Write-ins"", ""votes"": 360, ""pct"": 0.02}}",0,0,0,0.237102058210,0,0.036167123230,0,0.200934934980,0,0.2483339450059749,0.24764371756239364,0.0006902274435812428,0.31543536738781314,0.0,0.0480718033126936,0.0,0.2673635640751195,0.0,deepskyblue,D+23.7,0,D+3.6,0,D+20.1,0,23.71%,24.83%,24.76%,0.07%,D+31.5,0,D+4.8,0,D+26.7,0,721636,,https://en.wikipedia.org/wiki/2004_United_States_Senate_election_in_Maryland,"{""Barbara A. Mikulski"": {""party"": ""Democratic"", ""votes"": 1504691, ""pct"": 64.8}, ""E. J. Pipkin"": {""party"": ""Republican"", ""votes"": 783055, ""pct"": 33.72}, ""Majority"": {""party"": ""Majority"", ""votes"": 721636, ""pct"": 31.08}, ""Maria Allwine"": {""party"": ""Green"", ""votes"": 24816, ""pct"": 1.07}, ""Thomas Trump"": {""party"": ""Constitution"", ""votes"": 9009, ""pct"": 0.39}, ""360"": {""party"": ""Write-ins"", ""votes"": 360, ""pct"": 0.02}}"
2004,Missouri,MO,III,regular,General,General election results,1158261,1518089,389880,0.3777475923202108,0.495099519605509,Nancy Farmer,Kit Bond,Kit Bond,R,Nancy Farmer,0.11735192728529824,Majority,389880,3066230,"{""Majority"": {""party"": ""Majority"", ""votes"": 359828, ""pct"": 13.3}, ""Kevin Tull"": {""party"": ""Libertarian"", ""votes"": 19648, ""pct"": 0.73}, ""Don Griffin"": {""party"": ""Constitution"", ""votes"": 10404, ""pct"": 0.38}}",0,0,0,-0.117351927285,0,0.036167123230,0,-0.153519050516,0,0.12715288807428013,0.24764371756239364,-0.12049082948811352,-0.1344472882844172,0.0,0.0480718033126936,0.0,-0.18251909159711083,0.0,red,R+11.7,0,D+3.6,0,R+15.4,0,11.74%,12.72%,24.76%,-12.05%,R+13.4,0,D+4.8,0,R+18.3,0,359828,,https://en.wikipedia.org/wiki/2004_United_States_Senate_election_in_Missouri,"{""Kit Bond"": {""party"": ""Republican"", ""votes"": 1518089, ""pct"": 56.09}, ""Nancy Farmer"": {""party"": ""Democratic"", ""votes"": 1158261, ""pct"": 42.8}, ""Majority"": {""party"": ""Majority"", ""votes"": 359828, ""pct"": 13.3}, ""Kevin Tull"": {""party"": ""Libertarian"", ""votes"": 19648, ""pct"": 0.73}, ""Don Griffin"": {""party"": ""Constitution"", ""votes"": 10404, ""pct"": 0.38}}"
2004,North Carolina,NC,III,regular,General,2004 United States Senate election in North Carolina,1632527,1791450,48105,0.47018676402227827,0.5159584364654982,Erskine Bowles,Richard Burr,Richard Burr,R,Erskine Bowles,0.013750539301779163,Tom Bailey,48105,3472082,"{""Tom Bailey"": {""party"": ""Libertarian"", ""votes"": 47743, ""pct"": 1.38}, ""Walker F. Rucker"": {""party"": ""Nonpartisan"", ""votes"": 362, ""pct"": 0.01}}",0,0,0,-0.045771672443,0,0.036167123230,0,-0.081938795674,0,0.013854799512223502,0.24764371756239364,-0.23378891805017013,-0.04641473935134494,0.0,0.0480718033126936,0.0,-0.09448654266403855,0.0,red,R+4.6,0,D+3.6,0,R+8.2,0,1.38%,1.39%,24.76%,-23.38%,R+4.6,0,D+4.8,0,R+9.4,0,47743,,https://en.wikipedia.org/wiki/2004_United_States_Senate_election_in_North_Carolina,"{""Richard Burr"": {""party"": ""Republican"", ""votes"": 1791450, ""pct"": 51.6}, ""Erskine Bowles"": {""party"": ""Democratic"", ""votes"": 1632527, ""pct"": 47.02}, ""Tom Bailey"": {""party"": ""Libertarian"", ""votes"": 47743, ""pct"": 1.38}, ""Walker F. Rucker"": {""party"": ""Nonpartisan"", ""votes"": 362, ""pct"": 0.01}}"
2004,North Dakota,ND,III,regular,General,"2004 United States Senate election, North Dakota",149936,98553,0,0.6033908945667615,0.3966091054332385,Byron Dorgan,Mike Liffrig,Byron Dorgan,D,Mike Liffrig,0.0,None,0,248489,{},0,0,0,0.206781789134,0,0.036167123230,0,0.170614665903,0,0.0,0.24764371756239364,-0.24764371756239364,0.20678178913352302,0.0,0.0480718033126936,0.0,0.1587099858208294,0.0,deepskyblue,D+20.7,0,D+3.6,0,D+17.1,0,0.00%,0.00%,24.76%,-24.76%,D+20.7,0,D+4.8,0,D+15.9,0,0,,https://en.wikipedia.org/wiki/2004_United_States_Senate_election_in_North_Dakota,"{""Byron Dorgan"": {""party"": ""Democratic–NPL"", ""votes"": 149936, ""pct"": 68.28}, ""Mike Liffrig"": {""party"": ""Republican"", ""votes"": 98553, ""pct"": 31.72}}"
2004,New Hampshire,NH,III,regular,General,2004 United States Senate election in New Hampshire,221549,434847,213400,0.2547137489710231,0.49994136556158,Doris Haddock,Judd Gregg,Judd Gregg,R,Doris Haddock,0.24522761659055686,Majority,213400,869796,"{""Majority"": {""party"": ""Majority"", ""votes"": 213298, ""pct"": 32.49}, ""Write-in"": {""party"": ""Write-in"", ""votes"": 102, ""pct"": 0.02}}",0,0,0,-0.245227616591,0,0.036167123230,0,-0.281394739821,0,0.24534488546739694,0.24764371756239364,-0.0022988320949967056,-0.3249532294529522,0.0,0.0480718033126936,0.0,-0.3730250327656458,0.0,red,R+24.5,0,D+3.6,0,R+28.1,0,24.52%,24.53%,24.76%,-0.23%,R+32.5,0,D+4.8,0,R+37.3,0,213298,,https://en.wikipedia.org/wiki/2004_United_States_Senate_election_in_New_Hampshire,"{""Judd Gregg"": {""party"": ""Republican"", ""votes"": 434847, ""pct"": 66.24}, ""Doris Haddock"": {""party"": ""Democratic"", ""votes"": 221549, ""pct"": 33.75}, ""Majority"": {""party"": ""Majority"", ""votes"": 213298, ""pct"": 32.49}, ""Write-in"": {""party"": ""Write-in"", ""votes"": 102, ""pct"": 0.02}}"
2004,Nevada,NV,III,regular,General,General election results,494805,284640,240788,0.4849921537531133,0.2789950922975438,Harry Reid,Richard Ziser,Harry Reid,D,Richard Ziser,0.20599706145556945,Majority,240788,1020233,"{""Majority"": {""party"": ""Majority"", ""votes"": 210165, ""pct"": 25.94}, ""None of These Candidates"": {""party"": ""None of These Candidates"", ""votes"": 12968, ""pct"": 1.6}, ""Thomas L. Hurst"": {""party"": ""Libertarian"", ""votes"": 9559, ""pct"": 1.18}, ""David K. Schumann"": {""party"": ""Independent American Party (Nevada)"", ""votes"": 6001, ""pct"": 0.74}, ""Gary Marinch"": {""party"": ""Natural Law"", ""votes"": 2095, ""pct"": 0.26}}",0,0,0,0.205997061456,0,0.036167123230,0,0.169829938225,0,0.23601275394934296,0.24764371756239364,-0.011630963613050688,0.269634162769663,0.0,0.0480718033126936,0.0,0.2215623594569694,0.0,deepskyblue,D+20.6,0,D+3.6,0,D+17.0,0,20.60%,23.60%,24.76%,-1.16%,D+27.0,0,D+4.8,0,D+22.2,0,210165,,https://en.wikipedia.org/wiki/2004_United_States_Senate_election_in_Nevada,"{""Harry Reid"": {""party"": ""Democratic"", ""votes"": 494805, ""pct"": 61.08}, ""Richard Ziser"": {""party"": ""Republican"", ""votes"": 284640, ""pct"": 35.14}, ""Majority"": {""party"": ""Majority"", ""votes"": 210165, ""pct"": 25.94}, ""None of These Candidates"": {""party"": ""None of These Candidates"", ""votes"": 12968, ""pct"": 1.6}, ""Thomas L. Hurst"": {""party"": ""Libertarian"", ""votes"": 9559, ""pct"": 1.18}, ""David K. Schumann"": {""party"": ""Independent American Party (Nevada)"", ""votes"": 6001, ""pct"": 0.74}, ""Gary Marinch"": {""party"": ""Natural Law"", ""votes"": 2095, ""pct"": 0.26}}"
2004,New York,NY,III,regular,General,"2004 United States Senate election, New York",4769824,1625069,3452737,0.4843626334458139,0.16502133000529062,Chuck Schumer,Howard Mills,Chuck Schumer,D,Majority,0.31934130344052325,Majority,3452737,9847630,"{""Majority"": {""party"": ""Majority"", ""votes"": 3144755, ""pct"": 46.92}, ""Marilyn O'Grady"": {""party"": ""Conservative"", ""votes"": 220960, ""pct"": 3.3}, ""David McReynolds"": {""party"": ""Green"", ""votes"": 36942, ""pct"": 0.55}, ""Don Silberger"": {""party"": ""Libertarian"", ""votes"": 19073, ""pct"": 0.28}, ""Abe Hirschfeld"": {""party"": ""Builders Party"", ""votes"": 16196, ""pct"": 0.24}, ""Martin Koppel"": {""party"": ""Socialist Workers"", ""votes"": 14811, ""pct"": 0.22}}",0,0,0,0.319341303441,0,0.036167123230,0,0.283174180210,0,0.3506160365488955,0.24764371756239364,0.10297231898650186,0.49176037816426327,0.0,0.0480718033126936,0.0,0.44368857485156965,0.0,deepskyblue,D+31.9,0,D+3.6,0,D+28.3,0,31.93%,35.06%,24.76%,10.30%,D+49.2,0,D+4.8,0,D+44.4,0,3144755,,https://en.wikipedia.org/wiki/2004_United_States_Senate_election_in_New_York,"{""Chuck Schumer"": {""party"": ""Democratic"", ""votes"": 4769824, ""pct"": 71.16}, ""Majority"": {""party"": ""Majority"", ""votes"": 3144755, ""pct"": 46.92}, ""Howard Mills"": {""party"": ""Republican"", ""votes"": 1625069, ""pct"": 24.24}, ""Marilyn O'Grady"": {""party"": ""Conservative"", ""votes"": 220960, ""pct"": 3.3}, ""David McReynolds"": {""party"": ""Green"", ""votes"": 36942, ""pct"": 0.55}, ""Don Silberger"": {""party"": ""Libertarian"", ""votes"": 19073, ""pct"": 0.28}, ""Abe Hirschfeld"": {""party"": ""Builders Party"", ""votes"": 16196, ""pct"": 0.24}, ""Martin Koppel"": {""party"": ""Socialist Workers"", ""votes"": 14811, ""pct"": 0.22}}"
2004,Ohio,OH,III,regular,General,"2004 United States Senate election, Ohio",1961249,3464651,296,0.36144086944150194,0.6385045803726958,Eric Fingerhut,George Voinovich,George Voinovich,R,Eric Fingerhut,5.455018580235583e-05,Helen Meyers,296,5426196,"{""Helen Meyers"": {""party"": ""Independent"", ""votes"": 296, ""pct"": 0.01}}",0,0,0,-0.277063710931,0,0.036167123230,0,-0.313230834162,0,5.455018580235583e-05,0.24764371756239364,-0.24758916737659128,-0.27707882563261393,0.0,0.0480718033126936,0.0,-0.32515062894530755,0.0,red,R+27.7,0,D+3.6,0,R+31.3,0,0.01%,0.01%,24.76%,-24.76%,R+27.7,0,D+4.8,0,R+32.5,0,296,,https://en.wikipedia.org/wiki/2004_United_States_Senate_election_in_Ohio,"{""George Voinovich"": {""party"": ""Republican"", ""votes"": 3464651, ""pct"": 63.85}, ""Eric Fingerhut"": {""party"": ""Democratic"", ""votes"": 1961249, ""pct"": 36.14}, ""Helen Meyers"": {""party"": ""Independent"", ""votes"": 296, ""pct"": 0.01}}"
2004,Oklahoma,OK,III,regular,General,2004 United States Senate election in Oklahoma,596750,763433,253346,0.36984150889138034,0.4731448892458704,Brad Carson,Tom Coburn,Tom Coburn,R,Brad Carson,0.10330338035449006,Majority,253346,1613529,"{""Majority"": {""party"": ""Majority"", ""votes"": 166683, ""pct"": 11.52}, ""Sheila Bilyeu"": {""party"": ""Independent"", ""votes"": 86663, ""pct"": 5.99}}",0,0,0,-0.103303380354,0,0.036167123230,0,-0.139470503585,0,0.1570136018627493,0.24764371756239364,-0.09063011569964435,-0.12254453996263738,0.0,0.0480718033126936,0.0,-0.17061634327533098,0.0,red,R+10.3,0,D+3.6,0,R+13.9,0,10.33%,15.70%,24.76%,-9.06%,R+12.3,0,D+4.8,0,R+17.1,0,166683,,https://en.wikipedia.org/wiki/2004_United_States_Senate_election_in_Oklahoma,"{""Tom Coburn"": {""party"": ""Republican"", ""votes"": 763433, ""pct"": 52.77}, ""Brad Carson"": {""party"": ""Democratic"", ""votes"": 596750, ""pct"": 41.24}, ""Majority"": {""party"": ""Majority"", ""votes"": 166683, ""pct"": 11.52}, ""Sheila Bilyeu"": {""party"": ""Independent"", ""votes"": 86663, ""pct"": 5.99}}"
2004,Oregon,OR,III,regular,General,General election results,1128728,565254,650042,0.48153431876124136,0.24114684832578506,Ron Wyden,Al King,Ron Wyden,D,Al King,0.2403874704354563,Majority,650042,2344024,"{""Majority"": {""party"": ""Majority"", ""votes"": 563474, ""pct"": 31.64}, ""Teresa Keane"": {""party"": ""Pacific Green"", ""votes"": 43053, ""pct"": 2.41}, ""Dan Fitzgerald"": {""party"": ""Libertarian"", ""votes"": 29582, ""pct"": 1.66}, ""David Brownlow"": {""party"": ""Constitution"", ""votes"": 12397, ""pct"": 0.7}, ""Misc."": {""party"": ""Write-In"", ""votes"": 1536, ""pct"": 0.08}}",0,0,0,0.240387470435,0,0.036167123230,0,0.204220347205,0,0.2773188329129736,0.24764371756239364,0.029675115350579956,0.332632814280199,0.0,0.0480718033126936,0.0,0.28456101096750536,0.0,deepskyblue,D+24.0,0,D+3.6,0,D+20.4,0,24.04%,27.73%,24.76%,2.97%,D+33.3,0,D+4.8,0,D+28.5,0,563474,,https://en.wikipedia.org/wiki/2004_United_States_Senate_election_in_Oregon,"{""Ron Wyden"": {""party"": ""Democratic"", ""votes"": 1128728, ""pct"": 63.39}, ""Al King"": {""party"": ""Republican"", ""votes"": 565254, ""pct"": 31.75}, ""Majority"": {""party"": ""Majority"", ""votes"": 563474, ""pct"": 31.64}, ""Teresa Keane"": {""party"": ""Pacific Green"", ""votes"": 43053, ""pct"": 2.41}, ""Dan Fitzgerald"": {""party"": ""Libertarian"", ""votes"": 29582, ""pct"": 1.66}, ""David Brownlow"": {""party"": ""Constitution"", ""votes"": 12397, ""pct"": 0.7}, ""Misc."": {""party"": ""Write-In"", ""votes"": 1536, ""pct"": 0.08}}"
2004,Pennsylvania,PA,III,regular,General,General election results,2334126,2925080,299319,0.41991823370408515,0.5262331283928741,Joe Hoeffel,Arlen Specter,Arlen Specter,R,Joe Hoeffel,0.03958891972240837,Jim Clymer,299319,5558525,"{""Jim Clymer"": {""party"": ""Constitution"", ""votes"": 220056, ""pct"": 3.96}, ""Betsy Summers"": {""party"": ""Libertarian"", ""votes"": 79263, ""pct"": 1.43}}",0,0,0,-0.106314894689,0,0.036167123230,0,-0.142482017919,0,0.05384863790304083,0.24764371756239364,-0.19379507965935283,-0.11236563085758573,0.0,0.0480718033126936,0.0,-0.16043743417027934,0.0,red,R+10.6,0,D+3.6,0,R+14.2,0,3.96%,5.38%,24.76%,-19.38%,R+11.2,0,D+4.8,0,R+16.0,0,220056,,https://en.wikipedia.org/wiki/2004_United_States_Senate_election_in_Pennsylvania,"{""Arlen Specter"": {""party"": ""Republican"", ""votes"": 2925080, ""pct"": 52.62}, ""Joe Hoeffel"": {""party"": ""Democratic"", ""votes"": 2334126, ""pct"": 41.99}, ""Jim Clymer"": {""party"": ""Constitution"", ""votes"": 220056, ""pct"": 3.96}, ""Betsy Summers"": {""party"": ""Libertarian"", ""votes"": 79263, ""pct"": 1.43}}"
2004,South Carolina,SC,III,regular,General,"South Carolina U.S. Senate Election, 2004",704384,857167,188315,0.40253596561108107,0.48984722258732954,Inez Tenenbaum,Jim DeMint •,Jim DeMint •,R,Inez Tenenbaum,0.08731125697624846,Majority,188315,1749866,"{""Majority"": {""party"": ""Majority"", ""votes"": 152783, ""pct"": 9.57}, ""Patrick Tyndall"": {""party"": ""Constitution"", ""votes"": 13464, ""pct"": 0.84}, ""Rebekah E. Sutherland"": {""party"": ""Libertarian"", ""votes"": 10678, ""pct"": 0.67}, ""Tee Ferguson"": {""party"": ""United Citizens"", ""votes"": 5859, ""pct"": 0.37}, ""Efia Nwangaza *"": {""party"": ""Green"", ""votes"": 4245, ""pct"": 0.27}, ""Write-Ins"": {""party"": ""No party"", ""votes"": 1286, ""pct"": 0.08}}",0,0,0,-0.087311256976,0,0.036167123230,0,-0.123478380207,0,0.10761681180158938,0.24764371756239364,-0.14002690576080426,-0.09784054443306686,0.0,0.0480718033126936,0.0,-0.14591234774576045,0.0,red,R+8.7,0,D+3.6,0,R+12.3,0,8.73%,10.76%,24.76%,-14.00%,R+9.8,0,D+4.8,0,R+14.6,0,152783,,https://en.wikipedia.org/wiki/2004_United_States_Senate_election_in_South_Carolina,"{""Jim DeMint •"": {""party"": ""Republican"", ""votes"": 857167, ""pct"": 53.67}, ""Inez Tenenbaum"": {""party"": ""Democratic"", ""votes"": 704384, ""pct"": 44.1}, ""Majority"": {""party"": ""Majority"", ""votes"": 152783, ""pct"": 9.57}, ""Patrick Tyndall"": {""party"": ""Constitution"", ""votes"": 13464, ""pct"": 0.84}, ""Rebekah E. Sutherland"": {""party"": ""Libertarian"", ""votes"": 10678, ""pct"": 0.67}, ""Tee Ferguson"": {""party"": ""United Citizens"", ""votes"": 5859, ""pct"": 0.37}, ""Efia Nwangaza *"": {""party"": ""Green"", ""votes"": 4245, ""pct"": 0.27}, ""Write-Ins"": {""party"": ""No party"", ""votes"": 1286, ""pct"": 0.08}}"
2004,South Dakota,SD,III,regular,General,General election results,193340,197848,0,0.4942380645623076,0.5057619354376923,Tom Daschle,John Thune,John Thune,R,Tom Daschle,0.0,None,0,391188,{},0,0,0,-0.011523870875,0,0.036167123230,0,-0.047690994106,0,0.0,0.24764371756239364,-0.24764371756239364,-0.011523870875384725,0.0,0.0480718033126936,0.0,-0.05959567418807833,0.0,red,R+1.2,0,D+3.6,0,R+4.8,0,0.00%,0.00%,24.76%,-24.76%,R+1.2,0,D+4.8,0,R+6.0,0,0,,https://en.wikipedia.org/wiki/2004_United_States_Senate_election_in_South_Dakota,"{""John Thune"": {""party"": ""Republican"", ""votes"": 197848, ""pct"": 50.58}, ""Tom Daschle"": {""party"": ""Democratic"", ""votes"": 193340, ""pct"": 49.42}}"
2004,Utah,UT,III,regular,General,General election results,258955,626640,393816,0.20240173017114907,0.48978787895367476,Paul Van Dam,Bob Bennett,Bob Bennett,R,Majority,0.2873861487825257,Majority,393816,1279411,"{""Majority"": {""party"": ""Majority"", ""votes"": 367685, ""pct"": 40.33}, ""Gary R. Van Horn"": {""party"": ""Constitution"", ""votes"": 17289, ""pct"": 1.9}, ""Joe LaBonte"": {""party"": ""Personal Choice"", ""votes"": 8824, ""pct"": 0.97}, ""18"": {""party"": ""Write-ins"", ""votes"": 18, ""pct"": 0.0}}",0,0,0,-0.287386148783,0,0.036167123230,0,-0.323553272013,0,0.30781039087517614,0.24764371756239364,0.0601666733127825,-0.41518414173521756,0.0,0.0480718033126936,0.0,-0.4632559450479112,0.0,red,R+28.7,0,D+3.6,0,R+32.4,0,28.74%,30.78%,24.76%,6.02%,R+41.5,0,D+4.8,0,R+46.3,0,367685,,https://en.wikipedia.org/wiki/2004_United_States_Senate_election_in_Utah,"{""Bob Bennett"": {""party"": ""Republican"", ""votes"": 626640, ""pct"": 68.73}, ""Majority"": {""party"": ""Majority"", ""votes"": 367685, ""pct"": 40.33}, ""Paul Van Dam"": {""party"": ""Democratic"", ""votes"": 258955, ""pct"": 28.4}, ""Gary R. Van Horn"": {""party"": ""Constitution"", ""votes"": 17289, ""pct"": 1.9}, ""Joe LaBonte"": {""party"": ""Personal Choice"", ""votes"": 8824, ""pct"": 0.97}, ""18"": {""party"": ""Write-ins"", ""votes"": 18, ""pct"": 0.0}}"
2004,Vermont,VT,III,regular,General,General election results,216972,75398,156412,0.48346858831236544,0.1680058469368201,Patrick Leahy,Jack McMullen,Patrick Leahy,D,Majority,0.31546274137554536,Majority,156412,448782,"{""Majority"": {""party"": ""Majority"", ""votes"": 141574, ""pct"": 46.08}, ""Cris Ericson"": {""party"": ""Independent"", ""votes"": 6486, ""pct"": 2.11}, ""Craig Hill"": {""party"": ""Green"", ""votes"": 3999, ""pct"": 1.3}, ""Keith Stern"": {""party"": ""Independent"", ""votes"": 3300, ""pct"": 1.07}, ""Ben Mitchell"": {""party"": ""Liberty Union"", ""votes"": 879, ""pct"": 0.29}, ""Write-ins"": {""party"": ""Write-in"", ""votes"": 174, ""pct"": 0.06}}",0,0,0,0.315462741376,0,0.036167123230,0,0.279295618145,0,0.3485255647508144,0.24764371756239364,0.10088184718842078,0.4842288880528098,0.0,0.0480718033126936,0.0,0.43615708474011616,0.0,deepskyblue,D+31.5,0,D+3.6,0,D+27.9,0,31.55%,34.85%,24.76%,10.09%,D+48.4,0,D+4.8,0,D+43.6,0,141574,,https://en.wikipedia.org/wiki/2004_United_States_Senate_election_in_Vermont,"{""Patrick Leahy"": {""party"": ""Democratic"", ""votes"": 216972, ""pct"": 70.63}, ""Majority"": {""party"": ""Majority"", ""votes"": 141574, ""pct"": 46.08}, ""Jack McMullen"": {""party"": ""Republican"", ""votes"": 75398, ""pct"": 24.54}, ""Cris Ericson"": {""party"": ""Independent"", ""votes"": 6486, ""pct"": 2.11}, ""Craig Hill"": {""party"": ""Green"", ""votes"": 3999, ""pct"": 1.3}, ""Keith Stern"": {""party"": ""Independent"", ""votes"": 3300, ""pct"": 1.07}, ""Ben Mitchell"": {""party"": ""Liberty Union"", ""votes"": 879, ""pct"": 0.29}, ""Write-ins"": {""party"": ""Write-in"", ""votes"": 174, ""pct"": 0.06}}"
2004,Washington,WA,III,regular,General,General election results,1549708,1204584,64359,0.5498048534564939,0.42736188339741243,Patty Murray,George Nethercutt,Patty Murray,D,George Nethercutt,0.012082020796473206,J. Mills,64359,2818651,"{""J. Mills"": {""party"": ""Libertarian"", ""votes"": 34055, ""pct"": 1.21}, ""Mark Wilson"": {""party"": ""Green"", ""votes"": 30304, ""pct"": 1.08}}",0,0,0,0.122442970059,0,0.036167123230,0,0.086275846829,0,0.022833263146093647,0.24764371756239364,-0.2248104544163,0.12530407088282577,0.0,0.0480718033126936,0.0,0.07723226757013217,0.0,deepskyblue,D+12.2,0,D+3.6,0,D+8.6,0,1.21%,2.28%,24.76%,-22.48%,D+12.5,0,D+4.8,0,D+7.7,0,34055,,https://en.wikipedia.org/wiki/2004_United_States_Senate_election_in_Washington,"{""Patty Murray"": {""party"": ""Democratic"", ""votes"": 1549708, ""pct"": 54.98}, ""George Nethercutt"": {""party"": ""Republican"", ""votes"": 1204584, ""pct"": 42.74}, ""J. Mills"": {""party"": ""Libertarian"", ""votes"": 34055, ""pct"": 1.21}, ""Mark Wilson"": {""party"": ""Green"", ""votes"": 30304, ""pct"": 1.08}}"
2004,Wisconsin,WI,III,regular,General,General election results,1632697,1301183,15863,0.5535048307598323,0.441117412601708,Russ Feingold,Tim Michels,Russ Feingold,D,Tim Michels,0.0028365183000688536,Arif Khan,15863,2949743,"{""Arif Khan"": {""party"": ""Libertarian"", ""votes"": 8367, ""pct"": 0.28}, ""Eugene A. Hem"": {""party"": ""Independent"", ""votes"": 6662, ""pct"": 0.23}, ""Write-in"": {""party"": ""Write-in"", ""votes"": 834, ""pct"": 0.03}}",0,0,0,0.112387418158,0,0.036167123230,0,0.076220294928,0,0.00537775663845969,0.24764371756239364,-0.24226596092393396,0.11299507818997369,0.0,0.0480718033126936,0.0,0.06492327487728008,0.0,deepskyblue,D+11.2,0,D+3.6,0,D+7.6,0,0.28%,0.54%,24.76%,-24.23%,D+11.3,0,D+4.8,0,D+6.5,0,8367,,https://en.wikipedia.org/wiki/2004_United_States_Senate_election_in_Wisconsin,"{""Russ Feingold"": {""party"": ""Democratic"", ""votes"": 1632697, ""pct"": 55.35}, ""Tim Michels"": {""party"": ""Republican"", ""votes"": 1301183, ""pct"": 44.11}, ""Arif Khan"": {""party"": ""Libertarian"", ""votes"": 8367, ""pct"": 0.28}, ""Eugene A. Hem"": {""party"": ""Independent"", ""votes"": 6662, ""pct"": 0.23}, ""Write-in"": {""party"": ""Write-in"", ""votes"": 834, ""pct"": 0.03}}"
2006,United States,NATIONAL,,national,Aggregate,National aggregate,33932422,26677211,11712103,0.4691805371311983,0.36886338930189866,Democratic total,Republican total,Democratic Party,D,Republican Party,0.0,Various,11712103,72322740,{},-10020397,-13243649,-39158590,0.100317147829,0.064150024599,0.100317147829,0.064150024599,0.000000000000,0.000000000000,0.1619421913494981,0.1619421913494981,0.0,0.11970392561195677,0.07163212229926316,0.11970392561195677,0.07163212229926316,0.0,0.0,transparent,D+10.0,D+6.4,D+10.0,D+6.4,EVEN,EVEN,0.00%,16.19%,16.19%,0.00%,D+12.0,D+7.2,D+12.0,D+7.2,EVEN,EVEN,0,,,{}
2006,Arizona,AZ,I,regular,General,2006 United States Senate election in Arizona,664141,814398,198501,0.39601977293326335,0.48561632399942756,Jim Pederson,Jon Kyl,Jon Kyl,R,Jim Pederson,0.0895965510661642,Majority,198501,1677040,"{""Majority"": {""party"": ""Majority"", ""votes"": 150257, ""pct"": 9.84}, ""Richard Mack"": {""party"": ""Libertarian"", ""votes"": 48231, ""pct"": 3.16}, ""13"": {""party"": ""Write-ins"", ""votes"": 13, ""pct"": 0.0}}",0,0,0,-0.089596551066,0,0.100317147829,0.064150024599,-0.189913698895,0,0.11836390306730907,0.1619421913494981,-0.04357828828218904,-0.10162532067128428,0.0,0.11970392561195677,0.07163212229926316,-0.22132924628324105,0.0,red,R+9.0,0,D+10.0,D+6.4,R+19.0,0,8.96%,11.84%,16.19%,-4.36%,R+10.2,0,D+12.0,D+7.2,R+22.1,0,150257,,https://en.wikipedia.org/wiki/2006_United_States_Senate_election_in_Arizona,"{""Jon Kyl"": {""party"": ""Republican"", ""votes"": 814398, ""pct"": 53.34}, ""Jim Pederson"": {""party"": ""Democratic"", ""votes"": 664141, ""pct"": 43.5}, ""Majority"": {""party"": ""Majority"", ""votes"": 150257, ""pct"": 9.84}, ""Richard Mack"": {""party"": ""Libertarian"", ""votes"": 48231, ""pct"": 3.16}, ""13"": {""party"": ""Write-ins"", ""votes"": 13, ""pct"": 0.0}}"
2006,California,CA,I,regular,General,"United States Senate election in California, 2006",5076289,2990822,831948,0.5704298623034189,0.33608294989391574,Dianne Feinstein,Dick Mountjoy,Dianne Feinstein,D,Dick Mountjoy,0.04018211363695869,Invalid or blank votes,831948,8899059,"{""Invalid or blank votes"": {""party"": ""Invalid or blank votes"", ""votes"": 357583, ""pct"": 4.19}, ""Todd Chretien"": {""party"": ""Green"", ""votes"": 147074, ""pct"": 1.72}, ""Michael S. Metti"": {""party"": ""Libertarian"", ""votes"": 133851, ""pct"": 1.57}, ""Marsha Feinland"": {""party"": ""Peace and Freedom"", ""votes"": 117764, ""pct"": 1.38}, ""Don J. Grundmann"": {""party"": ""American Independent"", ""votes"": 75350, ""pct"": 0.88}, ""Kent Mesplay"": {""party"": ""Green"", ""votes"": 160, ""pct"": 0.0}, ""Jeffrey Mackler"": {""party"": ""Independent"", ""votes"": 108, ""pct"": 0.0}, ""Lea Sherman"": {""party"": ""Independent"", ""votes"": 47, ""pct"": 0.0}, ""Connor Vlakancic"": {""party"": ""Independent"", ""votes"": 11, ""pct"": 0.0}}",0,0,0,0.234346912410,0,0.100317147829,0.064150024599,0.134029764580,0,0.09348718780266543,0.1619421913494981,-0.06845500354683268,0.2585147272672956,0.0,0.11970392561195677,0.07163212229926316,0.13881080165533882,0.0,deepskyblue,D+23.4,0,D+10.0,D+6.4,D+13.4,0,4.02%,9.35%,16.19%,-6.85%,D+25.9,0,D+12.0,D+7.2,D+13.9,0,357583,,https://en.wikipedia.org/wiki/2006_United_States_Senate_election_in_California,"{""Dianne Feinstein"": {""party"": ""Democratic"", ""votes"": 5076289, ""pct"": 59.43}, ""Dick Mountjoy"": {""party"": ""Republican"", ""votes"": 2990822, ""pct"": 35.02}, ""Invalid or blank votes"": {""party"": ""Invalid or blank votes"", ""votes"": 357583, ""pct"": 4.19}, ""Todd Chretien"": {""party"": ""Green"", ""votes"": 147074, ""pct"": 1.72}, ""Michael S. Metti"": {""party"": ""Libertarian"", ""votes"": 133851, ""pct"": 1.57}, ""Marsha Feinland"": {""party"": ""Peace and Freedom"", ""votes"": 117764, ""pct"": 1.38}, ""Don J. Grundmann"": {""party"": ""American Independent"", ""votes"": 75350, ""pct"": 0.88}, ""Kent Mesplay"": {""party"": ""Green"", ""votes"": 160, ""pct"": 0.0}, ""Jeffrey Mackler"": {""party"": ""Independent"", ""votes"": 108, ""pct"": 0.0}, ""Lea Sherman"": {""party"": ""Independent"", ""votes"": 47, ""pct"": 0.0}, ""Connor Vlakancic"": {""party"": ""Independent"", ""votes"": 11, ""pct"": 0.0}}"
2006,Connecticut,CT,I,regular,General,2006 United States Senate election in Connecticut,450844,109198,574735,0.39694624227734043,0.09614353471311811,Ned Lamont,Alan Schlesinger,Joe Lieberman,T,Ned Lamont,0.49665824661620506,Joe Lieberman,574735,1135781,"{""Joe Lieberman"": {""party"": ""Connecticut for Lieberman"", ""votes"": 564095, ""pct"": 49.71}, ""Ralph Ferrucci"": {""party"": ""Green"", ""votes"": 5922, ""pct"": 0.52}, ""Timothy Knibbs"": {""party"": ""Concerned Citizens"", ""votes"": 4638, ""pct"": 0.41}, ""Carl E. Vassar"": {""party"": ""Write-in"", ""votes"": 80, ""pct"": 0.01}}",0,0,0,0.300802707564,0,0.100317147829,0.064150024599,0.200485559735,0,0.5060262497787866,0.1619421913494981,0.3440840584292885,0.6100363901278832,0.0,0.11970392561195677,0.07163212229926316,0.4903324645159265,0.0,yellow,D+30.1,0,D+10.0,D+6.4,D+20.0,0,49.67%,50.60%,16.19%,34.41%,D+61.0,0,D+12.0,D+7.2,D+49.0,0,564095,,https://en.wikipedia.org/wiki/2006_United_States_Senate_election_in_Connecticut,"{""Joe Lieberman"": {""party"": ""Connecticut for Lieberman"", ""votes"": 564095, ""pct"": 49.71}, ""Ned Lamont"": {""party"": ""Democratic"", ""votes"": 450844, ""pct"": 39.73}, ""Alan Schlesinger"": {""party"": ""Republican"", ""votes"": 109198, ""pct"": 9.62}, ""Ralph Ferrucci"": {""party"": ""Green"", ""votes"": 5922, ""pct"": 0.52}, ""Timothy Knibbs"": {""party"": ""Concerned Citizens"", ""votes"": 4638, ""pct"": 0.41}, ""Carl E. Vassar"": {""party"": ""Write-in"", ""votes"": 80, ""pct"": 0.01}}"
2006,Delaware,DE,I,regular,General,General election results,170567,69734,114631,0.48056247393866997,0.19647143678225687,Tom Carper,Jan C. Ting,Tom Carper,D,Majority,0.28409103715641304,Majority,114631,354932,"{""Majority"": {""party"": ""Majority"", ""votes"": 100833, ""pct"": 39.68}, ""Christine O'Donnell"": {""party"": ""Write-in"", ""votes"": 11127, ""pct"": 4.38}, ""William E. Morris"": {""party"": ""Libertarian"", ""votes"": 2671, ""pct"": 1.05}}",0,0,0,0.284091037156,0,0.100317147829,0.064150024599,0.183773889327,0,0.32296608927907317,0.1619421913494981,0.16102389792957505,0.4196112375728773,0.0,0.11970392561195677,0.07163212229926316,0.2999073119609206,0.0,deepskyblue,D+28.4,0,D+10.0,D+6.4,D+18.4,0,28.41%,32.30%,16.19%,16.10%,D+42.0,0,D+12.0,D+7.2,D+30.0,0,100833,,https://en.wikipedia.org/wiki/2006_United_States_Senate_election_in_Delaware,"{""Tom Carper"": {""party"": ""Democratic"", ""votes"": 170567, ""pct"": 67.13}, ""Majority"": {""party"": ""Majority"", ""votes"": 100833, ""pct"": 39.68}, ""Jan C. Ting"": {""party"": ""Republican"", ""votes"": 69734, ""pct"": 27.44}, ""Christine O'Donnell"": {""party"": ""Write-in"", ""votes"": 11127, ""pct"": 4.38}, ""William E. Morris"": {""party"": ""Libertarian"", ""votes"": 2671, ""pct"": 1.05}}"
2006,Florida,FL,I,regular,General,General election results,2890548,1826127,1141280,0.4934397754847895,0.3117345558304903,Bill Nelson,Katherine Harris,Bill Nelson,D,Katherine Harris,0.18170521965429914,Majority,1141280,5857955,"{""Majority"": {""party"": ""Majority"", ""votes"": 1064421, ""pct"": 22.21}, ""Belinda Noah"": {""party"": ""Independent"", ""votes"": 24880, ""pct"": 0.52}, ""Brian Moore"": {""party"": ""Independent"", ""votes"": 19695, ""pct"": 0.41}, ""Floyd Ray Frazier"": {""party"": ""Independent"", ""votes"": 16628, ""pct"": 0.35}, ""Roy Tanner"": {""party"": ""Independent"", ""votes"": 15562, ""pct"": 0.32}, ""Write-in"": {""party"": ""Write-in"", ""votes"": 94, ""pct"": 0.0}}",0,0,0,0.181705219654,0,0.100317147829,0.064150024599,0.081388071825,0,0.19482566868472018,0.1619421913494981,0.03288347733522207,0.2256718981061871,0.0,0.11970392561195677,0.07163212229926316,0.10596797249423033,0.0,deepskyblue,D+18.2,0,D+10.0,D+6.4,D+8.1,0,18.17%,19.48%,16.19%,3.29%,D+22.6,0,D+12.0,D+7.2,D+10.6,0,1064421,,https://en.wikipedia.org/wiki/2006_United_States_Senate_election_in_Florida,"{""Bill Nelson"": {""party"": ""Democratic"", ""votes"": 2890548, ""pct"": 60.3}, ""Katherine Harris"": {""party"": ""Republican"", ""votes"": 1826127, ""pct"": 38.1}, ""Majority"": {""party"": ""Majority"", ""votes"": 1064421, ""pct"": 22.21}, ""Belinda Noah"": {""party"": ""Independent"", ""votes"": 24880, ""pct"": 0.52}, ""Brian Moore"": {""party"": ""Independent"", ""votes"": 19695, ""pct"": 0.41}, ""Floyd Ray Frazier"": {""party"": ""Independent"", ""votes"": 16628, ""pct"": 0.35}, ""Roy Tanner"": {""party"": ""Independent"", ""votes"": 15562, ""pct"": 0.32}, ""Write-in"": {""party"": ""Write-in"", ""votes"": 94, ""pct"": 0.0}}"
2006,Hawaii,HI,I,regular,General,General election results,210330,126097,90648,0.49248960955335713,0.29525727331265,Daniel Akaka,Cynthia Thielen,Daniel Akaka,D,Cynthia Thielen,0.19723233624070713,Majority,90648,427075,"{""Majority"": {""party"": ""Majority"", ""votes"": 84233, ""pct"": 24.57}, ""Lloyd Mallan"": {""party"": ""Libertarian"", ""votes"": 6415, ""pct"": 1.87}}",0,0,0,0.197232336241,0,0.100317147829,0.064150024599,0.096915188411,0,0.21225311713399286,0.1619421913494981,0.05031092578449475,0.25037526714562147,0.0,0.11970392561195677,0.07163212229926316,0.13067134153366472,0.0,deepskyblue,D+19.7,0,D+10.0,D+6.4,D+9.7,0,19.72%,21.23%,16.19%,5.03%,D+25.0,0,D+12.0,D+7.2,D+13.1,0,84233,,https://en.wikipedia.org/wiki/2006_United_States_Senate_election_in_Hawaii,"{""Daniel Akaka"": {""party"": ""Democratic"", ""votes"": 210330, ""pct"": 61.35}, ""Cynthia Thielen"": {""party"": ""Republican"", ""votes"": 126097, ""pct"": 36.78}, ""Majority"": {""party"": ""Majority"", ""votes"": 84233, ""pct"": 24.57}, ""Lloyd Mallan"": {""party"": ""Libertarian"", ""votes"": 6415, ""pct"": 1.87}}"
2006,Indiana,IN,I,regular,General,2006 United States Senate election in Indiana,0,1171553,169558,0.0,0.8735690036096938,None,Richard Lugar,Richard Lugar,R,Steve Osborn,0.12588070636956972,Steve Osborn,169558,1341111,"{""Steve Osborn"": {""party"": ""Libertarian"", ""votes"": 168820, ""pct"": 12.59}, ""Write-in"": {""party"": ""Write-in"", ""votes"": 738, ""pct"": 0.06}}",0,0,0,-0.873569003610,0,0.100317147829,0.064150024599,-0.973886151439,0,0.12643099639030625,0.1619421913494981,-0.03551119495919186,-1.0,0.0,0.11970392561195677,0.07163212229926316,-1.1197039256119568,0.0,red,R+87.4,0,D+10.0,D+6.4,R+97.4,0,12.59%,12.64%,16.19%,-3.55%,R+100.0,0,D+12.0,D+7.2,R+112.0,0,168820,,https://en.wikipedia.org/wiki/2006_United_States_Senate_election_in_Indiana,"{""Richard Lugar"": {""party"": ""Republican"", ""votes"": 1171553, ""pct"": 87.36}, ""Steve Osborn"": {""party"": ""Libertarian"", ""votes"": 168820, ""pct"": 12.59}, ""Write-in"": {""party"": ""Write-in"", ""votes"": 738, ""pct"": 0.06}}"
2006,Massachusetts,MA,I,regular,General,General election,1500738,661532,839206,0.5,0.22040222877011179,Ted Kennedy,Kenneth Chase,Ted Kennedy,D,Majority,0.2795977712298882,Majority,839206,3001476,"{""Majority"": {""party"": ""Majority"", ""votes"": 839206, ""pct"": 38.75}}",0,0,0,0.279597771230,0,0.100317147829,0.064150024599,0.179280623401,0,0.2795977712298882,0.1619421913494981,0.1176555798803901,0.38811341784328507,0.0,0.11970392561195677,0.07163212229926316,0.2684094922313283,0.0,deepskyblue,D+28.0,0,D+10.0,D+6.4,D+17.9,0,27.96%,27.96%,16.19%,11.77%,D+38.8,0,D+12.0,D+7.2,D+26.8,0,839206,,https://en.wikipedia.org/wiki/2006_United_States_Senate_election_in_Massachusetts,"{""Ted Kennedy"": {""party"": ""Democratic"", ""votes"": 1500738, ""pct"": 69.3}, ""Majority"": {""party"": ""Majority"", ""votes"": 839206, ""pct"": 38.75}, ""Kenneth Chase"": {""party"": ""Republican"", ""votes"": 661532, ""pct"": 30.55}, ""Democratic hold"": {""party"": ""Democratic hold"", ""votes"": 0, ""pct"": 20.8}}"
2006,Maryland,MD,I,regular,General,"Maryland United States Senate election results, 2006",965477,787182,206775,0.4927325952290304,0.40173948191161324,Ben Cardin,Michael Steele,Ben Cardin,D,Michael Steele,0.09099311331741718,Majority,206775,1959434,"{""Majority"": {""party"": ""Majority"", ""votes"": 178295, ""pct"": 100.0}, ""Kevin Zeese"": {""party"": ""Green"", ""votes"": 27564, ""pct"": 1.55}, ""Write-in"": {""party"": ""Write-in"", ""votes"": 916, ""pct"": 0.05}}",0,0,0,0.090993113317,0,0.100317147829,0.064150024599,-0.009324034512,0,0.10552792285935632,0.1619421913494981,-0.05641426849014179,0.10172828827512939,0.0,0.11970392561195677,0.07163212229926316,-0.017975637336827374,0.0,deepskyblue,D+9.1,0,D+10.0,D+6.4,R+0.9,0,9.10%,10.55%,16.19%,-5.64%,D+10.2,0,D+12.0,D+7.2,R+1.8,0,178295,,https://en.wikipedia.org/wiki/2006_United_States_Senate_election_in_Maryland,"{""Ben Cardin"": {""party"": ""Democratic"", ""votes"": 965477, ""pct"": 54.21}, ""Michael Steele"": {""party"": ""Republican"", ""votes"": 787182, ""pct"": 44.19}, ""Majority"": {""party"": ""Majority"", ""votes"": 178295, ""pct"": 100.0}, ""Kevin Zeese"": {""party"": ""Green"", ""votes"": 27564, ""pct"": 1.55}, ""Write-in"": {""party"": ""Write-in"", ""votes"": 916, ""pct"": 0.05}}"
2006,Maine,ME-AL,I,regular,General,General election results,111984,402598,319834,0.1342064389944584,0.48249074802017217,Jean Hay Bright,Olympia Snowe,Olympia Snowe,R,Majority,0.3482843090257138,Majority,319834,834416,"{""Majority"": {""party"": ""Majority"", ""votes"": 290614, ""pct"": 53.42}, ""Bill Slavick"": {""party"": ""Independent"", ""votes"": 29220, ""pct"": 5.37}}",0,0,0,-0.348284309026,0,0.100317147829,0.064150024599,-0.448601456855,0,0.3833028129853694,0.1619421913494981,0.22136062163587128,-0.5647574147560545,0.0,0.11970392561195677,0.07163212229926316,-0.6844613403680112,0.0,red,R+34.8,0,D+10.0,D+6.4,R+44.9,0,34.83%,38.33%,16.19%,22.14%,R+56.5,0,D+12.0,D+7.2,R+68.4,0,290614,,https://en.wikipedia.org/wiki/2006_United_States_Senate_election_in_Maine,"{""Olympia Snowe"": {""party"": ""Republican"", ""votes"": 402598, ""pct"": 74.01}, ""Majority"": {""party"": ""Majority"", ""votes"": 290614, ""pct"": 53.42}, ""Jean Hay Bright"": {""party"": ""Democratic"", ""votes"": 111984, ""pct"": 20.59}, ""Bill Slavick"": {""party"": ""Independent"", ""votes"": 29220, ""pct"": 5.37}}"
2006,Michigan,MI,I,regular,General,2006 United States Senate election in Michigan,2151278,1559597,660924,0.4920807200880004,0.3567403258932993,Debbie Stabenow,Mike Bouchard,Debbie Stabenow,D,Mike Bouchard,0.1353403941947011,Majority,660924,4371799,"{""Majority"": {""party"": ""Majority"", ""votes"": 591681, ""pct"": 15.6}, ""Leonard Schwartz"": {""party"": ""Libertarian"", ""votes"": 27012, ""pct"": 0.72}, ""David Sole"": {""party"": ""Green"", ""votes"": 23890, ""pct"": 0.63}, ""Dennis FitzSimons"": {""party"": ""Constitution"", ""votes"": 18341, ""pct"": 0.48}}",0,0,0,0.135340394195,0,0.100317147829,0.064150024599,0.035023246365,0,0.15117895401870032,0.1619421913494981,-0.010763237330797787,0.1594451443392731,0.0,0.11970392561195677,0.07163212229926316,0.03974121872731633,0.0,deepskyblue,D+13.5,0,D+10.0,D+6.4,D+3.5,0,13.53%,15.12%,16.19%,-1.08%,D+15.9,0,D+12.0,D+7.2,D+4.0,0,591681,,https://en.wikipedia.org/wiki/2006_United_States_Senate_election_in_Michigan,"{""Debbie Stabenow"": {""party"": ""Democratic"", ""votes"": 2151278, ""pct"": 56.91}, ""Mike Bouchard"": {""party"": ""Republican"", ""votes"": 1559597, ""pct"": 41.26}, ""Majority"": {""party"": ""Majority"", ""votes"": 591681, ""pct"": 15.6}, ""Leonard Schwartz"": {""party"": ""Libertarian"", ""votes"": 27012, ""pct"": 0.72}, ""David Sole"": {""party"": ""Green"", ""votes"": 23890, ""pct"": 0.63}, ""Dennis FitzSimons"": {""party"": ""Constitution"", ""votes"": 18341, ""pct"": 0.48}, ""Democratic hold"": {""party"": ""Democratic hold"", ""votes"": 0, ""pct"": 7.0}}"
2006,Minnesota,MN,I,regular,General,General election results,1278849,835653,531466,0.48331990409558995,0.3158212797736027,Amy Klobuchar,Mark Kennedy,Amy Klobuchar,D,Mark Kennedy,0.16749862432198726,Majority,531466,2645968,"{""Majority"": {""party"": ""Majority"", ""votes"": 443196, ""pct"": 20.2}, ""Robert Fitzgerald"": {""party"": ""Independence"", ""votes"": 71194, ""pct"": 3.23}, ""Michael Cavlan"": {""party"": ""Green"", ""votes"": 10714, ""pct"": 0.49}, ""Ben Powers"": {""party"": ""Constitution"", ""votes"": 5408, ""pct"": 0.25}, ""954"": {""party"": ""Write-ins"", ""votes"": 954, ""pct"": NaN}}",0,0,0,0.167498624322,0,0.100317147829,0.064150024599,0.067181476493,0,0.20085881613080733,0.1619421913494981,0.03891662478130922,0.20959828839130915,0.0,0.11970392561195677,0.07163212229926316,0.08989436277935238,0.0,deepskyblue,D+16.7,0,D+10.0,D+6.4,D+6.7,0,16.75%,20.09%,16.19%,3.89%,D+21.0,0,D+12.0,D+7.2,D+9.0,0,443196,,https://en.wikipedia.org/wiki/2006_United_States_Senate_election_in_Minnesota,"{""Amy Klobuchar"": {""party"": ""Democratic (DFL)"", ""votes"": 1278849, ""pct"": 58.06}, ""Mark Kennedy"": {""party"": ""Republican"", ""votes"": 835653, ""pct"": 37.94}, ""Majority"": {""party"": ""Majority"", ""votes"": 443196, ""pct"": 20.2}, ""Robert Fitzgerald"": {""party"": ""Independence"", ""votes"": 71194, ""pct"": 3.23}, ""Michael Cavlan"": {""party"": ""Green"", ""votes"": 10714, ""pct"": 0.49}, ""Ben Powers"": {""party"": ""Constitution"", ""votes"": 5408, ""pct"": 0.25}, ""954"": {""party"": ""Write-ins"", ""votes"": 954, ""pct"": NaN}}"
2006,Missouri,MO,I,regular,General,General election results,1055255,1006941,66263,0.49578356923952965,0.47308451795406914,Claire McCaskill,Jim Talent,Claire McCaskill,D,Jim Talent,0.02245380343243633,Frank Gilmour,66263,2128459,"{""Frank Gilmour"": {""party"": ""Libertarian"", ""votes"": 47792, ""pct"": 2.25}, ""Lydia Lewis"": {""party"": ""Progressive Party"", ""votes"": 18383, ""pct"": 0.86}, ""Write-in"": {""party"": ""Write-in"", ""votes"": 88, ""pct"": 0.0}}",0,0,0,0.022699051285,0,0.100317147829,0.064150024599,-0.077618096544,0,0.031131912806401252,0.1619421913494981,-0.13081027854309685,0.02342842290451538,0.0,0.11970392561195677,0.07163212229926316,-0.09627550270744138,0.0,deepskyblue,D+2.3,0,D+10.0,D+6.4,R+7.8,0,2.25%,3.11%,16.19%,-13.08%,D+2.3,0,D+12.0,D+7.2,R+9.6,0,47792,,https://en.wikipedia.org/wiki/2006_United_States_Senate_election_in_Missouri,"{""Claire McCaskill"": {""party"": ""Democratic"", ""votes"": 1055255, ""pct"": 49.58}, ""Jim Talent"": {""party"": ""Republican"", ""votes"": 1006941, ""pct"": 47.31}, ""Frank Gilmour"": {""party"": ""Libertarian"", ""votes"": 47792, ""pct"": 2.25}, ""Lydia Lewis"": {""party"": ""Progressive Party"", ""votes"": 18383, ""pct"": 0.86}, ""Write-in"": {""party"": ""Write-in"", ""votes"": 88, ""pct"": 0.0}}"
2006,Mississippi,MS,I,regular,General,General election results,213000,388399,184921,0.27088208363007427,0.4939452131447757,Erik R. Fleming,Trent Lott,Trent Lott,R,Erik R. Fleming,0.2230631295147014,Majority,184921,786320,"{""Majority"": {""party"": ""Majority"", ""votes"": 175399, ""pct"": 28.71}, ""Harold Taylor"": {""party"": ""Libertarian"", ""votes"": 9522, ""pct"": 1.56}}",0,0,0,-0.223063129515,0,0.100317147829,0.064150024599,-0.323380277344,0,0.23517270322515008,0.1619421913494981,0.07323051187565197,-0.29165163227740654,0.0,0.11970392561195677,0.07163212229926316,-0.4113555578893633,0.0,red,R+22.3,0,D+10.0,D+6.4,R+32.3,0,22.31%,23.52%,16.19%,7.32%,R+29.2,0,D+12.0,D+7.2,R+41.1,0,175399,,https://en.wikipedia.org/wiki/2006_United_States_Senate_election_in_Mississippi,"{""Trent Lott"": {""party"": ""Republican"", ""votes"": 388399, ""pct"": 63.58}, ""Erik R. Fleming"": {""party"": ""Democratic"", ""votes"": 213000, ""pct"": 34.87}, ""Majority"": {""party"": ""Majority"", ""votes"": 175399, ""pct"": 28.71}, ""Harold Taylor"": {""party"": ""Libertarian"", ""votes"": 9522, ""pct"": 1.56}}"
2006,Montana,MT,I,regular,General,2006 United States Senate election in Montana,199845,196283,10377,0.49161756927959066,0.4828550694333403,Jon Tester,Conrad Burns,Jon Tester,D,Conrad Burns,0.02552736128706904,Stan Jones,10377,406505,"{""Stan Jones"": {""party"": ""Libertarian"", ""votes"": 10377, ""pct"": 2.55}}",0,0,0,0.008762499846,0,0.100317147829,0.064150024599,-0.091554647983,0,0.02552736128706904,0.1619421913494981,-0.13641483006242908,0.008992042976007754,0.0,0.11970392561195677,0.07163212229926316,-0.11071188263594901,0.0,deepskyblue,D+0.9,0,D+10.0,D+6.4,R+9.2,0,2.55%,2.55%,16.19%,-13.64%,D+0.9,0,D+12.0,D+7.2,R+11.1,0,10377,,https://en.wikipedia.org/wiki/2006_United_States_Senate_election_in_Montana,"{""Jon Tester"": {""party"": ""Democratic"", ""votes"": 199845, ""pct"": 49.16}, ""Conrad Burns"": {""party"": ""Republican"", ""votes"": 196283, ""pct"": 48.29}, ""Stan Jones"": {""party"": ""Libertarian"", ""votes"": 10377, ""pct"": 2.55}}"
2006,North Dakota,ND,I,regular,General,General election results,150146,64417,89318,0.4940947278704493,0.21198100572263484,Kent Conrad,Dwight Grotberg,Kent Conrad,D,Majority,0.28211372214781444,Majority,89318,303881,"{""Majority"": {""party"": ""Majority"", ""votes"": 85729, ""pct"": 39.3}, ""Roland Riemers"": {""party"": ""Independent"", ""votes"": 2194, ""pct"": 1.01}, ""James Germalic"": {""party"": ""Independent"", ""votes"": 1395, ""pct"": 0.64}}",0,0,0,0.282113722148,0,0.100317147829,0.064150024599,0.181796574319,0,0.2939242664069159,0.1619421913494981,0.13198207505741777,0.3995516468356613,0.0,0.11970392561195677,0.07163212229926316,0.27984772122370455,0.0,deepskyblue,D+28.2,0,D+10.0,D+6.4,D+18.2,0,28.21%,29.39%,16.19%,13.20%,D+40.0,0,D+12.0,D+7.2,D+28.0,0,85729,,https://en.wikipedia.org/wiki/2006_United_States_Senate_election_in_North_Dakota,"{""Kent Conrad"": {""party"": ""Democratic–NPL"", ""votes"": 150146, ""pct"": 68.83}, ""Majority"": {""party"": ""Majority"", ""votes"": 85729, ""pct"": 39.3}, ""Dwight Grotberg"": {""party"": ""Republican"", ""votes"": 64417, ""pct"": 29.53}, ""Roland Riemers"": {""party"": ""Independent"", ""votes"": 2194, ""pct"": 1.01}, ""James Germalic"": {""party"": ""Independent"", ""votes"": 1395, ""pct"": 0.64}, ""Democratic–NPL hold"": {""party"": ""Democratic–NPL hold"", ""votes"": 0, ""pct"": 8.3}}"
2006,Nebraska,NE-AL,I,regular,General,2006 United States Senate election in Nebraska,378388,213928,164460,0.5,0.2826833831939702,Ben Nelson,Pete Ricketts,Ben Nelson,D,Pete Ricketts,0.2173166168060298,Majority,164460,756776,"{""Majority"": {""party"": ""Majority"", ""votes"": 164460, ""pct"": 27.83}}",0,0,0,0.217316616806,0,0.100317147829,0.064150024599,0.116999468977,0,0.2173166168060298,0.1619421913494981,0.05537442545653168,0.27765584586605796,0.0,0.11970392561195677,0.07163212229926316,0.1579519202541012,0.0,deepskyblue,D+21.7,0,D+10.0,D+6.4,D+11.7,0,21.73%,21.73%,16.19%,5.54%,D+27.8,0,D+12.0,D+7.2,D+15.8,0,164460,,https://en.wikipedia.org/wiki/2006_United_States_Senate_election_in_Nebraska,"{""Ben Nelson"": {""party"": ""Democratic"", ""votes"": 378388, ""pct"": 63.88}, ""Pete Ricketts"": {""party"": ""Republican"", ""votes"": 213928, ""pct"": 36.12}, ""Majority"": {""party"": ""Majority"", ""votes"": 164460, ""pct"": 27.83}}"
2006,New Jersey,NJ,I,regular,General,"United States Senate election in New Jersey, 2006",1200843,997775,254520,0.4895130237271609,0.4067341503005538,Bob Menendez,"Thomas Kean, Jr.",Bob Menendez,D,"Thomas Kean, Jr.",0.08277887342660706,Majority,254520,2453138,"{""Majority"": {""party"": ""Majority"", ""votes"": 203068, ""pct"": 9.03}, ""Len Flynn"": {""party"": ""Libertarian"", ""votes"": 14637, ""pct"": 0.65}, ""Edward Forchion"": {""party"": ""Marijuana"", ""votes"": 11593, ""pct"": 0.52}, ""J.M. Carter"": {""party"": ""Independent"", ""votes"": 7918, ""pct"": 0.35}, ""N. Leonard Smith"": {""party"": ""Independent"", ""votes"": 6243, ""pct"": 0.28}, ""Daryl Brooks"": {""party"": ""Independent"", ""votes"": 5138, ""pct"": 0.23}, ""Angela Lariscy"": {""party"": ""Socialist Workers"", ""votes"": 3433, ""pct"": 0.15}, ""Gregory Pason"": {""party"": ""Socialist"", ""votes"": 2490, ""pct"": 0.11}}",0,0,0,0.082778873427,0,0.100317147829,0.064150024599,-0.017538274403,0,0.10375282597228529,0.1619421913494981,-0.05818936537721282,0.0923616562768066,0.0,0.11970392561195677,0.07163212229926316,-0.02734226933515016,0.0,deepskyblue,D+8.3,0,D+10.0,D+6.4,R+1.8,0,8.28%,10.38%,16.19%,-5.82%,D+9.2,0,D+12.0,D+7.2,R+2.7,0,203068,,https://en.wikipedia.org/wiki/2006_United_States_Senate_election_in_New_Jersey,"{""Bob Menendez"": {""party"": ""Democratic"", ""votes"": 1200843, ""pct"": 53.37}, ""Thomas Kean, Jr."": {""party"": ""Republican"", ""votes"": 997775, ""pct"": 44.34}, ""Majority"": {""party"": ""Majority"", ""votes"": 203068, ""pct"": 9.03}, ""Len Flynn"": {""party"": ""Libertarian"", ""votes"": 14637, ""pct"": 0.65}, ""Edward Forchion"": {""party"": ""Marijuana"", ""votes"": 11593, ""pct"": 0.52}, ""J.M. Carter"": {""party"": ""Independent"", ""votes"": 7918, ""pct"": 0.35}, ""N. Leonard Smith"": {""party"": ""Independent"", ""votes"": 6243, ""pct"": 0.28}, ""Daryl Brooks"": {""party"": ""Independent"", ""votes"": 5138, ""pct"": 0.23}, ""Angela Lariscy"": {""party"": ""Socialist Workers"", ""votes"": 3433, ""pct"": 0.15}, ""Gregory Pason"": {""party"": ""Socialist"", ""votes"": 2490, ""pct"": 0.11}, ""Democratic hold"": {""party"": ""Democratic hold"", ""votes"": 0, ""pct"": 3.26}}"
2006,New Mexico,NM,I,regular,General,"United States Senate election in New Mexico, 2006",394217,163761,230790,0.4997882774149053,0.20761618118382086,Jeff Bingaman,Allen McCulloch,Jeff Bingaman,D,Majority,0.29213406223376204,Majority,230790,788768,"{""Majority"": {""party"": ""Majority"", ""votes"": 230426, ""pct"": 41.27}, ""Write-in"": {""party"": ""Write-in"", ""votes"": 364, ""pct"": 0.06}}",0,0,0,0.292172096231,0,0.100317147829,0.064150024599,0.191854948402,0,0.29259554140127386,0.1619421913494981,0.13065335005177575,0.41301986816684527,0.0,0.11970392561195677,0.07163212229926316,0.2933159425548885,0.0,deepskyblue,D+29.2,0,D+10.0,D+6.4,D+19.2,0,29.21%,29.26%,16.19%,13.07%,D+41.3,0,D+12.0,D+7.2,D+29.3,0,230426,,https://en.wikipedia.org/wiki/2006_United_States_Senate_election_in_New_Mexico,"{""Jeff Bingaman"": {""party"": ""Democratic"", ""votes"": 394217, ""pct"": 70.6}, ""Majority"": {""party"": ""Majority"", ""votes"": 230426, ""pct"": 41.27}, ""Allen McCulloch"": {""party"": ""Republican"", ""votes"": 163761, ""pct"": 29.33}, ""Write-in"": {""party"": ""Write-in"", ""votes"": 364, ""pct"": 0.06}}"
2006,Nevada,NV,I,regular,General,General election results,238796,322501,104980,0.35840348683805684,0.4840344181173896,Jack Carter,John Ensign,John Ensign,R,Jack Carter,0.12563093127933278,Majority,104980,666277,"{""Majority"": {""party"": ""Majority"", ""votes"": 83705, ""pct"": 14.37}, ""None of These Candidates"": {""party"": ""None of These Candidates"", ""votes"": 8232, ""pct"": 1.41}, ""David K. Schumann"": {""party"": ""Independent American"", ""votes"": 7774, ""pct"": 1.33}, ""Brendan Trainor"": {""party"": ""Libertarian"", ""votes"": 5269, ""pct"": 0.9}}",0,0,0,-0.125630931279,0,0.100317147829,0.064150024599,-0.225948079109,0,0.15756209504455354,0.1619421913494981,-0.00438009630494457,-0.14912782359428253,0.0,0.11970392561195677,0.07163212229926316,-0.2688317492062393,0.0,red,R+12.6,0,D+10.0,D+6.4,R+22.6,0,12.56%,15.76%,16.19%,-0.44%,R+14.9,0,D+12.0,D+7.2,R+26.9,0,83705,,https://en.wikipedia.org/wiki/2006_United_States_Senate_election_in_Nevada,"{""John Ensign"": {""party"": ""Republican"", ""votes"": 322501, ""pct"": 55.36}, ""Jack Carter"": {""party"": ""Democratic"", ""votes"": 238796, ""pct"": 40.99}, ""Majority"": {""party"": ""Majority"", ""votes"": 83705, ""pct"": 14.37}, ""None of These Candidates"": {""party"": ""None of These Candidates"", ""votes"": 8232, ""pct"": 1.41}, ""David K. Schumann"": {""party"": ""Independent American"", ""votes"": 7774, ""pct"": 1.33}, ""Brendan Trainor"": {""party"": ""Libertarian"", ""votes"": 5269, ""pct"": 0.9}}"
2006,New York,NY,I,regular,General,"2006 United States Senate election, New York",3008428,1392189,1705675,0.4926767340965679,0.2279925362232923,Hillary Clinton,John Spencer,Hillary Clinton,D,Majority,0.26468419787327563,Majority,1705675,6106292,"{""Majority"": {""party"": ""Majority"", ""votes"": 1616239, ""pct"": 36.0}, ""Howie Hawkins"": {""party"": ""Green"", ""votes"": 55469, ""pct"": 1.24}, ""Jeff Russell"": {""party"": ""Libertarian"", ""votes"": 20996, ""pct"": 0.47}, ""Roger Calero"": {""party"": ""Socialist Workers"", ""votes"": 6967, ""pct"": 0.16}, ""Bill Van Auken"": {""party"": ""Socialist Equality"", ""votes"": 6004, ""pct"": 0.13}}",0,0,0,0.264684197873,0,0.100317147829,0.064150024599,0.164367050044,0,0.2793307296801398,0.1619421913494981,0.11738853833064167,0.3672755434067541,0.0,0.11970392561195677,0.07163212229926316,0.24757161779479736,0.0,deepskyblue,D+26.5,0,D+10.0,D+6.4,D+16.4,0,26.47%,27.93%,16.19%,11.74%,D+36.7,0,D+12.0,D+7.2,D+24.8,0,1616239,,https://en.wikipedia.org/wiki/2006_United_States_Senate_election_in_New_York,"{""Hillary Clinton"": {""party"": ""Democratic"", ""votes"": 3008428, ""pct"": 67.0}, ""Majority"": {""party"": ""Majority"", ""votes"": 1616239, ""pct"": 36.0}, ""John Spencer"": {""party"": ""Republican"", ""votes"": 1392189, ""pct"": 31.01}, ""Howie Hawkins"": {""party"": ""Green"", ""votes"": 55469, ""pct"": 1.24}, ""Jeff Russell"": {""party"": ""Libertarian"", ""votes"": 20996, ""pct"": 0.47}, ""Roger Calero"": {""party"": ""Socialist Workers"", ""votes"": 6967, ""pct"": 0.16}, ""Bill Van Auken"": {""party"": ""Socialist Equality"", ""votes"": 6004, ""pct"": 0.13}, ""Democratic hold"": {""party"": ""Democratic hold"", ""votes"": 0, ""pct"": 11.9}}"
2006,Ohio,OH,I,regular,General,2006 United States Senate election in Ohio,2257369,1761037,830,0.5616413169069943,0.4381521761847276,Sherrod Brown,Mike DeWine,Sherrod Brown,D,Mike DeWine,0.00020650690827809067,Richard Duncan,830,4019236,"{""Richard Duncan"": {""party"": ""Independent"", ""votes"": 830, ""pct"": 0.02}}",0,0,0,0.123489140722,0,0.100317147829,0.064150024599,0.023171992893,0,0.00020650690827809067,0.1619421913494981,-0.16173568444122002,0.12351464735021797,0.0,0.11970392561195677,0.07163212229926316,0.003810721738261205,0.0,deepskyblue,D+12.3,0,D+10.0,D+6.4,D+2.3,0,0.02%,0.02%,16.19%,-16.17%,D+12.4,0,D+12.0,D+7.2,D+0.4,0,830,,https://en.wikipedia.org/wiki/2006_United_States_Senate_election_in_Ohio,"{""Sherrod Brown"": {""party"": ""Democratic"", ""votes"": 2257369, ""pct"": 56.16}, ""Mike DeWine"": {""party"": ""Republican"", ""votes"": 1761037, ""pct"": 43.82}, ""Richard Duncan"": {""party"": ""Independent"", ""votes"": 830, ""pct"": 0.02}}"
2006,Pennsylvania,PA,I,regular,General,General election results,2392984,1684778,3281,0.586365789333756,0.4128302495219972,Bob Casey Jr.,Rick Santorum,Bob Casey Jr.,D,Rick Santorum,0.0008039611442467036,Write-in,3281,4081043,"{""Write-in"": {""party"": ""Write-in"", ""votes"": 3281, ""pct"": 0.08}}",0,0,0,0.173535539812,0,0.100317147829,0.064150024599,0.073218391982,0,0.0008039611442467036,0.1619421913494981,-0.16113823020525142,0.1736751678984698,0.0,0.11970392561195677,0.07163212229926316,0.053971242286513024,0.0,deepskyblue,D+17.4,0,D+10.0,D+6.4,D+7.3,0,0.08%,0.08%,16.19%,-16.11%,D+17.4,0,D+12.0,D+7.2,D+5.4,0,3281,,https://en.wikipedia.org/wiki/2006_United_States_Senate_election_in_Pennsylvania,"{""Bob Casey Jr."": {""party"": ""Democratic"", ""votes"": 2392984, ""pct"": 58.64}, ""Rick Santorum"": {""party"": ""Republican"", ""votes"": 1684778, ""pct"": 41.28}, ""Write-in"": {""party"": ""Write-in"", ""votes"": 3281, ""pct"": 0.08}}"
2006,Rhode Island,RI,I,regular,General,"United States Senate election in Rhode Island, 2006",206043,178950,0,0.5351863540376058,0.4648136459623941,Sheldon Whitehouse,Lincoln Chafee,Sheldon Whitehouse,D,Lincoln Chafee,0.0,None,0,384993,{},0,0,0,0.070372708075,0,0.100317147829,0.064150024599,-0.029944439754,0,0.0,0.1619421913494981,-0.1619421913494981,0.07037270807521176,0.0,0.11970392561195677,0.07163212229926316,-0.049331217536745006,0.0,deepskyblue,D+7.0,0,D+10.0,D+6.4,R+3.0,0,0.00%,0.00%,16.19%,-16.19%,D+7.0,0,D+12.0,D+7.2,R+4.9,0,0,,https://en.wikipedia.org/wiki/2006_United_States_Senate_election_in_Rhode_Island,"{""Sheldon Whitehouse"": {""party"": ""Democratic"", ""votes"": 206043, ""pct"": 53.52}, ""Lincoln Chafee"": {""party"": ""Republican"", ""votes"": 178950, ""pct"": 46.48}}"
2006,Tennessee,TN,I,regular,General,"United States Senate election in Tennessee, 2006",879976,929911,73743,0.4671703041467804,0.49368028752992893,"Harold Ford, Jr.",Bob Corker,Bob Corker,R,"Harold Ford, Jr.",0.026509983383148496,Majority,73743,1883630,"{""Majority"": {""party"": ""Majority"", ""votes"": 49935, ""pct"": 2.72}, ""Ed Choate"": {""party"": ""Independent"", ""votes"": 10831, ""pct"": 0.59}, ""David Gatchell"": {""party"": ""Independent"", ""votes"": 3746, ""pct"": 0.2}, ""Emory \""Bo\"" Heyward"": {""party"": ""Independent"", ""votes"": 3580, ""pct"": 0.2}, ""H. Gary Keplinger"": {""party"": ""Independent"", ""votes"": 3033, ""pct"": 0.17}, ""Chris Lugo"": {""party"": ""Green"", ""votes"": 2589, ""pct"": 0.14}, ""29"": {""party"": ""Write-in"", ""votes"": 29, ""pct"": 0.0}}",0,0,0,-0.026509983383,0,0.100317147829,0.064150024599,-0.126827131212,0,0.03914940832329067,0.1619421913494981,-0.12279278302620744,-0.0275901202671769,0.0,0.11970392561195677,0.07163212229926316,-0.14729404587913367,0.0,red,R+2.7,0,D+10.0,D+6.4,R+12.7,0,2.65%,3.91%,16.19%,-12.28%,R+2.8,0,D+12.0,D+7.2,R+14.7,0,49935,,https://en.wikipedia.org/wiki/2006_United_States_Senate_election_in_Tennessee,"{""Bob Corker"": {""party"": ""Republican"", ""votes"": 929911, ""pct"": 50.71}, ""Harold Ford, Jr."": {""party"": ""Democratic"", ""votes"": 879976, ""pct"": 47.99}, ""Majority"": {""party"": ""Majority"", ""votes"": 49935, ""pct"": 2.72}, ""Ed Choate"": {""party"": ""Independent"", ""votes"": 10831, ""pct"": 0.59}, ""David Gatchell"": {""party"": ""Independent"", ""votes"": 3746, ""pct"": 0.2}, ""Emory \""Bo\"" Heyward"": {""party"": ""Independent"", ""votes"": 3580, ""pct"": 0.2}, ""H. Gary Keplinger"": {""party"": ""Independent"", ""votes"": 3033, ""pct"": 0.17}, ""Chris Lugo"": {""party"": ""Green"", ""votes"": 2589, ""pct"": 0.14}, ""29"": {""party"": ""Write-in"", ""votes"": 29, ""pct"": 0.0}, ""Republican hold"": {""party"": ""Republican hold"", ""votes"": 0, ""pct"": -14.39}}"
2006,Texas,TX,I,regular,General,"United States Senate election in Texas, 2006",1555202,2661789,1204259,0.2868714779801706,0.4909917454461609,Barbara Ann Radnofsky,Kay Bailey Hutchison,Kay Bailey Hutchison,R,Barbara Ann Radnofsky,0.20412026746599032,Majority,1204259,5421250,"{""Majority"": {""party"": ""Majority"", ""votes"": 1106587, ""pct"": 25.7}, ""Scott Jameson"": {""party"": ""Libertarian"", ""votes"": 97672, ""pct"": 2.26}}",0,0,0,-0.204120267466,0,0.100317147829,0.064150024599,-0.304437415295,0,0.22213677657366843,0.1619421913494981,0.060194585224170316,-0.26241151569922727,0.0,0.11970392561195677,0.07163212229926316,-0.382115441311184,0.0,red,R+20.4,0,D+10.0,D+6.4,R+30.4,0,20.41%,22.21%,16.19%,6.02%,R+26.2,0,D+12.0,D+7.2,R+38.2,0,1106587,,https://en.wikipedia.org/wiki/2006_United_States_Senate_election_in_Texas,"{""Kay Bailey Hutchison"": {""party"": ""Republican"", ""votes"": 2661789, ""pct"": 61.69}, ""Barbara Ann Radnofsky"": {""party"": ""Democratic"", ""votes"": 1555202, ""pct"": 36.04}, ""Majority"": {""party"": ""Majority"", ""votes"": 1106587, ""pct"": 25.7}, ""Scott Jameson"": {""party"": ""Libertarian"", ""votes"": 97672, ""pct"": 2.26}}"
2006,Utah,UT,I,regular,General,General election results,177459,356238,216334,0.23660222044155507,0.47496436813945025,Pete Ashdown,Orrin Hatch,Orrin Hatch,R,Majority,0.23836214769789515,Majority,216334,750031,"{""Majority"": {""party"": ""Majority"", ""votes"": 178779, ""pct"": 31.3}, ""Scott Bradley"": {""party"": ""Constitution"", ""votes"": 21526, ""pct"": 3.77}, ""Roger Price"": {""party"": ""Personal Choice"", ""votes"": 9089, ""pct"": 1.59}, ""Dave Seely"": {""party"": ""Libertarian"", ""votes"": 4428, ""pct"": 0.78}, ""Julian Hatch"": {""party"": ""Green"", ""votes"": 2512, ""pct"": 0.44}}",0,0,0,-0.238362147698,0,0.100317147829,0.064150024599,-0.338679295527,0,0.2884334114189947,0.1619421913494981,0.1264912200694966,-0.3349822090062339,0.0,0.11970392561195677,0.07163212229926316,-0.45468613461819063,0.0,red,R+23.8,0,D+10.0,D+6.4,R+33.9,0,23.84%,28.84%,16.19%,12.65%,R+33.5,0,D+12.0,D+7.2,R+45.5,0,178779,,https://en.wikipedia.org/wiki/2006_United_States_Senate_election_in_Utah,"{""Orrin Hatch"": {""party"": ""Republican"", ""votes"": 356238, ""pct"": 62.36}, ""Majority"": {""party"": ""Majority"", ""votes"": 178779, ""pct"": 31.3}, ""Pete Ashdown"": {""party"": ""Democratic"", ""votes"": 177459, ""pct"": 31.06}, ""Scott Bradley"": {""party"": ""Constitution"", ""votes"": 21526, ""pct"": 3.77}, ""Roger Price"": {""party"": ""Personal Choice"", ""votes"": 9089, ""pct"": 1.59}, ""Dave Seely"": {""party"": ""Libertarian"", ""votes"": 4428, ""pct"": 0.78}, ""Julian Hatch"": {""party"": ""Green"", ""votes"": 2512, ""pct"": 0.44}}"
2006,Virginia,VA,I,regular,General,"United States Senate election in Virginia, 2006",1175606,1166277,28562,0.4959431667893581,0.4920076188226261,Jim Webb,George Allen,Jim Webb,D,George Allen,0.011011434561864967,Gail Parker,28562,2370445,"{""Gail Parker"": {""party"": ""Independent Greens"", ""votes"": 26102, ""pct"": 1.1}, ""Write-in"": {""party"": ""Write-in"", ""votes"": 2460, ""pct"": 0.1}}",0,0,0,0.003935547967,0,0.100317147829,0.064150024599,-0.096381599863,0,0.012049214388015752,0.1619421913494981,-0.14989297696148235,0.003983546573419765,0.0,0.11970392561195677,0.07163212229926316,-0.115720379038537,0.0,deepskyblue,D+0.4,0,D+10.0,D+6.4,R+9.6,0,1.10%,1.20%,16.19%,-14.99%,D+0.4,0,D+12.0,D+7.2,R+11.6,0,26102,,https://en.wikipedia.org/wiki/2006_United_States_Senate_election_in_Virginia,"{""Jim Webb"": {""party"": ""Democratic"", ""votes"": 1175606, ""pct"": 49.59}, ""George Allen"": {""party"": ""Republican"", ""votes"": 1166277, ""pct"": 49.2}, ""Gail Parker"": {""party"": ""Independent Greens"", ""votes"": 26102, ""pct"": 1.1}, ""Write-in"": {""party"": ""Write-in"", ""votes"": 2460, ""pct"": 0.1}}"
2006,Vermont,VT,I,regular,General,2006 United States Senate election in Vermont,0,84924,177495,0.0,0.32361985984246566,None,Richard Tarrant,Bernie Sanders,T,Richard Tarrant,0.6540608721167294,Bernie Sanders,177495,262419,"{""Bernie Sanders"": {""party"": ""Independent"", ""votes"": 171638, ""pct"": 65.41}, ""Cris Ericson"": {""party"": ""Independent"", ""votes"": 1735, ""pct"": 0.66}, ""Craig Hill"": {""party"": ""Green"", ""votes"": 1536, ""pct"": 0.59}, ""Peter D. Moss"": {""party"": ""Independent"", ""votes"": 1518, ""pct"": 0.58}, ""Peter Diamondstone"": {""party"": ""Liberty Union"", ""votes"": 801, ""pct"": 0.31}, ""Write-in"": {""party"": ""Write-in"", ""votes"": 267, ""pct"": 0.1}}",0,0,0,-0.323619859842,0,0.100317147829,0.064150024599,-0.423937007672,0,0.6763801401575343,0.1619421913494981,0.5144379488080362,-1.0,0.0,0.11970392561195677,0.07163212229926316,-1.1197039256119568,0.0,yellow,R+32.4,0,D+10.0,D+6.4,R+42.4,0,65.41%,67.64%,16.19%,51.44%,R+100.0,0,D+12.0,D+7.2,R+112.0,0,171638,,https://en.wikipedia.org/wiki/2006_United_States_Senate_election_in_Vermont,"{""Bernie Sanders"": {""party"": ""Independent"", ""votes"": 171638, ""pct"": 65.41}, ""Richard Tarrant"": {""party"": ""Republican"", ""votes"": 84924, ""pct"": 32.36}, ""Cris Ericson"": {""party"": ""Independent"", ""votes"": 1735, ""pct"": 0.66}, ""Craig Hill"": {""party"": ""Green"", ""votes"": 1536, ""pct"": 0.59}, ""Peter D. Moss"": {""party"": ""Independent"", ""votes"": 1518, ""pct"": 0.58}, ""Peter Diamondstone"": {""party"": ""Liberty Union"", ""votes"": 801, ""pct"": 0.31}, ""Write-in"": {""party"": ""Write-in"", ""votes"": 267, ""pct"": 0.1}}"
2006,Washington,WA,I,regular,General,General election results,1184659,832106,411498,0.48786272327173785,0.34267540212901154,Maria Cantwell,Mike McGavick,Maria Cantwell,D,Mike McGavick,0.14128782590683134,Majority,411498,2428263,"{""Majority"": {""party"": ""Majority"", ""votes"": 343084, ""pct"": 16.9}, ""Bruce Guthrie"": {""party"": ""Libertarian"", ""votes"": 29331, ""pct"": 1.41}, ""Aaron Dixon"": {""party"": ""Green"", ""votes"": 21254, ""pct"": 1.02}, ""Robin Adair"": {""party"": ""Independent"", ""votes"": 16384, ""pct"": 0.79}, ""Write-in"": {""party"": ""Write-in"", ""votes"": 1445, ""pct"": 0.07}}",0,0,0,0.145187321143,0,0.100317147829,0.064150024599,0.044870173313,0,0.16946187459925058,0.1619421913494981,0.007519683249752468,0.1748111455722407,0.0,0.11970392561195677,0.07163212229926316,0.055107219960283935,0.0,deepskyblue,D+14.5,0,D+10.0,D+6.4,D+4.5,0,14.13%,16.95%,16.19%,0.75%,D+17.5,0,D+12.0,D+7.2,D+5.5,0,343084,,https://en.wikipedia.org/wiki/2006_United_States_Senate_election_in_Washington,"{""Maria Cantwell"": {""party"": ""Democratic"", ""votes"": 1184659, ""pct"": 56.81}, ""Mike McGavick"": {""party"": ""Republican"", ""votes"": 832106, ""pct"": 39.91}, ""Majority"": {""party"": ""Majority"", ""votes"": 343084, ""pct"": 16.9}, ""Bruce Guthrie"": {""party"": ""Libertarian"", ""votes"": 29331, ""pct"": 1.41}, ""Aaron Dixon"": {""party"": ""Green"", ""votes"": 21254, ""pct"": 1.02}, ""Robin Adair"": {""party"": ""Independent"", ""votes"": 16384, ""pct"": 0.79}, ""Write-in"": {""party"": ""Write-in"", ""votes"": 1445, ""pct"": 0.07}, ""Democratic hold"": {""party"": ""Democratic hold"", ""votes"": 0, ""pct"": 8.39}}"
2006,Wisconsin,WI,I,regular,General,"2006 United States Senate election, Wisconsin",1439214,630299,877699,0.4883306664060814,0.2138627964326964,Herb Kohl,Robert Lorge,Herb Kohl,D,Majority,0.274467869973385,Majority,877699,2947212,"{""Majority"": {""party"": ""Majority"", ""votes"": 808915, ""pct"": 37.83}, ""Rae Vogeler"": {""party"": ""Green"", ""votes"": 42434, ""pct"": 1.98}, ""Ben Glatzel"": {""party"": ""Independent"", ""votes"": 25096, ""pct"": 1.17}, ""Scattered"": {""party"": ""Other"", ""votes"": 1254, ""pct"": 0.06}}",0,0,0,0.274467869973,0,0.100317147829,0.064150024599,0.174150722144,0,0.2978065371612222,0.1619421913494981,0.13586434581172407,0.39087215204736575,0.0,0.11970392561195677,0.07163212229926316,0.271168226435409,0.0,deepskyblue,D+27.4,0,D+10.0,D+6.4,D+17.4,0,27.45%,29.78%,16.19%,13.59%,D+39.1,0,D+12.0,D+7.2,D+27.1,0,808915,,https://en.wikipedia.org/wiki/2006_United_States_Senate_election_in_Wisconsin,"{""Herb Kohl"": {""party"": ""Democratic"", ""votes"": 1439214, ""pct"": 67.31}, ""Majority"": {""party"": ""Majority"", ""votes"": 808915, ""pct"": 37.83}, ""Robert Lorge"": {""party"": ""Republican"", ""votes"": 630299, ""pct"": 29.48}, ""Rae Vogeler"": {""party"": ""Green"", ""votes"": 42434, ""pct"": 1.98}, ""Ben Glatzel"": {""party"": ""Independent"", ""votes"": 25096, ""pct"": 1.17}, ""Scattered"": {""party"": ""Other"", ""votes"": 1254, ""pct"": 0.06}}"
2006,West Virginia,WV,I,regular,General,2006 West Virginia United States Senate General Election,296276,155043,149798,0.4928757629546328,0.25792482994159205,Robert Byrd,John Raese,Robert Byrd,D,John Raese,0.23495093301304074,Majority,149798,601117,"{""Majority"": {""party"": ""Majority"", ""votes"": 141233, ""pct"": 30.71}, ""Jesse Johnson"": {""party"": ""Mountain"", ""votes"": 8565, ""pct"": 1.86}}",0,0,0,0.234950933013,0,0.100317147829,0.064150024599,0.134633785184,0,0.24919940710377514,0.1619421913494981,0.08725721575427703,0.3129338671759886,0.0,0.11970392561195677,0.07163212229926316,0.19322994156403184,0.0,deepskyblue,D+23.5,0,D+10.0,D+6.4,D+13.5,0,23.50%,24.92%,16.19%,8.73%,D+31.3,0,D+12.0,D+7.2,D+19.3,0,141233,,https://en.wikipedia.org/wiki/2006_United_States_Senate_election_in_West_Virginia,"{""Robert Byrd"": {""party"": ""Democratic"", ""votes"": 296276, ""pct"": 64.42}, ""John Raese"": {""party"": ""Republican"", ""votes"": 155043, ""pct"": 33.71}, ""Majority"": {""party"": ""Majority"", ""votes"": 141233, ""pct"": 30.71}, ""Jesse Johnson"": {""party"": ""Mountain"", ""votes"": 8565, ""pct"": 1.86}}"
2006,Wyoming,WY,I,regular,General,General election results,57671,135174,77794,0.2130919786135775,0.4994623834702316,Dale Groutage,Craig L. Thomas,Craig L. Thomas,R,Majority,0.28637040485665405,Majority,77794,270639,"{""Majority"": {""party"": ""Majority"", ""votes"": 77503, ""pct"": 40.13}, ""Write-ins"": {""party"": ""Write-ins"", ""votes"": 291, ""pct"": 0.15}}",0,0,0,-0.286370404857,0,0.100317147829,0.064150024599,-0.386687552686,0,0.28744563791619093,0.1619421913494981,0.12550344656669282,-0.40189271176333324,0.0,0.11970392561195677,0.07163212229926316,-0.52159663737529,0.0,red,R+28.6,0,D+10.0,D+6.4,R+38.7,0,28.64%,28.74%,16.19%,12.55%,R+40.2,0,D+12.0,D+7.2,R+52.2,0,77503,,https://en.wikipedia.org/wiki/2006_United_States_Senate_election_in_Wyoming,"{""Craig L. Thomas"": {""party"": ""Republican"", ""votes"": 135174, ""pct"": 69.99}, ""Majority"": {""party"": ""Majority"", ""votes"": 77503, ""pct"": 40.13}, ""Dale Groutage"": {""party"": ""Democratic"", ""votes"": 57671, ""pct"": 29.86}, ""Write-ins"": {""party"": ""Write-ins"", ""votes"": 291, ""pct"": 0.15}}"
2008,United States,NATIONAL,,national,Aggregate,National aggregate,34497586,29502160,9088809,0.4719970999563475,0.4036495180401364,Democratic total,Republican total,Democratic Party,D,Republican Party,0.0,Various,9088809,73088555,{},565164,2824949,765815,0.068347581916,-0.031969565913,0.068347581916,-0.031969565913,0.000000000000,0.000000000000,0.12435338200351614,0.12435338200351614,0.0,0.07805384102618157,-0.041650084585775196,0.07805384102618157,-0.041650084585775196,0.0,0.0,transparent,D+6.8,R+3.2,D+6.8,R+3.2,EVEN,EVEN,0.00%,12.44%,12.44%,0.00%,D+7.8,R+4.2,D+7.8,R+4.2,EVEN,EVEN,0,,,{}
2008,Alaska,AK,II,regular,General,2008 United States Senate election in Alaska,151767,147814,18142,0.4776708012954681,0.46522914614302396,Mark Begich,Ted Stevens,Mark Begich,D,Ted Stevens,0.04153618088712495,Bob Bird,18142,317723,"{""Bob Bird"": {""party"": ""Independence"", ""votes"": 13197, ""pct"": 4.15}, ""Fredrick Haase"": {""party"": ""Libertarian"", ""votes"": 2483, ""pct"": 0.78}, ""Ted Gianoutsos"": {""party"": ""Independent"", ""votes"": 1385, ""pct"": 0.44}, ""Write-in"": {""party"": ""Write-in"", ""votes"": 1077, ""pct"": 0.34}}",0,0,0,0.012441655152,0,0.068347581916,-0.031969565913,-0.055905926764,0,0.05710005256150798,0.12435338200351614,-0.06725332944200817,0.013195095817157963,0.0,0.07805384102618157,-0.041650084585775196,-0.0648587452090236,0.0,deepskyblue,D+1.2,0,D+6.8,R+3.2,R+5.6,0,4.15%,5.71%,12.44%,-6.73%,D+1.3,0,D+7.8,R+4.2,R+6.5,0,13197,,https://en.wikipedia.org/wiki/2008_United_States_Senate_election_in_Alaska,"{""Mark Begich"": {""party"": ""Democratic"", ""votes"": 151767, ""pct"": 47.77}, ""Ted Stevens"": {""party"": ""Republican"", ""votes"": 147814, ""pct"": 46.52}, ""Bob Bird"": {""party"": ""Independence"", ""votes"": 13197, ""pct"": 4.15}, ""Fredrick Haase"": {""party"": ""Libertarian"", ""votes"": 2483, ""pct"": 0.78}, ""Ted Gianoutsos"": {""party"": ""Independent"", ""votes"": 1385, ""pct"": 0.44}, ""Write-in"": {""party"": ""Write-in"", ""votes"": 1077, ""pct"": 0.34}}"
2008,Alabama,AL,II,regular,General,2008 United States Senate election in Alabama,752391,1305383,2417,0.36520448832171387,0.6336223194839702,Vivian Davis Figures,Jeff Sessions,Jeff Sessions,R,Vivian Davis Figures,0.001173192194315964,Write-in,2417,2060191,"{""Write-in"": {""party"": ""Write-in"", ""votes"": 2417, ""pct"": 0.12}}",0,0,0,-0.268417831162,0,0.068347581916,-0.031969565913,-0.336765413078,0,0.001173192194315964,0.12435338200351614,-0.12318018980920017,-0.2687331067454444,0.0,0.07805384102618157,-0.041650084585775196,-0.34678694777162594,0.0,red,R+26.8,0,D+6.8,R+3.2,R+33.7,0,0.12%,0.12%,12.44%,-12.32%,R+26.9,0,D+7.8,R+4.2,R+34.7,0,2417,,https://en.wikipedia.org/wiki/2008_United_States_Senate_election_in_Alabama,"{""Jeff Sessions"": {""party"": ""Republican"", ""votes"": 1305383, ""pct"": 63.36}, ""Vivian Davis Figures"": {""party"": ""Democratic"", ""votes"": 752391, ""pct"": 36.52}, ""Write-in"": {""party"": ""Write-in"", ""votes"": 2417, ""pct"": 0.12}}"
2008,Arkansas,AR,II,regular,General,2008 United States Senate election in Arkansas,804678,0,207076,0.7953296947677004,0.0,Mark Pryor,None,Mark Pryor,D,Rebekah Kennedy,0.20467030523229954,Rebekah Kennedy,207076,1011754,"{""Rebekah Kennedy"": {""party"": ""Green"", ""votes"": 207076, ""pct"": 20.47}}",0,0,0,0.795329694768,0,0.068347581916,-0.031969565913,0.726982112851,0,0.20467030523229954,0.12435338200351614,0.0803169232287834,1.0,0.0,0.07805384102618157,-0.041650084585775196,0.9219461589738185,0.0,deepskyblue,D+79.5,0,D+6.8,R+3.2,D+72.7,0,20.47%,20.47%,12.44%,8.03%,D+100.0,0,D+7.8,R+4.2,D+92.2,0,207076,,https://en.wikipedia.org/wiki/2008_United_States_Senate_election_in_Arkansas,"{""Mark Pryor"": {""party"": ""Democratic"", ""votes"": 804678, ""pct"": 79.53}, ""Rebekah Kennedy"": {""party"": ""Green"", ""votes"": 207076, ""pct"": 20.47}}"
2008,Colorado,CO,II,regular,General,2008 United States Senate election in Colorado,1231049,990784,109879,0.5279592848516454,0.42491697087805014,Mark Udall,Bob Schaffer,Mark Udall,D,Bob Schaffer,0.025618944363626384,Douglas Campbell,109879,2331712,"{""Douglas Campbell"": {""party"": ""Constitution"", ""votes"": 59736, ""pct"": 2.56}, ""Bob Kinsey"": {""party"": ""Green"", ""votes"": 50008, ""pct"": 2.14}, ""Write-in"": {""party"": ""Write-in"", ""votes"": 135, ""pct"": 0.01}}",0,0,0,0.103042313974,0,0.068347581916,-0.031969565913,0.034694732057,0,0.04712374427030439,0.12435338200351614,-0.07722963773321176,0.10813819040404928,0.0,0.07805384102618157,-0.041650084585775196,0.030084349377867706,0.0,deepskyblue,D+10.3,0,D+6.8,R+3.2,D+3.5,0,2.56%,4.71%,12.44%,-7.72%,D+10.8,0,D+7.8,R+4.2,D+3.0,0,59736,,https://en.wikipedia.org/wiki/2008_United_States_Senate_election_in_Colorado,"{""Mark Udall"": {""party"": ""Democratic"", ""votes"": 1231049, ""pct"": 52.8}, ""Bob Schaffer"": {""party"": ""Republican"", ""votes"": 990784, ""pct"": 42.49}, ""Douglas Campbell"": {""party"": ""Constitution"", ""votes"": 59736, ""pct"": 2.56}, ""Bob Kinsey"": {""party"": ""Green"", ""votes"": 50008, ""pct"": 2.14}, ""Write-in"": {""party"": ""Write-in"", ""votes"": 135, ""pct"": 0.01}}"
2008,Delaware,DE,II,regular,General,"United States Senate election in Delaware, 2008",257539,140595,116944,0.5,0.272958658688587,Joe Biden,Christine O'Donnell,Joe Biden,D,Christine O'Donnell,0.22704134131141304,Majority,116944,515078,"{""Majority"": {""party"": ""Majority"", ""votes"": 116944, ""pct"": 29.38}}",0,0,0,0.227041341311,0,0.068347581916,-0.031969565913,0.158693759395,0,0.22704134131141304,0.12435338200351614,0.1026879593078969,0.29373025162382516,0.0,0.07805384102618157,-0.041650084585775196,0.2156764105976436,0.0,deepskyblue,D+22.7,0,D+6.8,R+3.2,D+15.9,0,22.70%,22.70%,12.44%,10.27%,D+29.4,0,D+7.8,R+4.2,D+21.6,0,116944,,https://en.wikipedia.org/wiki/2008_United_States_Senate_election_in_Delaware,"{""Joe Biden"": {""party"": ""Democratic"", ""votes"": 257539, ""pct"": 64.69}, ""Christine O'Donnell"": {""party"": ""Republican"", ""votes"": 140595, ""pct"": 35.31}, ""Majority"": {""party"": ""Majority"", ""votes"": 116944, ""pct"": 29.38}}"
2008,Georgia,GA,II,regular,General,2008 United States Senate general election in Georgia,1757393,1867097,446105,0.43172877675131033,0.4586791365881401,Jim Martin,Saxby Chambliss,Saxby Chambliss,R,Jim Martin,0.07814828053392686,Majority,446105,4070595,"{""Majority"": {""party"": ""Majority"", ""votes"": 318110, ""pct"": 14.88}, ""Allen Buckley"": {""party"": ""Libertarian"", ""votes"": 127923, ""pct"": 3.41}, ""Eleanor Garcia"": {""party"": ""Socialist Workers"", ""votes"": 43, ""pct"": 0.0}, ""William Salomone, Jr."": {""party"": ""Independent"", ""votes"": 29, ""pct"": 0.0}}",0,0,0,-0.026950359837,0,0.068347581916,-0.031969565913,-0.095297941753,0,0.10959208666054962,0.12435338200351614,-0.014761295342966524,-0.030267430728185208,0.0,0.07805384102618157,-0.041650084585775196,-0.10832127175436677,0.0,red,R+2.7,0,D+6.8,R+3.2,R+9.5,0,7.81%,10.96%,12.44%,-1.48%,R+3.0,0,D+7.8,R+4.2,R+10.8,0,318110,,https://en.wikipedia.org/wiki/2008_United_States_Senate_election_in_Georgia,"{""Saxby Chambliss"": {""party"": ""Republican"", ""votes"": 1867097, ""pct"": 49.76}, ""Jim Martin"": {""party"": ""Democratic"", ""votes"": 1757393, ""pct"": 46.83}, ""Majority"": {""party"": ""Majority"", ""votes"": 318110, ""pct"": 14.88}, ""Allen Buckley"": {""party"": ""Libertarian"", ""votes"": 127923, ""pct"": 3.41}, ""Eleanor Garcia"": {""party"": ""Socialist Workers"", ""votes"": 43, ""pct"": 0.0}, ""William Salomone, Jr."": {""party"": ""Independent"", ""votes"": 29, ""pct"": 0.0}}"
2008,Iowa,IA,II,regular,General,"United States Senate election in Iowa, 2008",941665,560006,382906,0.4996691565269023,0.2971520930160986,Tom Harkin,Christopher Reed,Tom Harkin,D,Christopher Reed,0.20251706351080376,Majority,382906,1884577,"{""Majority"": {""party"": ""Majority"", ""votes"": 381659, ""pct"": 25.39}, ""Write-in"": {""party"": ""Write-in"", ""votes"": 1247, ""pct"": 0.08}}",0,0,0,0.202517063511,0,0.068347581916,-0.031969565913,0.134169481595,0,0.2031787504569991,0.12435338200351614,0.07882536845348295,0.2541562033228317,0.0,0.07805384102618157,-0.041650084585775196,0.1761023622966501,0.0,deepskyblue,D+20.3,0,D+6.8,R+3.2,D+13.4,0,20.25%,20.32%,12.44%,7.88%,D+25.4,0,D+7.8,R+4.2,D+17.6,0,381659,,https://en.wikipedia.org/wiki/2008_United_States_Senate_election_in_Iowa,"{""Tom Harkin"": {""party"": ""Democratic"", ""votes"": 941665, ""pct"": 62.66}, ""Christopher Reed"": {""party"": ""Republican"", ""votes"": 560006, ""pct"": 37.26}, ""Majority"": {""party"": ""Majority"", ""votes"": 381659, ""pct"": 25.39}, ""Write-in"": {""party"": ""Write-in"", ""votes"": 1247, ""pct"": 0.08}}"
2008,Idaho,ID,II,regular,General,General election results,219903,371744,204974,0.2760446937753336,0.4666510172340423,Larry LaRocco,Jim Risch,Jim Risch,R,Larry LaRocco,0.19060632345870873,Majority,204974,796621,"{""Majority"": {""party"": ""Majority"", ""votes"": 151841, ""pct"": 23.55}, ""Rex Rammell"": {""party"": ""Independent"", ""votes"": 34510, ""pct"": 5.35}, ""Kent Marmon"": {""party"": ""Libertarian"", ""votes"": 9958, ""pct"": 1.54}, ""Pro-Life"": {""party"": ""Independent"", ""votes"": 8662, ""pct"": 1.35}, ""Write-in"": {""party"": ""Write-in"", ""votes"": 3, ""pct"": 0.0}}",0,0,0,-0.190606323459,0,0.068347581916,-0.031969565913,-0.258953905375,0,0.25730428899062413,0.12435338200351614,0.132950906987108,-0.256641206665461,0.0,0.07805384102618157,-0.041650084585775196,-0.33469504769164254,0.0,red,R+19.1,0,D+6.8,R+3.2,R+25.9,0,19.06%,25.73%,12.44%,13.30%,R+25.7,0,D+7.8,R+4.2,R+33.5,0,151841,,https://en.wikipedia.org/wiki/2008_United_States_Senate_election_in_Idaho,"{""Jim Risch"": {""party"": ""Republican"", ""votes"": 371744, ""pct"": 57.65}, ""Larry LaRocco"": {""party"": ""Democratic"", ""votes"": 219903, ""pct"": 34.11}, ""Majority"": {""party"": ""Majority"", ""votes"": 151841, ""pct"": 23.55}, ""Rex Rammell"": {""party"": ""Independent"", ""votes"": 34510, ""pct"": 5.35}, ""Kent Marmon"": {""party"": ""Libertarian"", ""votes"": 9958, ""pct"": 1.54}, ""Pro-Life"": {""party"": ""Independent"", ""votes"": 8662, ""pct"": 1.35}, ""Write-in"": {""party"": ""Write-in"", ""votes"": 3, ""pct"": 0.0}}"
2008,Illinois,IL,II,regular,General,2008 United States Senate election in Illinois,3615844,1520621,193418,0.6784096386355948,0.2853010094217828,Dick Durbin,Steve Sauerberg,Dick Durbin,D,Steve Sauerberg,0.022352273023629222,Kathy Cummings,193418,5329883,"{""Kathy Cummings"": {""party"": ""Green"", ""votes"": 119135, ""pct"": 2.24}, ""Larry A. Stafford"": {""party"": ""Libertarian"", ""votes"": 50224, ""pct"": 0.94}, ""Chad N. Koppie"": {""party"": ""Constitution"", ""votes"": 24059, ""pct"": 0.45}}",0,0,0,0.393108629214,0,0.068347581916,-0.031969565913,0.324761047298,0,0.03628935194262238,0.12435338200351614,-0.08806403006089376,0.4079114721895311,0.0,0.07805384102618157,-0.041650084585775196,0.32985763116334954,0.0,deepskyblue,D+39.3,0,D+6.8,R+3.2,D+32.5,0,2.24%,3.63%,12.44%,-8.81%,D+40.8,0,D+7.8,R+4.2,D+33.0,0,119135,,https://en.wikipedia.org/wiki/2008_United_States_Senate_election_in_Illinois,"{""Dick Durbin"": {""party"": ""Democratic"", ""votes"": 3615844, ""pct"": 67.84}, ""Steve Sauerberg"": {""party"": ""Republican"", ""votes"": 1520621, ""pct"": 28.53}, ""Kathy Cummings"": {""party"": ""Green"", ""votes"": 119135, ""pct"": 2.24}, ""Larry A. Stafford"": {""party"": ""Libertarian"", ""votes"": 50224, ""pct"": 0.94}, ""Chad N. Koppie"": {""party"": ""Constitution"", ""votes"": 24059, ""pct"": 0.45}}"
2008,Kansas,KS,II,regular,General,General election results,441399,727121,327892,0.29497157200022456,0.4859096291662991,Jim Slattery,Pat Roberts,Pat Roberts,R,Jim Slattery,0.1909380571660746,Majority,327892,1496412,"{""Majority"": {""party"": ""Majority"", ""votes"": 285722, ""pct"": 23.6}, ""Randall Hodgkinson"": {""party"": ""Libertarian"", ""votes"": 25727, ""pct"": 2.12}, ""Joseph L. Martin"": {""party"": ""Reform"", ""votes"": 16443, ""pct"": 1.36}}",0,0,0,-0.190938057166,0,0.068347581916,-0.031969565913,-0.259285639082,0,0.21911879883347635,0.12435338200351614,0.0947654168299602,-0.2445161400746243,0.0,0.07805384102618157,-0.041650084585775196,-0.32256998110080587,0.0,red,R+19.1,0,D+6.8,R+3.2,R+25.9,0,19.09%,21.91%,12.44%,9.48%,R+24.5,0,D+7.8,R+4.2,R+32.3,0,285722,,https://en.wikipedia.org/wiki/2008_United_States_Senate_election_in_Kansas,"{""Pat Roberts"": {""party"": ""Republican"", ""votes"": 727121, ""pct"": 60.06}, ""Jim Slattery"": {""party"": ""Democratic"", ""votes"": 441399, ""pct"": 36.46}, ""Majority"": {""party"": ""Majority"", ""votes"": 285722, ""pct"": 23.6}, ""Randall Hodgkinson"": {""party"": ""Libertarian"", ""votes"": 25727, ""pct"": 2.12}, ""Joseph L. Martin"": {""party"": ""Reform"", ""votes"": 16443, ""pct"": 1.36}}"
2008,Kentucky,KY,II,regular,General,General election results,847005,953816,0,0.4703438042981507,0.5296561957018493,Bruce Lunsford,Mitch McConnell,Mitch McConnell,R,Bruce Lunsford,0.0,None,0,1800821,{},0,0,0,-0.059312391404,0,0.068347581916,-0.031969565913,-0.127659973320,0,0.0,0.12435338200351614,-0.12435338200351614,-0.05931239140369864,0.0,0.07805384102618157,-0.041650084585775196,-0.13736623242988022,0.0,red,R+5.9,0,D+6.8,R+3.2,R+12.8,0,0.00%,0.00%,12.44%,-12.44%,R+5.9,0,D+7.8,R+4.2,R+13.7,0,0,,https://en.wikipedia.org/wiki/2008_United_States_Senate_election_in_Kentucky,"{""Mitch McConnell"": {""party"": ""Republican"", ""votes"": 953816, ""pct"": 52.97}, ""Bruce Lunsford"": {""party"": ""Democratic"", ""votes"": 847005, ""pct"": 47.03}}"
2008,Louisiana,LA,II,regular,General,2008 United States Senate election in Louisiana,988298,867177,162220,0.4898153586146568,0.42978596864243607,Mary Landrieu,John Kennedy,Mary Landrieu,D,John Kennedy,0.06002938997222078,Majority,162220,2017695,"{""Majority"": {""party"": ""Majority"", ""votes"": 121121, ""pct"": 6.39}, ""Richard Fontanesi"": {""party"": ""Libertarian"", ""votes"": 18590, ""pct"": 0.98}, ""Jay Patel"": {""party"": ""Independent"", ""votes"": 13729, ""pct"": 0.72}, ""Robert Stewart"": {""party"": ""Independent"", ""votes"": 8780, ""pct"": 0.46}}",0,0,0,0.060029389972,0,0.068347581916,-0.031969565913,-0.008318191944,0,0.08039867274290713,0.12435338200351614,-0.043954709260609015,0.06527762432800226,0.0,0.07805384102618157,-0.041650084585775196,-0.012776216698179313,0.0,deepskyblue,D+6.0,0,D+6.8,R+3.2,R+0.8,0,6.00%,8.04%,12.44%,-4.40%,D+6.5,0,D+7.8,R+4.2,R+1.3,0,121121,,https://en.wikipedia.org/wiki/2008_United_States_Senate_election_in_Louisiana,"{""Mary Landrieu"": {""party"": ""Democratic"", ""votes"": 988298, ""pct"": 52.11}, ""John Kennedy"": {""party"": ""Republican"", ""votes"": 867177, ""pct"": 45.72}, ""Majority"": {""party"": ""Majority"", ""votes"": 121121, ""pct"": 6.39}, ""Richard Fontanesi"": {""party"": ""Libertarian"", ""votes"": 18590, ""pct"": 0.98}, ""Jay Patel"": {""party"": ""Independent"", ""votes"": 13729, ""pct"": 0.72}, ""Robert Stewart"": {""party"": ""Independent"", ""votes"": 8780, ""pct"": 0.46}}"
2008,Massachusetts,MA,II,regular,General,General election results,1971974,926044,1130829,0.4894636108047786,0.22985335506659846,John Kerry,Jeff Beatty,John Kerry,D,Majority,0.2574225330472962,Majority,1130829,4028847,"{""Majority"": {""party"": ""Majority"", ""votes"": 1037116, ""pct"": NaN}, ""Robert J. Underwood"": {""party"": ""Libertarian"", ""votes"": 93713, ""pct"": 3.13}}",0,0,0,0.259610255738,0,0.068347581916,-0.031969565913,0.191262673822,0,0.2806830341286229,0.12435338200351614,0.15632965212510674,0.36091218204993897,0.0,0.07805384102618157,-0.041650084585775196,0.2828583410237574,0.0,deepskyblue,D+26.0,0,D+6.8,R+3.2,D+19.1,0,25.74%,28.07%,12.44%,15.63%,D+36.1,0,D+7.8,R+4.2,D+28.3,0,1037116,,https://en.wikipedia.org/wiki/2008_United_States_Senate_election_in_Massachusetts,"{""John Kerry"": {""party"": ""Democratic"", ""votes"": 1971974, ""pct"": 65.86}, ""Majority"": {""party"": ""Majority"", ""votes"": 1037116, ""pct"": NaN}, ""Jeff Beatty"": {""party"": ""Republican"", ""votes"": 926044, ""pct"": 30.93}, ""Robert J. Underwood"": {""party"": ""Libertarian"", ""votes"": 93713, ""pct"": 3.13}}"
2008,Maine,ME-AL,II,regular,General,General election results,279510,444300,620,0.3858343801333462,0.613309774581395,Tom Allen,Susan Collins,Susan Collins,R,Tom Allen,0.0008558452852587551,Write-in,620,724430,"{""Write-in"": {""party"": ""Write-in"", ""votes"": 620, ""pct"": 0.09}}",0,0,0,-0.227475394448,0,0.068347581916,-0.031969565913,-0.295822976364,0,0.0008558452852587551,0.12435338200351614,-0.12349753671825739,-0.2276702449537862,0.0,0.07805384102618157,-0.041650084585775196,-0.3057240859799678,0.0,red,R+22.7,0,D+6.8,R+3.2,R+29.6,0,0.09%,0.09%,12.44%,-12.35%,R+22.8,0,D+7.8,R+4.2,R+30.6,0,620,,https://en.wikipedia.org/wiki/2008_United_States_Senate_election_in_Maine,"{""Susan Collins"": {""party"": ""Republican"", ""votes"": 444300, ""pct"": 61.33}, ""Tom Allen"": {""party"": ""Democratic"", ""votes"": 279510, ""pct"": 38.58}, ""Write-in"": {""party"": ""Write-in"", ""votes"": 620, ""pct"": 0.09}}"
2008,Michigan,MI,II,regular,General,General election results,3038386,1641070,1566480,0.4864580744983618,0.2627420453875928,Carl Levin,Jack Hoogendyk,Carl Levin,D,Jack Hoogendyk,0.223716029110769,Majority,1566480,6245936,"{""Majority"": {""party"": ""Majority"", ""votes"": 1397316, ""pct"": 28.82}, ""Scotty Boman"": {""party"": ""Libertarian"", ""votes"": 76347, ""pct"": 1.57}, ""Harley Mikkelson"": {""party"": ""Green"", ""votes"": 43440, ""pct"": 0.9}, ""Michael Nikitin"": {""party"": ""U.S. Taxpayers"", ""votes"": 30827, ""pct"": 0.64}, ""Doug Dern"": {""party"": ""Natural Law"", ""votes"": 18550, ""pct"": 0.38}}",0,0,0,0.223716029111,0,0.068347581916,-0.031969565913,0.155368447195,0,0.25079988011404536,0.12435338200351614,0.12644649811052922,0.2986065046877244,0.0,0.07805384102618157,-0.041650084585775196,0.2205526636615428,0.0,deepskyblue,D+22.4,0,D+6.8,R+3.2,D+15.5,0,22.37%,25.08%,12.44%,12.64%,D+29.9,0,D+7.8,R+4.2,D+22.1,0,1397316,,https://en.wikipedia.org/wiki/2008_United_States_Senate_election_in_Michigan,"{""Carl Levin"": {""party"": ""Democratic"", ""votes"": 3038386, ""pct"": 62.66}, ""Jack Hoogendyk"": {""party"": ""Republican"", ""votes"": 1641070, ""pct"": 33.85}, ""Majority"": {""party"": ""Majority"", ""votes"": 1397316, ""pct"": 28.82}, ""Scotty Boman"": {""party"": ""Libertarian"", ""votes"": 76347, ""pct"": 1.57}, ""Harley Mikkelson"": {""party"": ""Green"", ""votes"": 43440, ""pct"": 0.9}, ""Michael Nikitin"": {""party"": ""U.S. Taxpayers"", ""votes"": 30827, ""pct"": 0.64}, ""Doug Dern"": {""party"": ""Natural Law"", ""votes"": 18550, ""pct"": 0.38}}"
2008,Minnesota,MN,II,regular,General,2008 United States Senate election in Minnesota: Certified Results after election contest,1212629,1212317,463012,0.4198914942668834,0.41978345945474277,Al Franken,Norm Coleman,Al Franken,D,Norm Coleman,0.15149285412045466,Dean Barkley,463012,2887958,"{""Dean Barkley"": {""party"": ""Independence"", ""votes"": 437505, ""pct"": 15.151}, ""Charles Aldrich"": {""party"": ""Libertarian"", ""votes"": 13923, ""pct"": 0.48}, ""James Niemackl"": {""party"": ""Constitution"", ""votes"": 8907, ""pct"": 0.31}, ""Write-in"": {""party"": ""Write-in"", ""votes"": 2365, ""pct"": 0.08}, ""Plurality"": {""party"": ""Plurality"", ""votes"": 312, ""pct"": 0.011}}",0,0,0,0.000108034812,0,0.068347581916,-0.031969565913,-0.068239547104,0,0.16032504627837385,0.12435338200351614,0.035971664274857706,0.0001286626588798266,0.0,0.07805384102618157,-0.041650084585775196,-0.07792517836730174,0.0,deepskyblue,D+0.0,0,D+6.8,R+3.2,R+6.8,0,15.15%,16.03%,12.44%,3.60%,D+0.0,0,D+7.8,R+4.2,R+7.8,0,437505,,https://en.wikipedia.org/wiki/2008_United_States_Senate_election_in_Minnesota,"{""Al Franken"": {""party"": ""Democratic (DFL)"", ""votes"": 1212629, ""pct"": 41.994}, ""Norm Coleman"": {""party"": ""Republican"", ""votes"": 1212317, ""pct"": 41.983}, ""Dean Barkley"": {""party"": ""Independence"", ""votes"": 437505, ""pct"": 15.151}, ""Charles Aldrich"": {""party"": ""Libertarian"", ""votes"": 13923, ""pct"": 0.48}, ""James Niemackl"": {""party"": ""Constitution"", ""votes"": 8907, ""pct"": 0.31}, ""Write-in"": {""party"": ""Write-in"", ""votes"": 2365, ""pct"": 0.08}, ""Plurality"": {""party"": ""Plurality"", ""votes"": 312, ""pct"": 0.011}}"
2008,Mississippi,MS,II,regular,General,General election results,480915,766111,285196,0.3138677032440469,0.5,Erik Fleming,Thad Cochran,Thad Cochran,R,Erik Fleming,0.1861322967559531,Majority,285196,1532222,"{""Majority"": {""party"": ""Majority"", ""votes"": 285196, ""pct"": 22.88}}",0,0,0,-0.186132296756,0,0.068347581916,-0.031969565913,-0.254479878672,0,0.1861322967559531,0.12435338200351614,0.061778914752436964,-0.22870092524133417,0.0,0.07805384102618157,-0.041650084585775196,-0.30675476626751574,0.0,red,R+18.6,0,D+6.8,R+3.2,R+25.4,0,18.61%,18.61%,12.44%,6.18%,R+22.9,0,D+7.8,R+4.2,R+30.7,0,285196,,https://en.wikipedia.org/wiki/2008_United_States_Senate_election_in_Mississippi,"{""Thad Cochran"": {""party"": ""Republican"", ""votes"": 766111, ""pct"": 61.44}, ""Erik Fleming"": {""party"": ""Democratic"", ""votes"": 480915, ""pct"": 38.56}, ""Majority"": {""party"": ""Majority"", ""votes"": 285196, ""pct"": 22.88}}"
2008,Montana,MT,II,regular,General,General election results,348289,129369,0,0.7291597754041594,0.27084022459584056,Max Baucus,Bob Kelleher,Max Baucus,D,Bob Kelleher,0.0,None,0,477658,{},0,0,0,0.458319550808,0,0.068347581916,-0.031969565913,0.389971968892,0,0.0,0.12435338200351614,-0.12435338200351614,0.45831955080831893,0.0,0.07805384102618157,-0.041650084585775196,0.38026570978213736,0.0,deepskyblue,D+45.8,0,D+6.8,R+3.2,D+39.0,0,0.00%,0.00%,12.44%,-12.44%,D+45.8,0,D+7.8,R+4.2,D+38.0,0,0,,https://en.wikipedia.org/wiki/2008_United_States_Senate_election_in_Montana,"{""Max Baucus"": {""party"": ""Democratic"", ""votes"": 348289, ""pct"": 72.92}, ""Bob Kelleher"": {""party"": ""Republican"", ""votes"": 129369, ""pct"": 27.08}}"
2008,North Carolina,NC,II,regular,General,2008 United States Senate election in North Carolina,2249311,1887510,135149,0.5265278080136331,0.44183596794921315,Kay Hagan,Elizabeth Dole,Kay Hagan,D,Elizabeth Dole,0.031233833570928633,Chris Cole,135149,4271970,"{""Chris Cole"": {""party"": ""Libertarian"", ""votes"": 133430, ""pct"": 3.17}, ""Write-in"": {""party"": ""Write-in"", ""votes"": 1719, ""pct"": 0.0}}",0,0,0,0.084691840064,0,0.068347581916,-0.031969565913,0.016344258148,0,0.03163622403715382,0.12435338200351614,-0.09271715796636232,0.08745870319262061,0.0,0.07805384102618157,-0.041650084585775196,0.009404862166439043,0.0,deepskyblue,D+8.5,0,D+6.8,R+3.2,D+1.6,0,3.12%,3.16%,12.44%,-9.27%,D+8.7,0,D+7.8,R+4.2,D+0.9,0,133430,,https://en.wikipedia.org/wiki/2008_United_States_Senate_election_in_North_Carolina,"{""Kay Hagan"": {""party"": ""Democratic"", ""votes"": 2249311, ""pct"": 52.65}, ""Elizabeth Dole"": {""party"": ""Republican"", ""votes"": 1887510, ""pct"": 44.18}, ""Chris Cole"": {""party"": ""Libertarian"", ""votes"": 133430, ""pct"": 3.17}, ""Write-in"": {""party"": ""Write-in"", ""votes"": 1719, ""pct"": 0.0}}"
2008,Nebraska,NE-AL,II,regular,General,2008 United States Senate election in Nebraska,317456,455854,157599,0.341017220802463,0.48968696188349237,Scott Kleeb,Mike Johanns,Mike Johanns,R,Scott Kleeb,0.1486697410810294,Majority,157599,930909,"{""Majority"": {""party"": ""Majority"", ""votes"": 138398, ""pct"": 17.46}, ""Kelly Rosberg"": {""party"": ""Nebraska"", ""votes"": 11438, ""pct"": 1.44}, ""Steve Larrick"": {""party"": ""Green"", ""votes"": 7763, ""pct"": 0.98}}",0,0,0,-0.148669741081,0,0.068347581916,-0.031969565913,-0.217017322997,0,0.16929581731404467,0.12435338200351614,0.04494243531052852,-0.17896833094101977,0.0,0.07805384102618157,-0.041650084585775196,-0.25702217196720134,0.0,red,R+14.9,0,D+6.8,R+3.2,R+21.7,0,14.87%,16.93%,12.44%,4.49%,R+17.9,0,D+7.8,R+4.2,R+25.7,0,138398,,https://en.wikipedia.org/wiki/2008_United_States_Senate_election_in_Nebraska,"{""Mike Johanns"": {""party"": ""Republican"", ""votes"": 455854, ""pct"": 57.52}, ""Scott Kleeb"": {""party"": ""Democratic"", ""votes"": 317456, ""pct"": 40.06}, ""Majority"": {""party"": ""Majority"", ""votes"": 138398, ""pct"": 17.46}, ""Kelly Rosberg"": {""party"": ""Nebraska"", ""votes"": 11438, ""pct"": 1.44}, ""Steve Larrick"": {""party"": ""Green"", ""votes"": 7763, ""pct"": 0.98}}"
2008,New Hampshire,NH,II,regular,General,2008 United States Senate election in New Hampshire,358438,314403,21516,0.5162157218836996,0.45279733624057944,Jeanne Shaheen,John Sununu,Jeanne Shaheen,D,John Sununu,0.03098694187572099,Ken Blevens,21516,694357,"{""Ken Blevens"": {""party"": ""Libertarian"", ""votes"": 21516, ""pct"": 3.1}}",0,0,0,0.063418385643,0,0.068347581916,-0.031969565913,-0.004929196273,0,0.03098694187572099,0.12435338200351614,-0.09336644012779516,0.0654463684585214,0.0,0.07805384102618157,-0.041650084585775196,-0.012607472567660163,0.0,deepskyblue,D+6.3,0,D+6.8,R+3.2,R+0.5,0,3.10%,3.10%,12.44%,-9.34%,D+6.5,0,D+7.8,R+4.2,R+1.3,0,21516,,https://en.wikipedia.org/wiki/2008_United_States_Senate_election_in_New_Hampshire,"{""Jeanne Shaheen"": {""party"": ""Democratic"", ""votes"": 358438, ""pct"": 51.62}, ""John Sununu"": {""party"": ""Republican"", ""votes"": 314403, ""pct"": 45.28}, ""Ken Blevens"": {""party"": ""Libertarian"", ""votes"": 21516, ""pct"": 3.1}}"
2008,New Jersey,NJ,II,regular,General,2008 United States Senate election in New Jersey,1951218,1461025,75197,0.5594986580414286,0.4189391071961095,Frank Lautenberg,Dick Zimmer,Frank Lautenberg,D,Dick Zimmer,0.005998669511160049,Daryl Mikell Brooks,75197,3487440,"{""Daryl Mikell Brooks"": {""party"": ""Independent"", ""votes"": 20920, ""pct"": 0.6}, ""Jason Scheurer"": {""party"": ""Libertarian"", ""votes"": 18810, ""pct"": 0.54}, ""J.M. Carter"": {""party"": ""Independent"", ""votes"": 15935, ""pct"": 0.46}, ""Jeff Boss"": {""party"": ""Independent"", ""votes"": 10345, ""pct"": 0.3}, ""Sara Lobman"": {""party"": ""Socialist Workers"", ""votes"": 9187, ""pct"": 0.26}}",0,0,0,0.140559550845,0,0.068347581916,-0.031969565913,0.072211968929,0,0.021562234762461864,0.12435338200351614,-0.10279114724105429,0.1436571193786609,0.0,0.07805384102618157,-0.041650084585775196,0.06560327835247934,0.0,deepskyblue,D+14.1,0,D+6.8,R+3.2,D+7.2,0,0.60%,2.16%,12.44%,-10.28%,D+14.4,0,D+7.8,R+4.2,D+6.6,0,20920,,https://en.wikipedia.org/wiki/2008_United_States_Senate_election_in_New_Jersey,"{""Frank Lautenberg"": {""party"": ""Democratic"", ""votes"": 1951218, ""pct"": 56.03}, ""Dick Zimmer"": {""party"": ""Republican"", ""votes"": 1461025, ""pct"": 41.95}, ""Daryl Mikell Brooks"": {""party"": ""Independent"", ""votes"": 20920, ""pct"": 0.6}, ""Jason Scheurer"": {""party"": ""Libertarian"", ""votes"": 18810, ""pct"": 0.54}, ""J.M. Carter"": {""party"": ""Independent"", ""votes"": 15935, ""pct"": 0.46}, ""Jeff Boss"": {""party"": ""Independent"", ""votes"": 10345, ""pct"": 0.3}, ""Sara Lobman"": {""party"": ""Socialist Workers"", ""votes"": 9187, ""pct"": 0.26}}"
2008,New Mexico,NM,II,regular,General,2008 United States Senate election in New Mexico,505128,318522,0,0.6132799125842288,0.38672008741577124,Tom Udall,Steve Pearce,Tom Udall,D,Steve Pearce,0.0,None,0,823650,{},0,0,0,0.226559825168,0,0.068347581916,-0.031969565913,0.158212243252,0,0.0,0.12435338200351614,-0.12435338200351614,0.22655982516845746,0.0,0.07805384102618157,-0.041650084585775196,0.1485059841422759,0.0,deepskyblue,D+22.7,0,D+6.8,R+3.2,D+15.8,0,0.00%,0.00%,12.44%,-12.44%,D+22.7,0,D+7.8,R+4.2,D+14.9,0,0,,https://en.wikipedia.org/wiki/2008_United_States_Senate_election_in_New_Mexico,"{""Tom Udall"": {""party"": ""Democratic"", ""votes"": 505128, ""pct"": 61.33}, ""Steve Pearce"": {""party"": ""Republican"", ""votes"": 318522, ""pct"": 38.67}}"
2008,Oklahoma,OK,II,regular,General,"United States Senate election in Oklahoma, 2008",527736,763375,291347,0.3334913154093189,0.48239826902198985,Andrew Rice,Jim Inhofe,Jim Inhofe,R,Andrew Rice,0.14890695361267092,Majority,291347,1582458,"{""Majority"": {""party"": ""Majority"", ""votes"": 235639, ""pct"": 17.5}, ""Stephen Wallace"": {""party"": ""Independent"", ""votes"": 55708, ""pct"": 4.14}}",0,0,0,-0.148906953613,0,0.068347581916,-0.031969565913,-0.217254535529,0,0.18411041556869123,0.12435338200351614,0.05975703356517509,-0.18250870761692836,0.0,0.07805384102618157,-0.041650084585775196,-0.2605625486431099,0.0,red,R+14.9,0,D+6.8,R+3.2,R+21.7,0,14.89%,18.41%,12.44%,5.98%,R+18.3,0,D+7.8,R+4.2,R+26.1,0,235639,,https://en.wikipedia.org/wiki/2008_United_States_Senate_election_in_Oklahoma,"{""Jim Inhofe"": {""party"": ""Republican"", ""votes"": 763375, ""pct"": 56.68}, ""Andrew Rice"": {""party"": ""Democratic"", ""votes"": 527736, ""pct"": 39.18}, ""Majority"": {""party"": ""Majority"", ""votes"": 235639, ""pct"": 17.5}, ""Stephen Wallace"": {""party"": ""Independent"", ""votes"": 55708, ""pct"": 4.14}}"
2008,Oregon,OR,II,regular,General,2008 United States Senate election in Oregon,864392,805159,97953,0.489046700884411,0.4555344712091175,Jeff Merkley,Gordon Smith,Jeff Merkley,D,Gordon Smith,0.05237046139640985,David Brownlow,97953,1767504,"{""David Brownlow"": {""party"": ""Constitution"", ""votes"": 92565, ""pct"": 5.24}, ""Write-in"": {""party"": ""Write-in"", ""votes"": 5388, ""pct"": 0.3}}",0,0,0,0.033512229675,0,0.068347581916,-0.031969565913,-0.034835352241,0,0.0554188279064715,0.12435338200351614,-0.06893455409704465,0.035478401079092524,0.0,0.07805384102618157,-0.041650084585775196,-0.042575439947089046,0.0,deepskyblue,D+3.4,0,D+6.8,R+3.2,R+3.5,0,5.24%,5.54%,12.44%,-6.89%,D+3.5,0,D+7.8,R+4.2,R+4.3,0,92565,,https://en.wikipedia.org/wiki/2008_United_States_Senate_election_in_Oregon,"{""Jeff Merkley"": {""party"": ""Democratic"", ""votes"": 864392, ""pct"": 48.9}, ""Gordon Smith"": {""party"": ""Republican"", ""votes"": 805159, ""pct"": 45.55}, ""David Brownlow"": {""party"": ""Constitution"", ""votes"": 92565, ""pct"": 5.24}, ""Write-in"": {""party"": ""Write-in"", ""votes"": 5388, ""pct"": 0.3}}"
2008,Rhode Island,RI,II,regular,General,2008 Rhode Island U.S. Senator general election,320644,116174,204470,0.5,0.1811572959419169,Jack Reed,Bob Tingle,Jack Reed,D,Majority,0.3188427040580831,Majority,204470,641288,"{""Majority"": {""party"": ""Majority"", ""votes"": 204470, ""pct"": 46.81}}",0,0,0,0.318842704058,0,0.068347581916,-0.031969565913,0.250495122142,0,0.3188427040580831,0.12435338200351614,0.19448932205456698,0.4680896849488803,0.0,0.07805384102618157,-0.041650084585775196,0.39003584392269874,0.0,deepskyblue,D+31.9,0,D+6.8,R+3.2,D+25.0,0,31.88%,31.88%,12.44%,19.45%,D+46.8,0,D+7.8,R+4.2,D+39.0,0,204470,,https://en.wikipedia.org/wiki/2008_United_States_Senate_election_in_Rhode_Island,"{""Jack Reed"": {""party"": ""Democratic"", ""votes"": 320644, ""pct"": 73.4}, ""Majority"": {""party"": ""Majority"", ""votes"": 204470, ""pct"": 46.81}, ""Bob Tingle"": {""party"": ""Republican"", ""votes"": 116174, ""pct"": 26.6}}"
2008,South Carolina,SC,II,regular,General,General election results,790621,1076534,290189,0.36647887402287255,0.49900896658112937,Bob Conley,Lindsey Graham,Lindsey Graham,R,Bob Conley,0.13253009255825682,Majority,290189,2157344,"{""Majority"": {""party"": ""Majority"", ""votes"": 285913, ""pct"": 15.27}, ""Write-in"": {""party"": ""Write-in"", ""votes"": 4276, ""pct"": 0.23}}",0,0,0,-0.132530092558,0,0.068347581916,-0.031969565913,-0.200877674474,0,0.13451215939599803,0.12435338200351614,0.010158777392481888,-0.15312761929245294,0.0,0.07805384102618157,-0.041650084585775196,-0.2311814603186345,0.0,red,R+13.3,0,D+6.8,R+3.2,R+20.1,0,13.25%,13.45%,12.44%,1.02%,R+15.3,0,D+7.8,R+4.2,R+23.1,0,285913,,https://en.wikipedia.org/wiki/2008_United_States_Senate_election_in_South_Carolina,"{""Lindsey Graham"": {""party"": ""Republican"", ""votes"": 1076534, ""pct"": 57.52}, ""Bob Conley"": {""party"": ""Democratic"", ""votes"": 790621, ""pct"": 42.25}, ""Majority"": {""party"": ""Majority"", ""votes"": 285913, ""pct"": 15.27}, ""Write-in"": {""party"": ""Write-in"", ""votes"": 4276, ""pct"": 0.23}}"
2008,South Dakota,SD,II,regular,General,General election results,237889,142784,0,0.6249169234487342,0.37508307655126577,Tim Johnson,Joel Dykstra,Tim Johnson,D,Joel Dykstra,0.0,None,0,380673,{},0,0,0,0.249833846897,0,0.068347581916,-0.031969565913,0.181486264981,0,0.0,0.12435338200351614,-0.12435338200351614,0.24983384689746843,0.0,0.07805384102618157,-0.041650084585775196,0.17178000587128686,0.0,deepskyblue,D+25.0,0,D+6.8,R+3.2,D+18.1,0,0.00%,0.00%,12.44%,-12.44%,D+25.0,0,D+7.8,R+4.2,D+17.2,0,0,,https://en.wikipedia.org/wiki/2008_United_States_Senate_election_in_South_Dakota,"{""Tim Johnson"": {""party"": ""Democratic"", ""votes"": 237889, ""pct"": 62.49}, ""Joel Dykstra"": {""party"": ""Republican"", ""votes"": 142784, ""pct"": 37.51}}"
2008,Tennessee,TN,II,regular,General,"United States Senate election in Tennessee, 2008",767236,1579477,890113,0.23703343954849596,0.4879709320179707,Bob Tuke,Lamar Alexander,Lamar Alexander,R,Majority,0.2509374924694747,Majority,890113,3236826,"{""Majority"": {""party"": ""Majority"", ""votes"": 812241, ""pct"": 33.5}, ""Edward L. Buck"": {""party"": ""Independent"", ""votes"": 31631, ""pct"": 1.3}, ""Christopher G. Fenner"": {""party"": ""Independent"", ""votes"": 11073, ""pct"": 0.46}, ""Daniel Towers Lewis"": {""party"": ""Independent"", ""votes"": 9367, ""pct"": 0.39}, ""Chris Lugo"": {""party"": ""Independent"", ""votes"": 9170, ""pct"": 0.38}, ""Ed Lawhorn"": {""party"": ""Independent"", ""votes"": 8986, ""pct"": 0.37}, ""David Gatchell"": {""party"": ""Independent"", ""votes"": 7645, ""pct"": 0.32}}",0,0,0,-0.250937492469,0,0.068347581916,-0.031969565913,-0.319285074386,0,0.27499562843353337,0.12435338200351614,0.15064224643001722,-0.3461185922607494,0.0,0.07805384102618157,-0.041650084585775196,-0.424172433286931,0.0,red,R+25.1,0,D+6.8,R+3.2,R+31.9,0,25.09%,27.50%,12.44%,15.06%,R+34.6,0,D+7.8,R+4.2,R+42.4,0,812241,,https://en.wikipedia.org/wiki/2008_United_States_Senate_election_in_Tennessee,"{""Lamar Alexander"": {""party"": ""Republican"", ""votes"": 1579477, ""pct"": 65.14}, ""Majority"": {""party"": ""Majority"", ""votes"": 812241, ""pct"": 33.5}, ""Bob Tuke"": {""party"": ""Democratic"", ""votes"": 767236, ""pct"": 31.64}, ""Edward L. Buck"": {""party"": ""Independent"", ""votes"": 31631, ""pct"": 1.3}, ""Christopher G. Fenner"": {""party"": ""Independent"", ""votes"": 11073, ""pct"": 0.46}, ""Daniel Towers Lewis"": {""party"": ""Independent"", ""votes"": 9367, ""pct"": 0.39}, ""Chris Lugo"": {""party"": ""Independent"", ""votes"": 9170, ""pct"": 0.38}, ""Ed Lawhorn"": {""party"": ""Independent"", ""votes"": 8986, ""pct"": 0.37}, ""David Gatchell"": {""party"": ""Independent"", ""votes"": 7645, ""pct"": 0.32}}"
2008,Texas,TX,II,regular,General,2008 Texas U.S. Senate general election,3389365,4337469,1133345,0.38253911123014556,0.48954643015677224,Rick Noriega,John Cornyn,John Cornyn,R,Rick Noriega,0.10700731892662665,Majority,1133345,8860179,"{""Majority"": {""party"": ""Majority"", ""votes"": 948104, ""pct"": 11.98}, ""Yvonne Adams Schick"": {""party"": ""Libertarian"", ""votes"": 185241, ""pct"": 2.34}}",0,0,0,-0.107007318927,0,0.068347581916,-0.031969565913,-0.175354900843,0,0.1279144586130822,0.12435338200351614,0.0035610766095660606,-0.12270277839539455,0.0,0.07805384102618157,-0.041650084585775196,-0.20075661942157613,0.0,red,R+10.7,0,D+6.8,R+3.2,R+17.5,0,10.70%,12.79%,12.44%,0.36%,R+12.3,0,D+7.8,R+4.2,R+20.1,0,948104,,https://en.wikipedia.org/wiki/2008_United_States_Senate_election_in_Texas,"{""John Cornyn"": {""party"": ""Republican"", ""votes"": 4337469, ""pct"": 54.82}, ""Rick Noriega"": {""party"": ""Democratic"", ""votes"": 3389365, ""pct"": 42.84}, ""Majority"": {""party"": ""Majority"", ""votes"": 948104, ""pct"": 11.98}, ""Yvonne Adams Schick"": {""party"": ""Libertarian"", ""votes"": 185241, ""pct"": 2.34}}"
2008,Virginia,VA,II,regular,General,2008 United States Senate election in Virginia,2369327,1228830,45137,0.6503255021417431,0.3372854345545542,Mark Warner,Jim Gilmore,Mark Warner,D,Jim Gilmore,0.005953403705547782,Glenda Parker,45137,3643294,"{""Glenda Parker"": {""party"": ""Independent Greens"", ""votes"": 21690, ""pct"": 0.6}, ""Bill Redpath"": {""party"": ""Libertarian"", ""votes"": 20269, ""pct"": 0.56}, ""Write-in"": {""party"": ""Write-in"", ""votes"": 3178, ""pct"": 0.09}}",0,0,0,0.313040067587,0,0.068347581916,-0.031969565913,0.244692485671,0,0.012389063303702638,0.12435338200351614,-0.1119643186998135,0.3169669917127018,0.0,0.07805384102618157,-0.041650084585775196,0.23891315068652025,0.0,deepskyblue,D+31.3,0,D+6.8,R+3.2,D+24.5,0,0.60%,1.24%,12.44%,-11.20%,D+31.7,0,D+7.8,R+4.2,D+23.9,0,21690,,https://en.wikipedia.org/wiki/2008_United_States_Senate_election_in_Virginia,"{""Mark Warner"": {""party"": ""Democratic"", ""votes"": 2369327, ""pct"": 65.03}, ""Jim Gilmore"": {""party"": ""Republican"", ""votes"": 1228830, ""pct"": 33.73}, ""Glenda Parker"": {""party"": ""Independent Greens"", ""votes"": 21690, ""pct"": 0.6}, ""Bill Redpath"": {""party"": ""Libertarian"", ""votes"": 20269, ""pct"": 0.56}, ""Write-in"": {""party"": ""Write-in"", ""votes"": 3178, ""pct"": 0.09}}"
2008,West Virginia,WV,II,regular,General,General election results,447560,254629,0,0.6373782557117813,0.3626217442882187,Jay Rockefeller,Jay Wolfe,Jay Rockefeller,D,Jay Wolfe,0.0,None,0,702189,{},0,0,0,0.274756511424,0,0.068347581916,-0.031969565913,0.206408929507,0,0.0,0.12435338200351614,-0.12435338200351614,0.2747565114235626,0.0,0.07805384102618157,-0.041650084585775196,0.19670267039738104,0.0,deepskyblue,D+27.5,0,D+6.8,R+3.2,D+20.6,0,0.00%,0.00%,12.44%,-12.44%,D+27.5,0,D+7.8,R+4.2,D+19.7,0,0,,https://en.wikipedia.org/wiki/2008_United_States_Senate_election_in_West_Virginia,"{""Jay Rockefeller"": {""party"": ""Democratic"", ""votes"": 447560, ""pct"": 63.74}, ""Jay Wolfe"": {""party"": ""Republican"", ""votes"": 254629, ""pct"": 36.26}}"
2008,Wyoming,WY,II,regular,General,General election results,60631,189046,128684,0.1602464313182384,0.49964451938756904,Chris Rothfuss,Mike Enzi,Mike Enzi,R,Majority,0.33939808806933064,Majority,128684,378361,"{""Majority"": {""party"": ""Majority"", ""votes"": 128415, ""pct"": 51.38}, ""Write-in"": {""party"": ""Write-in"", ""votes"": 269, ""pct"": 0.11}}",0,0,0,-0.339398088069,0,0.068347581916,-0.031969565913,-0.407745669986,0,0.34010904929419256,0.12435338200351614,0.2157556672906764,-0.5143245072633843,0.0,0.07805384102618157,-0.041650084585775196,-0.5923783482895659,0.0,red,R+33.9,0,D+6.8,R+3.2,R+40.8,0,33.94%,34.01%,12.44%,21.58%,R+51.4,0,D+7.8,R+4.2,R+59.2,0,128415,,https://en.wikipedia.org/wiki/2008_United_States_Senate_election_in_Wyoming,"{""Mike Enzi"": {""party"": ""Republican"", ""votes"": 189046, ""pct"": 75.63}, ""Majority"": {""party"": ""Majority"", ""votes"": 128415, ""pct"": 51.38}, ""Chris Rothfuss"": {""party"": ""Democratic"", ""votes"": 60631, ""pct"": 24.26}, ""Write-in"": {""party"": ""Write-in"", ""votes"": 269, ""pct"": 0.11}}"
2010,United States,NATIONAL,,national,Aggregate,National aggregate,28960518,32831166,5845030,0.4059438764314364,0.46019932356886634,Democratic total,Republican total,Republican Party,R,Democratic Party,0.0,Various,5845030,71341187,{},-5537068,3329006,-1747368,-0.054255447137,-0.122603029054,-0.054255447137,-0.122603029054,0.000000000000,0.000000000000,0.08193065248549901,0.08193065248549901,0.0,-0.06264027373003785,-0.1406941147562194,-0.06264027373003785,-0.1406941147562194,0.0,0.0,transparent,R+5.4,R+12.3,R+5.4,R+12.3,EVEN,EVEN,0.00%,8.19%,8.19%,0.00%,R+6.3,R+14.1,R+6.3,R+14.1,EVEN,EVEN,0,,,{}
2010,Alaska,AK,III,regular,General,Final/certified general election results,60045,191930,2844,0.2356378449016753,0.7532012918973859,Scott McAdams,Lisa Murkowski,Lisa Murkowski,R,Joe Miller,0.00572563270399774,David Haase,2844,254819,"{""David Haase"": {""party"": ""Libertarian"", ""votes"": 1459, ""pct"": 0.57}, ""Timothy Carter"": {""party"": ""Independent"", ""votes"": 927, ""pct"": 0.36}, ""Ted Gianoutsos"": {""party"": ""Independent"", ""votes"": 458, ""pct"": 0.18}}",-80379,42157,-62845,-0.517563446996,-0.488132979584,-0.054255447137,-0.122603029054,-0.463307999858,-0.397710409216,0.011160863200938705,0.08193065248549901,-0.0707697892845603,-0.523405099712273,-0.4911890533713391,-0.06264027373003785,-0.1406941147562194,-0.46076482598223517,-0.38047697632860766,red,R+51.8,R+48.8,R+5.4,R+12.3,R+46.3,R+39.8,0.57%,1.12%,8.19%,-7.08%,R+52.3,R+49.1,R+6.3,R+14.1,R+46.1,R+38.0,1459,,https://en.wikipedia.org/wiki/2010_United_States_Senate_election_in_Alaska,"{""Lisa Murkowski"": {""party"": ""Republican"", ""votes"": 101091, ""pct"": 39.49}, ""Joe Miller"": {""party"": ""Republican"", ""votes"": 90839, ""pct"": 35.49}, ""Scott McAdams"": {""party"": ""Democratic"", ""votes"": 60045, ""pct"": 23.46}, ""David Haase"": {""party"": ""Libertarian"", ""votes"": 1459, ""pct"": 0.57}, ""Timothy Carter"": {""party"": ""Independent"", ""votes"": 927, ""pct"": 0.36}, ""Ted Gianoutsos"": {""party"": ""Independent"", ""votes"": 458, ""pct"": 0.18}}"
2010,Alabama,AL,III,regular,General,2010 United States Senate election in Alabama,515619,968181,1699,0.3471015463490719,0.6517547302286976,William G. Barnes,Richard Shelby,Richard Shelby,R,William G. Barnes,0.0011437234222305098,Write-in,1699,1485499,"{""Write-in"": {""party"": ""Write-in"", ""votes"": 1699, ""pct"": 0.11}}",-79399,-274019,-353567,-0.304653183880,0.047254795497,-0.054255447137,-0.122603029054,-0.250397736742,0.137677365865,0.0011437234222305098,0.08193065248549901,-0.0807869290632685,-0.3050020218358269,0.04725993074682794,-0.06264027373003785,-0.1406941147562194,-0.2423617481057891,0.1579720077895594,red,R+30.5,D+4.7,R+5.4,R+12.3,R+25.0,D+13.8,0.11%,0.11%,8.19%,-8.08%,R+30.5,D+4.7,R+6.3,R+14.1,R+24.2,D+15.8,1699,,https://en.wikipedia.org/wiki/2010_United_States_Senate_election_in_Alabama,"{""Richard Shelby"": {""party"": ""Republican"", ""votes"": 968181, ""pct"": 65.18}, ""William G. Barnes"": {""party"": ""Democratic"", ""votes"": 515619, ""pct"": 34.71}, ""Write-in"": {""party"": ""Write-in"", ""votes"": 1699, ""pct"": 0.11}}"
2010,Arkansas,AR,III,regular,General,"United States Senate election in Arkansas, 2010",288156,451618,40183,0.369451136408802,0.5790293567465898,Blanche Lincoln,John Boozman,John Boozman,R,Blanche Lincoln,0.03235306561771995,Trevor Drown,40183,779957,"{""Trevor Drown"": {""party"": ""Libertarian"", ""votes"": 25234, ""pct"": 3.24}, ""John Gray"": {""party"": ""Green"", ""votes"": 14430, ""pct"": 1.85}, ""Write-in"": {""party"": ""Write-in"", ""votes"": 519, ""pct"": 0.07}}",-292817,-6418,-259392,-0.209578220338,-0.327860914601,-0.054255447137,-0.122603029054,-0.155322773200,-0.237438344233,0.0515195068446081,0.08193065248549901,-0.03041114564089091,-0.22096207760748554,-0.3392834780958355,-0.06264027373003785,-0.1406941147562194,-0.1583218038774477,-0.22857140105310406,red,R+21.0,R+32.8,R+5.4,R+12.3,R+15.5,R+23.7,3.24%,5.15%,8.19%,-3.04%,R+22.1,R+33.9,R+6.3,R+14.1,R+15.8,R+22.9,25234,,https://en.wikipedia.org/wiki/2010_United_States_Senate_election_in_Arkansas,"{""John Boozman"": {""party"": ""Republican"", ""votes"": 451618, ""pct"": 57.9}, ""Blanche Lincoln"": {""party"": ""Democratic"", ""votes"": 288156, ""pct"": 36.95}, ""Trevor Drown"": {""party"": ""Libertarian"", ""votes"": 25234, ""pct"": 3.24}, ""John Gray"": {""party"": ""Green"", ""votes"": 14430, ""pct"": 1.85}, ""Write-in"": {""party"": ""Write-in"", ""votes"": 519, ""pct"": 0.07}}"
2010,Arizona,AZ,III,regular,General,2010 United States Senate election in Arizona,592011,1005615,104700,0.3477659390739494,0.5907299776893498,Rodney Glassman,John McCain,John McCain,R,Rodney Glassman,0.04705150482340045,David Nolan,104700,1702326,"{""David Nolan"": {""party"": ""Libertarian"", ""votes"": 80097, ""pct"": 4.71}, ""Jerry Joslyn"": {""party"": ""Green"", ""votes"": 24603, ""pct"": 1.45}}",187504,-499757,-1360216,-0.242964038615,0.116497154080,-0.054255447137,-0.122603029054,-0.188708591478,0.206919724448,0.06150408323670084,0.08193065248549901,-0.020426569248798168,-0.2588866230269162,0.3175190026697902,-0.06264027373003785,-0.1406941147562194,-0.19624634929687834,0.4282310797125216,red,R+24.3,D+11.6,R+5.4,R+12.3,R+18.9,D+20.7,4.71%,6.15%,8.19%,-2.04%,R+25.9,D+31.8,R+6.3,R+14.1,R+19.6,D+42.8,80097,,https://en.wikipedia.org/wiki/2010_United_States_Senate_election_in_Arizona,"{""John McCain"": {""party"": ""Republican"", ""votes"": 1005615, ""pct"": 59.07}, ""Rodney Glassman"": {""party"": ""Democratic"", ""votes"": 592011, ""pct"": 34.78}, ""David Nolan"": {""party"": ""Libertarian"", ""votes"": 80097, ""pct"": 4.71}, ""Jerry Joslyn"": {""party"": ""Green"", ""votes"": 24603, ""pct"": 1.45}}"
2010,California,CA,III,regular,General,"United States Senate election in California, 2010",5218137,4217386,564337,0.521821005494077,0.42174450442306194,Barbara Boxer,Carly Fiorina,Barbara Boxer,D,Carly Fiorina,0.017523745332434653,Gail Lightfoot,564337,9999860,"{""Gail Lightfoot"": {""party"": ""Libertarian"", ""votes"": 175235, ""pct"": 1.75}, ""Marsha Feinland"": {""party"": ""Peace and Freedom"", ""votes"": 135088, ""pct"": 1.35}, ""Duane Roberts"": {""party"": ""Green"", ""votes"": 128512, ""pct"": 1.29}, ""Edward Noonan"": {""party"": ""American Independent"", ""votes"": 125435, ""pct"": 1.25}, ""Write-in"": {""party"": ""Write-in"", ""votes"": 67, ""pct"": 0.0}}",-1737591,-338536,-2589843,0.100076501071,-0.090540068677,-0.054255447137,-0.122603029054,0.154331948208,-0.000117498309,0.05643449008286116,0.08193065248549901,-0.02549616240263785,0.1060620593050327,-0.10240553656523786,-0.06264027373003785,-0.1406941147562194,0.16870233303507054,0.008306540477493574,deepskyblue,D+10.0,R+9.1,R+5.4,R+12.3,D+15.4,R+0.0,1.75%,5.64%,8.19%,-2.55%,D+10.6,R+10.2,R+6.3,R+14.1,D+16.9,D+0.8,175235,,https://en.wikipedia.org/wiki/2010_United_States_Senate_election_in_California,"{""Barbara Boxer"": {""party"": ""Democratic"", ""votes"": 5218137, ""pct"": 52.18}, ""Carly Fiorina"": {""party"": ""Republican"", ""votes"": 4217386, ""pct"": 42.17}, ""Gail Lightfoot"": {""party"": ""Libertarian"", ""votes"": 175235, ""pct"": 1.75}, ""Marsha Feinland"": {""party"": ""Peace and Freedom"", ""votes"": 135088, ""pct"": 1.35}, ""Duane Roberts"": {""party"": ""Green"", ""votes"": 128512, ""pct"": 1.29}, ""Edward Noonan"": {""party"": ""American Independent"", ""votes"": 125435, ""pct"": 1.25}, ""Write-in"": {""party"": ""Write-in"", ""votes"": 67, ""pct"": 0.0}}"
2010,Colorado,CO,III,regular,General,"United States Senate election in Colorado, 2010",854685,824789,98194,0.4807900012825792,0.4639724627995779,Michael Bennet,Ken Buck,Michael Bennet,D,Ken Buck,0.021873600694842905,Bob Kinsey,98194,1777668,"{""Bob Kinsey"": {""party"": ""Green"", ""votes"": 38884, ""pct"": 2.19}, ""Maclyn Stringer"": {""party"": ""Libertarian"", ""votes"": 22646, ""pct"": 1.27}, ""Jason Napolitano"": {""party"": ""Independent"", ""votes"": 19450, ""pct"": 1.09}, ""Charley Miller"": {""party"": ""Independent"", ""votes"": 11351, ""pct"": 0.64}, ""J. Moromisato"": {""party"": ""Independent"", ""votes"": 5780, ""pct"": 0.33}, ""Write-in"": {""party"": ""Write-in"", ""votes"": 83, ""pct"": 0.07}}",-226503,-155879,-430324,0.016817538483,-0.028707988783,-0.054255447137,-0.122603029054,0.071072985620,0.061714581584,0.055237535917842924,0.08193065248549901,-0.026693116567656085,0.01780081144453561,-0.03095138075511364,-0.06264027373003785,-0.1406941147562194,0.08044108517457346,0.07976069628761781,deepskyblue,D+1.7,R+2.9,R+5.4,R+12.3,D+7.1,D+6.2,2.19%,5.52%,8.19%,-2.67%,D+1.8,R+3.1,R+6.3,R+14.1,D+8.0,D+8.0,38884,,https://en.wikipedia.org/wiki/2010_United_States_Senate_election_in_Colorado,"{""Michael Bennet"": {""party"": ""Democratic"", ""votes"": 854685, ""pct"": 48.08}, ""Ken Buck"": {""party"": ""Republican"", ""votes"": 824789, ""pct"": 46.4}, ""Bob Kinsey"": {""party"": ""Green"", ""votes"": 38884, ""pct"": 2.19}, ""Maclyn Stringer"": {""party"": ""Libertarian"", ""votes"": 22646, ""pct"": 1.27}, ""Jason Napolitano"": {""party"": ""Independent"", ""votes"": 19450, ""pct"": 1.09}, ""Charley Miller"": {""party"": ""Independent"", ""votes"": 11351, ""pct"": 0.64}, ""J. Moromisato"": {""party"": ""Independent"", ""votes"": 5780, ""pct"": 0.33}, ""Write-in"": {""party"": ""Write-in"", ""votes"": 83, ""pct"": 0.07}}"
2010,Connecticut,CT,III,regular,General,State Republican Convention results (first round),636040,499761,18734,0.5509057759184434,0.4328677779365719,Richard Blumenthal,Linda E. McMahon,Richard Blumenthal,D,Linda E. McMahon,0.009765836462298675,Warren B. Mosler,18734,1154535,"{""Warren B. Mosler"": {""party"": ""Independent"", ""votes"": 11275, ""pct"": 0.98}, ""John Mertens"": {""party"": ""Connecticut for Lieberman"", ""votes"": 6735, ""pct"": 0.58}, ""Write-in"": {""party"": ""Write-in"", ""votes"": 724, ""pct"": 0.06}}",-309307,42012,-270191,0.118037997982,-0.224201843223,-0.054255447137,-0.122603029054,0.172293445119,-0.133779272855,0.016226446144984776,0.08193065248549901,-0.06570420634051423,0.11998492693702506,-0.22753085245369375,-0.06264027373003785,-0.1406941147562194,0.1826252006670629,-0.1168187754109623,deepskyblue,D+11.8,R+22.4,R+5.4,R+12.3,D+17.2,R+13.4,0.98%,1.62%,8.19%,-6.57%,D+12.0,R+22.8,R+6.3,R+14.1,D+18.3,R+11.7,11275,,https://en.wikipedia.org/wiki/2010_United_States_Senate_election_in_Connecticut,"{""Richard Blumenthal"": {""party"": ""Democratic"", ""votes"": 636040, ""pct"": 55.16}, ""Linda E. McMahon"": {""party"": ""Republican"", ""votes"": 498341, ""pct"": 43.22}, ""Warren B. Mosler"": {""party"": ""Independent"", ""votes"": 11275, ""pct"": 0.98}, ""John Mertens"": {""party"": ""Connecticut for Lieberman"", ""votes"": 6735, ""pct"": 0.58}, ""Linda McMahon*"": {""party"": ""Republican"", ""votes"": 737, ""pct"": 51.76}, ""Write-in"": {""party"": ""Write-in"", ""votes"": 724, ""pct"": 0.06}, ""Rob Simmons*"": {""party"": ""Republican"", ""votes"": 632, ""pct"": 44.62}, ""Peter Schiff"": {""party"": ""Republican"", ""votes"": 44, ""pct"": 3.11}, ""Vincent Forras"": {""party"": ""Republican"", ""votes"": 7, ""pct"": 0.49}, ""Ethan Book"": {""party"": ""Republican"", ""votes"": 0, ""pct"": 0.0}}"
2010,Florida,FL,III,regular,General,2010 United States Senate election in Florida,1092936,2645743,1672424,0.20198026169525882,0.48894707788781694,Kendrick Brett Meek,Marco Antonio Rubio,Marco Antonio Rubio,R,Charles Joseph Crist Jr.,0.2970834227328513,Charles Joseph Crist Jr.,1672424,5411103,"{""Charles Joseph Crist Jr."": {""party"": ""Independent"", ""votes"": 1607549, ""pct"": 29.71}, ""Alexander Snitker"": {""party"": ""Libertarian"", ""votes"": 24850, ""pct"": 0.46}, ""Sue Askeland"": {""party"": ""Independent"", ""votes"": 15340, ""pct"": 0.28}, ""Rick Tyler"": {""party"": ""Independent"", ""votes"": 7394, ""pct"": 0.14}, ""Bernie DeCastro"": {""party"": ""Constitution"", ""votes"": 4792, ""pct"": 0.09}, ""Lewis Jerome Armstrong"": {""party"": ""Independent"", ""votes"": 4443, ""pct"": 0.08}, ""Bobbie Bean"": {""party"": ""Independent"", ""votes"": 4301, ""pct"": 0.08}, ""Bruce Riggs"": {""party"": ""Independent"", ""votes"": 3647, ""pct"": 0.07}, ""Write-in"": {""party"": ""Write-in"", ""votes"": 108, ""pct"": 0.0}}",-2497265,-1027121,-16981222,-0.286966816193,-0.283275238833,-0.054255447137,-0.122603029054,-0.232711369055,-0.192852668465,0.3090726604169242,0.08193065248549901,0.2271420079314252,-0.41533573756933934,-0.40395445432321664,-0.06264027373003785,-0.1406941147562194,-0.3526954638393015,-0.29324237728048524,red,R+28.7,R+28.3,R+5.4,R+12.3,R+23.3,R+19.3,29.71%,30.91%,8.19%,22.71%,R+41.5,R+40.4,R+6.3,R+14.1,R+35.3,R+29.3,1607549,,https://en.wikipedia.org/wiki/2010_United_States_Senate_election_in_Florida,"{""Marco Antonio Rubio"": {""party"": ""Republican"", ""votes"": 2645743, ""pct"": 48.89}, ""Charles Joseph Crist Jr."": {""party"": ""Independent"", ""votes"": 1607549, ""pct"": 29.71}, ""Kendrick Brett Meek"": {""party"": ""Democratic"", ""votes"": 1092936, ""pct"": 20.2}, ""Alexander Snitker"": {""party"": ""Libertarian"", ""votes"": 24850, ""pct"": 0.46}, ""Sue Askeland"": {""party"": ""Independent"", ""votes"": 15340, ""pct"": 0.28}, ""Rick Tyler"": {""party"": ""Independent"", ""votes"": 7394, ""pct"": 0.14}, ""Bernie DeCastro"": {""party"": ""Constitution"", ""votes"": 4792, ""pct"": 0.09}, ""Lewis Jerome Armstrong"": {""party"": ""Independent"", ""votes"": 4443, ""pct"": 0.08}, ""Bobbie Bean"": {""party"": ""Independent"", ""votes"": 4301, ""pct"": 0.08}, ""Bruce Riggs"": {""party"": ""Independent"", ""votes"": 3647, ""pct"": 0.07}, ""Write-in"": {""party"": ""Write-in"", ""votes"": 108, ""pct"": 0.0}}"
2010,Georgia,GA,III,regular,General,"United States Senate election in Georgia, 2010",996516,1489904,68838,0.3899864514659576,0.5830738031149888,Michael Thurmond,Johnny Isakson,Johnny Isakson,R,Michael Thurmond,0.026905306626571562,Chuck Donovan,68838,2555258,"{""Chuck Donovan"": {""party"": ""Libertarian"", ""votes"": 68750, ""pct"": 2.69}, ""Write-in"": {""party"": ""Write-in"", ""votes"": 88, ""pct"": 0.0}}",-291179,-374301,-1242203,-0.193087351649,-0.041272757635,-0.054255447137,-0.122603029054,-0.138831904512,0.049149812733,0.026939745419053574,0.08193065248549901,-0.05499090706644544,-0.19843308853693262,-0.015524366813527674,-0.06264027373003785,-0.1406941147562194,-0.13579281480689476,0.0951877102292038,red,R+19.3,R+4.1,R+5.4,R+12.3,R+13.9,D+4.9,2.69%,2.69%,8.19%,-5.50%,R+19.8,R+1.6,R+6.3,R+14.1,R+13.6,D+9.5,68750,,https://en.wikipedia.org/wiki/2010_United_States_Senate_election_in_Georgia,"{""Johnny Isakson"": {""party"": ""Republican"", ""votes"": 1489904, ""pct"": 58.31}, ""Michael Thurmond"": {""party"": ""Democratic"", ""votes"": 996516, ""pct"": 39.0}, ""Chuck Donovan"": {""party"": ""Libertarian"", ""votes"": 68750, ""pct"": 2.69}, ""Write-in"": {""party"": ""Write-in"", ""votes"": 88, ""pct"": 0.0}}"
2010,Hawaii,HI,III,regular,General,"United States Senate election in Hawaii, 2010",277228,79939,13416,0.7480861237563515,0.21571146005078484,Daniel Inouye,Campbell Cavasso,Daniel Inouye,D,Campbell Cavasso,0.0209453752600632,Jim Brewer,13416,370583,"{""Jim Brewer"": {""party"": ""Green"", ""votes"": 7762, ""pct"": 2.09}, ""Lloyd Jeffrey Mallen"": {""party"": ""Libertarian"", ""votes"": 2957, ""pct"": 0.8}, ""Jeff Jarrett"": {""party"": ""Independent"", ""votes"": 2697, ""pct"": 0.73}}",-36401,-7233,-44764,0.532374663706,-0.012848968583,-0.054255447137,-0.122603029054,0.586630110843,0.077573601785,0.03620241619286368,0.08193065248549901,-0.04572823629263533,0.5523718596622869,-0.012639205679366494,-0.06264027373003785,-0.1406941147562194,0.6150121333923247,0.09807287136336496,deepskyblue,D+53.2,R+1.3,R+5.4,R+12.3,D+58.7,D+7.8,2.09%,3.62%,8.19%,-4.57%,D+55.2,R+1.3,R+6.3,R+14.1,D+61.5,D+9.8,7762,,https://en.wikipedia.org/wiki/2010_United_States_Senate_election_in_Hawaii,"{""Daniel Inouye"": {""party"": ""Democratic"", ""votes"": 277228, ""pct"": 74.81}, ""Campbell Cavasso"": {""party"": ""Republican"", ""votes"": 79939, ""pct"": 21.57}, ""Jim Brewer"": {""party"": ""Green"", ""votes"": 7762, ""pct"": 2.09}, ""Lloyd Jeffrey Mallen"": {""party"": ""Libertarian"", ""votes"": 2957, ""pct"": 0.8}, ""Jeff Jarrett"": {""party"": ""Independent"", ""votes"": 2697, ""pct"": 0.73}}"
2010,Iowa,IA,III,regular,General,"United States Senate election in Iowa, 2010",371686,718215,26162,0.33303317106650787,0.6435254999045753,Roxanne Conlin,Chuck Grassley,Chuck Grassley,R,Roxanne Conlin,0.02266001112840404,John Heiderscheit,26162,1116063,"{""John Heiderscheit"": {""party"": ""Libertarian"", ""votes"": 25290, ""pct"": 2.27}, ""Write-in"": {""party"": ""Write-in"", ""votes"": 872, ""pct"": 0.08}}",-40679,-319960,-988975,-0.310492328838,-0.013200783507,-0.054255447137,-0.122603029054,-0.256236881701,0.077221786861,0.023441329028916828,0.08193065248549901,-0.058489323456582185,-0.3179453913704089,0.11348704068937576,-0.06264027373003785,-0.1406941147562194,-0.25530511764037106,0.2241991177321072,red,R+31.0,R+1.3,R+5.4,R+12.3,R+25.6,D+7.7,2.27%,2.34%,8.19%,-5.85%,R+31.8,D+11.3,R+6.3,R+14.1,R+25.5,D+22.4,25290,,https://en.wikipedia.org/wiki/2010_United_States_Senate_election_in_Iowa,"{""Chuck Grassley"": {""party"": ""Republican"", ""votes"": 718215, ""pct"": 64.35}, ""Roxanne Conlin"": {""party"": ""Democratic"", ""votes"": 371686, ""pct"": 33.3}, ""John Heiderscheit"": {""party"": ""Libertarian"", ""votes"": 25290, ""pct"": 2.27}, ""Write-in"": {""party"": ""Write-in"", ""votes"": 872, ""pct"": 0.08}}"
2010,Idaho,ID,III,regular,General,"United States Senate election in Idaho, 2010",112057,319953,225416,0.17044808084864305,0.48667530642231976,Tom Sullivan,Mike Crapo,Mike Crapo,R,Majority,0.3162272255736767,Majority,225416,657426,"{""Majority"": {""party"": ""Majority"", ""votes"": 207896, ""pct"": 46.24}, ""Randy Bergquist"": {""party"": ""Constitution"", ""votes"": 17429, ""pct"": 3.88}, ""Write-in"": {""party"": ""Write-in"", ""votes"": 91, ""pct"": 0.02}}",107921,-179843,-342166,-0.316227225574,0.179635086250,-0.054255447137,-0.122603029054,-0.261971778436,0.270057656617,0.3428766127290372,0.08193065248549901,0.26094596024353817,-0.48122960116663965,0.5023554857101611,-0.06264027373003785,-0.1406941147562194,-0.4185893274366018,0.6130675627528926,red,R+31.6,D+18.0,R+5.4,R+12.3,R+26.2,D+27.0,31.62%,34.29%,8.19%,26.09%,R+48.1,D+50.2,R+6.3,R+14.1,R+41.9,D+61.3,207896,,https://en.wikipedia.org/wiki/2010_United_States_Senate_election_in_Idaho,"{""Mike Crapo"": {""party"": ""Republican"", ""votes"": 319953, ""pct"": 71.17}, ""Majority"": {""party"": ""Majority"", ""votes"": 207896, ""pct"": 46.24}, ""Tom Sullivan"": {""party"": ""Democratic"", ""votes"": 112057, ""pct"": 24.93}, ""Randy Bergquist"": {""party"": ""Constitution"", ""votes"": 17429, ""pct"": 3.88}, ""Write-in"": {""party"": ""Write-in"", ""votes"": 91, ""pct"": 0.02}}"
2010,Illinois,IL,III,regular,General,"United States Senate election in Illinois, 2010",1641486,1677729,226769,0.22639759121390554,0.2313963106049729,Alexi Giannoulias,Mark Kirk,Mark Kirk,R,Alexi Giannoulias,0.017870735596390682,LeAlan Jones,226769,7250457,"{""LeAlan Jones"": {""party"": ""Green"", ""votes"": 129571, ""pct"": 3.65}, ""Michael Labno"": {""party"": ""Libertarian"", ""votes"": 95762, ""pct"": 2.7}, ""Write-in"": {""party"": ""Write-in"", ""votes"": 1436, ""pct"": 0.04}}",-1955970,287039,2108937,-0.004998719391,-0.434203701575,-0.054255447137,-0.122603029054,0.049256727746,-0.343781131207,0.031276511259910926,0.08193065248549901,-0.05065414122558808,-0.010919148051572436,-0.4533211948240607,-0.06264027373003785,-0.1406941147562194,0.05172112567846541,-0.3426091177813292,red,R+0.5,R+43.4,R+5.4,R+12.3,D+4.9,R+34.4,1.79%,3.13%,8.19%,-5.07%,R+1.1,R+45.3,R+6.3,R+14.1,D+5.2,R+34.3,129571,,https://en.wikipedia.org/wiki/2010_United_States_Senate_election_in_Illinois,"{""Mark Kirk"": {""party"": ""Republican"", ""votes"": 1677729, ""pct"": 47.31}, ""Alexi Giannoulias"": {""party"": ""Democratic"", ""votes"": 1641486, ""pct"": 46.29}, ""LeAlan Jones"": {""party"": ""Green"", ""votes"": 129571, ""pct"": 3.65}, ""Michael Labno"": {""party"": ""Libertarian"", ""votes"": 95762, ""pct"": 2.7}, ""Write-in"": {""party"": ""Write-in"", ""votes"": 1436, ""pct"": 0.04}}"
2010,Indiana,IN,III,regular,General,2010 United States Senate election in Indiana,697775,952116,94590,0.39999002568672287,0.5457875436877788,Brad Ellsworth,Dan Coats,Dan Coats,R,Brad Ellsworth,0.05407338916273665,Rebecca Sink-Burris,94590,1744481,"{""Rebecca Sink-Burris"": {""party"": ""Libertarian"", ""votes"": 94330, ""pct"": 5.41}, ""Write-in"": {""party"": ""Write-in"", ""votes"": 260, ""pct"": 0.01}}",-799201,48203,-683752,-0.145797518001,-0.390033964833,-0.054255447137,-0.122603029054,-0.091542070864,-0.299611394465,0.054222430625498357,0.08193065248549901,-0.027708221860000652,-0.1541562442609845,-0.40117432797914054,-0.06264027373003785,-0.1406941147562194,-0.09151597053094666,-0.29046225093640915,red,R+14.6,R+39.0,R+5.4,R+12.3,R+9.2,R+30.0,5.41%,5.42%,8.19%,-2.77%,R+15.4,R+40.1,R+6.3,R+14.1,R+9.2,R+29.0,94330,,https://en.wikipedia.org/wiki/2010_United_States_Senate_election_in_Indiana,"{""Dan Coats"": {""party"": ""Republican"", ""votes"": 952116, ""pct"": 54.58}, ""Brad Ellsworth"": {""party"": ""Democratic"", ""votes"": 697775, ""pct"": 40.0}, ""Rebecca Sink-Burris"": {""party"": ""Libertarian"", ""votes"": 94330, ""pct"": 5.41}, ""Write-in"": {""party"": ""Write-in"", ""votes"": 260, ""pct"": 0.01}}"
2010,Kansas,KS,III,regular,General,"United States Senate election in Kansas, 2010",220971,587175,29546,0.2637854963399436,0.7009437836340803,Lisa Johnston,Jerry Moran,Jerry Moran,R,Lisa Johnston,0.02139449821652827,Michael Dann,29546,837692,"{""Michael Dann"": {""party"": ""Libertarian"", ""votes"": 17922, ""pct"": 2.14}, ""Joe Bellis"": {""party"": ""Reform"", ""votes"": 11624, ""pct"": 1.39}}",-89366,-193688,-761856,-0.437158287294,-0.142996436571,-0.054255447137,-0.122603029054,-0.382902840157,-0.052573866203,0.035270720025976136,0.08193065248549901,-0.04665993245952287,-0.45314089285846865,-0.021940379661987697,-0.06264027373003785,-0.1406941147562194,-0.3905006191284308,0.08877169738074375,red,R+43.7,R+14.3,R+5.4,R+12.3,R+38.3,R+5.3,2.14%,3.53%,8.19%,-4.67%,R+45.3,R+2.2,R+6.3,R+14.1,R+39.1,D+8.9,17922,,https://en.wikipedia.org/wiki/2010_United_States_Senate_election_in_Kansas,"{""Jerry Moran"": {""party"": ""Republican"", ""votes"": 587175, ""pct"": 70.09}, ""Lisa Johnston"": {""party"": ""Democratic"", ""votes"": 220971, ""pct"": 26.38}, ""Michael Dann"": {""party"": ""Libertarian"", ""votes"": 17922, ""pct"": 2.14}, ""Joe Bellis"": {""party"": ""Reform"", ""votes"": 11624, ""pct"": 1.39}}"
2010,Kentucky,KY,III,regular,General,"United States Senate election in Kentucky, 2010",600052,755706,338,0.4424848978243428,0.55726585728444,Jack Conway,Rand Paul,Rand Paul,R,Jack Conway,0.00024924489121714097,Billy Ray Wilson,338,1356096,"{""Billy Ray Wilson"": {""party"": ""Independent"", ""votes"": 338, ""pct"": 0.02}}",-250803,-117801,-368266,-0.114780959460,-0.101644506674,-0.054255447137,-0.122603029054,-0.060525512323,-0.011221936306,0.00024924489121714097,0.08193065248549901,-0.08168140759428187,-0.11480957516016871,-0.10167312237357286,-0.06264027373003785,-0.1406941147562194,-0.05216930143013086,0.009038954669158591,red,R+11.5,R+10.2,R+5.4,R+12.3,R+6.1,R+1.1,0.02%,0.02%,8.19%,-8.17%,R+11.5,R+10.2,R+6.3,R+14.1,R+5.2,D+0.9,338,,https://en.wikipedia.org/wiki/2010_United_States_Senate_election_in_Kentucky,"{""Rand Paul"": {""party"": ""Republican"", ""votes"": 755706, ""pct"": 55.73}, ""Jack Conway"": {""party"": ""Democratic"", ""votes"": 600052, ""pct"": 44.25}, ""Billy Ray Wilson"": {""party"": ""Independent"", ""votes"": 338, ""pct"": 0.02}}"
2010,Louisiana,LA,III,regular,General,"United States Senate election in Louisiana, 2010",476572,715415,73007,0.3767385457954741,0.565548136987211,Charlie Melançon,David Vitter,David Vitter,R,Charlie Melançon,0.011033253912666779,Randall Hayes,73007,1264994,"{""Randall Hayes"": {""party"": ""Libertarian"", ""votes"": 13957, ""pct"": 1.1}, ""Michael Brown"": {""party"": ""Independent"", ""votes"": 9973, ""pct"": 0.79}, ""Mike Spears"": {""party"": ""Independent"", ""votes"": 9190, ""pct"": 0.73}, ""Ernest Wooton"": {""party"": ""Independent"", ""votes"": 8167, ""pct"": 0.65}, ""Skip Galan"": {""party"": ""Independent"", ""votes"": 7474, ""pct"": 0.59}, ""William McShan"": {""party"": ""Reform"", ""votes"": 5879, ""pct"": 0.46}, ""Bob Lang"": {""party"": ""Independent"", ""votes"": 5734, ""pct"": 0.45}, ""Milton Gordon"": {""party"": ""Independent"", ""votes"": 4810, ""pct"": 0.38}, ""Tommy LaFargue"": {""party"": ""Independent"", ""votes"": 4043, ""pct"": 0.32}, ""Sam Melton"": {""party"": ""Independent"", ""votes"": 3780, ""pct"": 0.3}}",-400910,-227599,-983926,-0.188809591192,-0.159670270985,-0.054255447137,-0.122603029054,-0.134554144054,-0.069247700617,0.05771331721731487,0.08193065248549901,-0.02421733526818414,-0.20037382958035616,-0.16437704628613303,-0.06264027373003785,-0.1406941147562194,-0.13773355585031832,-0.05366496924340161,red,R+18.9,R+16.0,R+5.4,R+12.3,R+13.5,R+6.9,1.10%,5.77%,8.19%,-2.42%,R+20.0,R+16.4,R+6.3,R+14.1,R+13.8,R+5.4,13957,,https://en.wikipedia.org/wiki/2010_United_States_Senate_election_in_Louisiana,"{""David Vitter"": {""party"": ""Republican"", ""votes"": 715415, ""pct"": 56.56}, ""Charlie Melançon"": {""party"": ""Democratic"", ""votes"": 476572, ""pct"": 37.67}, ""Randall Hayes"": {""party"": ""Libertarian"", ""votes"": 13957, ""pct"": 1.1}, ""Michael Brown"": {""party"": ""Independent"", ""votes"": 9973, ""pct"": 0.79}, ""Mike Spears"": {""party"": ""Independent"", ""votes"": 9190, ""pct"": 0.73}, ""Ernest Wooton"": {""party"": ""Independent"", ""votes"": 8167, ""pct"": 0.65}, ""Skip Galan"": {""party"": ""Independent"", ""votes"": 7474, ""pct"": 0.59}, ""William McShan"": {""party"": ""Reform"", ""votes"": 5879, ""pct"": 0.46}, ""Bob Lang"": {""party"": ""Independent"", ""votes"": 5734, ""pct"": 0.45}, ""Milton Gordon"": {""party"": ""Independent"", ""votes"": 4810, ""pct"": 0.38}, ""Tommy LaFargue"": {""party"": ""Independent"", ""votes"": 4043, ""pct"": 0.32}, ""Sam Melton"": {""party"": ""Independent"", ""votes"": 3780, ""pct"": 0.3}}"
2010,Maryland,MD,III,regular,General,"United States Senate election in Maryland, 2010",1140531,655666,37676,0.6219247461519963,0.35753075594656775,Barbara Mikulski,Eric Wargotz,Barbara Mikulski,D,Eric Wargotz,0.011296856434442297,Kenniss Henry,37676,1833873,"{""Kenniss Henry"": {""party"": ""Green"", ""votes"": 20717, ""pct"": 1.13}, ""Richard Shawver"": {""party"": ""Constitution"", ""votes"": 14746, ""pct"": 0.8}, ""Write-in"": {""party"": ""Write-in"", ""votes"": 2213, ""pct"": 0.11}}",-364160,-127389,-1209694,0.264393990205,0.027291931995,-0.054255447137,-0.122603029054,0.318649437343,0.117714502363,0.020544497901435924,0.08193065248549901,-0.06138615458406309,0.2699397671858933,-0.04549560020191984,-0.06264027373003785,-0.1406941147562194,0.33258004091593113,0.06521647684081161,deepskyblue,D+26.4,D+2.7,R+5.4,R+12.3,D+31.9,D+11.8,1.13%,2.05%,8.19%,-6.14%,D+27.0,R+4.5,R+6.3,R+14.1,D+33.3,D+6.5,20717,,https://en.wikipedia.org/wiki/2010_United_States_Senate_election_in_Maryland,"{""Barbara Mikulski"": {""party"": ""Democratic"", ""votes"": 1140531, ""pct"": 62.19}, ""Eric Wargotz"": {""party"": ""Republican"", ""votes"": 655666, ""pct"": 35.75}, ""Kenniss Henry"": {""party"": ""Green"", ""votes"": 20717, ""pct"": 1.13}, ""Richard Shawver"": {""party"": ""Constitution"", ""votes"": 14746, ""pct"": 0.8}, ""Write-in"": {""party"": ""Write-in"", ""votes"": 2213, ""pct"": 0.11}}"
2010,Missouri,MO,III,regular,General,"United States Senate election in Missouri, 2010",789736,1054160,100003,0.406263905686458,0.5422915490979727,Robin Carnahan,Roy Blunt,Roy Blunt,R,Robin Carnahan,0.030178008219562846,Jonathan Dine,100003,1943899,"{""Jonathan Dine"": {""party"": ""Libertarian"", ""votes"": 58663, ""pct"": 3.02}, ""Jerry Beck"": {""party"": ""Constitution"", ""votes"": 41309, ""pct"": 2.12}, ""Write-in"": {""party"": ""Write-in"", ""votes"": 31, ""pct"": 0.0}}",-368525,-463929,-1122331,-0.136027643412,-0.018675716126,-0.054255447137,-0.122603029054,-0.081772196274,0.071746854242,0.05144454521556933,0.08193065248549901,-0.03048610726992968,-0.1434050510440936,-0.008957762759676385,-0.06264027373003785,-0.1406941147562194,-0.08076477731405575,0.10175431428305508,red,R+13.6,R+1.9,R+5.4,R+12.3,R+8.2,D+7.2,3.02%,5.14%,8.19%,-3.05%,R+14.3,R+0.9,R+6.3,R+14.1,R+8.1,D+10.2,58663,,https://en.wikipedia.org/wiki/2010_United_States_Senate_election_in_Missouri,"{""Roy Blunt"": {""party"": ""Republican"", ""votes"": 1054160, ""pct"": 54.23}, ""Robin Carnahan"": {""party"": ""Democratic"", ""votes"": 789736, ""pct"": 40.63}, ""Jonathan Dine"": {""party"": ""Libertarian"", ""votes"": 58663, ""pct"": 3.02}, ""Jerry Beck"": {""party"": ""Constitution"", ""votes"": 41309, ""pct"": 2.12}, ""Write-in"": {""party"": ""Write-in"", ""votes"": 31, ""pct"": 0.0}}"
2010,North Carolina,NC,III,regular,General,2010 United States Senate election in North Carolina,1145074,1458046,56954,0.43046697197145645,0.5481223454685847,Elaine Marshall,Richard Burr,Richard Burr,R,Elaine Marshall,0.020932500374049746,Mike Beitler,56954,2660074,"{""Mike Beitler"": {""party"": ""Libertarian"", ""votes"": 55682, ""pct"": 2.09}, ""Write-in"": {""party"": ""Write-in"", ""votes"": 1272, ""pct"": 0.05}}",-487453,-333404,-812008,-0.117655373497,-0.071883701054,-0.054255447137,-0.122603029054,-0.063399926360,0.018538869314,0.021410682559958857,0.08193065248549901,-0.06051996992554015,-0.1202295706690433,-0.07381483131769837,-0.06264027373003785,-0.1406941147562194,-0.057589296939005455,0.0368972457250331,red,R+11.8,R+7.2,R+5.4,R+12.3,R+6.3,D+1.9,2.09%,2.14%,8.19%,-6.05%,R+12.0,R+7.4,R+6.3,R+14.1,R+5.8,D+3.7,55682,,https://en.wikipedia.org/wiki/2010_United_States_Senate_election_in_North_Carolina,"{""Richard Burr"": {""party"": ""Republican"", ""votes"": 1458046, ""pct"": 54.81}, ""Elaine Marshall"": {""party"": ""Democratic"", ""votes"": 1145074, ""pct"": 43.05}, ""Mike Beitler"": {""party"": ""Libertarian"", ""votes"": 55682, ""pct"": 2.09}, ""Write-in"": {""party"": ""Write-in"", ""votes"": 1272, ""pct"": 0.05}}"
2010,North Dakota,ND,III,regular,General,General election results,52955,181689,3890,0.2220018949080634,0.7616901573779838,Tracy Potter,John Hoeven,John Hoeven,R,Tracy Potter,0.016307947713952727,Keith Hanson,3890,238534,"{""Keith Hanson"": {""party"": ""Libertarian"", ""votes"": 3890, ""pct"": 1.63}}",-96981,83136,-9955,-0.539688262470,-0.746470051603,-0.054255447137,-0.122603029054,-0.485432815332,-0.656047481236,0.016307947713952727,0.08193065248549901,-0.06562270477154628,-0.5486353795537069,-0.75541716868723,-0.06264027373003785,-0.1406941147562194,-0.48599510582366906,-0.6447050916444985,red,R+54.0,R+74.6,R+5.4,R+12.3,R+48.5,R+65.6,1.63%,1.63%,8.19%,-6.56%,R+54.9,R+75.5,R+6.3,R+14.1,R+48.6,R+64.5,3890,,https://en.wikipedia.org/wiki/2010_United_States_Senate_election_in_North_Dakota,"{""John Hoeven"": {""party"": ""Republican"", ""votes"": 181689, ""pct"": 76.08}, ""Tracy Potter"": {""party"": ""Democratic–NPL"", ""votes"": 52955, ""pct"": 22.17}, ""Keith Hanson"": {""party"": ""Libertarian"", ""votes"": 3890, ""pct"": 1.63}}"
2010,New Hampshire,NH,III,regular,General,"United States Senate election in New Hampshire, 2010",167545,273218,13947,0.36846561544720813,0.6008620879241714,Paul Hodes,Kelly Ayotte,Kelly Ayotte,R,Paul Hodes,0.02021948054804161,Chris Booth,13947,454710,"{""Chris Booth"": {""party"": ""Independent"", ""votes"": 9194, ""pct"": 2.02}, ""Ken Blevens"": {""party"": ""Libertarian"", ""votes"": 4753, ""pct"": 1.04}}",-54004,-161629,-415086,-0.232396472477,0.012831144114,-0.054255447137,-0.122603029054,-0.178141025340,0.103253714481,0.03067229662862044,0.08193065248549901,-0.051258355856878574,-0.2397501605171033,0.08520306893584889,-0.06264027373003785,-0.1406941147562194,-0.17710988678706546,0.19591514597858034,red,R+23.2,D+1.3,R+5.4,R+12.3,R+17.8,D+10.3,2.02%,3.07%,8.19%,-5.13%,R+24.0,D+8.5,R+6.3,R+14.1,R+17.7,D+19.6,9194,,https://en.wikipedia.org/wiki/2010_United_States_Senate_election_in_New_Hampshire,"{""Kelly Ayotte"": {""party"": ""Republican"", ""votes"": 273218, ""pct"": 60.09}, ""Paul Hodes"": {""party"": ""Democratic"", ""votes"": 167545, ""pct"": 36.85}, ""Chris Booth"": {""party"": ""Independent"", ""votes"": 9194, ""pct"": 2.02}, ""Ken Blevens"": {""party"": ""Libertarian"", ""votes"": 4753, ""pct"": 1.04}}"
2010,Nevada,NV,III,regular,General,"United States Senate election in Nevada, 2010",362785,321361,37235,0.5029034587825296,0.445480266322512,Harry Reid,Sharron Angle,Harry Reid,D,Sharron Angle,0.02242088438702988,None of These Candidates,37235,721381,"{""None of These Candidates"": {""party"": ""n/a"", ""votes"": 16174, ""pct"": 2.25}, ""Scott Ashjian"": {""party"": ""Tea Party of Nevada"", ""votes"": 5811, ""pct"": 0.81}, ""Michael L. Haines"": {""party"": ""Independent"", ""votes"": 4261, ""pct"": 0.59}, ""Timothy Fasano"": {""party"": ""Independent American"", ""votes"": 3185, ""pct"": 0.44}, ""Jesse Holland"": {""party"": ""Independent"", ""votes"": 3175, ""pct"": 0.44}, ""Jeffery C. Reeves"": {""party"": ""Independent"", ""votes"": 2510, ""pct"": 0.35}, ""Wil Stand"": {""party"": ""Independent"", ""votes"": 2119, ""pct"": 0.29}}",-132020,36721,-298852,0.057423192460,-0.148573868996,-0.054255447137,-0.122603029054,0.111678639597,-0.058151298628,0.05161627489495842,0.08193065248549901,-0.030314377590540592,0.060548479418135896,-0.2090856833515271,-0.06264027373003785,-0.1406941147562194,0.12318875314817374,-0.09837360630879566,deepskyblue,D+5.7,R+14.9,R+5.4,R+12.3,D+11.2,R+5.8,2.24%,5.16%,8.19%,-3.03%,D+6.1,R+20.9,R+6.3,R+14.1,D+12.3,R+9.8,16174,,https://en.wikipedia.org/wiki/2010_United_States_Senate_election_in_Nevada,"{""Harry Reid"": {""party"": ""Democratic"", ""votes"": 362785, ""pct"": 50.29}, ""Sharron Angle"": {""party"": ""Republican"", ""votes"": 321361, ""pct"": 44.55}, ""None of These Candidates"": {""party"": ""n/a"", ""votes"": 16174, ""pct"": 2.25}, ""Scott Ashjian"": {""party"": ""Tea Party of Nevada"", ""votes"": 5811, ""pct"": 0.81}, ""Michael L. Haines"": {""party"": ""Independent"", ""votes"": 4261, ""pct"": 0.59}, ""Timothy Fasano"": {""party"": ""Independent American"", ""votes"": 3185, ""pct"": 0.44}, ""Jesse Holland"": {""party"": ""Independent"", ""votes"": 3175, ""pct"": 0.44}, ""Jeffery C. Reeves"": {""party"": ""Independent"", ""votes"": 2510, ""pct"": 0.35}, ""Wil Stand"": {""party"": ""Independent"", ""votes"": 2119, ""pct"": 0.29}}"
2010,New York,NY,III,regular,General,"United States Senate election in New York, 2010",3047111,1479724,67203,0.6632750969843959,0.32209659563112014,Chuck Schumer,Jay Townsend,Chuck Schumer,D,Jay Townsend,0.009216292943158066,Colia Clark,67203,4594038,"{""Colia Clark"": {""party"": ""Green"", ""votes"": 42340, ""pct"": 0.92}, ""Randy Credico"": {""party"": ""Libertarian"", ""votes"": 24863, ""pct"": 0.54}}",-1722713,-145345,-5253592,0.341178501353,0.021837197913,-0.054255447137,-0.122603029054,0.395433948491,0.112259768281,0.014628307384483976,0.08193065248549901,-0.06730234510101503,0.34624345707320897,-0.1455169210910543,-0.06264027373003785,-0.1406941147562194,0.4088837308032468,-0.03480484404832285,deepskyblue,D+34.1,D+2.2,R+5.4,R+12.3,D+39.5,D+11.2,0.92%,1.46%,8.19%,-6.73%,D+34.6,R+14.6,R+6.3,R+14.1,D+40.9,R+3.5,42340,,https://en.wikipedia.org/wiki/2010_United_States_Senate_election_in_New_York,"{""Chuck Schumer"": {""party"": ""Democratic"", ""votes"": 3047111, ""pct"": 66.33}, ""Jay Townsend"": {""party"": ""Republican"", ""votes"": 1479724, ""pct"": 32.21}, ""Colia Clark"": {""party"": ""Green"", ""votes"": 42340, ""pct"": 0.92}, ""Randy Credico"": {""party"": ""Libertarian"", ""votes"": 24863, ""pct"": 0.54}}"
2010,Ohio,OH,III,regular,General,"United States Senate election in Ohio, 2010",1503297,2168742,808504,0.3355166996500201,0.48403552872944194,Lee Irwin Fisher,Robert Jones Portman,Robert Jones Portman,R,Lee Irwin Fisher,0.14851882907942185,Majority,808504,4480543,"{""Majority"": {""party"": ""Majority"", ""votes"": 665445, ""pct"": 17.44}, ""Eric Deaton"": {""party"": ""Constitution"", ""votes"": 65856, ""pct"": 1.72}, ""Michael Pryce"": {""party"": ""Independent"", ""votes"": 50101, ""pct"": 1.31}, ""Daniel LaBotz"": {""party"": ""Socialist"", ""votes"": 26454, ""pct"": 0.69}, ""Arthur Sullivan"": {""party"": ""N/A"", ""votes"": 648, ""pct"": 0.02}}",-457952,-1295909,-945653,-0.148518829079,0.128544881852,-0.054255447137,-0.122603029054,-0.094263381942,0.218967452220,0.18044777162053796,0.08193065248549901,0.09851711913503895,-0.1812194805120534,0.09585934512056055,-0.06264027373003785,-0.1406941147562194,-0.11857920678201554,0.206571422163292,red,R+14.9,D+12.9,R+5.4,R+12.3,R+9.4,D+21.9,14.85%,18.04%,8.19%,9.85%,R+18.1,D+9.6,R+6.3,R+14.1,R+11.9,D+20.7,665445,,https://en.wikipedia.org/wiki/2010_United_States_Senate_election_in_Ohio,"{""Robert Jones Portman"": {""party"": ""Republican"", ""votes"": 2168742, ""pct"": 56.85}, ""Lee Irwin Fisher"": {""party"": ""Democratic"", ""votes"": 1503297, ""pct"": 39.4}, ""Majority"": {""party"": ""Majority"", ""votes"": 665445, ""pct"": 17.44}, ""Eric Deaton"": {""party"": ""Constitution"", ""votes"": 65856, ""pct"": 1.72}, ""Michael Pryce"": {""party"": ""Independent"", ""votes"": 50101, ""pct"": 1.31}, ""Daniel LaBotz"": {""party"": ""Socialist"", ""votes"": 26454, ""pct"": 0.69}, ""Arthur Sullivan"": {""party"": ""N/A"", ""votes"": 648, ""pct"": 0.02}}"
2010,Oklahoma,OK,III,regular,General,"United States Senate election in Oklahoma, 2010",265814,718482,485523,0.180848118033581,0.48882345377219916,Jim Rogers,Tom Coburn,Tom Coburn,R,Majority,0.3079753357386182,Majority,485523,1469819,"{""Majority"": {""party"": ""Majority"", ""votes"": 452668, ""pct"": 44.5}, ""Stephen Wallace"": {""party"": ""Independent"", ""votes"": 25048, ""pct"": 2.46}, ""Ronald F. Dwyer"": {""party"": ""Independent"", ""votes"": 7807, ""pct"": 0.77}}",-330936,-44951,-143710,-0.307975335739,-0.204671955384,-0.054255447137,-0.122603029054,-0.253719888601,-0.114249385016,0.3303284281942198,0.08193065248549901,0.2483977757087208,-0.4598901143558442,-0.33734557439320684,-0.06264027373003785,-0.1406941147562194,-0.39724984062580637,-0.2266334973504754,red,R+30.8,R+20.5,R+5.4,R+12.3,R+25.4,R+11.4,30.80%,33.03%,8.19%,24.84%,R+46.0,R+33.7,R+6.3,R+14.1,R+39.7,R+22.7,452668,,https://en.wikipedia.org/wiki/2010_United_States_Senate_election_in_Oklahoma,"{""Tom Coburn"": {""party"": ""Republican"", ""votes"": 718482, ""pct"": 70.64}, ""Majority"": {""party"": ""Majority"", ""votes"": 452668, ""pct"": 44.5}, ""Jim Rogers"": {""party"": ""Democratic"", ""votes"": 265814, ""pct"": 26.13}, ""Stephen Wallace"": {""party"": ""Independent"", ""votes"": 25048, ""pct"": 2.46}, ""Ronald F. Dwyer"": {""party"": ""Independent"", ""votes"": 7807, ""pct"": 0.77}}"
2010,Oregon,OR,III,regular,General,General election results,825507,566199,50882,0.5722403070038015,0.39248836119529623,Ronald Wyden,Jim Huffman,Ronald Wyden,D,Jim Huffman,0.013129181720629868,Bruce Cronk,50882,1442588,"{""Bruce Cronk"": {""party"": ""Working Families"", ""votes"": 18940, ""pct"": 1.31}, ""Marc Delphine"": {""party"": ""Libertarian"", ""votes"": 16028, ""pct"": 1.11}, ""Rick Staggenborg"": {""party"": ""Progressive"", ""votes"": 14466, ""pct"": 1.0}, ""1,448"": {""party"": ""Write-in"", ""votes"": 1448, ""pct"": 0.1}}",-303221,945,-901436,0.179751945809,-0.060635524627,-0.054255447137,-0.122603029054,0.234007392946,0.029787045741,0.035271331800902264,0.08193065248549901,-0.046659320684596745,0.18632383563769933,-0.14630897864249964,-0.06264027373003785,-0.1406941147562194,0.24896410936773716,-0.035596901599768194,deepskyblue,D+18.0,R+6.1,R+5.4,R+12.3,D+23.4,D+3.0,1.31%,3.53%,8.19%,-4.67%,D+18.6,R+14.6,R+6.3,R+14.1,D+24.9,R+3.6,18940,,https://en.wikipedia.org/wiki/2010_United_States_Senate_election_in_Oregon,"{""Ronald Wyden"": {""party"": ""Democratic"", ""votes"": 825507, ""pct"": 57.22}, ""Jim Huffman"": {""party"": ""Republican"", ""votes"": 566199, ""pct"": 39.25}, ""Bruce Cronk"": {""party"": ""Working Families"", ""votes"": 18940, ""pct"": 1.31}, ""Marc Delphine"": {""party"": ""Libertarian"", ""votes"": 16028, ""pct"": 1.11}, ""Rick Staggenborg"": {""party"": ""Progressive"", ""votes"": 14466, ""pct"": 1.0}, ""1,448"": {""party"": ""Write-in"", ""votes"": 1448, ""pct"": 0.1}}"
2010,Pennsylvania,PA,III,regular,General,General election results,1948716,2028945,0,0.4899150530927598,0.5100849469072402,Joe Sestak,Pat Toomey,Pat Toomey,R,Joe Sestak,0.0,None,0,3977661,{},-385410,-896135,-1580864,-0.020169893814,0.086145000874,-0.054255447137,-0.122603029054,0.034085553323,0.176567571242,0.0,0.08193065248549901,-0.08193065248549901,-0.02016989381448042,0.09219573704310531,-0.06264027373003785,-0.1406941147562194,0.042470379915557424,0.20290781408583675,red,R+2.0,D+8.6,R+5.4,R+12.3,D+3.4,D+17.7,0.00%,0.00%,8.19%,-8.19%,R+2.0,D+9.2,R+6.3,R+14.1,D+4.2,D+20.3,0,,https://en.wikipedia.org/wiki/2010_United_States_Senate_election_in_Pennsylvania,"{""Pat Toomey"": {""party"": ""Republican"", ""votes"": 2028945, ""pct"": 51.01}, ""Joe Sestak"": {""party"": ""Democratic"", ""votes"": 1948716, ""pct"": 48.99}}"
2010,South Carolina,SC,III,regular,General,"United States Senate election in South Carolina, 2010",364598,810771,589598,0.20657496712403123,0.45936892871084845,Alvin Greene,Jim DeMint,Jim DeMint,R,Majority,0.2527939615868172,Majority,589598,1764967,"{""Majority"": {""party"": ""Majority"", ""votes"": 446173, ""pct"": 33.83}, ""Tom Clements"": {""party"": ""Green"", ""votes"": 121472, ""pct"": 9.21}, ""Write-in"": {""party"": ""Write-in"", ""votes"": 21953, ""pct"": 1.66}}",-339786,-46396,15101,-0.252793961587,-0.165482704611,-0.054255447137,-0.122603029054,-0.198538514449,-0.075060134243,0.3340561041651204,0.08193065248549901,0.25212545167962136,-0.37960249079225333,-0.2817619463591865,-0.06264027373003785,-0.1406941147562194,-0.3169622170622155,-0.17104986931645505,red,R+25.3,R+16.5,R+5.4,R+12.3,R+19.9,R+7.5,25.28%,33.41%,8.19%,25.21%,R+38.0,R+28.2,R+6.3,R+14.1,R+31.7,R+17.1,446173,,https://en.wikipedia.org/wiki/2010_United_States_Senate_election_in_South_Carolina,"{""Jim DeMint"": {""party"": ""Republican"", ""votes"": 810771, ""pct"": 61.48}, ""Majority"": {""party"": ""Majority"", ""votes"": 446173, ""pct"": 33.83}, ""Alvin Greene"": {""party"": ""Democratic"", ""votes"": 364598, ""pct"": 27.65}, ""Tom Clements"": {""party"": ""Green"", ""votes"": 121472, ""pct"": 9.21}, ""Write-in"": {""party"": ""Write-in"", ""votes"": 21953, ""pct"": 1.66}}"
2010,South Dakota,SD,III,regular,General,"United States Senate election in South Dakota, 2010",0,227947,0,0.0,1.0,None,John Thune,John Thune,R,,0.0,None,0,227947,{},-193340,30099,-163241,-1.000000000000,-0.988476129125,-0.054255447137,-0.122603029054,-0.945744552863,-0.898053558757,0.0,0.08193065248549901,-0.08193065248549901,-1.0,-0.9884761291246152,-0.06264027373003785,-0.1406941147562194,-0.9373597262699621,-0.8777640520818838,red,R+100.0,R+98.8,R+5.4,R+12.3,R+94.6,R+89.8,0.00%,0.00%,8.19%,-8.19%,R+100.0,R+98.8,R+6.3,R+14.1,R+93.7,R+87.8,0,,https://en.wikipedia.org/wiki/2010_United_States_Senate_election_in_South_Dakota,"{""John Thune"": {""party"": ""Republican"", ""votes"": 227947, ""pct"": 100.0}}"
2010,Utah,UT,III,regular,General,State Democratic Convention results (first round),207708,390179,218431,0.254444958949821,0.47797426983111974,Sam Granato,Mike Lee,Mike Lee,R,Sam Granato,0.22355748617573054,Majority,218431,816318,"{""Majority"": {""party"": ""Majority"", ""votes"": 182494, ""pct"": 28.79}, ""Scott Bradley"": {""party"": ""Constitution"", ""votes"": 35937, ""pct"": 5.67}}",-51247,-236461,-463093,-0.223529310881,0.063856837901,-0.054255447137,-0.122603029054,-0.169273863744,0.154279408269,0.26758077121905927,0.08193065248549901,0.18565011873356024,-0.305193121777192,0.10999101995802557,-0.06264027373003785,-0.1406941147562194,-0.24255284804715416,0.22070309700075702,red,R+22.4,D+6.4,R+5.4,R+12.3,R+16.9,D+15.4,22.36%,26.76%,8.19%,18.57%,R+30.5,D+11.0,R+6.3,R+14.1,R+24.3,D+22.1,182494,,https://en.wikipedia.org/wiki/2010_United_States_Senate_election_in_Utah,"{""Mike Lee"": {""party"": ""Republican"", ""votes"": 390179, ""pct"": 61.56}, ""Sam Granato"": {""party"": ""Democratic"", ""votes"": 207685, ""pct"": 32.77}, ""Majority"": {""party"": ""Majority"", ""votes"": 182494, ""pct"": 28.79}, ""Scott Bradley"": {""party"": ""Constitution"", ""votes"": 35937, ""pct"": 5.67}, ""Christopher Stout"": {""party"": ""Democratic"", ""votes"": 23, ""pct"": 23.0}}"
2010,Vermont,VT,III,regular,General,"United States Senate election in Vermont, 2010",151281,72699,89613,0.4824119160823105,0.2318259655030565,Patrick Leahy,Len Britton,Patrick Leahy,D,Majority,0.2504137528580038,Majority,89613,313593,"{""Majority"": {""party"": ""Majority"", ""votes"": 78528, ""pct"": 33.43}, ""Daniel Freilich"": {""party"": ""Independent"", ""votes"": 3544, ""pct"": 1.51}, ""Cris Ericson"": {""party"": ""Marijuana"", ""votes"": 2731, ""pct"": 1.16}, ""Stephen Cain"": {""party"": ""Independent"", ""votes"": 2356, ""pct"": 1.0}, ""Peter Diamondstone"": {""party"": ""Socialist"", ""votes"": 1433, ""pct"": 0.61}, ""Johenry Nunes"": {""party"": ""Independent"", ""votes"": 1021, ""pct"": 0.43}}",-65691,-2699,-135189,0.250585950579,-0.064876790796,-0.054255447137,-0.122603029054,0.304841397717,0.025545779572,0.285762118414633,0.08193065248549901,0.20383146592913398,0.35084382534154834,-0.13338506271126144,-0.06264027373003785,-0.1406941147562194,0.4134840990715862,-0.022672985668529988,deepskyblue,D+25.1,R+6.5,R+5.4,R+12.3,D+30.5,D+2.6,25.04%,28.58%,8.19%,20.38%,D+35.1,R+13.3,R+6.3,R+14.1,D+41.3,R+2.3,78528,,https://en.wikipedia.org/wiki/2010_United_States_Senate_election_in_Vermont,"{""Patrick Leahy"": {""party"": ""Democratic"", ""votes"": 151281, ""pct"": 64.36}, ""Majority"": {""party"": ""Majority"", ""votes"": 78528, ""pct"": 33.43}, ""Len Britton"": {""party"": ""Republican"", ""votes"": 72699, ""pct"": 30.93}, ""Daniel Freilich"": {""party"": ""Independent"", ""votes"": 3544, ""pct"": 1.51}, ""Cris Ericson"": {""party"": ""Marijuana"", ""votes"": 2731, ""pct"": 1.16}, ""Stephen Cain"": {""party"": ""Independent"", ""votes"": 2356, ""pct"": 1.0}, ""Peter Diamondstone"": {""party"": ""Socialist"", ""votes"": 1433, ""pct"": 0.61}, ""Johenry Nunes"": {""party"": ""Independent"", ""votes"": 1021, ""pct"": 0.43}}"
2010,Washington,WA,III,regular,General,General election results,1314930,1196164,0,0.523648258488133,0.47635174151186693,Patty Murray,Dino Rossi,Patty Murray,D,Dino Rossi,0.0,None,0,2511094,{},-234778,-8420,-307557,0.047296516976,-0.075146453083,-0.054255447137,-0.122603029054,0.101551964114,0.015276117285,0.0,0.08193065248549901,-0.08193065248549901,0.04729651697626612,-0.07800755390655965,-0.06264027373003785,-0.1406941147562194,0.10993679070630397,0.032704523136171795,deepskyblue,D+4.7,R+7.5,R+5.4,R+12.3,D+10.2,D+1.5,0.00%,0.00%,8.19%,-8.19%,D+4.7,R+7.8,R+6.3,R+14.1,D+11.0,D+3.3,0,,https://en.wikipedia.org/wiki/2010_United_States_Senate_election_in_Washington,"{""Patty Murray"": {""party"": ""Democratic"", ""votes"": 1314930, ""pct"": 52.36}, ""Dino Rossi"": {""party"": ""Republican"", ""votes"": 1196164, ""pct"": 47.64}}"
2010,Wisconsin,WI,III,regular,General,General election results,1020958,1125999,24374,0.47019915434358006,0.5185754728321016,Russ Feingold,Ron Johnson,Ron Johnson,R,Russ Feingold,0.010810419968213046,Rob Taylor,24374,2171331,"{""Rob Taylor"": {""party"": ""Constitution"", ""votes"": 23473, ""pct"": 1.08}, ""Write-in"": {""party"": ""Write-in"", ""votes"": 901, ""pct"": 0.04}}",-611739,-175184,-778412,-0.048376318489,-0.160763736647,-0.054255447137,-0.122603029054,0.005879128649,-0.070341166279,0.011225372824318356,0.08193065248549901,-0.07070527966118065,-0.048925525755755706,-0.16192060394572938,-0.06264027373003785,-0.1406941147562194,0.01371474797428214,-0.051208526902997945,red,R+4.8,R+16.1,R+5.4,R+12.3,D+0.6,R+7.0,1.08%,1.12%,8.19%,-7.07%,R+4.9,R+16.2,R+6.3,R+14.1,D+1.4,R+5.1,23473,,https://en.wikipedia.org/wiki/2010_United_States_Senate_election_in_Wisconsin,"{""Ron Johnson"": {""party"": ""Republican"", ""votes"": 1125999, ""pct"": 51.86}, ""Russ Feingold"": {""party"": ""Democratic"", ""votes"": 1020958, ""pct"": 47.02}, ""Rob Taylor"": {""party"": ""Constitution"", ""votes"": 23473, ""pct"": 1.08}, ""Write-in"": {""party"": ""Write-in"", ""votes"": 901, ""pct"": 0.04}}"
2012,United States,NATIONAL,,national,Aggregate,National aggregate,50426587,39901214,3338408,0.5383647693054386,0.4259936899976383,Democratic total,Republican total,Democratic Party,D,Republican Party,0.0,Various,3338408,93666209,{},21466069,7070048,22325022,0.112371079308,0.166626526445,0.112371079308,0.166626526445,0.000000000000,0.000000000000,0.035641540696923046,0.035641540696923046,0.0,0.11652418063404422,0.17916445436408207,0.11652418063404422,0.17916445436408207,0.0,0.0,transparent,D+11.2,D+16.7,D+11.2,D+16.7,EVEN,EVEN,0.00%,3.56%,3.56%,0.00%,D+11.7,D+17.9,D+11.7,D+17.9,EVEN,EVEN,0,,,{}
2012,Arizona,AZ,I,regular,General,"United States Senate election in Arizona, 2012",1036542,1104457,102423,0.46203612160351465,0.4923090706964628,Richard Carmona,Jeff Flake,Jeff Flake,R,Richard Carmona,0.04551484294974374,Marc J. Victor,102423,2243422,"{""Marc J. Victor"": {""party"": ""Libertarian"", ""votes"": 102109, ""pct"": 4.55}, ""Steven Watts"": {""party"": ""Independent"", ""votes"": 290, ""pct"": 0.01}, ""Don Manspeaker"": {""party"": ""Independent"", ""votes"": 24, ""pct"": 0.0}}",372401,290059,566382,-0.030272949093,0.059323601973,0.112371079308,0.166626526445,-0.142644028401,0.047269670495,0.04565480770002255,0.035641540696923046,0.010013267003099506,-0.03172117315328032,0.06990414751800397,0.11652418063404422,0.17916445436408207,-0.14824535378732454,0.07308389249591651,red,R+3.0,D+5.9,D+11.2,D+16.7,R+14.3,D+4.7,4.55%,4.57%,3.56%,1.00%,R+3.2,D+7.0,D+11.7,D+17.9,R+14.8,D+7.3,102109,,https://en.wikipedia.org/wiki/2012_United_States_Senate_election_in_Arizona,"{""Jeff Flake"": {""party"": ""Republican"", ""votes"": 1104457, ""pct"": 49.23}, ""Richard Carmona"": {""party"": ""Democratic"", ""votes"": 1036542, ""pct"": 46.2}, ""Marc J. Victor"": {""party"": ""Libertarian"", ""votes"": 102109, ""pct"": 4.55}, ""Steven Watts"": {""party"": ""Independent"", ""votes"": 290, ""pct"": 0.01}, ""Don Manspeaker"": {""party"": ""Independent"", ""votes"": 24, ""pct"": 0.0}}"
2012,California,CA,I,regular,General,"Survey USA poll of 1,232 likely voters, May 27–29, 2012. MoE: ±2.8%",7864630,4713906,34,0.6252403890108335,0.3747569079792059,Dianne Feinstein,Elizabeth Emken,Dianne Feinstein,D,Elizabeth Emken,2.3850087887573865e-06,Undecided,34,12578570,"{""Undecided"": {""party"": ""n/a"", ""votes"": 30, ""pct"": 30.0}, ""Gail Lightfoot"": {""party"": ""Libertarian"", ""votes"": 2, ""pct"": 2.0}, ""Marsha Feinland"": {""party"": ""Peace and Freedom"", ""votes"": 1, ""pct"": 1.0}, ""Don J. Grundmann"": {""party"": ""American Independent"", ""votes"": 1, ""pct"": 1.0}, ""Kabiruddin Karim Ali"": {""party"": ""Peace and Freedom"", ""votes"": 0, ""pct"": 0.0}}",2788341,1723084,3679511,0.250483481032,0.016136568622,0.112371079308,0.166626526445,0.138112401724,0.004082637144,2.703009960591705e-06,0.035641540696923046,-0.03563883768696245,0.2504841580928019,-0.008030569174493685,0.11652418063404422,0.17916445436408207,0.13395997745875765,-0.004850824196581172,deepskyblue,D+25.0,D+1.6,D+11.2,D+16.7,D+13.8,D+0.4,0.00%,0.00%,3.56%,-3.56%,D+25.0,R+0.8,D+11.7,D+17.9,D+13.4,R+0.5,30,,https://en.wikipedia.org/wiki/2012_United_States_Senate_election_in_California,"{""Dianne Feinstein"": {""party"": ""Democratic"", ""votes"": 7864624, ""pct"": 62.52}, ""Elizabeth Emken"": {""party"": ""Republican"", ""votes"": 4713887, ""pct"": 37.48}, ""Undecided"": {""party"": ""n/a"", ""votes"": 30, ""pct"": 30.0}, ""Dan Hughes"": {""party"": ""Republican"", ""votes"": 4, ""pct"": 4.0}, ""Rick Williams"": {""party"": ""Republican"", ""votes"": 3, ""pct"": 3.0}, ""Al Ramirez"": {""party"": ""Republican"", ""votes"": 3, ""pct"": 3.0}, ""Donald Krampe"": {""party"": ""Republican"", ""votes"": 2, ""pct"": 2.0}, ""Diane Stewart"": {""party"": ""Democratic"", ""votes"": 2, ""pct"": 2.0}, ""David Alex Levitt"": {""party"": ""Democratic"", ""votes"": 2, ""pct"": 2.0}, ""Gail Lightfoot"": {""party"": ""Libertarian"", ""votes"": 2, ""pct"": 2.0}, ""Orly Taitz"": {""party"": ""Republican"", ""votes"": 1, ""pct"": 1.0}, ""Greg Conlon"": {""party"": ""Republican"", ""votes"": 1, ""pct"": 1.0}, ""Robert Lauten"": {""party"": ""Republican"", ""votes"": 1, ""pct"": 1.0}, ""Nachum Shifren"": {""party"": ""Republican"", ""votes"": 1, ""pct"": 1.0}, ""Dennis Jackson"": {""party"": ""Republican"", ""votes"": 1, ""pct"": 1.0}, ""John Boruff"": {""party"": ""Republican"", ""votes"": 1, ""pct"": 1.0}, ""Dirk Allen Konopik"": {""party"": ""Republican"", ""votes"": 1, ""pct"": 1.0}, ""Colleen Shea Fernald"": {""party"": ""Democratic"", ""votes"": 1, ""pct"": 1.0}, ""Mike Strimling"": {""party"": ""Democratic"", ""votes"": 1, ""pct"": 1.0}, ""Marsha Feinland"": {""party"": ""Peace and Freedom"", ""votes"": 1, ""pct"": 1.0}, ""Don J. Grundmann"": {""party"": ""American Independent"", ""votes"": 1, ""pct"": 1.0}, ""Oscar Alejandro Braun"": {""party"": ""Republican"", ""votes"": 0, ""pct"": 0.0}, ""Kabiruddin Karim Ali"": {""party"": ""Peace and Freedom"", ""votes"": 0, ""pct"": 0.0}, ""Nak Shah"": {""party"": ""Democratic"", ""votes"": 0, ""pct"": 0.0}, ""Rogelio T. Gloria"": {""party"": ""Republican"", ""votes"": 0, ""pct"": 0.0}}"
2012,Connecticut,CT,I,regular,General,"United States Senate election in Connecticut, 2012",828761,651089,31914,0.5482079213422201,0.43068164078520194,Chris Murphy,Linda McMahon,Chris Murphy,D,Linda McMahon,0.01656673925295218,Paul Passarelli,31914,1511764,"{""Paul Passarelli"": {""party"": ""Libertarian"", ""votes"": 25045, ""pct"": 1.66}, ""Write-in"": {""party"": ""Write-in"", ""votes"": 6869, ""pct"": 0.45}}",377917,541891,375983,0.117526280557,-0.183276427007,0.112371079308,0.166626526445,0.005155201249,-0.195330358486,0.021110437872577995,0.035641540696923046,-0.014531102824345051,0.12006081697469338,-0.48997557315318985,0.11652418063404422,0.17916445436408207,0.0035366363406491574,-0.48679582817527733,deepskyblue,D+11.8,R+18.3,D+11.2,D+16.7,D+0.5,R+19.5,1.66%,2.11%,3.56%,-1.45%,D+12.0,R+49.0,D+11.7,D+17.9,D+0.4,R+48.7,25045,,https://en.wikipedia.org/wiki/2012_United_States_Senate_election_in_Connecticut,"{""Chris Murphy"": {""party"": ""Democratic"", ""votes"": 828761, ""pct"": 54.82}, ""Linda McMahon"": {""party"": ""Republican"", ""votes"": 651089, ""pct"": 43.07}, ""Paul Passarelli"": {""party"": ""Libertarian"", ""votes"": 25045, ""pct"": 1.66}, ""Write-in"": {""party"": ""Write-in"", ""votes"": 6869, ""pct"": 0.45}}"
2012,Delaware,DE,I,regular,General,"United States Senate election in Delaware, 2012",265415,115700,18491,0.6641917288529201,0.2895351921642818,Tom Carper,Kevin Wade,Tom Carper,D,Kevin Wade,0.03828771339769673,Alex Pires,18491,399606,"{""Alex Pires"": {""party"": ""Independent Party"", ""votes"": 15300, ""pct"": 3.83}, ""Andrew Groff"": {""party"": ""Green"", ""votes"": 3191, ""pct"": 0.8}}",94848,45966,44674,0.374656536689,0.090565499532,0.112371079308,0.166626526445,0.262285457381,0.078511568054,0.046273078982798053,0.035641540696923046,0.010631538285875007,0.3928341839077444,-0.026777053665132944,0.11652418063404422,0.17916445436408207,0.27631000327370014,-0.02359730868722043,deepskyblue,D+37.5,D+9.1,D+11.2,D+16.7,D+26.2,D+7.9,3.83%,4.63%,3.56%,1.06%,D+39.3,R+2.7,D+11.7,D+17.9,D+27.6,R+2.4,15300,,https://en.wikipedia.org/wiki/2012_United_States_Senate_election_in_Delaware,"{""Tom Carper"": {""party"": ""Democratic"", ""votes"": 265415, ""pct"": 66.42}, ""Kevin Wade"": {""party"": ""Republican"", ""votes"": 115700, ""pct"": 28.95}, ""Alex Pires"": {""party"": ""Independent Party"", ""votes"": 15300, ""pct"": 3.83}, ""Andrew Groff"": {""party"": ""Green"", ""votes"": 3191, ""pct"": 0.8}}"
2012,Florida,FL,I,regular,General,"United States Senate election in Florida, 2012",4523451,3458267,208228,0.5523175610681682,0.42225760707091353,Bill Nelson,Connie Mack IV,Bill Nelson,D,Connie Mack IV,0.015394362795554452,Bill Gaylor,208228,8189946,"{""Bill Gaylor"": {""party"": ""Independent"", ""votes"": 126079, ""pct"": 1.54}, ""Chris Borgia"": {""party"": ""Independent"", ""votes"": 82089, ""pct"": 1.0}, ""Write-in"": {""party"": ""Write-in"", ""votes"": 60, ""pct"": 0.0}}",1632903,1632140,2331991,0.130059953997,-0.051645265657,0.112371079308,0.166626526445,0.017688874689,-0.063699197136,0.025424831860918252,0.035641540696923046,-0.010216708836004795,0.13345297340747944,-0.09221892469870765,0.11652418063404422,0.17916445436408207,0.016928792773435217,-0.08903917972079511,deepskyblue,D+13.0,R+5.2,D+11.2,D+16.7,D+1.8,R+6.4,1.54%,2.54%,3.56%,-1.02%,D+13.3,R+9.2,D+11.7,D+17.9,D+1.7,R+8.9,126079,,https://en.wikipedia.org/wiki/2012_United_States_Senate_election_in_Florida,"{""Bill Nelson"": {""party"": ""Democratic"", ""votes"": 4523451, ""pct"": 55.23}, ""Connie Mack IV"": {""party"": ""Republican"", ""votes"": 3458267, ""pct"": 42.23}, ""Bill Gaylor"": {""party"": ""Independent"", ""votes"": 126079, ""pct"": 1.54}, ""Chris Borgia"": {""party"": ""Independent"", ""votes"": 82089, ""pct"": 1.0}, ""Write-in"": {""party"": ""Write-in"", ""votes"": 60, ""pct"": 0.0}}"
2012,Hawaii,HI,I,regular,General,"United States Senate election in Hawaii, 2012",269489,160994,0,0.626015429180711,0.37398457081928904,Mazie Hirono,Linda Lingle,Mazie Hirono,D,Linda Lingle,0.0,None,0,430483,{},59159,34897,3408,0.252030858361,0.054798522121,0.112371079308,0.166626526445,0.139659779054,0.042744590642,0.0,0.035641540696923046,-0.035641540696923046,0.2520308583614219,0.0016555912158004449,0.11652418063404422,0.17916445436408207,0.13550667772737768,0.004835336193712958,deepskyblue,D+25.2,D+5.5,D+11.2,D+16.7,D+14.0,D+4.3,0.00%,0.00%,3.56%,-3.56%,D+25.2,D+0.2,D+11.7,D+17.9,D+13.6,D+0.5,0,,https://en.wikipedia.org/wiki/2012_United_States_Senate_election_in_Hawaii,"{""Mazie Hirono"": {""party"": ""Democratic"", ""votes"": 269489, ""pct"": 62.6}, ""Linda Lingle"": {""party"": ""Republican"", ""votes"": 160994, ""pct"": 37.4}}"
2012,Indiana,IN,I,regular,General,"United States Senate election in Indiana, 2012",1281181,1133621,145300,0.5004413886634205,0.44280306019057053,Joe Donnelly,Richard Mourdock,Joe Donnelly,D,Richard Mourdock,0.05674852017614923,Andy Horning,145300,2560102,"{""Andy Horning"": {""party"": ""Libertarian"", ""votes"": 145282, ""pct"": 5.68}, ""Write-in"": {""party"": ""Write-in"", ""votes"": 18, ""pct"": 0.0}}",1281181,-37932,1218991,0.057638328473,0.931207332083,0.112371079308,0.166626526445,-0.054732750835,0.919153400604,0.056755551146009026,0.035641540696923046,0.02111401044908598,0.06110645924593403,1.061106459245934,0.11652418063404422,0.17916445436408207,-0.05541772138811019,1.0642862042238466,deepskyblue,D+5.8,D+93.1,D+11.2,D+16.7,R+5.5,D+91.9,5.67%,5.68%,3.56%,2.11%,D+6.1,D+106.1,D+11.7,D+17.9,R+5.5,D+106.4,145282,,https://en.wikipedia.org/wiki/2012_United_States_Senate_election_in_Indiana,"{""Joe Donnelly"": {""party"": ""Democratic"", ""votes"": 1281181, ""pct"": 50.04}, ""Richard Mourdock"": {""party"": ""Republican"", ""votes"": 1133621, ""pct"": 44.28}, ""Andy Horning"": {""party"": ""Libertarian"", ""votes"": 145282, ""pct"": 5.68}, ""Write-in"": {""party"": ""Write-in"", ""votes"": 18, ""pct"": 0.0}}"
2012,Massachusetts,MA,I,regular,General,Democratic convention vote,1696494,1458048,2159,0.5374262560819032,0.46188980204333574,Elizabeth Warren,Scott Brown,Elizabeth Warren,D,Scott Brown,0.0006839418747610242,Write-in,2159,3156701,"{""Write-in"": {""party"": ""Write-in"", ""votes"": 2159, ""pct"": 0.07}}",195756,796516,155225,0.075536454039,-0.204061317191,0.112371079308,0.166626526445,-0.036834625269,-0.216115248670,0.0006839418747610242,0.035641540696923046,-0.034957598822162025,0.07558815194091567,-0.3125252659023694,0.11652418063404422,0.17916445436408207,-0.040936028693128554,-0.3093455209244569,deepskyblue,D+7.6,R+20.4,D+11.2,D+16.7,R+3.7,R+21.6,0.07%,0.07%,3.56%,-3.50%,D+7.6,R+31.3,D+11.7,D+17.9,R+4.1,R+30.9,2159,,https://en.wikipedia.org/wiki/2012_United_States_Senate_election_in_Massachusetts,"{""Elizabeth Warren"": {""party"": ""Democratic"", ""votes"": 1696346, ""pct"": 53.74}, ""Scott Brown"": {""party"": ""Republican"", ""votes"": 1458048, ""pct"": 46.19}, ""Write-in"": {""party"": ""Write-in"", ""votes"": 2159, ""pct"": 0.07}, ""Marisa DeFranco"": {""party"": ""Democratic"", ""votes"": 148, ""pct"": 4.23}}"
2012,Maryland,MD,I,regular,General,2012 United States Senate election in Maryland,1474028,693291,465915,0.5597785840529175,0.2632849948010697,Ben Cardin,Dan Bongino,Ben Cardin,D,Dan Bongino,0.16365199598668406,Rob Sobhani,465915,2633234,"{""Rob Sobhani"": {""party"": ""Independent"", ""votes"": 430934, ""pct"": 16.37}, ""Dean Ahmad"": {""party"": ""Libertarian"", ""votes"": 32252, ""pct"": 1.22}, ""Write-in"": {""party"": ""Write-in"", ""votes"": 2729, ""pct"": 0.1}}",508551,-93891,673800,0.296493589252,0.205500475934,0.112371079308,0.166626526445,0.184122509944,0.193446544456,0.17693642114601285,0.035641540696923046,0.1412948804490898,0.36023169639540836,0.25850340812027894,0.11652418063404422,0.17916445436408207,0.24370751576136412,0.2616831530981915,deepskyblue,D+29.6,D+20.6,D+11.2,D+16.7,D+18.4,D+19.3,16.37%,17.69%,3.56%,14.13%,D+36.0,D+25.9,D+11.7,D+17.9,D+24.4,D+26.2,430934,,https://en.wikipedia.org/wiki/2012_United_States_Senate_election_in_Maryland,"{""Ben Cardin"": {""party"": ""Democratic"", ""votes"": 1474028, ""pct"": 55.98}, ""Dan Bongino"": {""party"": ""Republican"", ""votes"": 693291, ""pct"": 26.33}, ""Rob Sobhani"": {""party"": ""Independent"", ""votes"": 430934, ""pct"": 16.37}, ""Dean Ahmad"": {""party"": ""Libertarian"", ""votes"": 32252, ""pct"": 1.22}, ""Write-in"": {""party"": ""Write-in"", ""votes"": 2729, ""pct"": 0.1}}"
2012,Maine,ME-AL,I,regular,General,"United States Senate election in Maine, 2012",92900,215399,392300,0.13260081730062417,0.3074497679842535,Cynthia Dill,Charlie Summers,Angus King,T,Charlie Summers,0.5289473721772369,Angus King,392300,700599,"{""Angus King"": {""party"": ""Independent"", ""votes"": 370580, ""pct"": 52.89}, ""Steve Woods"": {""party"": ""Independent"", ""votes"": 10289, ""pct"": 1.47}, ""Danny Dalton"": {""party"": ""Independent"", ""votes"": 5807, ""pct"": 0.83}, ""Andrew Ian Dodge"": {""party"": ""Independent"", ""votes"": 5624, ""pct"": 0.8}}",-19084,-187199,-133817,-0.174848950684,0.173435358342,0.112371079308,0.166626526445,-0.287220029991,0.161381426864,0.5599494147151224,0.035641540696923046,0.5243078740181993,-0.3973382982105034,0.16741911654555103,0.11652418063404422,0.17916445436408207,-0.5138624788445476,0.1705988615234636,yellow,R+17.5,D+17.3,D+11.2,D+16.7,R+28.7,D+16.1,52.89%,55.99%,3.56%,52.43%,R+39.7,D+16.7,D+11.7,D+17.9,R+51.4,D+17.1,370580,,https://en.wikipedia.org/wiki/2012_United_States_Senate_election_in_Maine,"{""Angus King"": {""party"": ""Independent"", ""votes"": 370580, ""pct"": 52.89}, ""Charlie Summers"": {""party"": ""Republican"", ""votes"": 215399, ""pct"": 30.75}, ""Cynthia Dill"": {""party"": ""Democratic"", ""votes"": 92900, ""pct"": 13.26}, ""Steve Woods"": {""party"": ""Independent"", ""votes"": 10289, ""pct"": 1.47}, ""Danny Dalton"": {""party"": ""Independent"", ""votes"": 5807, ""pct"": 0.83}, ""Andrew Ian Dodge"": {""party"": ""Independent"", ""votes"": 5624, ""pct"": 0.8}}"
2012,Michigan,MI,I,regular,General,"United States Senate election in Michigan, 2012",2735826,1767386,149706,0.5879807037218365,0.37984464802517476,Debbie Stabenow,Pete Hoekstra,Debbie Stabenow,D,Pete Hoekstra,0.018156348338827375,Scott Boman,149706,4652918,"{""Scott Boman"": {""party"": ""Libertarian"", ""votes"": 84480, ""pct"": 1.82}, ""Harley Mikkelson"": {""party"": ""Green"", ""votes"": 27890, ""pct"": 0.6}, ""Richard Matkin"": {""party"": ""Constitution"", ""votes"": 26038, ""pct"": 0.56}, ""John Litle"": {""party"": ""Natural Law"", ""votes"": 11229, ""pct"": 0.24}, ""Write-in"": {""party"": ""Write-in"", ""votes"": 69, ""pct"": 0.0}}",584548,207789,281119,0.208136055697,0.072795661502,0.112371079308,0.166626526445,0.095764976389,0.060741730023,0.03217464825298877,0.035641540696923046,-0.0034668924439342774,0.21505538713256228,0.05561024279328919,0.11652418063404422,0.17916445436408207,0.09853120649851806,0.05878998777120173,deepskyblue,D+20.8,D+7.3,D+11.2,D+16.7,D+9.6,D+6.1,1.82%,3.22%,3.56%,-0.35%,D+21.5,D+5.6,D+11.7,D+17.9,D+9.9,D+5.9,84480,,https://en.wikipedia.org/wiki/2012_United_States_Senate_election_in_Michigan,"{""Debbie Stabenow"": {""party"": ""Democratic"", ""votes"": 2735826, ""pct"": 58.8}, ""Pete Hoekstra"": {""party"": ""Republican"", ""votes"": 1767386, ""pct"": 37.98}, ""Scott Boman"": {""party"": ""Libertarian"", ""votes"": 84480, ""pct"": 1.82}, ""Harley Mikkelson"": {""party"": ""Green"", ""votes"": 27890, ""pct"": 0.6}, ""Richard Matkin"": {""party"": ""Constitution"", ""votes"": 26038, ""pct"": 0.56}, ""John Litle"": {""party"": ""Natural Law"", ""votes"": 11229, ""pct"": 0.24}, ""Write-in"": {""party"": ""Write-in"", ""votes"": 69, ""pct"": 0.0}}"
2012,Minnesota,MN,I,regular,General,"United States Senate election in Minnesota, 2012",1854595,867974,120638,0.6522898262419866,0.3052799180643548,Amy Klobuchar,Kurt Bills,Amy Klobuchar,D,Kurt Bills,0.025864806888840665,Stephen Williams,120638,2843207,"{""Stephen Williams"": {""party"": ""Independence"", ""votes"": 73539, ""pct"": 2.59}, ""Tim Davis"": {""party"": ""Grassroots"", ""votes"": 30531, ""pct"": 1.07}, ""Michael Cavlan"": {""party"": ""Open Progressives"", ""votes"": 13986, ""pct"": 0.49}, ""Write-in"": {""party"": ""Write-in"", ""votes"": 2582, ""pct"": 0.09}}",575746,32321,197239,0.347009908178,0.179511283856,0.112371079308,0.166626526445,0.234638828870,0.167457352377,0.0424302556936586,0.035641540696923046,0.0067887149967355565,0.3623860405374483,0.15278775214613913,0.11652418063404422,0.17916445436408207,0.24586185990340403,0.15596749712405167,deepskyblue,D+34.7,D+18.0,D+11.2,D+16.7,D+23.5,D+16.7,2.59%,4.24%,3.56%,0.68%,D+36.2,D+15.3,D+11.7,D+17.9,D+24.6,D+15.6,73539,,https://en.wikipedia.org/wiki/2012_United_States_Senate_election_in_Minnesota,"{""Amy Klobuchar"": {""party"": ""Democratic (DFL)"", ""votes"": 1854595, ""pct"": 65.23}, ""Kurt Bills"": {""party"": ""Republican"", ""votes"": 867974, ""pct"": 30.53}, ""Stephen Williams"": {""party"": ""Independence"", ""votes"": 73539, ""pct"": 2.59}, ""Tim Davis"": {""party"": ""Grassroots"", ""votes"": 30531, ""pct"": 1.07}, ""Michael Cavlan"": {""party"": ""Open Progressives"", ""votes"": 13986, ""pct"": 0.49}, ""Write-in"": {""party"": ""Write-in"", ""votes"": 2582, ""pct"": 0.09}}"
2012,Missouri,MO,I,regular,General,"United States Senate election in Missouri, 2012",1494125,1066159,165509,0.5481432375826044,0.39113718466515984,Claire McCaskill,Todd Akin,Claire McCaskill,D,Todd Akin,0.06070453625788899,Jonathan Dine,165509,2725793,"{""Jonathan Dine"": {""party"": ""Libertarian"", ""votes"": 165468, ""pct"": 6.07}, ""Write-in"": {""party"": ""Write-in"", ""votes"": 41, ""pct"": 0.01}}",438870,59218,597334,0.157006052917,0.134307001632,0.112371079308,0.166626526445,0.044634973610,0.122253070153,0.06071957775223577,0.035641540696923046,0.025078037055312724,0.16715567491731387,0.14372725201279848,0.11652418063404422,0.17916445436408207,0.05063149428326964,0.14690699699071103,deepskyblue,D+15.7,D+13.4,D+11.2,D+16.7,D+4.5,D+12.2,6.07%,6.07%,3.56%,2.51%,D+16.7,D+14.4,D+11.7,D+17.9,D+5.1,D+14.7,165468,,https://en.wikipedia.org/wiki/2012_United_States_Senate_election_in_Missouri,"{""Claire McCaskill"": {""party"": ""Democratic"", ""votes"": 1494125, ""pct"": 54.81}, ""Todd Akin"": {""party"": ""Republican"", ""votes"": 1066159, ""pct"": 39.11}, ""Jonathan Dine"": {""party"": ""Libertarian"", ""votes"": 165468, ""pct"": 6.07}, ""Write-in"": {""party"": ""Write-in"", ""votes"": 41, ""pct"": 0.01}}"
2012,Mississippi,MS,I,regular,General,"United States Senate election in Mississippi, 2012",503467,709626,28475,0.4055090015206578,0.5715562901105699,Albert Gore,Roger Wicker,Roger Wicker,R,Albert Gore,0.012307823655248847,Thomas Cramer,28475,1241568,"{""Thomas Cramer"": {""party"": ""Constitution"", ""votes"": 15281, ""pct"": 1.23}, ""Shawn O'Hara"": {""party"": ""Reform"", ""votes"": 13194, ""pct"": 1.06}}",290467,321227,455248,-0.166047288590,0.057015840925,0.112371079308,0.166626526445,-0.278418367898,0.044961909446,0.022934708368772393,0.035641540696923046,-0.012706832328150654,-0.1699449259042794,0.12170670637312714,0.11652418063404422,0.17916445436408207,-0.28646910653832364,0.12488645135103965,red,R+16.6,D+5.7,D+11.2,D+16.7,R+27.8,D+4.5,1.23%,2.29%,3.56%,-1.27%,R+17.0,D+12.2,D+11.7,D+17.9,R+28.6,D+12.5,15281,,https://en.wikipedia.org/wiki/2012_United_States_Senate_election_in_Mississippi,"{""Roger Wicker"": {""party"": ""Republican"", ""votes"": 709626, ""pct"": 57.16}, ""Albert Gore"": {""party"": ""Democratic"", ""votes"": 503467, ""pct"": 40.55}, ""Thomas Cramer"": {""party"": ""Constitution"", ""votes"": 15281, ""pct"": 1.23}, ""Shawn O'Hara"": {""party"": ""Reform"", ""votes"": 13194, ""pct"": 1.06}}"
2012,Montana,MT,I,regular,General,"United States Senate election in Montana, 2012",236123,218051,31892,0.48578382359597255,0.4486036875650632,Jon Tester,Denny Rehberg,Jon Tester,D,Denny Rehberg,0.06561248883896426,Dan Cox,31892,486066,"{""Dan Cox"": {""party"": ""Libertarian"", ""votes"": 31892, ""pct"": 6.56}}",36278,21768,79561,0.037180136031,0.028417636185,0.112371079308,0.166626526445,-0.075190943277,0.016363704706,0.06561248883896426,0.035641540696923046,0.02997094814204121,0.039790917137484755,0.030798874161477002,0.11652418063404422,0.17916445436408207,-0.07673326349655947,0.03397861913938954,deepskyblue,D+3.7,D+2.8,D+11.2,D+16.7,R+7.5,D+1.6,6.56%,6.56%,3.56%,3.00%,D+4.0,D+3.1,D+11.7,D+17.9,R+7.7,D+3.4,31892,,https://en.wikipedia.org/wiki/2012_United_States_Senate_election_in_Montana,"{""Jon Tester"": {""party"": ""Democratic"", ""votes"": 236123, ""pct"": 48.58}, ""Denny Rehberg"": {""party"": ""Republican"", ""votes"": 218051, ""pct"": 44.86}, ""Dan Cox"": {""party"": ""Libertarian"", ""votes"": 31892, ""pct"": 6.56}}"
2012,North Dakota,ND,I,regular,General,"United States Senate election in North Dakota, 2012",161337,158401,1406,0.5023821089604663,0.4932397927409511,Heidi Heitkamp,Rick Berg,Heidi Heitkamp,D,Rick Berg,0.004378098298582567,Write-in,1406,321144,"{""Write-in"": {""party"": ""Write-in"", ""votes"": 1406, ""pct"": 0.44}}",11191,93984,17263,0.009142316220,-0.272971405928,0.112371079308,0.166626526445,-0.103228763088,-0.285025337407,0.004378098298582567,0.035641540696923046,-0.03126344239834048,0.009182518186765415,-0.3903691286488959,0.11652418063404422,0.17916445436408207,-0.10734166244727882,-0.3871893836709834,deepskyblue,D+0.9,R+27.3,D+11.2,D+16.7,R+10.3,R+28.5,0.44%,0.44%,3.56%,-3.13%,D+0.9,R+39.0,D+11.7,D+17.9,R+10.7,R+38.7,1406,,https://en.wikipedia.org/wiki/2012_United_States_Senate_election_in_North_Dakota,"{""Heidi Heitkamp"": {""party"": ""Democratic–NPL"", ""votes"": 161337, ""pct"": 50.24}, ""Rick Berg"": {""party"": ""Republican"", ""votes"": 158401, ""pct"": 49.32}, ""Write-in"": {""party"": ""Write-in"", ""votes"": 1406, ""pct"": 0.44}}"
2012,Nebraska,NE-AL,I,regular,General,2012 United States Senate election in Nebraska,332979,455593,122614,0.3654347191462555,0.5,Bob Kerrey,Deb Fischer,Deb Fischer,R,Bob Kerrey,0.13456528085374447,Majority,122614,911186,"{""Majority"": {""party"": ""Majority"", ""votes"": 122614, ""pct"": 15.54}}",-45409,241665,154410,-0.134565280854,-0.351881897660,0.112371079308,0.166626526445,-0.246936360162,-0.363935829138,0.13456528085374447,0.035641540696923046,0.09892374015682143,-0.1554886554430033,-0.43314450130906124,0.11652418063404422,0.17916445436408207,-0.2720128360770475,-0.4299647563311487,red,R+13.5,R+35.2,D+11.2,D+16.7,R+24.7,R+36.4,13.46%,13.46%,3.56%,9.89%,R+15.5,R+43.3,D+11.7,D+17.9,R+27.2,R+43.0,122614,,https://en.wikipedia.org/wiki/2012_United_States_Senate_election_in_Nebraska,"{""Deb Fischer"": {""party"": ""Republican"", ""votes"": 455593, ""pct"": 57.77}, ""Bob Kerrey"": {""party"": ""Democratic"", ""votes"": 332979, ""pct"": 42.23}, ""Majority"": {""party"": ""Majority"", ""votes"": 122614, ""pct"": 15.54}}"
2012,New Jersey,NJ,I,regular,General,"United States Senate election in New Jersey, 2012",1987680,1329534,59435,0.5886546099402099,0.39374361978399297,Bob Menendez,Joe Kyrillos,Bob Menendez,D,Joe Kyrillos,0.004976235314952783,Kenneth R. Kaplan,59435,3376649,"{""Kenneth R. Kaplan"": {""party"": ""Libertarian"", ""votes"": 16803, ""pct"": 0.5}, ""Ken Wolski"": {""party"": ""Green"", ""votes"": 15801, ""pct"": 0.47}, ""Gwen Diakos"": {""party"": ""Independent"", ""votes"": 9359, ""pct"": 0.28}, ""J. David Dranikoff"": {""party"": ""Independent"", ""votes"": 3834, ""pct"": 0.11}, ""Inder \""Andy\"" Soni"": {""party"": ""Independent"", ""votes"": 3593, ""pct"": 0.11}, ""Robert \""Turk\"" Turkavage"": {""party"": ""Independent"", ""votes"": 3532, ""pct"": 0.1}, ""Greg Pason"": {""party"": ""Socialist"", ""votes"": 2249, ""pct"": 0.07}, ""Eugene M. LaVergne"": {""party"": ""Independent"", ""votes"": 2198, ""pct"": 0.07}, ""Daryl Brooks"": {""party"": ""Independent"", ""votes"": 2066, ""pct"": 0.06}}",786837,331759,923511,0.194910990156,0.112132116730,0.112371079308,0.166626526445,0.082539910848,0.100078185251,0.0176017702757971,0.035641540696923046,-0.018039770421125947,0.19840323838015878,0.10604158210335217,0.11652418063404422,0.17916445436408207,0.08187905774611455,0.10922132708126471,deepskyblue,D+19.5,D+11.2,D+11.2,D+16.7,D+8.3,D+10.0,0.50%,1.76%,3.56%,-1.80%,D+19.8,D+10.6,D+11.7,D+17.9,D+8.2,D+10.9,16803,,https://en.wikipedia.org/wiki/2012_United_States_Senate_election_in_New_Jersey,"{""Bob Menendez"": {""party"": ""Democratic"", ""votes"": 1987680, ""pct"": 58.87}, ""Joe Kyrillos"": {""party"": ""Republican"", ""votes"": 1329534, ""pct"": 39.37}, ""Kenneth R. Kaplan"": {""party"": ""Libertarian"", ""votes"": 16803, ""pct"": 0.5}, ""Ken Wolski"": {""party"": ""Green"", ""votes"": 15801, ""pct"": 0.47}, ""Gwen Diakos"": {""party"": ""Independent"", ""votes"": 9359, ""pct"": 0.28}, ""J. David Dranikoff"": {""party"": ""Independent"", ""votes"": 3834, ""pct"": 0.11}, ""Inder \""Andy\"" Soni"": {""party"": ""Independent"", ""votes"": 3593, ""pct"": 0.11}, ""Robert \""Turk\"" Turkavage"": {""party"": ""Independent"", ""votes"": 3532, ""pct"": 0.1}, ""Greg Pason"": {""party"": ""Socialist"", ""votes"": 2249, ""pct"": 0.07}, ""Eugene M. LaVergne"": {""party"": ""Independent"", ""votes"": 2198, ""pct"": 0.07}, ""Daryl Brooks"": {""party"": ""Independent"", ""votes"": 2066, ""pct"": 0.06}}"
2012,New Mexico,NM,I,regular,General,2012 United States Senate election in New Mexico,395717,351259,28816,0.5100813104543486,0.45277471280961906,Martin Heinrich,Heather Wilson,Martin Heinrich,D,Heather Wilson,0.03634866046569184,Jon Barrie,28816,775792,"{""Jon Barrie"": {""party"": ""Independent American"", ""votes"": 28199, ""pct"": 3.63}, ""Robert L. Anderson"": {""party"": ""Independent"", ""votes"": 617, ""pct"": 0.08}}",1500,187498,-12976,0.057306597645,-0.234865498586,0.112371079308,0.166626526445,-0.055064481663,-0.246919430065,0.03714397673603234,0.035641540696923046,0.001502436039109295,0.05951730711562353,-0.35350256105122174,0.11652418063404422,0.17916445436408207,-0.057006873518420695,-0.35032281607330923,deepskyblue,D+5.7,R+23.5,D+11.2,D+16.7,R+5.5,R+24.7,3.63%,3.71%,3.56%,0.15%,D+6.0,R+35.4,D+11.7,D+17.9,R+5.7,R+35.0,28199,,https://en.wikipedia.org/wiki/2012_United_States_Senate_election_in_New_Mexico,"{""Martin Heinrich"": {""party"": ""Democratic"", ""votes"": 395717, ""pct"": 51.01}, ""Heather Wilson"": {""party"": ""Republican"", ""votes"": 351259, ""pct"": 45.28}, ""Jon Barrie"": {""party"": ""Independent American"", ""votes"": 28199, ""pct"": 3.63}, ""Robert L. Anderson"": {""party"": ""Independent"", ""votes"": 617, ""pct"": 0.08}}"
2012,Nevada,NV,I,regular,General,"United States Senate election in Nevada, 2012",446080,457656,94069,0.4470612995525178,0.45866276476866724,Shelley Berkley,Dean Heller,Dean Heller,R,Shelley Berkley,0.04889933403821388,David Lory VanDerBeek,94069,997805,"{""David Lory VanDerBeek"": {""party"": ""Independent American"", ""votes"": 48792, ""pct"": 4.89}, ""None of These Candidates"": {""party"": ""None of These Candidates"", ""votes"": 45277, ""pct"": 4.54}}",207284,135155,331528,-0.011601465216,0.114029466063,0.112371079308,0.166626526445,-0.123972544524,0.101975534585,0.094275935678815,0.035641540696923046,0.05863439498189195,-0.01280905043065674,0.13631877316362578,0.11652418063404422,0.17916445436408207,-0.12933323106470096,0.13949851814153835,red,R+1.2,D+11.4,D+11.2,D+16.7,R+12.4,D+10.2,4.89%,9.43%,3.56%,5.86%,R+1.3,D+13.6,D+11.7,D+17.9,R+12.9,D+13.9,48792,,https://en.wikipedia.org/wiki/2012_United_States_Senate_election_in_Nevada,"{""Dean Heller"": {""party"": ""Republican"", ""votes"": 457656, ""pct"": 45.87}, ""Shelley Berkley"": {""party"": ""Democratic"", ""votes"": 446080, ""pct"": 44.71}, ""David Lory VanDerBeek"": {""party"": ""Independent American"", ""votes"": 48792, ""pct"": 4.89}, ""None of These Candidates"": {""party"": ""None of These Candidates"", ""votes"": 45277, ""pct"": 4.54}}"
2012,New York,NY,I,regular,General,2012 United States Senate election in New York,4822330,1758702,96634,0.7221580114968313,0.26337076457552683,Kirsten Gillibrand,Wendy Long,Kirsten Gillibrand,D,Wendy Long,0.006378126728710301,Colia Clark,96634,6677666,"{""Colia Clark"": {""party"": ""Green"", ""votes"": 42591, ""pct"": 0.64}, ""Chris Edes"": {""party"": ""Libertarian"", ""votes"": 32002, ""pct"": 0.48}, ""John Mangelli"": {""party"": ""Independent"", ""votes"": 22041, ""pct"": 0.33}}",1813902,366513,571374,0.458787246921,0.194103049048,0.112371079308,0.166626526445,0.346416167614,0.182049117570,0.014471223927641785,0.035641540696923046,-0.021170316769281262,0.4655239482196713,0.09824840481291719,0.11652418063404422,0.17916445436408207,0.34899976758562706,0.1014281497908297,deepskyblue,D+45.9,D+19.4,D+11.2,D+16.7,D+34.6,D+18.2,0.64%,1.45%,3.56%,-2.12%,D+46.6,D+9.8,D+11.7,D+17.9,D+34.9,D+10.1,42591,,https://en.wikipedia.org/wiki/2012_United_States_Senate_election_in_New_York,"{""Kirsten Gillibrand"": {""party"": ""Democratic"", ""votes"": 4822330, ""pct"": 72.21}, ""Wendy Long"": {""party"": ""Republican"", ""votes"": 1758702, ""pct"": 26.34}, ""Colia Clark"": {""party"": ""Green"", ""votes"": 42591, ""pct"": 0.64}, ""Chris Edes"": {""party"": ""Libertarian"", ""votes"": 32002, ""pct"": 0.48}, ""John Mangelli"": {""party"": ""Independent"", ""votes"": 22041, ""pct"": 0.33}}"
2012,Ohio,OH,I,regular,General,"United States Senate election in Ohio, 2012",2762766,2435744,250618,0.5070106629904821,0.4469970241110137,Sherrod Brown,Josh Mandel,Sherrod Brown,D,Josh Mandel,0.045992312898504126,Scott Rupert,250618,5449128,"{""Scott Rupert"": {""party"": ""Independent"", ""votes"": 250618, ""pct"": 4.6}}",505397,674707,1429892,0.060013638879,-0.063475501843,0.112371079308,0.166626526445,-0.052357440428,-0.075529433321,0.045992312898504126,0.035641540696923046,0.01035077220158108,0.06290687139199501,-0.06060777595822296,0.11652418063404422,0.17916445436408207,-0.053617309242049216,-0.05742803098031042,deepskyblue,D+6.0,R+6.3,D+11.2,D+16.7,R+5.2,R+7.6,4.60%,4.60%,3.56%,1.04%,D+6.3,R+6.1,D+11.7,D+17.9,R+5.4,R+5.7,250618,,https://en.wikipedia.org/wiki/2012_United_States_Senate_election_in_Ohio,"{""Sherrod Brown"": {""party"": ""Democratic"", ""votes"": 2762766, ""pct"": 50.7}, ""Josh Mandel"": {""party"": ""Republican"", ""votes"": 2435744, ""pct"": 44.7}, ""Scott Rupert"": {""party"": ""Independent"", ""votes"": 250618, ""pct"": 4.6}}"
2012,Pennsylvania,PA,I,regular,General,"United States Senate election in Pennsylvania, 2012",3021364,2509132,96926,0.5369002004825656,0.4458759268453654,"Bob Casey, Jr.",Tom Smith,"Bob Casey, Jr.",D,Tom Smith,0.017223872672069023,Rayburn Smith,96926,5627422,"{""Rayburn Smith"": {""party"": ""Libertarian"", ""votes"": 96926, ""pct"": 1.72}}",628380,824354,1546379,0.091024273637,-0.082511266175,0.112371079308,0.166626526445,-0.021346805671,-0.094565197653,0.017223872672069023,0.035641540696923046,-0.018417668024854023,0.09261954081514569,-0.0810556270833241,0.11652418063404422,0.17916445436408207,-0.023904639818898538,-0.07787588210541156,deepskyblue,D+9.1,R+8.3,D+11.2,D+16.7,R+2.1,R+9.5,1.72%,1.72%,3.56%,-1.84%,D+9.3,R+8.1,D+11.7,D+17.9,R+2.4,R+7.8,96926,,https://en.wikipedia.org/wiki/2012_United_States_Senate_election_in_Pennsylvania,"{""Bob Casey, Jr."": {""party"": ""Democratic"", ""votes"": 3021364, ""pct"": 53.69}, ""Tom Smith"": {""party"": ""Republican"", ""votes"": 2509132, ""pct"": 44.59}, ""Rayburn Smith"": {""party"": ""Libertarian"", ""votes"": 96926, ""pct"": 1.72}}"
2012,Rhode Island,RI,I,regular,General,"United States Senate election in Rhode Island, 2012",271034,146222,933,0.6481136519611945,0.349655299398119,Sheldon Whitehouse,Barry Hinckley,Sheldon Whitehouse,D,Barry Hinckley,0.0022310486406863883,Write-in,933,418189,"{""Write-in"": {""party"": ""Write-in"", ""votes"": 933, ""pct"": 0.22}}",64991,-32728,33196,0.298458352563,0.228085644488,0.112371079308,0.166626526445,0.186087273255,0.216031713009,0.0022310486406863883,0.035641540696923046,-0.03341049205623666,0.2991257165864601,0.22875300851124833,0.11652418063404422,0.17916445436408207,0.18260153595241585,0.23193275348916087,deepskyblue,D+29.8,D+22.8,D+11.2,D+16.7,D+18.6,D+21.6,0.22%,0.22%,3.56%,-3.34%,D+29.9,D+22.9,D+11.7,D+17.9,D+18.3,D+23.2,933,,https://en.wikipedia.org/wiki/2012_United_States_Senate_election_in_Rhode_Island,"{""Sheldon Whitehouse"": {""party"": ""Democratic"", ""votes"": 271034, ""pct"": 64.81}, ""Barry Hinckley"": {""party"": ""Republican"", ""votes"": 146222, ""pct"": 34.97}, ""Write-in"": {""party"": ""Write-in"", ""votes"": 933, ""pct"": 0.22}}"
2012,Tennessee,TN,I,regular,General,"United States Senate election in Tennessee, 2012",705882,1506443,109152,0.30406590287131857,0.6489157549267126,Mark Clayton,Bob Corker,Bob Corker,R,Mark Clayton,0.016572208124396668,Martin Pleasant,109152,2321477,"{""Martin Pleasant"": {""party"": ""Green"", ""votes"": 38472, ""pct"": 1.66}, ""Shaun Crowell"": {""party"": ""Independent"", ""votes"": 20936, ""pct"": 0.9}, ""Kermit Steck"": {""party"": ""Constitution"", ""votes"": 18620, ""pct"": 0.8}, ""James Higdon"": {""party"": ""Independent"", ""votes"": 8085, ""pct"": 0.35}, ""Michael Joseph Long"": {""party"": ""Independent"", ""votes"": 8080, ""pct"": 0.35}, ""Troy Stephen Scoggin"": {""party"": ""Independent"", ""votes"": 7148, ""pct"": 0.31}, ""David Gatchell"": {""party"": ""Independent"", ""votes"": 6523, ""pct"": 0.28}, ""Write-ins"": {""party"": ""n/a"", ""votes"": 1288, ""pct"": 0.05}}",-174094,576532,437847,-0.344849852055,-0.318339868672,0.112371079308,0.166626526445,-0.457220931363,-0.330393800151,0.047018342201968835,0.035641540696923046,0.011376801505045789,-0.36186410224537535,-0.33427398197819846,0.11652418063404422,0.17916445436408207,-0.4783882828794196,-0.33109423700028595,red,R+34.5,R+31.8,D+11.2,D+16.7,R+45.7,R+33.0,1.66%,4.70%,3.56%,1.14%,R+36.2,R+33.4,D+11.7,D+17.9,R+47.8,R+33.1,38472,,https://en.wikipedia.org/wiki/2012_United_States_Senate_election_in_Tennessee,"{""Bob Corker"": {""party"": ""Republican"", ""votes"": 1506443, ""pct"": 64.89}, ""Mark Clayton"": {""party"": ""Democratic"", ""votes"": 705882, ""pct"": 30.41}, ""Martin Pleasant"": {""party"": ""Green"", ""votes"": 38472, ""pct"": 1.66}, ""Shaun Crowell"": {""party"": ""Independent"", ""votes"": 20936, ""pct"": 0.9}, ""Kermit Steck"": {""party"": ""Constitution"", ""votes"": 18620, ""pct"": 0.8}, ""James Higdon"": {""party"": ""Independent"", ""votes"": 8085, ""pct"": 0.35}, ""Michael Joseph Long"": {""party"": ""Independent"", ""votes"": 8080, ""pct"": 0.35}, ""Troy Stephen Scoggin"": {""party"": ""Independent"", ""votes"": 7148, ""pct"": 0.31}, ""David Gatchell"": {""party"": ""Independent"", ""votes"": 6523, ""pct"": 0.28}, ""Write-ins"": {""party"": ""n/a"", ""votes"": 1288, ""pct"": 0.05}}"
2012,Texas,TX,I,regular,General,Libertarian convention approval vote,3194927,4920263,229837,0.3828540039475007,0.5896042037970638,Paul Sadler,Ted Cruz,Ted Cruz,R,Paul Sadler,0.01945517971361866,John Jay Myers,229837,8345027,"{""John Jay Myers"": {""party"": ""Libertarian"", ""votes"": 162354, ""pct"": 2.06}, ""David Collins"": {""party"": ""Green"", ""votes"": 67404, ""pct"": 0.86}, ""Scott Jameson"": {""party"": ""Libertarian"", ""votes"": 28, ""pct"": 22.8}, ""John Roland"": {""party"": ""Libertarian"", ""votes"": 27, ""pct"": 21.9}, ""Robert Butler"": {""party"": ""Libertarian"", ""votes"": 19, ""pct"": 15.4}, ""S. Ropal Raju"": {""party"": ""Libertarian"", ""votes"": 3, ""pct"": 2.4}, ""Wayne Huffman"": {""party"": ""Libertarian"", ""votes"": 2, ""pct"": 1.6}}",1639725,2258474,2923777,-0.206750199850,-0.002629932384,0.112371079308,0.166626526445,-0.319121279157,-0.014683863862,0.027541792255435484,0.035641540696923046,-0.008099748441487562,-0.21260574305715577,0.049805772642071505,0.11652418063404422,0.17916445436408207,-0.3291299236912,0.052985517619984046,red,R+20.7,R+0.3,D+11.2,D+16.7,R+31.9,R+1.5,1.95%,2.75%,3.56%,-0.81%,R+21.3,D+5.0,D+11.7,D+17.9,R+32.9,D+5.3,162354,,https://en.wikipedia.org/wiki/2012_United_States_Senate_election_in_Texas,"{""Ted Cruz"": {""party"": ""Republican"", ""votes"": 4440137, ""pct"": 56.46}, ""Paul Sadler"": {""party"": ""Democratic"", ""votes"": 3194927, ""pct"": 40.62}, ""David Dewhurst"": {""party"": ""Republican"", ""votes"": 480126, ""pct"": 43.18}, ""John Jay Myers"": {""party"": ""Libertarian"", ""votes"": 162354, ""pct"": 2.06}, ""David Collins"": {""party"": ""Green"", ""votes"": 67404, ""pct"": 0.86}, ""Scott Jameson"": {""party"": ""Libertarian"", ""votes"": 28, ""pct"": 22.8}, ""John Roland"": {""party"": ""Libertarian"", ""votes"": 27, ""pct"": 21.9}, ""Robert Butler"": {""party"": ""Libertarian"", ""votes"": 19, ""pct"": 15.4}, ""S. Ropal Raju"": {""party"": ""Libertarian"", ""votes"": 3, ""pct"": 2.4}, ""Wayne Huffman"": {""party"": ""Libertarian"", ""votes"": 2, ""pct"": 1.6}}"
2012,Utah,UT,I,regular,General,Democratic convention results,301873,659770,47419,0.2991619940102789,0.6538448578977307,Scott Howell,Orrin Hatch,Orrin Hatch,R,Scott Howell,0.03161847339410264,Shaun McCausland,47419,1009062,"{""Shaun McCausland"": {""party"": ""Constitution"", ""votes"": 31905, ""pct"": 3.17}, ""Daniel Geery"": {""party"": ""Justice"", ""votes"": 8342, ""pct"": 0.83}, ""Bill Barron"": {""party"": ""Independent"", ""votes"": 7172, ""pct"": 0.71}}",124414,303532,259031,-0.354682863887,-0.116320716190,0.112371079308,0.166626526445,-0.467053943195,-0.128374647668,0.046993148091990386,0.035641540696923046,0.01135160739506734,-0.3721724174147787,-0.03719020840854481,0.11652418063404422,0.17916445436408207,-0.4886965980488229,-0.0340104634306323,red,R+35.5,R+11.6,D+11.2,D+16.7,R+46.7,R+12.8,3.16%,4.70%,3.56%,1.14%,R+37.2,R+3.7,D+11.7,D+17.9,R+48.9,R+3.4,31905,,https://en.wikipedia.org/wiki/2012_United_States_Senate_election_in_Utah,"{""Orrin Hatch"": {""party"": ""Republican"", ""votes"": 657608, ""pct"": 65.31}, ""Scott Howell"": {""party"": ""Democratic"", ""votes"": 301873, ""pct"": 29.98}, ""Shaun McCausland"": {""party"": ""Constitution"", ""votes"": 31905, ""pct"": 3.17}, ""Daniel Geery"": {""party"": ""Justice"", ""votes"": 8342, ""pct"": 0.83}, ""Bill Barron"": {""party"": ""Independent"", ""votes"": 7172, ""pct"": 0.71}, ""Dan Liljenquist"": {""party"": ""Republican"", ""votes"": 1595, ""pct"": 40.81}, ""Chris Herrod"": {""party"": ""Republican"", ""votes"": 421, ""pct"": 10.75}, ""Tim Aalders"": {""party"": ""Republican"", ""votes"": 78, ""pct"": 1.99}, ""Dale Ash"": {""party"": ""Republican"", ""votes"": 18, ""pct"": 0.46}, ""David Chiu"": {""party"": ""Republican"", ""votes"": 17, ""pct"": 0.43}, ""Jeremy Friedbaum"": {""party"": ""Republican"", ""votes"": 15, ""pct"": 0.38}, ""Loy Arlan Brunson"": {""party"": ""Republican"", ""votes"": 14, ""pct"": 0.36}, ""Kevin Fisk"": {""party"": ""Republican"", ""votes"": 3, ""pct"": 0.08}, ""Dub Lawrence"": {""party"": ""Republican"", ""votes"": 1, ""pct"": 0.03}, ""Pete Ashdown"": {""party"": ""Democratic"", ""votes"": 0, ""pct"": 37.0}}"
2012,Virginia,VA,I,regular,General,"United States Senate election in Virginia, 2012",2010067,1785542,9410,0.5282672701502936,0.46925968043786376,Tim Kaine,George Allen,Tim Kaine,D,George Allen,0.0024730494118426214,Write-in,9410,3805019,"{""Write-in"": {""party"": ""Write-in"", ""votes"": 9410, ""pct"": 0.25}}",834461,619265,1434574,0.059007589712,0.055072041746,0.112371079308,0.166626526445,-0.053363489595,0.043018110267,0.0024730494118426214,0.035641540696923046,-0.033168491285080426,0.0591538801810197,0.05517033360759993,0.11652418063404422,0.17916445436408207,-0.05737030045302453,0.05835007858551248,deepskyblue,D+5.9,D+5.5,D+11.2,D+16.7,R+5.3,D+4.3,0.25%,0.25%,3.56%,-3.32%,D+5.9,D+5.5,D+11.7,D+17.9,R+5.7,D+5.8,9410,,https://en.wikipedia.org/wiki/2012_United_States_Senate_election_in_Virginia,"{""Tim Kaine"": {""party"": ""Democratic"", ""votes"": 2010067, ""pct"": 52.83}, ""George Allen"": {""party"": ""Republican"", ""votes"": 1785542, ""pct"": 46.92}, ""Write-in"": {""party"": ""Write-in"", ""votes"": 9410, ""pct"": 0.25}}"
2012,Vermont,VT,I,regular,General,"United States Senate election in Vermont, 2012",0,72898,219864,0.0,0.2490008949248878,None,John MacGovern,Bernie Sanders,T,John MacGovern,0.7099555270151181,Bernie Sanders,219864,292762,"{""Bernie Sanders"": {""party"": ""Independent"", ""votes"": 207848, ""pct"": 71.0}, ""Cris Ericson"": {""party"": ""Marijuana"", ""votes"": 5924, ""pct"": 2.02}, ""Peter Diamondstone"": {""party"": ""Liberty Union"", ""votes"": 2511, ""pct"": 0.86}, ""Peter Moss"": {""party"": ""Peace and Prosperity"", ""votes"": 2452, ""pct"": 0.84}, ""Laurel LaFramboise"": {""party"": ""VoteKISS"", ""votes"": 877, ""pct"": 0.3}, ""Write-in"": {""party"": ""Write-in"", ""votes"": 252, ""pct"": 0.08}}",0,-12026,30343,-0.249000894925,0.074618964918,0.112371079308,0.166626526445,-0.361371974233,0.062565033439,0.7509991050751122,0.035641540696923046,0.7153575643781892,-1.0,0.0,0.11652418063404422,0.17916445436408207,-1.1165241806340442,0.003179744977912513,yellow,R+24.9,D+7.5,D+11.2,D+16.7,R+36.1,D+6.3,71.00%,75.10%,3.56%,71.54%,R+100.0,EVEN,D+11.7,D+17.9,R+111.7,D+0.3,207848,,https://en.wikipedia.org/wiki/2012_United_States_Senate_election_in_Vermont,"{""Bernie Sanders"": {""party"": ""Independent"", ""votes"": 207848, ""pct"": 71.0}, ""John MacGovern"": {""party"": ""Republican"", ""votes"": 72898, ""pct"": 24.9}, ""Cris Ericson"": {""party"": ""Marijuana"", ""votes"": 5924, ""pct"": 2.02}, ""Peter Diamondstone"": {""party"": ""Liberty Union"", ""votes"": 2511, ""pct"": 0.86}, ""Peter Moss"": {""party"": ""Peace and Prosperity"", ""votes"": 2452, ""pct"": 0.84}, ""Laurel LaFramboise"": {""party"": ""VoteKISS"", ""votes"": 877, ""pct"": 0.3}, ""Write-in"": {""party"": ""Write-in"", ""votes"": 252, ""pct"": 0.08}}"
2012,Washington,WA,I,regular,General,"United States Senate election in Washington, 2012",1855493,1213924,0,0.6045099118171301,0.3954900881828699,Maria Cantwell,Michael Baumgartner,Maria Cantwell,D,Michael Baumgartner,0.0,None,0,3069417,{},670834,381818,641154,0.209019823634,0.063832502492,0.112371079308,0.166626526445,0.096648744326,0.051778571013,0.0,0.035641540696923046,-0.035641540696923046,0.2090198236342602,0.03420867806201949,0.11652418063404422,0.17916445436408207,0.09249564300021597,0.037388423039932034,deepskyblue,D+20.9,D+6.4,D+11.2,D+16.7,D+9.7,D+5.2,0.00%,0.00%,3.56%,-3.56%,D+20.9,D+3.4,D+11.7,D+17.9,D+9.2,D+3.7,0,,https://en.wikipedia.org/wiki/2012_United_States_Senate_election_in_Washington,"{""Maria Cantwell"": {""party"": ""Democratic"", ""votes"": 1855493, ""pct"": 60.45}, ""Michael Baumgartner"": {""party"": ""Republican"", ""votes"": 1213924, ""pct"": 39.55}}"
2012,Wisconsin,WI,I,regular,General,"United States Senate election in Wisconsin, 2012",1547104,1380126,82181,0.5140886372781917,0.45860336125574075,Tammy Baldwin,Tommy Thompson,Tammy Baldwin,D,Tommy Thompson,0.020681787898030546,Joseph Kexel,82181,3009411,"{""Joseph Kexel"": {""party"": ""Libertarian"", ""votes"": 62240, ""pct"": 2.07}, ""Nimrod Allen, III"": {""party"": ""Independent"", ""votes"": 16455, ""pct"": 0.55}, ""Write-in"": {""party"": ""Write-in"", ""votes"": 3486, ""pct"": 0.11}}",107890,749827,62199,0.055485276022,-0.218982593951,0.112371079308,0.166626526445,-0.056885803285,-0.231036525429,0.027308001466067613,0.035641540696923046,-0.008333539230855433,0.05704300652835616,-0.3338291455190096,0.11652418063404422,0.17916445436408207,-0.05948117410568807,-0.33064940054109704,deepskyblue,D+5.5,R+21.9,D+11.2,D+16.7,R+5.7,R+23.1,2.07%,2.73%,3.56%,-0.83%,D+5.7,R+33.4,D+11.7,D+17.9,R+5.9,R+33.1,62240,,https://en.wikipedia.org/wiki/2012_United_States_Senate_election_in_Wisconsin,"{""Tammy Baldwin"": {""party"": ""Democratic"", ""votes"": 1547104, ""pct"": 51.41}, ""Tommy Thompson"": {""party"": ""Republican"", ""votes"": 1380126, ""pct"": 45.86}, ""Joseph Kexel"": {""party"": ""Libertarian"", ""votes"": 62240, ""pct"": 2.07}, ""Nimrod Allen, III"": {""party"": ""Independent"", ""votes"": 16455, ""pct"": 0.55}, ""Write-in"": {""party"": ""Write-in"", ""votes"": 3486, ""pct"": 0.11}}"
2012,West Virginia,WV,I,regular,General,"United States Senate election in West Virginia, 2012",399908,240787,19517,0.6057266453805747,0.3647116380798895,Joe Manchin,John Raese,Joe Manchin,D,John Raese,0.029561716539535786,Bob Henry Baber,19517,660212,"{""Bob Henry Baber"": {""party"": ""Mountain"", ""votes"": 19517, ""pct"": 2.96}}",103632,85744,59095,0.241015007301,0.006064074288,0.112371079308,0.166626526445,0.128643927993,-0.005989857191,0.029561716539535786,0.035641540696923046,-0.0060798241573872605,0.24835686246966185,-0.06457700470632674,0.11652418063404422,0.17916445436408207,0.13183268183561764,-0.0613972597284142,deepskyblue,D+24.1,D+0.6,D+11.2,D+16.7,D+12.9,R+0.6,2.96%,2.96%,3.56%,-0.61%,D+24.8,R+6.5,D+11.7,D+17.9,D+13.2,R+6.1,19517,,https://en.wikipedia.org/wiki/2012_United_States_Senate_election_in_West_Virginia,"{""Joe Manchin"": {""party"": ""Democratic"", ""votes"": 399908, ""pct"": 60.57}, ""John Raese"": {""party"": ""Republican"", ""votes"": 240787, ""pct"": 36.47}, ""Bob Henry Baber"": {""party"": ""Mountain"", ""votes"": 19517, ""pct"": 2.96}}"
2012,Wyoming,WY,I,regular,General,"United States Senate election in Wyoming, 2012",53019,185250,6593,0.2165260432406825,0.7565485865507918,Tim Chesnut,John Barrasso,John Barrasso,R,Tim Chesnut,0.025222370151350558,Joel Otto,6593,244862,"{""Joel Otto"": {""party"": ""Wyoming Country"", ""votes"": 6176, ""pct"": 2.52}, ""Write-ins"": {""party"": ""n/a"", ""votes"": 417, ""pct"": 0.17}}",-4652,50076,-25777,-0.540022543310,-0.253652138453,0.112371079308,0.166626526445,-0.652393622618,-0.265706069932,0.026925370208525617,0.035641540696923046,-0.008716170488397429,-0.5549651864069602,-0.153072474643627,0.11652418063404422,0.17916445436408207,-0.6714893670410045,-0.14989272966571443,red,R+54.0,R+25.4,D+11.2,D+16.7,R+65.2,R+26.6,2.52%,2.69%,3.56%,-0.87%,R+55.5,R+15.3,D+11.7,D+17.9,R+67.1,R+15.0,6176,,https://en.wikipedia.org/wiki/2012_United_States_Senate_election_in_Wyoming,"{""John Barrasso"": {""party"": ""Republican"", ""votes"": 185250, ""pct"": 75.66}, ""Tim Chesnut"": {""party"": ""Democratic"", ""votes"": 53019, ""pct"": 21.65}, ""Joel Otto"": {""party"": ""Wyoming Country"", ""votes"": 6176, ""pct"": 2.52}, ""Write-ins"": {""party"": ""n/a"", ""votes"": 417, ""pct"": 0.17}}"
2014,United States,NATIONAL,,national,Aggregate,National aggregate,19306545,22381889,2096448,0.4409408937084722,0.5111784702308892,Democratic total,Republican total,Republican Party,R,Democratic Party,0.0,Various,2096448,43784882,{},-31120042,-17519325,-49881327,-0.070237576522,-0.182608655830,-0.070237576522,-0.182608655830,0.000000000000,0.000000000000,0.047880636060638464,0.047880636060638464,0.0,-0.07376971751925246,-0.19029389815329667,-0.07376971751925246,-0.19029389815329667,0.0,0.0,transparent,R+7.0,R+18.3,R+7.0,R+18.3,EVEN,EVEN,0.00%,4.79%,4.79%,0.00%,R+7.4,R+19.0,R+7.4,R+19.0,EVEN,EVEN,0,,,{}
2014,Alaska,AK,II,regular,General,2014 United States Senate election in Alaska,129431,135445,17524,0.45832507082152973,0.479621104815864,Mark Begich,Dan Sullivan,Dan Sullivan,R,Mark Begich,0.03722379603399433,Mark Fish,17524,282400,"{""Mark Fish"": {""party"": ""Libertarian"", ""votes"": 10512, ""pct"": 3.72}, ""Ted Gianoutsos"": {""party"": ""Independent"", ""votes"": 5636, ""pct"": 2.0}, ""Write-in"": {""party"": ""Write-in"", ""votes"": 1376, ""pct"": 0.49}}",-22336,-12369,-35323,-0.021296033994,-0.033737689147,-0.070237576522,-0.182608655830,0.048941542528,0.104847469292,0.06205382436260623,0.047880636060638464,0.014173188301967767,-0.02270496383213277,-0.03590005964929073,-0.07376971751925246,-0.19029389815329667,0.051064753687119685,0.11592349889614328,red,R+2.1,R+3.4,R+7.0,R+18.3,D+4.9,D+10.5,3.72%,6.21%,4.79%,1.42%,R+2.3,R+3.6,R+7.4,R+19.0,D+5.1,D+11.6,10512,,https://en.wikipedia.org/wiki/2014_United_States_Senate_election_in_Alaska,"{""Dan Sullivan"": {""party"": ""Republican"", ""votes"": 135445, ""pct"": 47.96}, ""Mark Begich"": {""party"": ""Democratic"", ""votes"": 129431, ""pct"": 45.83}, ""Mark Fish"": {""party"": ""Libertarian"", ""votes"": 10512, ""pct"": 3.72}, ""Ted Gianoutsos"": {""party"": ""Independent"", ""votes"": 5636, ""pct"": 2.0}, ""Write-in"": {""party"": ""Write-in"", ""votes"": 1376, ""pct"": 0.49}}"
2014,Alabama,AL,II,regular,General,"United States Senate election in Alabama, 2014",0,795606,22484,0.0,0.9725164712928895,None,Jeff Sessions,Jeff Sessions,R,Write-in,0.027483528707110464,Write-in,22484,818090,"{""Write-in"": {""party"": ""Write-in"", ""votes"": 22484, ""pct"": 2.75}}",-752391,-509777,-1242101,-0.972516471293,-0.704098640131,-0.070237576522,-0.182608655830,-0.902278894770,-0.565513481692,0.027483528707110464,0.047880636060638464,-0.020397107353528,-1.0,-0.7312668932545556,-0.07376971751925246,-0.19029389815329667,-0.9262302824807476,-0.5794433347091217,red,R+97.3,R+70.4,R+7.0,R+18.3,R+90.2,R+56.6,2.75%,2.75%,4.79%,-2.04%,R+100.0,R+73.1,R+7.4,R+19.0,R+92.6,R+57.9,22484,,https://en.wikipedia.org/wiki/2014_United_States_Senate_election_in_Alabama,"{""Jeff Sessions"": {""party"": ""Republican"", ""votes"": 795606, ""pct"": 97.25}, ""Write-in"": {""party"": ""Write-in"", ""votes"": 22484, ""pct"": 2.75}}"
2014,Arkansas,AR,II,regular,General,"United States Senate election in Arkansas, 2014",334174,478819,34512,0.39430327844673485,0.564974837906561,Mark Pryor,Tom Cotton,Tom Cotton,R,Mark Pryor,0.02030666485743447,Nathan LaFrance,34512,847505,"{""Nathan LaFrance"": {""party"": ""Libertarian"", ""votes"": 17210, ""pct"": 2.03}, ""Mark Swaney"": {""party"": ""Green"", ""votes"": 16797, ""pct"": 1.98}, ""Write-in"": {""party"": ""Write-in"", ""votes"": 505, ""pct"": 0.06}}",-470504,478819,-164249,-0.170671559460,-0.966001254228,-0.070237576522,-0.182608655830,-0.100433982937,-0.827416095789,0.04072188364670415,0.047880636060638464,-0.007158752413934315,-0.17791666102906176,-1.1779166610290617,-0.07376971751925246,-0.19029389815329667,-0.1041469435098093,-1.0260931024836277,red,R+17.1,R+96.6,R+7.0,R+18.3,R+10.0,R+82.7,2.03%,4.07%,4.79%,-0.72%,R+17.8,R+117.8,R+7.4,R+19.0,R+10.4,R+102.6,17210,,https://en.wikipedia.org/wiki/2014_United_States_Senate_election_in_Arkansas,"{""Tom Cotton"": {""party"": ""Republican"", ""votes"": 478819, ""pct"": 56.5}, ""Mark Pryor"": {""party"": ""Democratic"", ""votes"": 334174, ""pct"": 39.43}, ""Nathan LaFrance"": {""party"": ""Libertarian"", ""votes"": 17210, ""pct"": 2.03}, ""Mark Swaney"": {""party"": ""Green"", ""votes"": 16797, ""pct"": 1.98}, ""Write-in"": {""party"": ""Write-in"", ""votes"": 505, ""pct"": 0.06}}"
2014,Colorado,CO,II,regular,General,"United States Senate election in Colorado, 2014",944203,983891,112926,0.46261330119254096,0.48205848056363976,Mark Udall,Cory Gardner,Cory Gardner,R,Mark Udall,0.025906654515879316,Gaylon Kent,112926,2041020,"{""Gaylon Kent"": {""party"": ""Libertarian"", ""votes"": 52876, ""pct"": 2.59}, ""Steve Shogan"": {""party"": ""Independent"", ""votes"": 29472, ""pct"": 1.44}, ""Raúl Acosta"": {""party"": ""Independent"", ""votes"": 24151, ""pct"": 1.18}, ""Bill Hammons"": {""party"": ""Unity"", ""votes"": 6427, ""pct"": 0.32}}",-286846,-6893,-290692,-0.019445179371,-0.122487493345,-0.070237576522,-0.182608655830,0.050792397151,0.016097665094,0.05532821824381927,0.047880636060638464,0.007447582183180805,-0.020584058661040384,-0.12872224906508967,-0.07376971751925246,-0.19029389815329667,0.053185658858212075,0.02310130948034437,red,R+1.9,R+12.2,R+7.0,R+18.3,D+5.1,D+1.6,2.59%,5.53%,4.79%,0.74%,R+2.1,R+12.9,R+7.4,R+19.0,D+5.3,D+2.3,52876,,https://en.wikipedia.org/wiki/2014_United_States_Senate_election_in_Colorado,"{""Cory Gardner"": {""party"": ""Republican"", ""votes"": 983891, ""pct"": 48.21}, ""Mark Udall"": {""party"": ""Democratic"", ""votes"": 944203, ""pct"": 46.26}, ""Gaylon Kent"": {""party"": ""Libertarian"", ""votes"": 52876, ""pct"": 2.59}, ""Steve Shogan"": {""party"": ""Independent"", ""votes"": 29472, ""pct"": 1.44}, ""Raúl Acosta"": {""party"": ""Independent"", ""votes"": 24151, ""pct"": 1.18}, ""Bill Hammons"": {""party"": ""Unity"", ""votes"": 6427, ""pct"": 0.32}}"
2014,Delaware,DE,II,regular,General,"United States Senate election in Delaware, 2014",130655,98823,4560,0.5582640425913741,0.422251941992326,Chris Coons,Kevin Wade,Chris Coons,D,Kevin Wade,0.01948401541629992,Andrew Groff,4560,234038,"{""Andrew Groff"": {""party"": ""Green"", ""votes"": 4560, ""pct"": 1.95}}",-126884,-41772,-281040,0.136012100599,-0.091029240712,-0.070237576522,-0.182608655830,0.206249677121,0.047555917726,0.01948401541629992,0.047880636060638464,-0.028396620644338545,0.1387148223359102,-0.15501542928791495,-0.07376971751925246,-0.19029389815329667,0.21248453985516266,-0.0031918707424809234,deepskyblue,D+13.6,R+9.1,R+7.0,R+18.3,D+20.6,D+4.8,1.95%,1.95%,4.79%,-2.84%,D+13.9,R+15.5,R+7.4,R+19.0,D+21.2,R+0.3,4560,,https://en.wikipedia.org/wiki/2014_United_States_Senate_election_in_Delaware,"{""Chris Coons"": {""party"": ""Democratic"", ""votes"": 130655, ""pct"": 55.83}, ""Kevin Wade"": {""party"": ""Republican"", ""votes"": 98823, ""pct"": 42.23}, ""Andrew Groff"": {""party"": ""Green"", ""votes"": 4560, ""pct"": 1.95}}"
2014,Georgia,GA,II,regular,General,"United States Senate election in Georgia, 2014",1160811,1358088,48862,0.4520712792195224,0.5288996912095791,Michelle Nunn,David Perdue,David Perdue,R,Michelle Nunn,0.019029029570898536,Amanda Swafford,48862,2567761,"{""Amanda Swafford"": {""party"": ""Libertarian"", ""votes"": 48862, ""pct"": 1.9}}",-596582,-509009,-1502834,-0.076828411990,-0.049878052153,-0.070237576522,-0.182608655830,-0.006590835468,0.088707106285,0.019029029570898536,0.047880636060638464,-0.028851606489739928,-0.07831874164069302,-0.04805131091250782,-0.07376971751925246,-0.19029389815329667,-0.004549024121440565,0.10377224763292621,red,R+7.7,R+5.0,R+7.0,R+18.3,R+0.7,D+8.9,1.90%,1.90%,4.79%,-2.89%,R+7.8,R+4.8,R+7.4,R+19.0,R+0.5,D+10.4,48862,,https://en.wikipedia.org/wiki/2014_United_States_Senate_election_in_Georgia,"{""David Perdue"": {""party"": ""Republican"", ""votes"": 1358088, ""pct"": 52.89}, ""Michelle Nunn"": {""party"": ""Democratic"", ""votes"": 1160811, ""pct"": 45.21}, ""Amanda Swafford"": {""party"": ""Libertarian"", ""votes"": 48862, ""pct"": 1.9}}"
2014,Iowa,IA,II,regular,General,"United States Senate election in Iowa, 2014",494370,588575,46755,0.43761175533327434,0.5210011507479861,Bruce Braley,Joni Ernst,Joni Ernst,R,Bruce Braley,0.023736390192086395,Rick Stewart,46755,1129700,"{""Rick Stewart"": {""party"": ""Independent"", ""votes"": 26815, ""pct"": 2.37}, ""Douglas Butzier"": {""party"": ""Libertarian"", ""votes"": 8232, ""pct"": 0.73}, ""Bob Quast"": {""party"": ""Independent"", ""votes"": 5873, ""pct"": 0.52}, ""Ruth Smith"": {""party"": ""Independent"", ""votes"": 4724, ""pct"": 0.42}, ""Write-in"": {""party"": ""Write-in"", ""votes"": 1111, ""pct"": 0.1}}",-447295,28569,-754877,-0.083389395415,-0.285906458926,-0.070237576522,-0.182608655830,-0.013151818892,-0.147321300487,0.04138709391873949,0.047880636060638464,-0.006493542141898977,-0.08698964398007286,-0.34114584730290454,-0.07376971751925246,-0.19029389815329667,-0.013219926460820403,-0.1893222887574705,red,R+8.3,R+28.6,R+7.0,R+18.3,R+1.3,R+14.7,2.37%,4.14%,4.79%,-0.65%,R+8.7,R+34.1,R+7.4,R+19.0,R+1.3,R+18.9,26815,,https://en.wikipedia.org/wiki/2014_United_States_Senate_election_in_Iowa,"{""Joni Ernst"": {""party"": ""Republican"", ""votes"": 588575, ""pct"": 52.1}, ""Bruce Braley"": {""party"": ""Democratic"", ""votes"": 494370, ""pct"": 43.76}, ""Rick Stewart"": {""party"": ""Independent"", ""votes"": 26815, ""pct"": 2.37}, ""Douglas Butzier"": {""party"": ""Libertarian"", ""votes"": 8232, ""pct"": 0.73}, ""Bob Quast"": {""party"": ""Independent"", ""votes"": 5873, ""pct"": 0.52}, ""Ruth Smith"": {""party"": ""Independent"", ""votes"": 4724, ""pct"": 0.42}, ""Write-in"": {""party"": ""Write-in"", ""votes"": 1111, ""pct"": 0.1}}"
2014,Idaho,ID,II,regular,General,"United States Senate election in Idaho, 2014",151574,285596,0,0.34671638035546815,0.6532836196445319,Nels Mitchell,Jim Risch,Jim Risch,R,Nels Mitchell,0.0,None,0,437170,{},-68329,-86148,-359451,-0.306567239289,-0.115960915830,-0.070237576522,-0.182608655830,-0.236329662767,0.022624242608,0.0,0.047880636060638464,-0.047880636060638464,-0.30656723928906376,-0.04992603262360279,-0.07376971751925246,-0.19029389815329667,-0.2327975217698113,0.10189752592183124,red,R+30.7,R+11.6,R+7.0,R+18.3,R+23.6,D+2.3,0.00%,0.00%,4.79%,-4.79%,R+30.7,R+5.0,R+7.4,R+19.0,R+23.3,D+10.2,0,,https://en.wikipedia.org/wiki/2014_United_States_Senate_election_in_Idaho,"{""Jim Risch"": {""party"": ""Republican"", ""votes"": 285596, ""pct"": 65.33}, ""Nels Mitchell"": {""party"": ""Democratic"", ""votes"": 151574, ""pct"": 34.67}}"
2014,Illinois,IL,II,regular,General,"United States Senate election in Illinois, 2014",1929637,1538522,135360,0.5354868393922718,0.42694987871577755,Dick Durbin,Jim Oberweis,Dick Durbin,D,Jim Oberweis,0.03755107160528361,Sharon Hansen,135360,3603519,"{""Sharon Hansen"": {""party"": ""Libertarian"", ""votes"": 135316, ""pct"": 3.76}, ""Write-in"": {""party"": ""Write-in"", ""votes"": 44, ""pct"": 0.0}}",-1686207,17901,-1726364,0.108536960676,-0.284571668537,-0.070237576522,-0.182608655830,0.178774537199,-0.145986510099,0.03756328189195062,0.047880636060638464,-0.010317354168687842,0.11277308796972688,-0.2951383842198042,-0.07376971751925246,-0.19029389815329667,0.18654280548897934,-0.1433148256743702,deepskyblue,D+10.9,R+28.5,R+7.0,R+18.3,D+17.9,R+14.6,3.76%,3.76%,4.79%,-1.03%,D+11.3,R+29.5,R+7.4,R+19.0,D+18.7,R+14.3,135316,,https://en.wikipedia.org/wiki/2014_United_States_Senate_election_in_Illinois,"{""Dick Durbin"": {""party"": ""Democratic"", ""votes"": 1929637, ""pct"": 53.55}, ""Jim Oberweis"": {""party"": ""Republican"", ""votes"": 1538522, ""pct"": 42.69}, ""Sharon Hansen"": {""party"": ""Libertarian"", ""votes"": 135316, ""pct"": 3.76}, ""Write-in"": {""party"": ""Write-in"", ""votes"": 44, ""pct"": 0.0}}"
2014,Kansas,KS,II,regular,General,"United States Senate election in Kansas, 2014",0,460350,405841,0.0,0.5314647693176217,None,Pat Roberts,Pat Roberts,R,Greg Orman,0.42527802759437583,Greg Orman,405841,866191,"{""Greg Orman"": {""party"": ""Independent"", ""votes"": 368372, ""pct"": 42.53}, ""Randall Batson"": {""party"": ""Libertarian"", ""votes"": 37469, ""pct"": 4.32}}",-441399,-266771,-630221,-0.531464769318,-0.340526712152,-0.070237576522,-0.182608655830,-0.461227192795,-0.201941553713,0.46853523068237835,0.047880636060638464,0.4206545946217399,-1.0,-0.7554838599253757,-0.07376971751925246,-0.19029389815329667,-0.9262302824807476,-0.6036603013799418,red,R+53.1,R+34.1,R+7.0,R+18.3,R+46.1,R+20.2,42.53%,46.85%,4.79%,42.07%,R+100.0,R+75.5,R+7.4,R+19.0,R+92.6,R+60.4,368372,,https://en.wikipedia.org/wiki/2014_United_States_Senate_election_in_Kansas,"{""Pat Roberts"": {""party"": ""Republican"", ""votes"": 460350, ""pct"": 53.15}, ""Greg Orman"": {""party"": ""Independent"", ""votes"": 368372, ""pct"": 42.53}, ""Randall Batson"": {""party"": ""Libertarian"", ""votes"": 37469, ""pct"": 4.32}}"
2014,Kentucky,KY,II,regular,General,"United States Senate election in Kentucky, 2014",584698,806787,44383,0.4072087406363259,0.5618810364183894,Alison Lundergan Grimes,Mitch McConnell,Mitch McConnell,R,Alison Lundergan Grimes,0.030810631617948166,David M. Patterson,44383,1435868,"{""David M. Patterson"": {""party"": ""Libertarian"", ""votes"": 44240, ""pct"": 3.08}, ""Write-in"": {""party"": ""Write-in"", ""votes"": 143, ""pct"": 0.01}}",-262307,-147029,-364953,-0.154672295782,-0.095359904378,-0.070237576522,-0.182608655830,-0.084434719260,0.043225254060,0.030910222945284664,0.047880636060638464,-0.0169704131153538,-0.15960574494155524,-0.1002933535378566,-0.07376971751925246,-0.19029389815329667,-0.08583602742230279,0.051530205007577434,red,R+15.5,R+9.5,R+7.0,R+18.3,R+8.4,D+4.3,3.08%,3.09%,4.79%,-1.70%,R+16.0,R+10.0,R+7.4,R+19.0,R+8.6,D+5.2,44240,,https://en.wikipedia.org/wiki/2014_United_States_Senate_election_in_Kentucky,"{""Mitch McConnell"": {""party"": ""Republican"", ""votes"": 806787, ""pct"": 56.19}, ""Alison Lundergan Grimes"": {""party"": ""Democratic"", ""votes"": 584698, ""pct"": 40.72}, ""David M. Patterson"": {""party"": ""Libertarian"", ""votes"": 44240, ""pct"": 3.08}, ""Write-in"": {""party"": ""Write-in"", ""votes"": 143, ""pct"": 0.01}}"
2014,Louisiana,LA,II,regular,General,"United States Senate election runoff in Louisiana, 2014",561210,712379,0,0.44065236116203893,0.559347638837961,Mary Landrieu,Bill Cassidy,Bill Cassidy,R,Mary Landrieu,0.0,None,0,1273589,{},-427088,-154798,-744106,-0.118695277676,-0.178724667648,-0.070237576522,-0.182608655830,-0.048457701154,-0.040139509210,0.0,0.047880636060638464,-0.047880636060638464,-0.11869527767592214,-0.1839729020039244,-0.07376971751925246,-0.19029389815329667,-0.04492556015666968,-0.03214934345849037,red,R+11.9,R+17.9,R+7.0,R+18.3,R+4.8,R+4.0,0.00%,0.00%,4.79%,-4.79%,R+11.9,R+18.4,R+7.4,R+19.0,R+4.5,R+3.2,0,,https://en.wikipedia.org/wiki/2014_United_States_Senate_election_in_Louisiana,"{""Bill Cassidy"": {""party"": ""Republican"", ""votes"": 712379, ""pct"": 55.93}, ""Mary Landrieu"": {""party"": ""Democratic"", ""votes"": 561210, ""pct"": 44.07}}"
2014,Massachusetts,MA,II,regular,General,"United States Senate election in Massachusetts, 2014",1289944,791950,3078,0.6186864859576052,0.379837235224262,Ed Markey,Brian Herr,Ed Markey,D,Brian Herr,0.0014762788181328095,Write-in,3078,2084972,"{""Write-in"": {""party"": ""Write-in"", ""votes"": 3078, ""pct"": 0.15}}",-682030,-134094,-1943875,0.238849250733,-0.020761005005,-0.070237576522,-0.182608655830,0.309086827256,0.117824153434,0.0014762788181328095,0.047880636060638464,-0.046404357242505655,0.23920238014039139,-0.12170980190954758,-0.07376971751925246,-0.19029389815329667,0.31297209765964384,0.030113756635886446,deepskyblue,D+23.9,R+2.1,R+7.0,R+18.3,D+30.9,D+11.8,0.15%,0.15%,4.79%,-4.64%,D+23.9,R+12.2,R+7.4,R+19.0,D+31.3,D+3.0,3078,,https://en.wikipedia.org/wiki/2014_United_States_Senate_election_in_Massachusetts,"{""Ed Markey"": {""party"": ""Democratic"", ""votes"": 1289944, ""pct"": 61.87}, ""Brian Herr"": {""party"": ""Republican"", ""votes"": 791950, ""pct"": 37.98}, ""Write-in"": {""party"": ""Write-in"", ""votes"": 3078, ""pct"": 0.15}}"
2014,Maine,ME-AL,II,regular,General,2014 United States Senate election in Maine,190244,413495,269,0.31496933815446154,0.6845853035059138,Shenna Bellows,Susan Collins,Susan Collins,R,Shenna Bellows,0.0004453583396246407,Write-in,269,604008,"{""Write-in"": {""party"": ""Write-in"", ""votes"": 269, ""pct"": 0.04}}",-89266,-30805,-120422,-0.369615965351,-0.142140570903,-0.070237576522,-0.182608655830,-0.299378388829,-0.003555412465,0.0004453583396246407,0.047880636060638464,-0.04743527772101382,-0.369780650247872,-0.14211040529408578,-0.07376971751925246,-0.19029389815329667,-0.29601093272861956,0.00971315325134825,red,R+37.0,R+14.2,R+7.0,R+18.3,R+29.9,R+0.4,0.04%,0.04%,4.79%,-4.74%,R+37.0,R+14.2,R+7.4,R+19.0,R+29.6,D+1.0,269,,https://en.wikipedia.org/wiki/2014_United_States_Senate_election_in_Maine,"{""Susan Collins"": {""party"": ""Republican"", ""votes"": 413495, ""pct"": 68.46}, ""Shenna Bellows"": {""party"": ""Democratic"", ""votes"": 190244, ""pct"": 31.5}, ""Write-in"": {""party"": ""Write-in"", ""votes"": 269, ""pct"": 0.04}}"
2014,Michigan,MI,II,regular,General,2014 United States Senate election in Michigan,1704936,1290199,126640,0.5461431397201912,0.4132901954817372,Gary Peters,Terri Lynn Land,Gary Peters,D,Terri Lynn Land,0.020147832563205226,Jim Fulner,126640,3121775,"{""Jim Fulner"": {""party"": ""Libertarian"", ""votes"": 62897, ""pct"": 2.01}, ""Richard Matkin"": {""party"": ""Constitution"", ""votes"": 37529, ""pct"": 1.2}, ""Chris Wahmhoff"": {""party"": ""Green"", ""votes"": 26137, ""pct"": 0.84}, ""Write-in"": {""party"": ""Write-in"", ""votes"": 77, ""pct"": 0.0}}",-1333450,-350871,-3124161,0.132852944238,-0.090863084872,-0.070237576522,-0.182608655830,0.203090520761,0.047722073566,0.04056666479807161,0.047880636060638464,-0.007313971262566853,0.13847021920547822,-0.16013628548224615,-0.07376971751925246,-0.19029389815329667,0.21223993672473068,-0.00831272693681212,deepskyblue,D+13.3,R+9.1,R+7.0,R+18.3,D+20.3,D+4.8,2.01%,4.06%,4.79%,-0.73%,D+13.8,R+16.0,R+7.4,R+19.0,D+21.2,R+0.8,62897,,https://en.wikipedia.org/wiki/2014_United_States_Senate_election_in_Michigan,"{""Gary Peters"": {""party"": ""Democratic"", ""votes"": 1704936, ""pct"": 54.61}, ""Terri Lynn Land"": {""party"": ""Republican"", ""votes"": 1290199, ""pct"": 41.33}, ""Jim Fulner"": {""party"": ""Libertarian"", ""votes"": 62897, ""pct"": 2.01}, ""Richard Matkin"": {""party"": ""Constitution"", ""votes"": 37529, ""pct"": 1.2}, ""Chris Wahmhoff"": {""party"": ""Green"", ""votes"": 26137, ""pct"": 0.84}, ""Write-in"": {""party"": ""Write-in"", ""votes"": 77, ""pct"": 0.0}}"
2014,Minnesota,MN,II,regular,General,"United States Senate election in Minnesota, 2014",1053205,850227,78096,0.5315115405888788,0.4290764500930595,Al Franken,Mike McFadden,Al Franken,D,Mike McFadden,0.023986539680488996,Steve Carlson,78096,1981528,"{""Steve Carlson"": {""party"": ""Independence"", ""votes"": 47530, ""pct"": 2.4}, ""Heather Johnson"": {""party"": ""Libertarian"", ""votes"": 29685, ""pct"": 1.5}, ""Write-in"": {""party"": ""Write-in"", ""votes"": 881, ""pct"": 0.04}}",-159424,-362090,-906430,0.102435090496,0.102327055684,-0.070237576522,-0.182608655830,0.172672667018,0.240912214122,0.03941200931806162,0.047880636060638464,-0.008468626742576847,0.10663790458498124,0.10650924192610141,-0.07376971751925246,-0.19029389815329667,0.1804076221042337,0.25833280047153545,deepskyblue,D+10.2,D+10.2,R+7.0,R+18.3,D+17.3,D+24.1,2.40%,3.94%,4.79%,-0.85%,D+10.7,D+10.7,R+7.4,R+19.0,D+18.0,D+25.8,47530,,https://en.wikipedia.org/wiki/2014_United_States_Senate_election_in_Minnesota,"{""Al Franken"": {""party"": ""Democratic (DFL)"", ""votes"": 1053205, ""pct"": 53.15}, ""Mike McFadden"": {""party"": ""Republican"", ""votes"": 850227, ""pct"": 42.91}, ""Steve Carlson"": {""party"": ""Independence"", ""votes"": 47530, ""pct"": 2.4}, ""Heather Johnson"": {""party"": ""Libertarian"", ""votes"": 29685, ""pct"": 1.5}, ""Write-in"": {""party"": ""Write-in"", ""votes"": 881, ""pct"": 0.04}}"
2014,Mississippi,MS,II,regular,General,2014 United States Senate election in Mississippi,239439,378481,13938,0.37894431976804915,0.5989969265246305,Travis Childers,Thad Cochran,Thad Cochran,R,Travis Childers,0.022058753707320317,Shawn O'Hara,13938,631858,"{""Shawn O'Hara"": {""party"": ""Reform"", ""votes"": 13938, ""pct"": 2.21}}",-241476,-387630,-900364,-0.220052606757,-0.033920310001,-0.070237576522,-0.182608655830,-0.149815030234,0.104664848438,0.022058753707320317,0.047880636060638464,-0.025821882353318146,-0.22501618332470222,0.003684741916631956,-0.07376971751925246,-0.19029389815329667,-0.15124646580544976,0.15550830046206598,red,R+22.0,R+3.4,R+7.0,R+18.3,R+15.0,D+10.5,2.21%,2.21%,4.79%,-2.58%,R+22.5,D+0.4,R+7.4,R+19.0,R+15.1,D+15.6,13938,,https://en.wikipedia.org/wiki/2014_United_States_Senate_election_in_Mississippi,"{""Thad Cochran"": {""party"": ""Republican"", ""votes"": 378481, ""pct"": 59.9}, ""Travis Childers"": {""party"": ""Democratic"", ""votes"": 239439, ""pct"": 37.89}, ""Shawn O'Hara"": {""party"": ""Reform"", ""votes"": 13938, ""pct"": 2.21}}"
2014,Montana,MT,II,regular,General,Democratic convention results,148230,213709,7933,0.40076026300990614,0.5777917766146127,Amanda Curtis,Steve Daines,Steve Daines,R,Amanda Curtis,0.02144796037548125,Roger Roots,7933,369872,"{""Roger Roots"": {""party"": ""Libertarian"", ""votes"": 7933, ""pct"": 2.14}}",-200059,84340,-107786,-0.177031513605,-0.635351064413,-0.070237576522,-0.182608655830,-0.106793937082,-0.496765905974,0.02144796037548125,0.047880636060638464,-0.026432675685157215,-0.180911700590431,-0.6392312513987499,-0.07376971751925246,-0.19029389815329667,-0.10714198307117853,-0.48740769285331587,red,R+17.7,R+63.5,R+7.0,R+18.3,R+10.7,R+49.7,2.14%,2.14%,4.79%,-2.64%,R+18.1,R+63.9,R+7.4,R+19.0,R+10.7,R+48.7,7933,,https://en.wikipedia.org/wiki/2014_United_States_Senate_election_in_Montana,"{""Steve Daines"": {""party"": ""Republican"", ""votes"": 213709, ""pct"": 57.79}, ""Amanda Curtis"": {""party"": ""Democratic"", ""votes"": 148184, ""pct"": 40.07}, ""Roger Roots"": {""party"": ""Libertarian"", ""votes"": 7933, ""pct"": 2.14}, ""Dirk Adams"": {""party"": ""Democratic"", ""votes"": 46, ""pct"": 36.0}}"
2014,North Carolina,NC,II,regular,General,2014 United States Senate election in North Carolina,1377651,1423259,114371,0.47256199316635344,0.4882064541977257,Kay Hagan,Thom Tillis,Thom Tillis,R,Kay Hagan,0.03742349365292745,Sean Haugh,114371,2915281,"{""Sean Haugh"": {""party"": ""Libertarian"", ""votes"": 109100, ""pct"": 3.74}, ""Write-in"": {""party"": ""Write-in"", ""votes"": 5271, ""pct"": 0.18}}",-871660,-464251,-1356689,-0.015644461031,-0.100336301096,-0.070237576522,-0.182608655830,0.054593115491,0.038248857343,0.03923155263592086,0.047880636060638464,-0.008649083424717603,-0.016283279362778527,-0.10374198255539914,-0.07376971751925246,-0.19029389815329667,0.05748643815647393,0.04808157599003489,red,R+1.6,R+10.0,R+7.0,R+18.3,D+5.5,D+3.8,3.74%,3.92%,4.79%,-0.86%,R+1.6,R+10.4,R+7.4,R+19.0,D+5.7,D+4.8,109100,,https://en.wikipedia.org/wiki/2014_United_States_Senate_election_in_North_Carolina,"{""Thom Tillis"": {""party"": ""Republican"", ""votes"": 1423259, ""pct"": 48.82}, ""Kay Hagan"": {""party"": ""Democratic"", ""votes"": 1377651, ""pct"": 47.26}, ""Sean Haugh"": {""party"": ""Libertarian"", ""votes"": 109100, ""pct"": 3.74}, ""Write-in"": {""party"": ""Write-in"", ""votes"": 5271, ""pct"": 0.18}}"
2014,Nebraska,NE-AL,II,regular,General,2014 United States Senate election in Nebraska,170127,347636,200083,0.23699651457276352,0.4842765718552447,Dave Domina,Ben Sasse,Ben Sasse,R,Majority,0.2472800572824812,Majority,200083,717846,"{""Majority"": {""party"": ""Majority"", ""votes"": 177509, ""pct"": 32.85}, ""Jim Jenkins"": {""party"": ""Independent"", ""votes"": 15868, ""pct"": 2.94}, ""Todd Watson"": {""party"": ""Independent"", ""votes"": 6260, ""pct"": 1.16}, ""Write-in"": {""party"": ""Write-in"", ""votes"": 446, ""pct"": 0.08}}",-147329,-108218,-213063,-0.247280057282,-0.098610316201,-0.070237576522,-0.182608655830,-0.177042480760,0.039974842237,0.27872691357199175,0.047880636060638464,0.23084627751135328,-0.3428383256431997,-0.16386999470217994,-0.07376971751925246,-0.19029389815329667,-0.2690686081239473,-0.012046436156745943,red,R+24.7,R+9.9,R+7.0,R+18.3,R+17.7,D+4.0,24.73%,27.87%,4.79%,23.08%,R+34.3,R+16.4,R+7.4,R+19.0,R+26.9,R+1.2,177509,,https://en.wikipedia.org/wiki/2014_United_States_Senate_election_in_Nebraska,"{""Ben Sasse"": {""party"": ""Republican"", ""votes"": 347636, ""pct"": 64.34}, ""Majority"": {""party"": ""Majority"", ""votes"": 177509, ""pct"": 32.85}, ""Dave Domina"": {""party"": ""Democratic"", ""votes"": 170127, ""pct"": 31.49}, ""Jim Jenkins"": {""party"": ""Independent"", ""votes"": 15868, ""pct"": 2.94}, ""Todd Watson"": {""party"": ""Independent"", ""votes"": 6260, ""pct"": 1.16}, ""Write-in"": {""party"": ""Write-in"", ""votes"": 446, ""pct"": 0.08}}"
2014,New Hampshire,NH,II,regular,General,"United States Senate election in New Hampshire, 2014",251184,235347,1628,0.5145536597706895,0.48211136125729526,Jeanne Shaheen,Scott Brown,Jeanne Shaheen,D,Scott Brown,0.0033349789720152653,Write-in,1628,488159,"{""Write-in"": {""party"": ""Write-in"", ""votes"": 1628, ""pct"": 0.33}}",-107254,-79056,-206198,0.032442298513,-0.030976087130,-0.070237576522,-0.182608655830,0.102679875036,0.107609071309,0.0033349789720152653,0.047880636060638464,-0.0445456570886232,0.03255085493010723,-0.032895513528414175,-0.07376971751925246,-0.19029389815329667,0.10632057244935969,0.11892804501701985,deepskyblue,D+3.2,R+3.1,R+7.0,R+18.3,D+10.3,D+10.8,0.33%,0.33%,4.79%,-4.45%,D+3.3,R+3.3,R+7.4,R+19.0,D+10.6,D+11.9,1628,,https://en.wikipedia.org/wiki/2014_United_States_Senate_election_in_New_Hampshire,"{""Jeanne Shaheen"": {""party"": ""Democratic"", ""votes"": 251184, ""pct"": 51.46}, ""Scott Brown"": {""party"": ""Republican"", ""votes"": 235347, ""pct"": 48.21}, ""Write-in"": {""party"": ""Write-in"", ""votes"": 1628, ""pct"": 0.33}}"
2014,New Jersey,NJ,II,regular,General,"United States Senate election in New Jersey, 2014",1043866,791297,34372,0.5583559548229907,0.42325872476310955,Cory Booker,Jeff Bell,Cory Booker,D,Jeff Bell,0.008943935256627985,Joseph Baratelli,34372,1869535,"{""Joseph Baratelli"": {""party"": ""Libertarian"", ""votes"": 16721, ""pct"": 0.89}, ""Hank Schroeder"": {""party"": ""Independent"", ""votes"": 5704, ""pct"": 0.31}, ""Jeff Boss"": {""party"": ""Independent"", ""votes"": 4513, ""pct"": 0.24}, ""Eugene Martin Lavergne"": {""party"": ""Independent"", ""votes"": 3890, ""pct"": 0.21}, ""Antonio N. Sabas"": {""party"": ""Independent"", ""votes"": 3544, ""pct"": 0.19}}",-907352,-669728,-1617905,0.135097230060,-0.005462320785,-0.070237576522,-0.182608655830,0.205334806582,0.133122837653,0.018385320413899713,0.047880636060638464,-0.02949531564673875,0.13762755678923344,-0.006029562589427467,-0.07376971751925246,-0.19029389815329667,0.2113972743084859,0.14579399595600656,deepskyblue,D+13.5,R+0.5,R+7.0,R+18.3,D+20.5,D+13.3,0.89%,1.84%,4.79%,-2.95%,D+13.8,R+0.6,R+7.4,R+19.0,D+21.1,D+14.6,16721,,https://en.wikipedia.org/wiki/2014_United_States_Senate_election_in_New_Jersey,"{""Cory Booker"": {""party"": ""Democratic"", ""votes"": 1043866, ""pct"": 55.84}, ""Jeff Bell"": {""party"": ""Republican"", ""votes"": 791297, ""pct"": 42.33}, ""Joseph Baratelli"": {""party"": ""Libertarian"", ""votes"": 16721, ""pct"": 0.89}, ""Hank Schroeder"": {""party"": ""Independent"", ""votes"": 5704, ""pct"": 0.31}, ""Jeff Boss"": {""party"": ""Independent"", ""votes"": 4513, ""pct"": 0.24}, ""Eugene Martin Lavergne"": {""party"": ""Independent"", ""votes"": 3890, ""pct"": 0.21}, ""Antonio N. Sabas"": {""party"": ""Independent"", ""votes"": 3544, ""pct"": 0.19}}"
2014,New Mexico,NM,II,regular,General,"United States Senate election in New Mexico, 2014",286409,229097,0,0.5555881017873701,0.44441189821262994,Tom Udall,Allen Weh,Tom Udall,D,Allen Weh,0.0,None,0,515506,{},-218719,-89425,-308144,0.111176203575,-0.115383621594,-0.070237576522,-0.182608655830,0.181413780097,0.023201536845,0.0,0.047880636060638464,-0.047880636060638464,0.11117620357474016,-0.1153836215937173,-0.07376971751925246,-0.19029389815329667,0.1849459210939926,0.03643993695171671,deepskyblue,D+11.1,R+11.5,R+7.0,R+18.3,D+18.1,D+2.3,0.00%,0.00%,4.79%,-4.79%,D+11.1,R+11.5,R+7.4,R+19.0,D+18.5,D+3.6,0,,https://en.wikipedia.org/wiki/2014_United_States_Senate_election_in_New_Mexico,"{""Tom Udall"": {""party"": ""Democratic"", ""votes"": 286409, ""pct"": 55.56}, ""Allen Weh"": {""party"": ""Republican"", ""votes"": 229097, ""pct"": 44.44}}"
2014,Oklahoma,OK,II,regular,General,"United States Senate election in Oklahoma, 2014",234307,558166,28260,0.2854850481216181,0.6800823166608385,Matt Silverstein,Jim Inhofe,Jim Inhofe,R,Matt Silverstein,0.01285923680417383,Joan Farr,28260,820733,"{""Joan Farr"": {""party"": ""Independent"", ""votes"": 10554, ""pct"": 1.28}, ""Ray Woods"": {""party"": ""Independent"", ""votes"": 9913, ""pct"": 1.21}, ""Aaron DeLozier"": {""party"": ""Independent"", ""votes"": 7793, ""pct"": 0.95}}",-293429,-205209,-761725,-0.394597268539,-0.245690314927,-0.070237576522,-0.182608655830,-0.324359692017,-0.107105156488,0.03443263521754334,0.047880636060638464,-0.013448000843095123,-0.4086688126914103,-0.22616010507448195,-0.07376971751925246,-0.19029389815329667,-0.3348990951721579,-0.07433654652904798,red,R+39.5,R+24.6,R+7.0,R+18.3,R+32.4,R+10.7,1.29%,3.44%,4.79%,-1.34%,R+40.9,R+22.6,R+7.4,R+19.0,R+33.5,R+7.4,10554,,https://en.wikipedia.org/wiki/2014_United_States_Senate_election_in_Oklahoma,"{""Jim Inhofe"": {""party"": ""Republican"", ""votes"": 558166, ""pct"": 68.01}, ""Matt Silverstein"": {""party"": ""Democratic"", ""votes"": 234307, ""pct"": 28.55}, ""Joan Farr"": {""party"": ""Independent"", ""votes"": 10554, ""pct"": 1.28}, ""Ray Woods"": {""party"": ""Independent"", ""votes"": 9913, ""pct"": 1.21}, ""Aaron DeLozier"": {""party"": ""Independent"", ""votes"": 7793, ""pct"": 0.95}}"
2014,Oregon,OR,II,regular,General,"United States Senate election in Oregon, 2014",814537,538847,108234,0.557284461466676,0.36866472635120806,Jeff Merkley,Monica Wehby,Jeff Merkley,D,Monica Wehby,0.03073032762322303,Mike Monchalin,108234,1461618,"{""Mike Monchalin"": {""party"": ""Libertarian"", ""votes"": 44916, ""pct"": 3.07}, ""Christina Jean Lugo"": {""party"": ""Pacific Green"", ""votes"": 32434, ""pct"": 2.22}, ""James E. Leuenberger"": {""party"": ""Constitution"", ""votes"": 24212, ""pct"": 1.66}, ""Write-in"": {""party"": ""Write-in"", ""votes"": 6672, ""pct"": 0.45}}",-49855,-266312,-305886,0.188619735115,0.155107505440,-0.070237576522,-0.182608655830,0.258857311638,0.293692663879,0.07405081218211598,0.047880636060638464,0.02617017612147752,0.20370419629609926,0.16822579521700673,-0.07376971751925246,-0.19029389815329667,0.2774739138153517,0.32004935376244076,deepskyblue,D+18.9,D+15.5,R+7.0,R+18.3,D+25.9,D+29.4,3.07%,7.41%,4.79%,2.62%,D+20.4,D+16.8,R+7.4,R+19.0,D+27.7,D+32.0,44916,,https://en.wikipedia.org/wiki/2014_United_States_Senate_election_in_Oregon,"{""Jeff Merkley"": {""party"": ""Democratic"", ""votes"": 814537, ""pct"": 55.73}, ""Monica Wehby"": {""party"": ""Republican"", ""votes"": 538847, ""pct"": 36.87}, ""Mike Monchalin"": {""party"": ""Libertarian"", ""votes"": 44916, ""pct"": 3.07}, ""Christina Jean Lugo"": {""party"": ""Pacific Green"", ""votes"": 32434, ""pct"": 2.22}, ""James E. Leuenberger"": {""party"": ""Constitution"", ""votes"": 24212, ""pct"": 1.66}, ""Write-in"": {""party"": ""Write-in"", ""votes"": 6672, ""pct"": 0.45}}"
2014,Rhode Island,RI,II,regular,General,"United States Senate election in Rhode Island, 2014",223675,92684,539,0.7058264804448119,0.29247265681702,Jack Reed,Mark Zaccaria,Jack Reed,D,Mark Zaccaria,0.0017008627381681172,Write-in,539,316898,"{""Write-in"": {""party"": ""Write-in"", ""votes"": 539, ""pct"": 0.17}}",-96969,-23490,-324390,0.413353823628,0.094511119570,-0.070237576522,-0.182608655830,0.483591400150,0.233096278008,0.0017008627381681172,0.047880636060638464,-0.04617977332247035,0.4140580795867985,-0.05403160536208179,-0.07376971751925246,-0.19029389815329667,0.48782779710605095,0.09779195318335221,deepskyblue,D+41.3,D+9.5,R+7.0,R+18.3,D+48.4,D+23.3,0.17%,0.17%,4.79%,-4.62%,D+41.4,R+5.4,R+7.4,R+19.0,D+48.8,D+9.8,539,,https://en.wikipedia.org/wiki/2014_United_States_Senate_election_in_Rhode_Island,"{""Jack Reed"": {""party"": ""Democratic"", ""votes"": 223675, ""pct"": 70.58}, ""Mark Zaccaria"": {""party"": ""Republican"", ""votes"": 92684, ""pct"": 29.25}, ""Write-in"": {""party"": ""Write-in"", ""votes"": 539, ""pct"": 0.17}}"
2014,South Carolina,SC,II,regular,General,"United States Senate election in South Carolina, 2014",480933,672941,86201,0.38782573634659195,0.5426615325685946,Brad Hutto,Lindsey Graham,Lindsey Graham,R,Brad Hutto,0.038375098280345944,Thomas Ravenel,86201,1240075,"{""Thomas Ravenel"": {""party"": ""Independent"", ""votes"": 47588, ""pct"": 3.84}, ""Victor Kocher"": {""party"": ""Libertarian"", ""votes"": 33839, ""pct"": 2.73}, ""Write-in"": {""party"": ""Write-in"", ""votes"": 4774, ""pct"": 0.38}}",-309688,-403593,-917269,-0.154835796222,-0.022305703664,-0.070237576522,-0.182608655830,-0.084598219700,0.116279454775,0.06951273108481341,0.047880636060638464,0.02163209502417495,-0.16640291747625824,-0.013275298183805295,-0.07376971751925246,-0.19029389815329667,-0.09263319995700578,0.13854826036162873,red,R+15.5,R+2.2,R+7.0,R+18.3,R+8.5,D+11.6,3.84%,6.95%,4.79%,2.16%,R+16.6,R+1.3,R+7.4,R+19.0,R+9.3,D+13.9,47588,,https://en.wikipedia.org/wiki/2014_United_States_Senate_election_in_South_Carolina,"{""Lindsey Graham"": {""party"": ""Republican"", ""votes"": 672941, ""pct"": 54.27}, ""Brad Hutto"": {""party"": ""Democratic"", ""votes"": 480933, ""pct"": 38.78}, ""Thomas Ravenel"": {""party"": ""Independent"", ""votes"": 47588, ""pct"": 3.84}, ""Victor Kocher"": {""party"": ""Libertarian"", ""votes"": 33839, ""pct"": 2.73}, ""Write-in"": {""party"": ""Write-in"", ""votes"": 4774, ""pct"": 0.38}}"
2014,South Dakota,SD,II,regular,General,"United States Senate election in South Dakota, 2014",82456,140741,56215,0.2951054357006857,0.5037042074069832,Rick Weiland,Mike Rounds,Mike Rounds,R,Rick Weiland,0.17086238243167795,Larry Pressler,56215,279412,"{""Larry Pressler"": {""party"": ""Independent"", ""votes"": 47741, ""pct"": 17.09}, ""Gordon Howie"": {""party"": ""Independent"", ""votes"": 8474, ""pct"": 3.03}}",-155433,-2043,-101261,-0.208598771706,-0.458432618604,-0.070237576522,-0.182608655830,-0.138361195184,-0.319847460165,0.20119035689233103,0.047880636060638464,0.15330972083169256,-0.2611370224510186,-0.510970869348487,-0.07376971751925246,-0.19029389815329667,-0.18736730493176615,-0.359147310803053,red,R+20.9,R+45.8,R+7.0,R+18.3,R+13.8,R+32.0,17.09%,20.12%,4.79%,15.33%,R+26.1,R+51.1,R+7.4,R+19.0,R+18.7,R+35.9,47741,,https://en.wikipedia.org/wiki/2014_United_States_Senate_election_in_South_Dakota,"{""Mike Rounds"": {""party"": ""Republican"", ""votes"": 140741, ""pct"": 50.37}, ""Rick Weiland"": {""party"": ""Democratic"", ""votes"": 82456, ""pct"": 29.51}, ""Larry Pressler"": {""party"": ""Independent"", ""votes"": 47741, ""pct"": 17.09}, ""Gordon Howie"": {""party"": ""Independent"", ""votes"": 8474, ""pct"": 3.03}}"
2014,Tennessee,TN,II,regular,General,2014 United States Senate election in Tennessee,437848,850087,86130,0.31865159217358713,0.6186657836419674,Gordon Ball,Lamar Alexander,Lamar Alexander,R,Gordon Ball,0.026263677482506288,Joe Wilmoth,86130,1374065,"{""Joe Wilmoth"": {""party"": ""Constitution"", ""votes"": 36088, ""pct"": 2.63}, ""Martin Pleasant"": {""party"": ""Green"", ""votes"": 12570, ""pct"": 0.91}, ""Tom Emerson, Jr."": {""party"": ""Independent"", ""votes"": 11157, ""pct"": 0.81}, ""Danny Page"": {""party"": ""Independent"", ""votes"": 7713, ""pct"": 0.56}, ""Rick Tyler"": {""party"": ""Independent"", ""votes"": 5759, ""pct"": 0.42}, ""Joshua James"": {""party"": ""Independent"", ""votes"": 5678, ""pct"": 0.41}, ""Bartholomew J. Phillips"": {""party"": ""Independent"", ""votes"": 2386, ""pct"": 0.17}, ""Edmund L. Gauthier"": {""party"": ""Independent"", ""votes"": 2314, ""pct"": 0.17}, ""Eric Schechter"": {""party"": ""Independent"", ""votes"": 1673, ""pct"": 0.12}, ""Choudhury Salekin"": {""party"": ""Independent"", ""votes"": 787, ""pct"": 0.06}, ""Write-in"": {""party"": ""Write-in"", ""votes"": 5, ""pct"": 0.0}}",-329388,-729390,-1862761,-0.300014191468,-0.049076698999,-0.070237576522,-0.182608655830,-0.229776614946,0.089508459440,0.06268262418444542,0.047880636060638464,0.01480198812380696,-0.3200774883825659,0.026041103878183536,-0.07376971751925246,-0.19029389815329667,-0.24630777086331343,0.17786466242361756,red,R+30.0,R+4.9,R+7.0,R+18.3,R+23.0,D+9.0,2.63%,6.27%,4.79%,1.48%,R+32.0,D+2.6,R+7.4,R+19.0,R+24.6,D+17.8,36088,,https://en.wikipedia.org/wiki/2014_United_States_Senate_election_in_Tennessee,"{""Lamar Alexander"": {""party"": ""Republican"", ""votes"": 850087, ""pct"": 61.87}, ""Gordon Ball"": {""party"": ""Democratic"", ""votes"": 437848, ""pct"": 31.87}, ""Joe Wilmoth"": {""party"": ""Constitution"", ""votes"": 36088, ""pct"": 2.63}, ""Martin Pleasant"": {""party"": ""Green"", ""votes"": 12570, ""pct"": 0.91}, ""Tom Emerson, Jr."": {""party"": ""Independent"", ""votes"": 11157, ""pct"": 0.81}, ""Danny Page"": {""party"": ""Independent"", ""votes"": 7713, ""pct"": 0.56}, ""Rick Tyler"": {""party"": ""Independent"", ""votes"": 5759, ""pct"": 0.42}, ""Joshua James"": {""party"": ""Independent"", ""votes"": 5678, ""pct"": 0.41}, ""Bartholomew J. Phillips"": {""party"": ""Independent"", ""votes"": 2386, ""pct"": 0.17}, ""Edmund L. Gauthier"": {""party"": ""Independent"", ""votes"": 2314, ""pct"": 0.17}, ""Eric Schechter"": {""party"": ""Independent"", ""votes"": 1673, ""pct"": 0.12}, ""Choudhury Salekin"": {""party"": ""Independent"", ""votes"": 787, ""pct"": 0.06}, ""Write-in"": {""party"": ""Write-in"", ""votes"": 5, ""pct"": 0.0}}"
2014,Texas,TX,II,regular,General,2014 United States Senate election in Texas,1597387,2861531,189450,0.34364469422386523,0.6155990661668783,David Alameel,John Cornyn,John Cornyn,R,David Alameel,0.028773754573648214,Rebecca Paddock,189450,4648368,"{""Rebecca Paddock"": {""party"": ""Libertarian"", ""votes"": 133751, ""pct"": 2.88}, ""Emily Sanchez"": {""party"": ""Green"", ""votes"": 54701, ""pct"": 1.18}, ""Mohammed Tahiro"": {""party"": ""Independent"", ""votes"": 998, ""pct"": 0.02}}",-1791978,-1475938,-4211811,-0.271954371943,-0.164947053016,-0.070237576522,-0.182608655830,-0.201716795421,-0.026361894578,0.04075623960925641,0.047880636060638464,-0.007124396451382055,-0.28350913831561825,-0.16080635992022368,-0.07376971751925246,-0.19029389815329667,-0.2097394207963658,-0.008982801374789656,red,R+27.2,R+16.5,R+7.0,R+18.3,R+20.2,R+2.6,2.88%,4.08%,4.79%,-0.71%,R+28.4,R+16.1,R+7.4,R+19.0,R+21.0,R+0.9,133751,,https://en.wikipedia.org/wiki/2014_United_States_Senate_election_in_Texas,"{""John Cornyn"": {""party"": ""Republican"", ""votes"": 2861531, ""pct"": 61.56}, ""David Alameel"": {""party"": ""Democratic"", ""votes"": 1597387, ""pct"": 34.36}, ""Rebecca Paddock"": {""party"": ""Libertarian"", ""votes"": 133751, ""pct"": 2.88}, ""Emily Sanchez"": {""party"": ""Green"", ""votes"": 54701, ""pct"": 1.18}, ""Mohammed Tahiro"": {""party"": ""Independent"", ""votes"": 998, ""pct"": 0.02}}"
2014,Virginia,VA,II,regular,General,2014 United States Senate election in Virginia,1073667,1055940,54866,0.49149932271994207,0.4833843219852111,Mark Warner,Ed Gillespie,Mark Warner,D,Ed Gillespie,0.024308837875313634,Robert Sarvis,54866,2184473,"{""Robert Sarvis"": {""party"": ""Libertarian"", ""votes"": 53102, ""pct"": 2.43}, ""Write-in"": {""party"": ""Write-in"", ""votes"": 1764, ""pct"": 0.08}}",-1295660,-172890,-1458821,0.008115000735,-0.304925066852,-0.070237576522,-0.182608655830,0.078352577257,-0.166339908414,0.02511635529484686,0.047880636060638464,-0.022764280765791605,0.008324071060998578,-0.30864292065170323,-0.07376971751925246,-0.19029389815329667,0.08209378858025104,-0.1568193621062692,deepskyblue,D+0.8,R+30.5,R+7.0,R+18.3,D+7.8,R+16.6,2.43%,2.51%,4.79%,-2.28%,D+0.8,R+30.9,R+7.4,R+19.0,D+8.2,R+15.7,53102,,https://en.wikipedia.org/wiki/2014_United_States_Senate_election_in_Virginia,"{""Mark Warner"": {""party"": ""Democratic"", ""votes"": 1073667, ""pct"": 49.15}, ""Ed Gillespie"": {""party"": ""Republican"", ""votes"": 1055940, ""pct"": 48.34}, ""Robert Sarvis"": {""party"": ""Libertarian"", ""votes"": 53102, ""pct"": 2.43}, ""Write-in"": {""party"": ""Write-in"", ""votes"": 1764, ""pct"": 0.08}}"
2014,West Virginia,WV,II,regular,General,2014 United States Senate election in West Virginia,156360,281820,15479,0.34466416405273564,0.6212154944572906,Natalie Tennant,Shelley Moore Capito,Shelley Moore Capito,R,Natalie Tennant,0.016331649983798404,John Buckley,15479,453659,"{""John Buckley"": {""party"": ""Libertarian"", ""votes"": 7409, ""pct"": 1.63}, ""Bob Henry Baber"": {""party"": ""Mountain"", ""votes"": 5504, ""pct"": 1.21}, ""Phil Hudok"": {""party"": ""Constitution"", ""votes"": 2566, ""pct"": 0.57}}",-291200,27191,-248530,-0.276551330405,-0.551307841828,-0.070237576522,-0.182608655830,-0.206313753882,-0.412722683389,0.03412034148997375,0.047880636060638464,-0.013760294570664716,-0.2863206901273449,-0.5610772015509076,-0.07376971751925246,-0.19029389815329667,-0.21255097260809244,-0.4092536430054735,red,R+27.7,R+55.1,R+7.0,R+18.3,R+20.6,R+41.3,1.63%,3.41%,4.79%,-1.38%,R+28.6,R+56.1,R+7.4,R+19.0,R+21.3,R+40.9,7409,,https://en.wikipedia.org/wiki/2014_United_States_Senate_election_in_West_Virginia,"{""Shelley Moore Capito"": {""party"": ""Republican"", ""votes"": 281820, ""pct"": 62.12}, ""Natalie Tennant"": {""party"": ""Democratic"", ""votes"": 156360, ""pct"": 34.47}, ""John Buckley"": {""party"": ""Libertarian"", ""votes"": 7409, ""pct"": 1.63}, ""Bob Henry Baber"": {""party"": ""Mountain"", ""votes"": 5504, ""pct"": 1.21}, ""Phil Hudok"": {""party"": ""Constitution"", ""votes"": 2566, ""pct"": 0.57}}"
2014,Wyoming,WY,II,regular,General,"United States Senate election in Wyoming, 2014",29377,121554,17459,0.17445810321277985,0.7218599679315874,Charlie Hardy,Mike Enzi,Mike Enzi,R,Charlie Hardy,0.07904863709246392,Curt Gottshall,17459,168390,"{""Curt Gottshall"": {""party"": ""Independent"", ""votes"": 13311, ""pct"": 7.9}, ""Joseph Porambo"": {""party"": ""Libertarian"", ""votes"": 3677, ""pct"": 2.18}, ""Write-in"": {""party"": ""Write-in"", ""votes"": 471, ""pct"": 0.28}}",-31254,-67492,-209971,-0.547401864719,-0.208003776649,-0.070237576522,-0.182608655830,-0.477164288196,-0.069418618211,0.10368192885563275,0.047880636060638464,0.05580129279499429,-0.6107227806083575,-0.0963982733449732,-0.07376971751925246,-0.19029389815329667,-0.5369530630891051,0.05542528520046086,red,R+54.7,R+20.8,R+7.0,R+18.3,R+47.7,R+6.9,7.90%,10.37%,4.79%,5.58%,R+61.1,R+9.6,R+7.4,R+19.0,R+53.7,D+5.5,13311,,https://en.wikipedia.org/wiki/2014_United_States_Senate_election_in_Wyoming,"{""Mike Enzi"": {""party"": ""Republican"", ""votes"": 121554, ""pct"": 72.19}, ""Charlie Hardy"": {""party"": ""Democratic"", ""votes"": 29377, ""pct"": 17.45}, ""Curt Gottshall"": {""party"": ""Independent"", ""votes"": 13311, ""pct"": 7.9}, ""Joseph Porambo"": {""party"": ""Libertarian"", ""votes"": 3677, ""pct"": 2.18}, ""Write-in"": {""party"": ""Write-in"", ""votes"": 471, ""pct"": 0.28}}"
2016,United States,NATIONAL,,national,Aggregate,National aggregate,51894126,41609757,3415432,0.5354363678695006,0.4293236802179215,Democratic total,Republican total,Democratic Party,D,Republican Party,0.0,Various,3415432,96919315,{},32587581,19227868,53134433,0.106112687652,0.176350264174,0.106112687652,0.176350264174,0.000000000000,0.000000000000,0.035239951912578005,0.035239951912578005,0.0,0.1099886835715689,0.18375840109082137,0.1099886835715689,0.18375840109082137,0.0,0.0,transparent,D+10.6,D+17.6,D+10.6,D+17.6,EVEN,EVEN,0.00%,3.52%,3.52%,0.00%,D+11.0,D+18.4,D+11.0,D+18.4,EVEN,EVEN,0,,,{}
2016,Alaska,AK,III,regular,General,2016 United States Senate election in Alaska,36200,138149,137092,0.11623389341801497,0.44358000391727487,Ray Metcalfe,Lisa Murkowski,Lisa Murkowski,R,Joe Miller,0.2916282698809726,Joe Miller,137092,311441,"{""Joe Miller"": {""party"": ""Libertarian"", ""votes"": 90825, ""pct"": 29.16}, ""Margaret Stock"": {""party"": ""Independent"", ""votes"": 41194, ""pct"": 13.23}, ""Breck A. Craig"": {""party"": ""Independent"", ""votes"": 2609, ""pct"": 0.84}, ""Ted Gianoutsos"": {""party"": ""Independent"", ""votes"": 1758, ""pct"": 0.56}, ""Write-in"": {""party"": ""Write-in"", ""votes"": 706, ""pct"": 0.23}}",-23845,-53781,56622,-0.327346110499,0.190217336496,0.106112687652,0.176350264174,-0.433458798151,0.029849201707,0.44018610266471014,0.035239951912578005,0.40494615075213214,-0.5847409506220282,-0.06133585090975524,0.1099886835715689,0.18375840109082137,-0.6947296341935971,-0.23396480821136195,red,R+32.7,D+19.0,D+10.6,D+17.6,R+43.3,D+3.0,29.16%,44.02%,3.52%,40.49%,R+58.5,R+6.1,D+11.0,D+18.4,R+69.5,R+23.4,90825,,https://en.wikipedia.org/wiki/2016_United_States_Senate_election_in_Alaska,"{""Lisa Murkowski"": {""party"": ""Republican"", ""votes"": 138149, ""pct"": 44.36}, ""Joe Miller"": {""party"": ""Libertarian"", ""votes"": 90825, ""pct"": 29.16}, ""Margaret Stock"": {""party"": ""Independent"", ""votes"": 41194, ""pct"": 13.23}, ""Ray Metcalfe"": {""party"": ""Democratic"", ""votes"": 36200, ""pct"": 11.62}, ""Breck A. Craig"": {""party"": ""Independent"", ""votes"": 2609, ""pct"": 0.84}, ""Ted Gianoutsos"": {""party"": ""Independent"", ""votes"": 1758, ""pct"": 0.56}, ""Write-in"": {""party"": ""Write-in"", ""votes"": 706, ""pct"": 0.23}}"
2016,Alabama,AL,III,regular,General,2016 United States Senate election in Alabama,748709,1335104,3631,0.3586726158881388,0.639587936251224,Ron Crumpton,Richard Shelby,Richard Shelby,R,Ron Crumpton,0.0017394478606372196,Write-in,3631,2087444,"{""Write-in"": {""party"": ""Write-in"", ""votes"": 3631, ""pct"": 0.17}}",233090,366923,601945,-0.280915320363,0.023737863517,0.106112687652,0.176350264174,-0.387028008015,-0.136630271272,0.0017394478606372196,0.035239951912578005,-0.033500504051940785,-0.2814048093566937,0.02359721247913321,0.1099886835715689,0.18375840109082137,-0.3913934929282626,-0.1490317448224735,red,R+28.1,D+2.4,D+10.6,D+17.6,R+38.7,R+13.7,0.17%,0.17%,3.52%,-3.35%,R+28.1,D+2.4,D+11.0,D+18.4,R+39.1,R+14.9,3631,,https://en.wikipedia.org/wiki/2016_United_States_Senate_election_in_Alabama,"{""Richard Shelby"": {""party"": ""Republican"", ""votes"": 1335104, ""pct"": 63.96}, ""Ron Crumpton"": {""party"": ""Democratic"", ""votes"": 748709, ""pct"": 35.87}, ""Write-in"": {""party"": ""Write-in"", ""votes"": 3631, ""pct"": 0.17}}"
2016,Arkansas,AR,III,regular,General,"United States Senate election in Arkansas, 2016",400602,661984,44936,0.36171019627601075,0.5977163433322318,Conner Eldridge,John Boozman,John Boozman,R,Conner Eldridge,0.03960733962846788,Frank Gilbert,44936,1107522,"{""Frank Gilbert"": {""party"": ""Libertarian"", ""votes"": 43866, ""pct"": 3.96}, ""Write-in"": {""party"": ""Write-in"", ""votes"": 1070, ""pct"": 0.1}}",112446,210366,327565,-0.236006147056,-0.026427926718,0.106112687652,0.176350264174,-0.342118834708,-0.186796061507,0.04057346039175745,0.035239951912578005,0.005333508479179447,-0.24598667778419817,-0.025024600176712625,0.1099886835715689,0.18375840109082137,-0.3559753613557671,-0.19765355747831936,red,R+23.6,R+2.6,D+10.6,D+17.6,R+34.2,R+18.7,3.96%,4.06%,3.52%,0.53%,R+24.6,R+2.5,D+11.0,D+18.4,R+35.6,R+19.8,43866,,https://en.wikipedia.org/wiki/2016_United_States_Senate_election_in_Arkansas,"{""John Boozman"": {""party"": ""Republican"", ""votes"": 661984, ""pct"": 59.77}, ""Conner Eldridge"": {""party"": ""Democratic"", ""votes"": 400602, ""pct"": 36.17}, ""Frank Gilbert"": {""party"": ""Libertarian"", ""votes"": 43866, ""pct"": 3.96}, ""Write-in"": {""party"": ""Write-in"", ""votes"": 1070, ""pct"": 0.1}}"
2016,Arizona,AZ,III,regular,General,"United States Senate election in Arizona, 2016",1031245,1359267,140218,0.4074891434487282,0.5371047089179802,Ann Kirkpatrick,John McCain,John McCain,R,Ann Kirkpatrick,0.05478024127425683,Gary Swing,140218,2530730,"{""Gary Swing"": {""party"": ""Green"", ""votes"": 138634, ""pct"": 5.48}, ""Write-in"": {""party"": ""Write-in"", ""votes"": 1584, ""pct"": 0.06}}",439234,353652,828404,-0.129615565469,0.113348473146,0.106112687652,0.176350264174,-0.235728253121,-0.047019661643,0.05540614763329158,0.035239951912578005,0.020166195720713577,-0.137218303024624,0.12166832000229216,0.1099886835715689,0.18375840109082137,-0.2472069865961929,-0.05096063729931455,red,R+13.0,D+11.3,D+10.6,D+17.6,R+23.6,R+4.7,5.48%,5.54%,3.52%,2.02%,R+13.7,D+12.2,D+11.0,D+18.4,R+24.7,R+5.1,138634,,https://en.wikipedia.org/wiki/2016_United_States_Senate_election_in_Arizona,"{""John McCain"": {""party"": ""Republican"", ""votes"": 1359267, ""pct"": 53.71}, ""Ann Kirkpatrick"": {""party"": ""Democratic"", ""votes"": 1031245, ""pct"": 40.75}, ""Gary Swing"": {""party"": ""Green"", ""votes"": 138634, ""pct"": 5.48}, ""Write-in"": {""party"": ""Write-in"", ""votes"": 1584, ""pct"": 0.06}}"
2016,California,CA,III,regular,General,"United States Senate election in California, 2016",12244170,0,0,1.0,0.0,Kamala Harris,None,Kamala Harris,D,Loretta Sanchez,0.0,None,0,12244170,{},7026033,-4217386,2244310,1.000000000000,0.899923498929,0.106112687652,0.176350264174,0.893887312348,0.739555364140,0.0,0.035239951912578005,-0.035239951912578005,1.0,0.8939379406949673,0.1099886835715689,0.18375840109082137,0.8900113164284311,0.7213089833933606,deepskyblue,D+100.0,D+90.0,D+10.6,D+17.6,D+89.4,D+74.0,0.00%,0.00%,3.52%,-3.52%,D+100.0,D+89.4,D+11.0,D+18.4,D+89.0,D+72.1,0,,https://en.wikipedia.org/wiki/2016_United_States_Senate_election_in_California,"{""Kamala Harris"": {""party"": ""Democratic"", ""votes"": 7542753, ""pct"": 61.6}, ""Loretta Sanchez"": {""party"": ""Democratic"", ""votes"": 4701417, ""pct"": 38.4}}"
2016,Colorado,CO,III,regular,General,"United States Senate election in Colorado, 2016",1370710,1215318,156995,0.4997078041270525,0.4430578963428305,Michael Bennet,Darryl Glenn,Michael Bennet,D,Darryl Glenn,0.03619255106501112,Lily Tang Williams,156995,2743023,"{""Lily Tang Williams"": {""party"": ""Libertarian"", ""votes"": 99277, ""pct"": 3.62}, ""Arn Menconi"": {""party"": ""Green"", ""votes"": 36805, ""pct"": 1.34}, ""Bill Hammons"": {""party"": ""Unity"", ""votes"": 9336, ""pct"": 0.34}, ""Dan Chapin"": {""party"": ""Independent"", ""votes"": 8361, ""pct"": 0.3}, ""Paul Fiorino"": {""party"": ""Independent"", ""votes"": 3216, ""pct"": 0.12}}",516025,390529,965355,0.056649907784,0.039832369301,0.106112687652,0.176350264174,-0.049462779867,-0.120535765488,0.05723429953011695,0.035239951912578005,0.021994347617538948,0.06008906322746699,0.04228825178293138,0.1099886835715689,0.18375840109082137,-0.049899620344101905,-0.13034070551867538,deepskyblue,D+5.7,D+4.0,D+10.6,D+17.6,R+4.9,R+12.1,3.62%,5.72%,3.52%,2.20%,D+6.0,D+4.2,D+11.0,D+18.4,R+5.0,R+13.0,99277,,https://en.wikipedia.org/wiki/2016_United_States_Senate_election_in_Colorado,"{""Michael Bennet"": {""party"": ""Democratic"", ""votes"": 1370710, ""pct"": 49.97}, ""Darryl Glenn"": {""party"": ""Republican"", ""votes"": 1215318, ""pct"": 44.31}, ""Lily Tang Williams"": {""party"": ""Libertarian"", ""votes"": 99277, ""pct"": 3.62}, ""Arn Menconi"": {""party"": ""Green"", ""votes"": 36805, ""pct"": 1.34}, ""Bill Hammons"": {""party"": ""Unity"", ""votes"": 9336, ""pct"": 0.34}, ""Dan Chapin"": {""party"": ""Independent"", ""votes"": 8361, ""pct"": 0.3}, ""Paul Fiorino"": {""party"": ""Independent"", ""votes"": 3216, ""pct"": 0.12}}"
2016,Connecticut,CT,III,regular,General,"United States Senate election in Connecticut, 2016",1008714,552621,34941,0.6319170369033926,0.34619389128195877,Richard Blumenthal,Dan Carter,Richard Blumenthal,D,Dan Carter,0.011395272496736154,Richard Lion,34941,1596276,"{""Richard Lion"": {""party"": ""Libertarian"", ""votes"": 18190, ""pct"": 1.14}, ""Jeffery Russell"": {""party"": ""Green"", ""votes"": 16713, ""pct"": 1.05}, ""Andrew Rule"": {""party"": ""Independent"", ""votes"": 26, ""pct"": 0.0}, ""John M. Traceski"": {""party"": ""Independent"", ""votes"": 12, ""pct"": 0.0}}",372674,52860,441741,0.285723145621,0.167685147640,0.106112687652,0.176350264174,0.179610457970,0.007317012851,0.021889071814648595,0.035239951912578005,-0.01335088009792941,0.29211732267578705,0.172132395738762,0.1099886835715689,0.18375840109082137,0.18212863910421817,-0.0004965615628447217,deepskyblue,D+28.6,D+16.8,D+10.6,D+17.6,D+18.0,D+0.7,1.14%,2.19%,3.52%,-1.34%,D+29.2,D+17.2,D+11.0,D+18.4,D+18.2,R+0.0,18190,,https://en.wikipedia.org/wiki/2016_United_States_Senate_election_in_Connecticut,"{""Richard Blumenthal"": {""party"": ""Democratic"", ""votes"": 1008714, ""pct"": 63.19}, ""Dan Carter"": {""party"": ""Republican"", ""votes"": 552621, ""pct"": 34.62}, ""Richard Lion"": {""party"": ""Libertarian"", ""votes"": 18190, ""pct"": 1.14}, ""Jeffery Russell"": {""party"": ""Green"", ""votes"": 16713, ""pct"": 1.05}, ""Andrew Rule"": {""party"": ""Independent"", ""votes"": 26, ""pct"": 0.0}, ""John M. Traceski"": {""party"": ""Independent"", ""votes"": 12, ""pct"": 0.0}}"
2016,Florida,FL,III,regular,General,"United States Senate election in Florida, 2016",4122088,4835191,344541,0.44314854512342744,0.5198112842432986,Patrick Murphy,Marco Rubio,Marco Rubio,R,Patrick Murphy,0.02117392080259562,Paul Stanton,344541,9301820,"{""Paul Stanton"": {""party"": ""Libertarian"", ""votes"": 196956, ""pct"": 2.12}, ""Bruce Nathan"": {""party"": ""Independent"", ""votes"": 52451, ""pct"": 0.56}, ""Tony Khoury"": {""party"": ""Independent"", ""votes"": 45820, ""pct"": 0.49}, ""Steven Machat"": {""party"": ""Independent"", ""votes"": 26918, ""pct"": 0.29}, ""Basil E. Dalack"": {""party"": ""Independent"", ""votes"": 22236, ""pct"": 0.24}, ""Write-in"": {""party"": ""Write-in"", ""votes"": 160, ""pct"": 0.0}}",3029152,2189448,3890717,-0.076662739120,0.210304077073,0.106112687652,0.176350264174,-0.182775426771,0.049935942284,0.03704017063327392,0.035239951912578005,0.001800218720695912,-0.07961156507461697,0.33572417249472236,0.1099886835715689,0.18375840109082137,-0.18960024864618585,0.16309521519311565,red,R+7.7,D+21.0,D+10.6,D+17.6,R+18.3,D+5.0,2.12%,3.70%,3.52%,0.18%,R+8.0,D+33.6,D+11.0,D+18.4,R+19.0,D+16.3,196956,,https://en.wikipedia.org/wiki/2016_United_States_Senate_election_in_Florida,"{""Marco Rubio"": {""party"": ""Republican"", ""votes"": 4835191, ""pct"": 51.98}, ""Patrick Murphy"": {""party"": ""Democratic"", ""votes"": 4122088, ""pct"": 44.31}, ""Paul Stanton"": {""party"": ""Libertarian"", ""votes"": 196956, ""pct"": 2.12}, ""Bruce Nathan"": {""party"": ""Independent"", ""votes"": 52451, ""pct"": 0.56}, ""Tony Khoury"": {""party"": ""Independent"", ""votes"": 45820, ""pct"": 0.49}, ""Steven Machat"": {""party"": ""Independent"", ""votes"": 26918, ""pct"": 0.29}, ""Basil E. Dalack"": {""party"": ""Independent"", ""votes"": 22236, ""pct"": 0.24}, ""Write-in"": {""party"": ""Write-in"", ""votes"": 160, ""pct"": 0.0}}"
2016,Georgia,GA,III,regular,General,"United States Senate election in Georgia, 2016",1599726,2135806,162260,0.410418513866312,0.5479527896819533,Jim Barksdale,Johnny Isakson,Johnny Isakson,R,Jim Barksdale,0.041628696451734726,Allen Buckley,162260,3897792,"{""Allen Buckley"": {""party"": ""Libertarian"", ""votes"": 162260, ""pct"": 4.16}}",603210,645902,1342534,-0.137534275816,0.055553075833,0.106112687652,0.176350264174,-0.243646963467,-0.104815058956,0.041628696451734726,0.035239951912578005,0.006388744539156721,-0.14350834098061535,0.054924747556317266,0.1099886835715689,0.18375840109082137,-0.25349702455218426,-0.1177042097452895,red,R+13.8,D+5.6,D+10.6,D+17.6,R+24.4,R+10.5,4.16%,4.16%,3.52%,0.64%,R+14.4,D+5.5,D+11.0,D+18.4,R+25.3,R+11.8,162260,,https://en.wikipedia.org/wiki/2016_United_States_Senate_election_in_Georgia,"{""Johnny Isakson"": {""party"": ""Republican"", ""votes"": 2135806, ""pct"": 54.8}, ""Jim Barksdale"": {""party"": ""Democratic"", ""votes"": 1599726, ""pct"": 41.04}, ""Allen Buckley"": {""party"": ""Libertarian"", ""votes"": 162260, ""pct"": 4.16}}"
2016,Hawaii,HI,III,regular,General,"United States Senate election in Hawaii, 2016",306604,92653,17305,0.7360344918643563,0.22242307267585618,Brian Schatz,John Carroll,Brian Schatz,D,John Carroll,0.021852689395576167,Joy Allison,17305,416562,"{""Joy Allison"": {""party"": ""Constitution"", ""votes"": 9103, ""pct"": 2.19}, ""Michael Kokowski"": {""party"": ""Libertarian"", ""votes"": 6809, ""pct"": 1.63}, ""John Giuffre"": {""party"": ""American Shopping"", ""votes"": 1393, ""pct"": 0.33}}",29376,12714,45979,0.513611419189,-0.018763244517,0.106112687652,0.176350264174,0.407498731537,-0.179131379306,0.041542435459787495,0.035239951912578005,0.006302483547209491,0.5358728838818104,-0.016498975780476433,0.1099886835715689,0.18375840109082137,0.42588420031024155,-0.1891279330820832,deepskyblue,D+51.4,R+1.9,D+10.6,D+17.6,D+40.7,R+17.9,2.19%,4.15%,3.52%,0.63%,D+53.6,R+1.6,D+11.0,D+18.4,D+42.6,R+18.9,9103,,https://en.wikipedia.org/wiki/2016_United_States_Senate_election_in_Hawaii,"{""Brian Schatz"": {""party"": ""Democratic"", ""votes"": 306604, ""pct"": 73.61}, ""John Carroll"": {""party"": ""Republican"", ""votes"": 92653, ""pct"": 22.24}, ""Joy Allison"": {""party"": ""Constitution"", ""votes"": 9103, ""pct"": 2.19}, ""Michael Kokowski"": {""party"": ""Libertarian"", ""votes"": 6809, ""pct"": 1.63}, ""John Giuffre"": {""party"": ""American Shopping"", ""votes"": 1393, ""pct"": 0.33}}"
2016,Iowa,IA,III,regular,General,"United States Senate election in Iowa, 2016",549460,926007,65569,0.356552345305366,0.6008990056040222,Patty Judge,Chuck Grassley,Chuck Grassley,R,Patty Judge,0.02712071619352176,Charles Aldrich,65569,1541036,"{""Charles Aldrich"": {""party"": ""Libertarian"", ""votes"": 41794, ""pct"": 2.71}, ""Jim Hennager"": {""party"": ""Independent"", ""votes"": 17649, ""pct"": 1.15}, ""Michael Luick-Thrams"": {""party"": ""Independent"", ""votes"": 4441, ""pct"": 0.29}, ""Write-ins"": {""party"": ""n/a"", ""votes"": 1685, ""pct"": 0.11}}",177774,207792,424973,-0.244346660299,0.066145668539,0.106112687652,0.176350264174,-0.350459347950,-0.094222466250,0.04254864909061177,0.035239951912578005,0.007308697178033764,-0.2552053011012784,0.06274009026913047,0.1099886835715689,0.18375840109082137,-0.3651939846728473,-0.10988886703247625,red,R+24.4,D+6.6,D+10.6,D+17.6,R+35.0,R+9.4,2.71%,4.25%,3.52%,0.73%,R+25.5,D+6.3,D+11.0,D+18.4,R+36.5,R+11.0,41794,,https://en.wikipedia.org/wiki/2016_United_States_Senate_election_in_Iowa,"{""Chuck Grassley"": {""party"": ""Republican"", ""votes"": 926007, ""pct"": 60.09}, ""Patty Judge"": {""party"": ""Democratic"", ""votes"": 549460, ""pct"": 35.66}, ""Charles Aldrich"": {""party"": ""Libertarian"", ""votes"": 41794, ""pct"": 2.71}, ""Jim Hennager"": {""party"": ""Independent"", ""votes"": 17649, ""pct"": 1.15}, ""Michael Luick-Thrams"": {""party"": ""Independent"", ""votes"": 4441, ""pct"": 0.29}, ""Write-ins"": {""party"": ""n/a"", ""votes"": 1685, ""pct"": 0.11}}"
2016,Idaho,ID,III,regular,General,"United States Senate election in Idaho, 2016",188249,449017,41677,0.2772677529630617,0.6613471233962203,Jerry Sturgill,Mike Crapo,Mike Crapo,R,Jerry Sturgill,0.061385123640718,Ray J. Writz,41677,678943,"{""Ray J. Writz"": {""party"": ""Constitution"", ""votes"": 41677, ""pct"": 6.14}}",76192,129064,21517,-0.384079370433,-0.067852144859,0.106112687652,0.176350264174,-0.490192058085,-0.228220279648,0.061385123640718,0.035239951912578005,0.026145171728139995,-0.4091980428894684,0.07203155827717123,0.1099886835715689,0.18375840109082137,-0.5191867264610374,-0.10059739902443554,red,R+38.4,R+6.8,D+10.6,D+17.6,R+49.0,R+22.8,6.14%,6.14%,3.52%,2.61%,R+40.9,D+7.2,D+11.0,D+18.4,R+51.9,R+10.1,41677,,https://en.wikipedia.org/wiki/2016_United_States_Senate_election_in_Idaho,"{""Mike Crapo"": {""party"": ""Republican"", ""votes"": 449017, ""pct"": 66.13}, ""Jerry Sturgill"": {""party"": ""Democratic"", ""votes"": 188249, ""pct"": 27.73}, ""Ray J. Writz"": {""party"": ""Constitution"", ""votes"": 41677, ""pct"": 6.14}}"
2016,Illinois,IL,III,regular,General,"United States Senate election in Illinois, 2016",3012940,2184692,294246,0.5486174310499978,0.3978041755479637,Tammy Duckworth,Mark Kirk,Tammy Duckworth,D,Mark Kirk,0.03204514011418316,Kenton McMillen,294246,5491878,"{""Kenton McMillen"": {""party"": ""Libertarian"", ""votes"": 175988, ""pct"": 3.21}, ""Scott Summers"": {""party"": ""Green"", ""votes"": 117619, ""pct"": 2.14}, ""Write-in"": {""party"": ""Write-in"", ""votes"": 639, ""pct"": 0.01}}",1371454,506963,-1758579,0.150813255502,0.155811974893,0.106112687652,0.176350264174,0.044700567850,-0.004556159896,0.053578393402038425,0.035239951912578005,0.01833844148946042,0.1593510275448512,0.17027017559642363,0.1099886835715689,0.18375840109082137,0.049362343973282305,-0.0023587817051831036,deepskyblue,D+15.1,D+15.6,D+10.6,D+17.6,D+4.5,R+0.5,3.20%,5.36%,3.52%,1.83%,D+15.9,D+17.0,D+11.0,D+18.4,D+4.9,R+0.2,175988,,https://en.wikipedia.org/wiki/2016_United_States_Senate_election_in_Illinois,"{""Tammy Duckworth"": {""party"": ""Democratic"", ""votes"": 3012940, ""pct"": 54.86}, ""Mark Kirk"": {""party"": ""Republican"", ""votes"": 2184692, ""pct"": 39.78}, ""Kenton McMillen"": {""party"": ""Libertarian"", ""votes"": 175988, ""pct"": 3.21}, ""Scott Summers"": {""party"": ""Green"", ""votes"": 117619, ""pct"": 2.14}, ""Write-in"": {""party"": ""Write-in"", ""votes"": 639, ""pct"": 0.01}}"
2016,Indiana,IN,III,regular,General,"United States Senate election in Indiana, 2016",1158947,1423991,149608,0.4241271693138926,0.5211224257523935,Evan Bayh,Todd Young,Todd Young,R,Evan Bayh,0.05470392813149349,Lucy Brenton,149608,2732546,"{""Lucy Brenton"": {""party"": ""Libertarian"", ""votes"": 149481, ""pct"": 5.47}, ""James L. Johnson, Jr."": {""party"": ""Independent"", ""votes"": 127, ""pct"": 0.01}}",461172,471875,988065,-0.096995256439,0.048802261563,0.106112687652,0.176350264174,-0.203107944090,-0.111565873226,0.05475040493371383,0.035239951912578005,0.019510453021135826,-0.10261338057669213,0.05154286368429238,0.1099886835715689,0.18375840109082137,-0.21260206414826102,-0.12108609361731436,red,R+9.7,D+4.9,D+10.6,D+17.6,R+20.3,R+11.2,5.47%,5.48%,3.52%,1.95%,R+10.3,D+5.2,D+11.0,D+18.4,R+21.3,R+12.1,149481,,https://en.wikipedia.org/wiki/2016_United_States_Senate_election_in_Indiana,"{""Todd Young"": {""party"": ""Republican"", ""votes"": 1423991, ""pct"": 52.11}, ""Evan Bayh"": {""party"": ""Democratic"", ""votes"": 1158947, ""pct"": 42.41}, ""Lucy Brenton"": {""party"": ""Libertarian"", ""votes"": 149481, ""pct"": 5.47}, ""James L. Johnson, Jr."": {""party"": ""Independent"", ""votes"": 127, ""pct"": 0.01}}"
2016,Kansas,KS,III,regular,General,2016 United States Senate election in Kansas,379740,732376,65806,0.3223812782170636,0.6217525438866071,Patrick Wiesner,Jerry Moran,Jerry Moran,R,Patrick Wiesner,0.05582712607456181,Robert D. Garrard,65806,1177922,"{""Robert D. Garrard"": {""party"": ""Libertarian"", ""votes"": 65760, ""pct"": 5.58}, ""DJ Smith"": {""party"": ""Independent"", ""votes"": 46, ""pct"": 0.0}}",158769,145201,340230,-0.299371265670,0.137787021625,0.106112687652,0.176350264174,-0.405483953321,-0.022581113164,0.0558661778963293,0.035239951912578005,0.020626225983751294,-0.31708562775825544,0.1360552651002132,0.1099886835715689,0.18375840109082137,-0.4270743113298243,-0.036573692201393504,red,R+29.9,D+13.8,D+10.6,D+17.6,R+40.5,R+2.3,5.58%,5.59%,3.52%,2.06%,R+31.7,D+13.6,D+11.0,D+18.4,R+42.7,R+3.7,65760,,https://en.wikipedia.org/wiki/2016_United_States_Senate_election_in_Kansas,"{""Jerry Moran"": {""party"": ""Republican"", ""votes"": 732376, ""pct"": 62.18}, ""Patrick Wiesner"": {""party"": ""Democratic"", ""votes"": 379740, ""pct"": 32.24}, ""Robert D. Garrard"": {""party"": ""Libertarian"", ""votes"": 65760, ""pct"": 5.58}, ""DJ Smith"": {""party"": ""Independent"", ""votes"": 46, ""pct"": 0.0}}"
2016,Kentucky,KY,III,regular,General,"United States Senate election in Kentucky, 2016",813246,1090177,42,0.4272450504737413,0.5727328845027359,Jim Gray,Rand Paul,Rand Paul,R,Jim Gray,2.2065023522891147e-05,Write-in,42,1903465,"{""Write-in"": {""party"": ""Write-in"", ""votes"": 42, ""pct"": 0.0}}",213194,334471,547369,-0.145487834029,-0.030706874569,0.106112687652,0.176350264174,-0.251600521681,-0.191075009358,2.2065023522891147e-05,0.035239951912578005,-0.03521788688905511,-0.14549104429230916,-0.030681469132140454,0.1099886835715689,0.18375840109082137,-0.25547972786387807,-0.2033104264337472,red,R+14.5,R+3.1,D+10.6,D+17.6,R+25.2,R+19.1,0.00%,0.00%,3.52%,-3.52%,R+14.5,R+3.1,D+11.0,D+18.4,R+25.5,R+20.3,42,,https://en.wikipedia.org/wiki/2016_United_States_Senate_election_in_Kentucky,"{""Rand Paul"": {""party"": ""Republican"", ""votes"": 1090177, ""pct"": 57.27}, ""Jim Gray"": {""party"": ""Democratic"", ""votes"": 813246, ""pct"": 42.73}, ""Write-in"": {""party"": ""Write-in"", ""votes"": 42, ""pct"": 0.0}}"
2016,Louisiana,LA,III,regular,General,"United States Senate election in Louisiana, 2016",705271,1722080,52458,0.28440537154272766,0.6944405798995004,Foster Campbell,John Neely Kennedy,John Neely Kennedy,R,John Kennedy,0.007803826826985465,Beryl Billiot,52458,2479809,"{""Beryl Billiot"": {""party"": ""Independent"", ""votes"": 19352, ""pct"": 1.0}, ""Thomas Clements"": {""party"": ""Libertarian"", ""votes"": 11370, ""pct"": 0.59}, ""Troy Hebert"": {""party"": ""Independent"", ""votes"": 9503, ""pct"": 0.49}, ""Kaitlin Marone"": {""party"": ""Independent"", ""votes"": 4108, ""pct"": 0.21}, ""Le Roy Gillam"": {""party"": ""Libertarian"", ""votes"": 4067, ""pct"": 0.21}, ""Arden Wells"": {""party"": ""Independent"", ""votes"": 1483, ""pct"": 0.08}, ""Bob Lang"": {""party"": ""Independent"", ""votes"": 1424, ""pct"": 0.07}, ""Gregory Taylor"": {""party"": ""Independent"", ""votes"": 1151, ""pct"": 0.06}}",228699,1006665,1214815,-0.410035208357,-0.221225617165,0.106112687652,0.176350264174,-0.516147896008,-0.381593751954,0.02115404855777199,0.035239951912578005,-0.014085903354806015,-0.41889656666876773,-0.21852273708841158,0.1099886835715689,0.18375840109082137,-0.5288852502403366,-0.3911516943900183,red,R+41.0,R+22.1,D+10.6,D+17.6,R+51.6,R+38.2,0.78%,2.12%,3.52%,-1.41%,R+41.9,R+21.9,D+11.0,D+18.4,R+52.9,R+39.1,19352,,https://en.wikipedia.org/wiki/2016_United_States_Senate_election_in_Louisiana,"{""John Neely Kennedy"": {""party"": ""Republican"", ""votes"": 536191, ""pct"": 60.65}, ""John Kennedy"": {""party"": ""Republican"", ""votes"": 482591, ""pct"": 24.96}, ""Foster Campbell"": {""party"": ""Democratic"", ""votes"": 347816, ""pct"": 39.35}, ""Charles Boustany"": {""party"": ""Republican"", ""votes"": 298008, ""pct"": 15.41}, ""Caroline Fayard"": {""party"": ""Democratic"", ""votes"": 240917, ""pct"": 12.46}, ""John Fleming"": {""party"": ""Republican"", ""votes"": 204026, ""pct"": 10.55}, ""Rob Maness"": {""party"": ""Republican"", ""votes"": 90856, ""pct"": 4.7}, ""David Duke"": {""party"": ""Republican"", ""votes"": 58606, ""pct"": 3.03}, ""Derrick Edwards"": {""party"": ""Democratic"", ""votes"": 51774, ""pct"": 2.68}, ""Gary Landrieu"": {""party"": ""Democratic"", ""votes"": 45587, ""pct"": 2.36}, ""Donald \""Crawdaddy\"" Crawford"": {""party"": ""Republican"", ""votes"": 25523, ""pct"": 1.32}, ""Joseph Cao"": {""party"": ""Republican"", ""votes"": 21019, ""pct"": 1.09}, ""Beryl Billiot"": {""party"": ""Independent"", ""votes"": 19352, ""pct"": 1.0}, ""Thomas Clements"": {""party"": ""Libertarian"", ""votes"": 11370, ""pct"": 0.59}, ""Troy Hebert"": {""party"": ""Independent"", ""votes"": 9503, ""pct"": 0.49}, ""Josh Pellerin"": {""party"": ""Democratic"", ""votes"": 7395, ""pct"": 0.38}, ""Peter Williams"": {""party"": ""Democratic"", ""votes"": 6855, ""pct"": 0.35}, ""Vinny Mendoza"": {""party"": ""Democratic"", ""votes"": 4927, ""pct"": 0.25}, ""Kaitlin Marone"": {""party"": ""Independent"", ""votes"": 4108, ""pct"": 0.21}, ""Le Roy Gillam"": {""party"": ""Libertarian"", ""votes"": 4067, ""pct"": 0.21}, ""Charles Eugene Marsala"": {""party"": ""Republican"", ""votes"": 3684, ""pct"": 0.19}, ""Abhay Patel"": {""party"": ""Republican"", ""votes"": 1576, ""pct"": 0.08}, ""Arden Wells"": {""party"": ""Independent"", ""votes"": 1483, ""pct"": 0.08}, ""Bob Lang"": {""party"": ""Independent"", ""votes"": 1424, ""pct"": 0.07}, ""Gregory Taylor"": {""party"": ""Independent"", ""votes"": 1151, ""pct"": 0.06}}"
2016,Maryland,MD,III,regular,General,"United States Senate election in Maryland, 2016",1659907,972557,93706,0.6088787566439363,0.35674847863486137,Chris Van Hollen,Kathy Szeliga,Chris Van Hollen,D,Kathy Szeliga,0.0330023439477362,Margaret Flowers,93706,2726170,"{""Margaret Flowers"": {""party"": ""Green"", ""votes"": 89970, ""pct"": 3.3}, ""Write-in"": {""party"": ""Write-in"", ""votes"": 3736, ""pct"": 0.14}}",519376,316891,892297,0.252130278009,-0.012263712196,0.106112687652,0.176350264174,0.146017590357,-0.172631846985,0.03437276472120227,0.035239951912578005,-0.0008671871913757331,0.26110518510414576,-0.008834582081747533,0.1099886835715689,0.18375840109082137,0.15111650153257689,-0.18146353938335424,deepskyblue,D+25.2,R+1.2,D+10.6,D+17.6,D+14.6,R+17.3,3.30%,3.44%,3.52%,-0.09%,D+26.1,R+0.9,D+11.0,D+18.4,D+15.1,R+18.1,89970,,https://en.wikipedia.org/wiki/2016_United_States_Senate_election_in_Maryland,"{""Chris Van Hollen"": {""party"": ""Democratic"", ""votes"": 1659907, ""pct"": 60.89}, ""Kathy Szeliga"": {""party"": ""Republican"", ""votes"": 972557, ""pct"": 35.67}, ""Margaret Flowers"": {""party"": ""Green"", ""votes"": 89970, ""pct"": 3.3}, ""Write-in"": {""party"": ""Write-in"", ""votes"": 3736, ""pct"": 0.14}}"
2016,Missouri,MO,III,regular,General,2016 United States Senate election in Missouri,1300200,1378458,123983,0.4639195672938489,0.4918425156843135,Jason Kander,Roy Blunt,Roy Blunt,R,Jason Kander,0.024169345984733685,Jonathan Dine,123983,2802641,"{""Jonathan Dine"": {""party"": ""Libertarian"", ""votes"": 67738, ""pct"": 2.42}, ""Johnathan McFarland"": {""party"": ""Green"", ""votes"": 30743, ""pct"": 1.1}, ""Fred Ryman"": {""party"": ""Constitution"", ""votes"": 25407, ""pct"": 0.91}, ""Write-in"": {""party"": ""Write-in"", ""votes"": 95, ""pct"": 0.03}}",510464,324298,858742,-0.027922948390,0.108104695021,0.106112687652,0.176350264174,-0.134035636042,-0.052263439768,0.04423791702183762,0.035239951912578005,0.008997965109259612,-0.029215375759055466,0.11418967528503812,0.1099886835715689,0.18375840109082137,-0.13920405933062435,-0.0584392820165686,red,R+2.8,D+10.8,D+10.6,D+17.6,R+13.4,R+5.2,2.42%,4.42%,3.52%,0.90%,R+2.9,D+11.4,D+11.0,D+18.4,R+13.9,R+5.8,67738,,https://en.wikipedia.org/wiki/2016_United_States_Senate_election_in_Missouri,"{""Roy Blunt"": {""party"": ""Republican"", ""votes"": 1378458, ""pct"": 49.18}, ""Jason Kander"": {""party"": ""Democratic"", ""votes"": 1300200, ""pct"": 46.39}, ""Jonathan Dine"": {""party"": ""Libertarian"", ""votes"": 67738, ""pct"": 2.42}, ""Johnathan McFarland"": {""party"": ""Green"", ""votes"": 30743, ""pct"": 1.1}, ""Fred Ryman"": {""party"": ""Constitution"", ""votes"": 25407, ""pct"": 0.91}, ""Write-in"": {""party"": ""Write-in"", ""votes"": 95, ""pct"": 0.03}}"
2016,North Carolina,NC,III,regular,General,2016 United States Senate election in North Carolina,2128165,2395376,167592,0.45365693106548033,0.5106177974489319,Deborah Ross,Richard Burr,Richard Burr,R,Deborah Ross,0.03572527148558781,Sean Haugh,167592,4691133,"{""Sean Haugh"": {""party"": ""Libertarian"", ""votes"": 167592, ""pct"": 3.57}}",983091,937330,2031059,-0.056960866383,0.060694507114,0.106112687652,0.176350264174,-0.163073554035,-0.099673627675,0.03572527148558781,0.035239951912578005,0.0004853195730098042,-0.05907120107897773,0.06115836959006557,0.1099886835715689,0.18375840109082137,-0.1690598846505466,-0.11147058771154116,red,R+5.7,D+6.1,D+10.6,D+17.6,R+16.3,R+10.0,3.57%,3.57%,3.52%,0.05%,R+5.9,D+6.1,D+11.0,D+18.4,R+16.9,R+11.1,167592,,https://en.wikipedia.org/wiki/2016_United_States_Senate_election_in_North_Carolina,"{""Richard Burr"": {""party"": ""Republican"", ""votes"": 2395376, ""pct"": 51.06}, ""Deborah Ross"": {""party"": ""Democratic"", ""votes"": 2128165, ""pct"": 45.37}, ""Sean Haugh"": {""party"": ""Libertarian"", ""votes"": 167592, ""pct"": 3.57}}"
2016,North Dakota,ND,III,regular,General,"United States Senate election in North Dakota, 2016",58116,268788,15597,0.1696812564050908,0.7847801904228017,Eliot Glassheim,John Hoeven,John Hoeven,R,Eliot Glassheim,0.03082034796978695,Robert Marquette,15597,342501,"{""Robert Marquette"": {""party"": ""Libertarian"", ""votes"": 10556, ""pct"": 3.08}, ""James Germalic"": {""party"": ""Independent"", ""votes"": 4675, ""pct"": 1.36}, ""Write-in"": {""party"": ""Write-in"", ""votes"": 366, ""pct"": 0.11}}",5161,87099,103967,-0.615098934018,-0.075410671548,0.106112687652,0.176350264174,-0.721211621669,-0.235778806337,0.045538553172107525,0.035239951912578005,0.01029860125952952,-0.6444460759121944,-0.09581069635848749,0.1099886835715689,0.18375840109082137,-0.7544347594837633,-0.2684396536600942,red,R+61.5,R+7.5,D+10.6,D+17.6,R+72.1,R+23.6,3.08%,4.55%,3.52%,1.03%,R+64.4,R+9.6,D+11.0,D+18.4,R+75.4,R+26.8,10556,,https://en.wikipedia.org/wiki/2016_United_States_Senate_election_in_North_Dakota,"{""John Hoeven"": {""party"": ""Republican"", ""votes"": 268788, ""pct"": 78.48}, ""Eliot Glassheim"": {""party"": ""Democratic–NPL"", ""votes"": 58116, ""pct"": 16.97}, ""Robert Marquette"": {""party"": ""Libertarian"", ""votes"": 10556, ""pct"": 3.08}, ""James Germalic"": {""party"": ""Independent"", ""votes"": 4675, ""pct"": 1.36}, ""Write-in"": {""party"": ""Write-in"", ""votes"": 366, ""pct"": 0.11}}"
2016,New Hampshire,NH,III,regular,General,"United States Senate election in New Hampshire, 2016",354649,353632,30859,0.47981302594907593,0.4784371025786725,Maggie Hassan,Kelly Ayotte,Maggie Hassan,D,Kelly Ayotte,0.024003571718483642,Aaron Day,30859,739140,"{""Aaron Day"": {""party"": ""Independent"", ""votes"": 17742, ""pct"": 2.4}, ""Brian Chabot"": {""party"": ""Libertarian"", ""votes"": 12597, ""pct"": 1.7}, ""Write-in"": {""party"": ""Write-in"", ""votes"": 520, ""pct"": 0.07}}",187104,80414,284430,0.001375923370,0.233772395847,0.106112687652,0.176350264174,-0.104736764281,0.073404261058,0.04174987147225154,0.035239951912578005,0.006509919559673533,0.0014358707913949408,0.24118603130849822,0.1099886835715689,0.18375840109082137,-0.10855281278017395,0.06855707400689151,deepskyblue,D+0.1,D+23.4,D+10.6,D+17.6,R+10.5,D+7.3,2.40%,4.17%,3.52%,0.65%,D+0.1,D+24.1,D+11.0,D+18.4,R+10.9,D+6.9,17742,,https://en.wikipedia.org/wiki/2016_United_States_Senate_election_in_New_Hampshire,"{""Maggie Hassan"": {""party"": ""Democratic"", ""votes"": 354649, ""pct"": 47.98}, ""Kelly Ayotte"": {""party"": ""Republican"", ""votes"": 353632, ""pct"": 47.84}, ""Aaron Day"": {""party"": ""Independent"", ""votes"": 17742, ""pct"": 2.4}, ""Brian Chabot"": {""party"": ""Libertarian"", ""votes"": 12597, ""pct"": 1.7}, ""Write-in"": {""party"": ""Write-in"", ""votes"": 520, ""pct"": 0.07}}"
2016,Nevada,NV,III,regular,General,"United States Senate election in Nevada, 2016",521994,495079,91221,0.4709887448637275,0.44670367249123427,Catherine Cortez Masto,Joe Heck,Catherine Cortez Masto,D,Joe Heck,0.038127969654261414,None of These Candidates,91221,1108294,"{""None of These Candidates"": {""party"": ""None of These Candidates"", ""votes"": 42257, ""pct"": 3.81}, ""Tom Jones"": {""party"": ""Independent American"", ""votes"": 17128, ""pct"": 1.55}, ""Thomas Sawyer"": {""party"": ""Independent"", ""votes"": 14208, ""pct"": 1.28}, ""Tony Gumina"": {""party"": ""Independent"", ""votes"": 10740, ""pct"": 0.97}, ""Jarrod Williams"": {""party"": ""Independent"", ""votes"": 6888, ""pct"": 0.62}}",159209,173718,386913,0.024285072372,-0.033138120088,0.106112687652,0.176350264174,-0.081827615279,-0.193506254877,0.08230758264503824,0.035239951912578005,0.04706763073246023,0.02646319389070401,-0.03408528552743188,0.1099886835715689,0.18375840109082137,-0.08352548968086489,-0.2067142428290386,deepskyblue,D+2.4,R+3.3,D+10.6,D+17.6,R+8.2,R+19.4,3.81%,8.23%,3.52%,4.71%,D+2.6,R+3.4,D+11.0,D+18.4,R+8.4,R+20.7,42257,,https://en.wikipedia.org/wiki/2016_United_States_Senate_election_in_Nevada,"{""Catherine Cortez Masto"": {""party"": ""Democratic"", ""votes"": 521994, ""pct"": 47.1}, ""Joe Heck"": {""party"": ""Republican"", ""votes"": 495079, ""pct"": 44.67}, ""None of These Candidates"": {""party"": ""None of These Candidates"", ""votes"": 42257, ""pct"": 3.81}, ""Tom Jones"": {""party"": ""Independent American"", ""votes"": 17128, ""pct"": 1.55}, ""Thomas Sawyer"": {""party"": ""Independent"", ""votes"": 14208, ""pct"": 1.28}, ""Tony Gumina"": {""party"": ""Independent"", ""votes"": 10740, ""pct"": 0.97}, ""Jarrod Williams"": {""party"": ""Independent"", ""votes"": 6888, ""pct"": 0.62}}"
2016,New York,NY,III,regular,General,"United States Senate election in New York, 2016",5221945,2009355,161533,0.7063523550444059,0.2717976992040805,Chuck Schumer,Wendy Long,Chuck Schumer,D,Wendy Long,0.015340938987800753,Robin Laverne Wilson,161533,7392833,"{""Robin Laverne Wilson"": {""party"": ""Green"", ""votes"": 113413, ""pct"": 1.53}, ""Alex Merced"": {""party"": ""Libertarian"", ""votes"": 48120, ""pct"": 0.65}}",2174834,529631,2798795,0.434554655840,0.093376154487,0.106112687652,0.176350264174,0.328441968189,-0.066991980302,0.021849945751513663,0.035239951912578005,-0.013390006161064342,0.4442617509991288,0.09801829392591982,0.1099886835715689,0.18375840109082137,0.3342730674275599,-0.07461066337568689,deepskyblue,D+43.5,D+9.3,D+10.6,D+17.6,D+32.8,R+6.7,1.53%,2.18%,3.52%,-1.34%,D+44.4,D+9.8,D+11.0,D+18.4,D+33.4,R+7.5,113413,,https://en.wikipedia.org/wiki/2016_United_States_Senate_election_in_New_York,"{""Chuck Schumer"": {""party"": ""Democratic"", ""votes"": 5221945, ""pct"": 70.64}, ""Wendy Long"": {""party"": ""Republican"", ""votes"": 2009355, ""pct"": 27.18}, ""Robin Laverne Wilson"": {""party"": ""Green"", ""votes"": 113413, ""pct"": 1.53}, ""Alex Merced"": {""party"": ""Libertarian"", ""votes"": 48120, ""pct"": 0.65}}"
2016,Ohio,OH,III,regular,General,"United States Senate election in Ohio, 2016",1996908,3118567,258689,0.37157556040344136,0.5802887667737717,Ted Strickland,Rob Portman,Rob Portman,R,Ted Strickland,0.01731264620878708,Tom Connors,258689,5374164,"{""Tom Connors"": {""party"": ""Independent"", ""votes"": 93041, ""pct"": 1.73}, ""Joseph R. DeMare"": {""party"": ""Green"", ""votes"": 88246, ""pct"": 1.64}, ""Scott Rupert"": {""party"": ""Independent"", ""votes"": 77291, ""pct"": 1.44}, ""James Stahl"": {""party"": ""Independent"", ""votes"": 111, ""pct"": 0.0}}",493611,949825,893621,-0.208713206370,-0.060194377291,0.106112687652,0.176350264174,-0.314825894022,-0.220562512080,0.04813567282278695,0.035239951912578005,0.012895720910208942,-0.21926780992967418,-0.03804832941762079,0.1099886835715689,0.18375840109082137,-0.3292564935012431,-0.21067728671922753,red,R+20.9,R+6.0,D+10.6,D+17.6,R+31.5,R+22.1,1.73%,4.81%,3.52%,1.29%,R+21.9,R+3.8,D+11.0,D+18.4,R+32.9,R+21.1,93041,,https://en.wikipedia.org/wiki/2016_United_States_Senate_election_in_Ohio,"{""Rob Portman"": {""party"": ""Republican"", ""votes"": 3118567, ""pct"": 58.03}, ""Ted Strickland"": {""party"": ""Democratic"", ""votes"": 1996908, ""pct"": 37.16}, ""Tom Connors"": {""party"": ""Independent"", ""votes"": 93041, ""pct"": 1.73}, ""Joseph R. DeMare"": {""party"": ""Green"", ""votes"": 88246, ""pct"": 1.64}, ""Scott Rupert"": {""party"": ""Independent"", ""votes"": 77291, ""pct"": 1.44}, ""James Stahl"": {""party"": ""Independent"", ""votes"": 111, ""pct"": 0.0}}"
2016,Oklahoma,OK,III,regular,General,"United States Senate election in Oklahoma, 2016",355911,980892,111244,0.24578691161267555,0.677389615116084,Mike Workman,James Lankford,James Lankford,R,Mike Workman,0.029985905153631063,Robert T. Murphy,111244,1448047,"{""Robert T. Murphy"": {""party"": ""Libertarian"", ""votes"": 43421, ""pct"": 3.0}, ""Sean Braddy"": {""party"": ""Independent"", ""votes"": 40405, ""pct"": 2.79}, ""Mark T. Beard"": {""party"": ""Independent"", ""votes"": 27418, ""pct"": 1.89}}",90097,262410,-21772,-0.431602703503,-0.123627367765,0.106112687652,0.176350264174,-0.537715391155,-0.283995502554,0.0768234732712405,0.035239951912578005,0.0415835213586625,-0.46751914829634583,-0.007629033940501628,0.1099886835715689,0.18375840109082137,-0.5775078318679148,-0.1802579912421084,red,R+43.2,R+12.4,D+10.6,D+17.6,R+53.8,R+28.4,3.00%,7.68%,3.52%,4.16%,R+46.8,R+0.8,D+11.0,D+18.4,R+57.8,R+18.0,43421,,https://en.wikipedia.org/wiki/2016_United_States_Senate_election_in_Oklahoma,"{""James Lankford"": {""party"": ""Republican"", ""votes"": 980892, ""pct"": 67.74}, ""Mike Workman"": {""party"": ""Democratic"", ""votes"": 355911, ""pct"": 24.58}, ""Robert T. Murphy"": {""party"": ""Libertarian"", ""votes"": 43421, ""pct"": 3.0}, ""Sean Braddy"": {""party"": ""Independent"", ""votes"": 40405, ""pct"": 2.79}, ""Mark T. Beard"": {""party"": ""Independent"", ""votes"": 27418, ""pct"": 1.89}}"
2016,Oregon,OR,III,regular,General,"United States Senate election in Oregon, 2016",1105119,651106,196253,0.5660084262153018,0.3334767408390773,Ronald Wyden,Mark Callahan,Ronald Wyden,D,Mark Callahan,0.03171098470763819,Shanti Lewallen,196253,1952478,"{""Shanti Lewallen"": {""party"": ""Working Families"", ""votes"": 61915, ""pct"": 3.17}, ""Steven Reynolds"": {""party"": ""Independent Party"", ""votes"": 59516, ""pct"": 3.05}, ""Eric Navickas"": {""party"": ""Pacific Green"", ""votes"": 48823, ""pct"": 2.5}, ""Jim Lindsay"": {""party"": ""Libertarian"", ""votes"": 23941, ""pct"": 1.23}, ""Write-ins"": {""party"": ""n/a"", ""votes"": 2058, ""pct"": 0.1}}",279612,84907,509890,0.232531685376,0.052779739568,0.106112687652,0.176350264174,0.126418997725,-0.107588395221,0.1005148329456209,0.035239951912578005,0.0652748810330429,0.2585164201625646,0.07219258452486527,0.1099886835715689,0.18375840109082137,0.14852773659099572,-0.10043637277674144,deepskyblue,D+23.3,D+5.3,D+10.6,D+17.6,D+12.6,R+10.8,3.17%,10.05%,3.52%,6.53%,D+25.9,D+7.2,D+11.0,D+18.4,D+14.9,R+10.0,61915,,https://en.wikipedia.org/wiki/2016_United_States_Senate_election_in_Oregon,"{""Ronald Wyden"": {""party"": ""Democratic"", ""votes"": 1105119, ""pct"": 56.6}, ""Mark Callahan"": {""party"": ""Republican"", ""votes"": 651106, ""pct"": 33.35}, ""Shanti Lewallen"": {""party"": ""Working Families"", ""votes"": 61915, ""pct"": 3.17}, ""Steven Reynolds"": {""party"": ""Independent Party"", ""votes"": 59516, ""pct"": 3.05}, ""Eric Navickas"": {""party"": ""Pacific Green"", ""votes"": 48823, ""pct"": 2.5}, ""Jim Lindsay"": {""party"": ""Libertarian"", ""votes"": 23941, ""pct"": 1.23}, ""Write-ins"": {""party"": ""n/a"", ""votes"": 2058, ""pct"": 0.1}}"
2016,Pennsylvania,PA,III,regular,General,"United States Senate election in Pennsylvania, 2016",2865012,2951702,241797,0.4728904511356008,0.48719924747186233,Katie McGinty,Pat Toomey,Pat Toomey,R,Katie McGinty,0.03881184667321723,Edward T. Clifford III,241797,6058511,"{""Edward T. Clifford III"": {""party"": ""Libertarian"", ""votes"": 235142, ""pct"": 3.88}, ""Write-in"": {""party"": ""Write-in"", ""votes"": 6655, ""pct"": 0.11}}",916296,922757,2080850,-0.014308796336,0.005861097478,0.106112687652,0.176350264174,-0.120421483988,-0.154507037311,0.03991030139253688,0.035239951912578005,0.0046703494799588754,-0.014903603649758266,0.0052662901647221524,0.1099886835715689,0.18375840109082137,-0.12489228722132716,-0.16736266713688458,red,R+1.4,D+0.6,D+10.6,D+17.6,R+12.0,R+15.5,3.88%,3.99%,3.52%,0.47%,R+1.5,D+0.5,D+11.0,D+18.4,R+12.5,R+16.7,235142,,https://en.wikipedia.org/wiki/2016_United_States_Senate_election_in_Pennsylvania,"{""Pat Toomey"": {""party"": ""Republican"", ""votes"": 2951702, ""pct"": 48.72}, ""Katie McGinty"": {""party"": ""Democratic"", ""votes"": 2865012, ""pct"": 47.29}, ""Edward T. Clifford III"": {""party"": ""Libertarian"", ""votes"": 235142, ""pct"": 3.88}, ""Write-in"": {""party"": ""Write-in"", ""votes"": 6655, ""pct"": 0.11}}"
2016,South Carolina,SC,III,regular,General,"United States Senate election in South Carolina, 2016",757022,1241609,51262,0.3692982999600467,0.6056945411297078,Thomas Dixon,Tim Scott,Tim Scott,R,Thomas Dixon,0.018284856819355936,Bill Bledsoe,51262,2049893,"{""Bill Bledsoe"": {""party"": ""Libertarian"", ""votes"": 37482, ""pct"": 1.83}, ""Michael Scarborough"": {""party"": ""American"", ""votes"": 11923, ""pct"": 0.58}, ""Write-ins"": {""party"": ""n/a"", ""votes"": 1857, ""pct"": 0.09}}",392424,430838,284926,-0.236396241170,0.016397720417,0.106112687652,0.176350264174,-0.342508928821,-0.143970414372,0.025007158910245558,0.035239951912578005,-0.010232793002332447,-0.24245946350276765,0.13714302728948569,0.1099886835715689,0.18375840109082137,-0.3524481470743365,-0.035485930012121025,red,R+23.6,D+1.6,D+10.6,D+17.6,R+34.3,R+14.4,1.83%,2.50%,3.52%,-1.02%,R+24.2,D+13.7,D+11.0,D+18.4,R+35.2,R+3.5,37482,,https://en.wikipedia.org/wiki/2016_United_States_Senate_election_in_South_Carolina,"{""Tim Scott"": {""party"": ""Republican"", ""votes"": 1241609, ""pct"": 60.57}, ""Thomas Dixon"": {""party"": ""Democratic"", ""votes"": 757022, ""pct"": 36.93}, ""Bill Bledsoe"": {""party"": ""Libertarian"", ""votes"": 37482, ""pct"": 1.83}, ""Michael Scarborough"": {""party"": ""American"", ""votes"": 11923, ""pct"": 0.58}, ""Write-ins"": {""party"": ""n/a"", ""votes"": 1857, ""pct"": 0.09}}"
2016,South Dakota,SD,III,regular,General,"United States Senate election in South Dakota, 2016",104140,265516,0,0.28172138420585624,0.7182786157941438,Jay Williams,John Thune,John Thune,R,Jay Williams,0.0,None,0,369656,{},104140,37569,141709,-0.436557231588,0.563442768412,0.106112687652,0.176350264174,-0.542669919240,0.403074633623,0.0,0.035239951912578005,-0.035239951912578005,-0.43655723158828746,0.5634427684117125,0.1099886835715689,0.18375840109082137,-0.5465459151598564,0.3908138111101057,red,R+43.7,D+56.3,D+10.6,D+17.6,R+54.3,D+40.3,0.00%,0.00%,3.52%,-3.52%,R+43.7,D+56.3,D+11.0,D+18.4,R+54.7,D+39.1,0,,https://en.wikipedia.org/wiki/2016_United_States_Senate_election_in_South_Dakota,"{""John Thune"": {""party"": ""Republican"", ""votes"": 265516, ""pct"": 71.83}, ""Jay Williams"": {""party"": ""Democratic"", ""votes"": 104140, ""pct"": 28.17}}"
2016,Utah,UT,III,regular,General,"United States Senate election in Utah, 2016",301860,760241,53507,0.27057891302321246,0.6814588995417745,Misty Snow,Mike Lee,Mike Lee,R,Misty Snow,0.02450681601422722,Stoney Fonua,53507,1115608,"{""Stoney Fonua"": {""party"": ""Independent American"", ""votes"": 27340, ""pct"": 2.45}, ""Bill Barron"": {""party"": ""Independent"", ""votes"": 26167, ""pct"": 2.34}}",94152,370062,299290,-0.410879986519,-0.187350675637,0.106112687652,0.176350264174,-0.516992674170,-0.347718810426,0.047962187435013015,0.035239951912578005,0.01272223552243501,-0.4315794825539191,-0.1263863607767271,0.1099886835715689,0.18375840109082137,-0.541568166125488,-0.2990153180783338,red,R+41.1,R+18.7,D+10.6,D+17.6,R+51.7,R+34.8,2.45%,4.80%,3.52%,1.27%,R+43.2,R+12.6,D+11.0,D+18.4,R+54.2,R+29.9,27340,,https://en.wikipedia.org/wiki/2016_United_States_Senate_election_in_Utah,"{""Mike Lee"": {""party"": ""Republican"", ""votes"": 760241, ""pct"": 68.15}, ""Misty Snow"": {""party"": ""Democratic"", ""votes"": 301860, ""pct"": 27.06}, ""Stoney Fonua"": {""party"": ""Independent American"", ""votes"": 27340, ""pct"": 2.45}, ""Bill Barron"": {""party"": ""Independent"", ""votes"": 26167, ""pct"": 2.34}}"
2016,Vermont,VT,III,regular,General,"United States Senate election in Vermont, 2016",192243,103637,17929,0.6126114929782128,0.33025502773980353,Patrick Leahy,Scott Milne,Patrick Leahy,D,Scott Milne,0.029176983451717445,Cris Ericson,17929,313809,"{""Cris Ericson"": {""party"": ""Marijuana"", ""votes"": 9156, ""pct"": 2.92}, ""Jerry Trudell"": {""party"": ""Independent"", ""votes"": 5223, ""pct"": 1.66}, ""Peter Diamondstone"": {""party"": ""Liberty Union"", ""votes"": 3241, ""pct"": 1.03}, ""Write-in"": {""party"": ""Write-in"", ""votes"": 309, ""pct"": 0.1}}",40962,30938,216,0.282356465238,0.031770514659,0.106112687652,0.176350264174,0.176243777587,-0.128597620130,0.057133479281983625,0.035239951912578005,0.02189352736940562,0.2994659997296201,-0.05137782561192822,0.1099886835715689,0.18375840109082137,0.18947731615805125,-0.22400678291353493,deepskyblue,D+28.2,D+3.2,D+10.6,D+17.6,D+17.6,R+12.9,2.92%,5.71%,3.52%,2.19%,D+29.9,R+5.1,D+11.0,D+18.4,D+18.9,R+22.4,9156,,https://en.wikipedia.org/wiki/2016_United_States_Senate_election_in_Vermont,"{""Patrick Leahy"": {""party"": ""Democratic"", ""votes"": 192243, ""pct"": 61.26}, ""Scott Milne"": {""party"": ""Republican"", ""votes"": 103637, ""pct"": 33.03}, ""Cris Ericson"": {""party"": ""Marijuana"", ""votes"": 9156, ""pct"": 2.92}, ""Jerry Trudell"": {""party"": ""Independent"", ""votes"": 5223, ""pct"": 1.66}, ""Peter Diamondstone"": {""party"": ""Liberty Union"", ""votes"": 3241, ""pct"": 1.03}, ""Write-in"": {""party"": ""Write-in"", ""votes"": 309, ""pct"": 0.1}}"
2016,Washington,WA,III,regular,General,"United States Senate election in Washington, 2016",1913979,1329338,0,0.5901301044578745,0.40986989554212555,Patty Murray,Chris Vance,Patty Murray,D,Chris Vance,0.0,None,0,3243317,{},599049,133174,732223,0.180260208916,0.132963691939,0.106112687652,0.176350264174,0.074147521264,-0.027404442850,0.0,0.035239951912578005,-0.035239951912578005,0.1802602089157489,0.13296369193948276,0.1099886835715689,0.18375840109082137,0.07027152534418,-0.03966526536212396,deepskyblue,D+18.0,D+13.3,D+10.6,D+17.6,D+7.4,R+2.7,0.00%,0.00%,3.52%,-3.52%,D+18.0,D+13.3,D+11.0,D+18.4,D+7.0,R+4.0,0,,https://en.wikipedia.org/wiki/2016_United_States_Senate_election_in_Washington,"{""Patty Murray"": {""party"": ""Democratic"", ""votes"": 1913979, ""pct"": 59.01}, ""Chris Vance"": {""party"": ""Republican"", ""votes"": 1329338, ""pct"": 40.99}}"
2016,Wisconsin,WI,III,regular,General,2016 United States Senate election in Wisconsin,1380335,1479471,88935,0.46810994929700506,0.5017297212607007,Russ Feingold,Ron Johnson,Ron Johnson,R,Russ Feingold,0.029684194033996202,Phil Anderson,88935,2948741,"{""Phil Anderson"": {""party"": ""Libertarian"", ""votes"": 87531, ""pct"": 2.97}, ""Write-in"": {""party"": ""Write-in"", ""votes"": 1404, ""pct"": 0.05}}",359377,353472,777410,-0.033619771964,0.014756546525,0.106112687652,0.176350264174,-0.139732459615,-0.145611588264,0.030160329442294187,0.035239951912578005,-0.005079622470283818,-0.0346652884846035,0.014260237271152207,0.1099886835715689,0.18375840109082137,-0.1446539720561724,-0.15836872003045455,red,R+3.4,D+1.5,D+10.6,D+17.6,R+14.0,R+14.6,2.97%,3.02%,3.52%,-0.51%,R+3.5,D+1.4,D+11.0,D+18.4,R+14.5,R+15.8,87531,,https://en.wikipedia.org/wiki/2016_United_States_Senate_election_in_Wisconsin,"{""Ron Johnson"": {""party"": ""Republican"", ""votes"": 1479471, ""pct"": 50.17}, ""Russ Feingold"": {""party"": ""Democratic"", ""votes"": 1380335, ""pct"": 46.81}, ""Phil Anderson"": {""party"": ""Libertarian"", ""votes"": 87531, ""pct"": 2.97}, ""Write-in"": {""party"": ""Write-in"", ""votes"": 1404, ""pct"": 0.05}}"
2018,United States,NATIONAL,,national,Aggregate,National aggregate,50775429,33411757,1973021,0.5893141482355073,0.3877864058520658,Democratic total,Republican total,Democratic Party,D,Republican Party,0.0,Various,1973021,86160207,{},-1118697,-8198000,-10759108,0.201527742383,0.095415054732,0.201527742383,0.095415054732,0.000000000000,0.000000000000,0.022899445912426836,0.022899445912426836,0.0,0.20625077075268913,0.09626208718112024,0.20625077075268913,0.09626208718112024,0.0,0.0,transparent,D+20.2,D+9.5,D+20.2,D+9.5,EVEN,EVEN,0.00%,2.29%,2.29%,0.00%,D+20.6,D+9.6,D+20.6,D+9.6,EVEN,EVEN,0,,,{}
2018,Arizona,AZ,I,regular,General,"United States Senate election in Arizona, 2018",1191100,1135200,58008,0.49955794301742895,0.4761129854028926,Kyrsten Sinema,Martha McSally,Kyrsten Sinema,D,Martha McSally,0.02409168614122001,Angela Green,58008,2384308,"{""Angela Green"": {""party"": ""Green"", ""votes"": 57442, ""pct"": 2.41}, ""Write-in"": {""party"": ""Write-in"", ""votes"": 566, ""pct"": 0.02}}",154558,30743,140886,0.023444957615,0.053717906707,0.201527742383,0.095415054732,-0.178082784769,-0.035438756368,0.024329071579678466,0.022899445912426836,0.0014296256672516293,0.024029574861367836,0.055750748014648153,0.20625077075268913,0.09626208718112024,-0.1822211958913213,-0.03397584210399676,deepskyblue,D+2.3,D+5.4,D+20.2,D+9.5,R+17.8,R+3.5,2.41%,2.43%,2.29%,0.14%,D+2.4,D+5.6,D+20.6,D+9.6,R+18.2,R+3.4,57442,,https://en.wikipedia.org/wiki/2018_United_States_Senate_election_in_Arizona,"{""Kyrsten Sinema"": {""party"": ""Democratic"", ""votes"": 1191100, ""pct"": 49.96}, ""Martha McSally"": {""party"": ""Republican"", ""votes"": 1135200, ""pct"": 47.61}, ""Angela Green"": {""party"": ""Green"", ""votes"": 57442, ""pct"": 2.41}, ""Write-in"": {""party"": ""Write-in"", ""votes"": 566, ""pct"": 0.02}}"
2018,California,CA,I,regular,General,"United States Senate election in California, 2018",11113364,0,0,1.0,0.0,Dianne Feinstein,None,Dianne Feinstein,D,Kevin de León,0.0,None,0,11113364,{},3248734,-4713906,-1465206,1.000000000000,0.749516518968,0.201527742383,0.095415054732,0.798472257617,0.660359855893,0.0,0.022899445912426836,-0.022899445912426836,1.0,0.7495158419071981,0.20625077075268913,0.09626208718112024,0.7937492292473108,0.6597892517885532,deepskyblue,D+100.0,D+75.0,D+20.2,D+9.5,D+79.8,D+66.0,0.00%,0.00%,2.29%,-2.29%,D+100.0,D+75.0,D+20.6,D+9.6,D+79.4,D+66.0,0,,https://en.wikipedia.org/wiki/2018_United_States_Senate_election_in_California,"{""Dianne Feinstein"": {""party"": ""Democratic"", ""votes"": 6019422, ""pct"": 54.16}, ""Kevin de León"": {""party"": ""Democratic"", ""votes"": 5093942, ""pct"": 45.84}}"
2018,Connecticut,CT,I,regular,General,"United States Senate election in Connecticut, 2018",825579,545717,15544,0.5952950592714372,0.3934967263707421,Chris Murphy,Matthew Corey,Chris Murphy,D,Matthew Corey,0.006372761097170546,Richard Lion,15544,1386840,"{""Richard Lion"": {""party"": ""Libertarian"", ""votes"": 8838, ""pct"": 0.64}, ""Jeff Russell"": {""party"": ""Green"", ""votes"": 6618, ""pct"": 0.48}, ""Write-in"": {""party"": ""Write-in"", ""votes"": 88, ""pct"": 0.0}}",-3182,-105372,-124924,0.201798332901,0.084272052344,0.201527742383,0.095415054732,0.000270590517,-0.004884610732,0.011208214357820658,0.022899445912426836,-0.011691231554606179,0.2040857699577626,0.08402495298306921,0.20625077075268913,0.09626208718112024,-0.0021650007949265415,-0.005701637135575699,deepskyblue,D+20.2,D+8.4,D+20.2,D+9.5,D+0.0,R+0.5,0.64%,1.12%,2.29%,-1.17%,D+20.4,D+8.4,D+20.6,D+9.6,R+0.2,R+0.6,8838,,https://en.wikipedia.org/wiki/2018_United_States_Senate_election_in_Connecticut,"{""Chris Murphy"": {""party"": ""Democratic"", ""votes"": 825579, ""pct"": 59.53}, ""Matthew Corey"": {""party"": ""Republican"", ""votes"": 545717, ""pct"": 39.35}, ""Richard Lion"": {""party"": ""Libertarian"", ""votes"": 8838, ""pct"": 0.64}, ""Jeff Russell"": {""party"": ""Green"", ""votes"": 6618, ""pct"": 0.48}, ""Write-in"": {""party"": ""Write-in"", ""votes"": 88, ""pct"": 0.0}}"
2018,Delaware,DE,I,regular,General,"United States Senate election in Delaware, 2018",217385,137127,8080,0.5995306018886242,0.37818539846438975,Tom Carper,Rob Arlett,Tom Carper,D,Rob Arlett,0.011500529520783691,Demitri Theodoropoulos,8080,362592,"{""Demitri Theodoropoulos"": {""party"": ""Green"", ""votes"": 4170, ""pct"": 1.15}, ""Nadine Frost"": {""party"": ""Libertarian"", ""votes"": 3910, ""pct"": 1.09}}",-48030,21427,-37014,0.221345203424,-0.153311333264,0.201527742383,0.095415054732,0.019817461041,-0.242467996340,0.022283999646986144,0.022899445912426836,-0.0006154462654406924,0.2263900798844609,-0.1664441040232835,0.20625077075268913,0.09626208718112024,0.020139309131771754,-0.2561706941419284,deepskyblue,D+22.1,R+15.3,D+20.2,D+9.5,D+2.0,R+24.2,1.15%,2.23%,2.29%,-0.06%,D+22.6,R+16.6,D+20.6,D+9.6,D+2.0,R+25.6,4170,,https://en.wikipedia.org/wiki/2018_United_States_Senate_election_in_Delaware,"{""Tom Carper"": {""party"": ""Democratic"", ""votes"": 217385, ""pct"": 59.95}, ""Rob Arlett"": {""party"": ""Republican"", ""votes"": 137127, ""pct"": 37.81}, ""Demitri Theodoropoulos"": {""party"": ""Green"", ""votes"": 4170, ""pct"": 1.15}, ""Nadine Frost"": {""party"": ""Libertarian"", ""votes"": 3910, ""pct"": 1.09}}"
2018,Florida,FL,I,regular,General,"United States Senate election in Florida, 2018",4089472,4099505,1028,0.49932472568698066,0.5005497554641297,Bill Nelson,Rick Scott,Rick Scott,R,Bill Nelson,0.00012551884888959165,Write-in,1028,8190005,"{""Write-in"": {""party"": ""Write-in"", ""votes"": 1028, ""pct"": 0.01}}",-433979,641238,59,-0.001225029777,-0.131284983774,0.201527742383,0.095415054732,-0.202752772161,-0.220441646850,0.00012551884888959165,0.022899445912426836,-0.022773927063537244,-0.0012251835607793257,-0.13467815696825877,0.20625077075268913,0.09626208718112024,-0.20747595431346846,-0.22440474708690367,red,R+0.1,R+13.1,D+20.2,D+9.5,R+20.3,R+22.0,0.01%,0.01%,2.29%,-2.28%,R+0.1,R+13.5,D+20.6,D+9.6,R+20.7,R+22.4,1028,,https://en.wikipedia.org/wiki/2018_United_States_Senate_election_in_Florida,"{""Rick Scott"": {""party"": ""Republican"", ""votes"": 4099505, ""pct"": 50.05}, ""Bill Nelson"": {""party"": ""Democratic"", ""votes"": 4089472, ""pct"": 49.93}, ""Write-in"": {""party"": ""Write-in"", ""votes"": 1028, ""pct"": 0.01}}"
2018,Hawaii,HI,I,regular,General,"United States Senate election in Hawaii, 2018",276316,112035,0,0.7115109784705074,0.28848902152949263,Mazie Hirono,Ron Curtis,Mazie Hirono,D,Ron Curtis,0.0,None,0,388351,{},6827,-48959,-42132,0.423021956941,0.170991098580,0.201527742383,0.095415054732,0.221494214558,0.081834435504,0.0,0.022899445912426836,-0.022899445912426836,0.4230219569410147,0.17099109857959277,0.20625077075268913,0.09626208718112024,0.21677118618832555,0.08126450846094788,deepskyblue,D+42.3,D+17.1,D+20.2,D+9.5,D+22.1,D+8.2,0.00%,0.00%,2.29%,-2.29%,D+42.3,D+17.1,D+20.6,D+9.6,D+21.7,D+8.1,0,,https://en.wikipedia.org/wiki/2018_United_States_Senate_election_in_Hawaii,"{""Mazie Hirono"": {""party"": ""Democratic"", ""votes"": 276316, ""pct"": 71.15}, ""Ron Curtis"": {""party"": ""Republican"", ""votes"": 112035, ""pct"": 28.85}}"
2018,Indiana,IN,I,regular,General,"United States Senate election in Indiana, 2018",1023553,1158000,101012,0.44842227932172796,0.507323997345092,Joe Donnelly,Mike Braun,Mike Braun,R,Joe Donnelly,0.044223056079454474,Lucy Brenton,101012,2282565,"{""Lucy Brenton"": {""party"": ""Libertarian"", ""votes"": 100942, ""pct"": 4.42}, ""Write-in"": {""party"": ""Write-in"", ""votes"": 70, ""pct"": 0.0}}",-257628,24379,-277537,-0.058901718023,-0.116540046496,0.201527742383,0.095415054732,-0.260429460407,-0.205696709572,0.04425372333318,0.022899445912426836,0.021354277420753163,-0.06162903216195068,-0.12273549140788471,0.20625077075268913,0.09626208718112024,-0.2678798029146398,-0.21246208152652962,red,R+5.9,R+11.7,D+20.2,D+9.5,R+26.0,R+20.6,4.42%,4.43%,2.29%,2.14%,R+6.2,R+12.3,D+20.6,D+9.6,R+26.8,R+21.2,100942,,https://en.wikipedia.org/wiki/2018_United_States_Senate_election_in_Indiana,"{""Mike Braun"": {""party"": ""Republican"", ""votes"": 1158000, ""pct"": 50.73}, ""Joe Donnelly"": {""party"": ""Democratic"", ""votes"": 1023553, ""pct"": 44.84}, ""Lucy Brenton"": {""party"": ""Libertarian"", ""votes"": 100942, ""pct"": 4.42}, ""Write-in"": {""party"": ""Write-in"", ""votes"": 70, ""pct"": 0.0}}"
2018,Massachusetts,MA,I,regular,General,"United States Senate election in Massachusetts, 2018",1633371,979210,94509,0.6033678230129031,0.3617205190813752,Elizabeth Warren,Geoff Diehl,Elizabeth Warren,D,Geoff Diehl,0.033877706319331825,Shiva Ayyadurai,94509,2707090,"{""Shiva Ayyadurai"": {""party"": ""Independent"", ""votes"": 91710, ""pct"": 3.39}, ""Write-in"": {""party"": ""Write-in"", ""votes"": 2799, ""pct"": 0.1}}",-63123,-478838,-449611,0.241647303932,0.166110849893,0.201527742383,0.095415054732,0.040119561548,0.076954186817,0.03491165790572164,0.022899445912426836,0.012012211993294806,0.250388791773346,0.17480063983243033,0.20625077075268913,0.09626208718112024,0.044138021020656865,0.08507404971378542,deepskyblue,D+24.2,D+16.6,D+20.2,D+9.5,D+4.0,D+7.7,3.39%,3.49%,2.29%,1.20%,D+25.0,D+17.5,D+20.6,D+9.6,D+4.4,D+8.5,91710,,https://en.wikipedia.org/wiki/2018_United_States_Senate_election_in_Massachusetts,"{""Elizabeth Warren"": {""party"": ""Democratic"", ""votes"": 1633371, ""pct"": 60.34}, ""Geoff Diehl"": {""party"": ""Republican"", ""votes"": 979210, ""pct"": 36.17}, ""Shiva Ayyadurai"": {""party"": ""Independent"", ""votes"": 91710, ""pct"": 3.39}, ""Write-in"": {""party"": ""Write-in"", ""votes"": 2799, ""pct"": 0.1}}"
2018,Maryland,MD,I,regular,General,2018 United States Senate election in Maryland,1491614,697017,111258,0.6485591261143473,0.3030654957695784,Ben Cardin,Tony Campbell,Ben Cardin,D,Tony Campbell,0.03737745604244379,Neal Simon,111258,2299889,"{""Neal Simon"": {""party"": ""Independent"", ""votes"": 85964, ""pct"": 3.74}, ""Arvin Vohra"": {""party"": ""Libertarian"", ""votes"": 22943, ""pct"": 1.0}, ""Write-in"": {""party"": ""Write-in"", ""votes"": 2351, ""pct"": 0.1}}",17586,3726,-333345,0.345493630345,0.049000041093,0.201527742383,0.095415054732,0.143965887961,-0.040156621983,0.0483753781160743,0.022899445912426836,0.025475932203647463,0.3630566322052461,0.0028249358098377253,0.20625077075268913,0.09626208718112024,0.15680586145255695,-0.08690165430880717,deepskyblue,D+34.5,D+4.9,D+20.2,D+9.5,D+14.4,R+4.0,3.74%,4.84%,2.29%,2.55%,D+36.3,D+0.3,D+20.6,D+9.6,D+15.7,R+8.7,85964,,https://en.wikipedia.org/wiki/2018_United_States_Senate_election_in_Maryland,"{""Ben Cardin"": {""party"": ""Democratic"", ""votes"": 1491614, ""pct"": 64.86}, ""Tony Campbell"": {""party"": ""Republican"", ""votes"": 697017, ""pct"": 30.31}, ""Neal Simon"": {""party"": ""Independent"", ""votes"": 85964, ""pct"": 3.74}, ""Arvin Vohra"": {""party"": ""Libertarian"", ""votes"": 22943, ""pct"": 1.0}, ""Write-in"": {""party"": ""Write-in"", ""votes"": 2351, ""pct"": 0.1}}"
2018,Maine,ME-AL,I,regular,General,"United States Senate election in Maine, 2018",66268,223502,344639,0.10445627347657425,0.35229954177825346,Zak Ringelstein,Eric Brakey,Angus King,T,Eric Brakey,0.5431433034525046,Angus King,344639,634409,"{""Angus King"": {""party"": ""Independent"", ""votes"": 344575, ""pct"": 54.31}, ""Write-in"": {""party"": ""Write-in"", ""votes"": 64, ""pct"": 0.01}}",-26632,8103,-66190,-0.247843268302,-0.072994317618,0.201527742383,0.095415054732,-0.449371010685,-0.162150980694,0.5432441847451723,0.022899445912426836,0.5203447388327455,-0.5426165579597612,-0.14527825974925773,0.20625077075268913,0.09626208718112024,-0.7488673287124503,-0.2350048498679027,yellow,R+24.8,R+7.3,D+20.2,D+9.5,R+44.9,R+16.2,54.31%,54.32%,2.29%,52.03%,R+54.3,R+14.5,D+20.6,D+9.6,R+74.9,R+23.5,344575,,https://en.wikipedia.org/wiki/2018_United_States_Senate_election_in_Maine,"{""Angus King"": {""party"": ""Independent"", ""votes"": 344575, ""pct"": 54.31}, ""Eric Brakey"": {""party"": ""Republican"", ""votes"": 223502, ""pct"": 35.23}, ""Zak Ringelstein"": {""party"": ""Democratic"", ""votes"": 66268, ""pct"": 10.45}, ""Write-in"": {""party"": ""Write-in"", ""votes"": 64, ""pct"": 0.01}}"
2018,Michigan,MI,I,regular,General,2018 United States Senate election in Michigan,2214478,1938818,83975,0.5226189214709184,0.45756289838436104,Debbie Stabenow,John James,Debbie Stabenow,D,John James,0.009488182370209505,Marcia Squier,83975,4237271,"{""Marcia Squier"": {""party"": ""Green"", ""votes"": 40204, ""pct"": 0.95}, ""George Huffman III"": {""party"": ""Constitution"", ""votes"": 27251, ""pct"": 0.65}, ""John Howard Wilhelm"": {""party"": ""Natural Law"", ""votes"": 16502, ""pct"": 0.39}, ""Write-in"": {""party"": ""Write-in"", ""votes"": 18, ""pct"": 0.01}}",-521348,171432,-415647,0.065056023087,-0.143080032610,0.201527742383,0.095415054732,-0.136471719297,-0.232236695686,0.019818180144720504,0.022899445912426836,-0.0030812657677063322,0.06637138311355607,-0.14868400401900622,0.20625077075268913,0.09626208718112024,-0.13987938763913305,-0.2384105941376511,deepskyblue,D+6.5,R+14.3,D+20.2,D+9.5,R+13.6,R+23.2,0.95%,1.98%,2.29%,-0.31%,D+6.6,R+14.9,D+20.6,D+9.6,R+14.0,R+23.8,40204,,https://en.wikipedia.org/wiki/2018_United_States_Senate_election_in_Michigan,"{""Debbie Stabenow"": {""party"": ""Democratic"", ""votes"": 2214478, ""pct"": 52.26}, ""John James"": {""party"": ""Republican"", ""votes"": 1938818, ""pct"": 45.76}, ""Marcia Squier"": {""party"": ""Green"", ""votes"": 40204, ""pct"": 0.95}, ""George Huffman III"": {""party"": ""Constitution"", ""votes"": 27251, ""pct"": 0.65}, ""John Howard Wilhelm"": {""party"": ""Natural Law"", ""votes"": 16502, ""pct"": 0.39}, ""Write-in"": {""party"": ""Write-in"", ""votes"": 18, ""pct"": 0.01}}"
2018,Minnesota,MN,I,regular,General,"United States Senate election in Minnesota, 2018",1566174,940437,90268,0.6030985656243514,0.3621412472433255,Amy Klobuchar,Jim Newberger,Amy Klobuchar,D,Jim Newberger,0.025506001627338046,Dennis Schuller,90268,2596879,"{""Dennis Schuller"": {""party"": ""Legal Marijuana Now"", ""votes"": 66236, ""pct"": 2.55}, ""Paula Overby"": {""party"": ""Green"", ""votes"": 23101, ""pct"": 0.89}, ""Write-in"": {""party"": ""Write-in"", ""votes"": 931, ""pct"": 0.04}}",-288421,72463,-246328,0.240957318381,-0.106052589797,0.201527742383,0.095415054732,0.039429575998,-0.195209252872,0.03476018713232307,0.022899445912426836,0.01186074121989623,0.24963466608899426,-0.11275137444845401,0.20625077075268913,0.09626208718112024,0.04338389533630513,-0.2024779645670989,deepskyblue,D+24.1,R+10.6,D+20.2,D+9.5,D+3.9,R+19.5,2.55%,3.48%,2.29%,1.19%,D+25.0,R+11.3,D+20.6,D+9.6,D+4.3,R+20.2,66236,,https://en.wikipedia.org/wiki/2018_United_States_Senate_election_in_Minnesota,"{""Amy Klobuchar"": {""party"": ""Democratic (DFL)"", ""votes"": 1566174, ""pct"": 60.31}, ""Jim Newberger"": {""party"": ""Republican"", ""votes"": 940437, ""pct"": 36.21}, ""Dennis Schuller"": {""party"": ""Legal Marijuana Now"", ""votes"": 66236, ""pct"": 2.55}, ""Paula Overby"": {""party"": ""Green"", ""votes"": 23101, ""pct"": 0.89}, ""Write-in"": {""party"": ""Write-in"", ""votes"": 931, ""pct"": 0.04}}"
2018,Missouri,MO,I,regular,General,"United States Senate election in Missouri, 2018",1112935,1254927,74427,0.4556934089290825,0.5138323105905976,Claire McCaskill,Josh Hawley,Josh Hawley,R,Claire McCaskill,0.01408432826745729,Craig O'Dear,74427,2442289,"{""Craig O'Dear"": {""party"": ""Independent"", ""votes"": 34398, ""pct"": 1.41}, ""Japheth Campbell"": {""party"": ""Libertarian"", ""votes"": 27316, ""pct"": 1.12}, ""Jo Crain"": {""party"": ""Green"", ""votes"": 12706, ""pct"": 0.52}, ""Write-in"": {""party"": ""Write-in"", ""votes"": 7, ""pct"": 0.0}}",-381190,188768,-283504,-0.058138901662,-0.215144954579,0.201527742383,0.095415054732,-0.259666644045,-0.304301617655,0.030474280480319898,0.022899445912426836,0.0075748345678930615,-0.0599663324974175,-0.22712200741473137,0.20625077075268913,0.09626208718112024,-0.2662171032501066,-0.31684859753337624,red,R+5.8,R+21.5,D+20.2,D+9.5,R+26.0,R+30.4,1.41%,3.05%,2.29%,0.76%,R+6.0,R+22.7,D+20.6,D+9.6,R+26.6,R+31.7,34398,,https://en.wikipedia.org/wiki/2018_United_States_Senate_election_in_Missouri,"{""Josh Hawley"": {""party"": ""Republican"", ""votes"": 1254927, ""pct"": 51.38}, ""Claire McCaskill"": {""party"": ""Democratic"", ""votes"": 1112935, ""pct"": 45.57}, ""Craig O'Dear"": {""party"": ""Independent"", ""votes"": 34398, ""pct"": 1.41}, ""Japheth Campbell"": {""party"": ""Libertarian"", ""votes"": 27316, ""pct"": 1.12}, ""Jo Crain"": {""party"": ""Green"", ""votes"": 12706, ""pct"": 0.52}, ""Write-in"": {""party"": ""Write-in"", ""votes"": 7, ""pct"": 0.0}}"
2018,Mississippi,MS,I,regular,General,2018 United States Senate election in Mississippi,369567,547619,19029,0.3947458649989586,0.5849286755713164,David Baria,Roger Wicker,Roger Wicker,R,David Baria,0.013865404848245328,Danny Bedwell,19029,936215,"{""Danny Bedwell"": {""party"": ""Libertarian"", ""votes"": 12981, ""pct"": 1.39}, ""Shawn O'Hara"": {""party"": ""Reform"", ""votes"": 6048, ""pct"": 0.65}}",-133900,-162007,-305353,-0.190182810572,-0.024135521982,0.201527742383,0.095415054732,-0.391710552956,-0.113292185058,0.02032545942972501,0.022899445912426836,-0.0025739864827018268,-0.19412856279969384,-0.024183636895414445,0.20625077075268913,0.09626208718112024,-0.400379333552383,-0.11391022701405934,red,R+19.0,R+2.4,D+20.2,D+9.5,R+39.2,R+11.3,1.39%,2.03%,2.29%,-0.26%,R+19.4,R+2.4,D+20.6,D+9.6,R+40.0,R+11.4,12981,,https://en.wikipedia.org/wiki/2018_United_States_Senate_election_in_Mississippi,"{""Roger Wicker"": {""party"": ""Republican"", ""votes"": 547619, ""pct"": 58.49}, ""David Baria"": {""party"": ""Democratic"", ""votes"": 369567, ""pct"": 39.47}, ""Danny Bedwell"": {""party"": ""Libertarian"", ""votes"": 12981, ""pct"": 1.39}, ""Shawn O'Hara"": {""party"": ""Reform"", ""votes"": 6048, ""pct"": 0.65}}"
2018,Montana,MT,I,regular,General,"United States Senate election in Montana, 2018",253876,235963,14545,0.5033387260499936,0.46782411813221675,Jon Tester,Matt Rosendale,Jon Tester,D,Matt Rosendale,0.02883715581778962,Rick Breckenridge,14545,504384,"{""Rick Breckenridge"": {""party"": ""Libertarian"", ""votes"": 14545, ""pct"": 2.88}}",17753,17912,18318,0.035514607918,-0.001665528113,0.201527742383,0.095415054732,-0.166013134466,-0.090822191189,0.02883715581778962,0.022899445912426836,0.005937709905362784,0.03656915843777241,-0.003221758699712342,0.20625077075268913,0.09626208718112024,-0.1696816123149167,-0.09294834881835724,deepskyblue,D+3.6,R+0.2,D+20.2,D+9.5,R+16.6,R+9.1,2.88%,2.88%,2.29%,0.59%,D+3.7,R+0.3,D+20.6,D+9.6,R+17.0,R+9.3,14545,,https://en.wikipedia.org/wiki/2018_United_States_Senate_election_in_Montana,"{""Jon Tester"": {""party"": ""Democratic"", ""votes"": 253876, ""pct"": 50.33}, ""Matt Rosendale"": {""party"": ""Republican"", ""votes"": 235963, ""pct"": 46.78}, ""Rick Breckenridge"": {""party"": ""Libertarian"", ""votes"": 14545, ""pct"": 2.88}}"
2018,North Dakota,ND,I,regular,General,"United States Senate election in North Dakota, 2018",144376,179720,2042,0.44268377190023855,0.5510550748456176,Heidi Heitkamp,Kevin Cramer,Kevin Cramer,R,Heidi Heitkamp,0.006261153254143952,Write-in,2042,326138,"{""Write-in"": {""party"": ""Write-in"", ""votes"": 2042, ""pct"": 0.63}}",-16961,21319,4994,-0.108371302945,-0.117513619165,0.201527742383,0.095415054732,-0.309899045329,-0.206670282241,0.006261153254143952,0.022899445912426836,-0.016638292658282886,-0.10905410742496051,-0.11823662561172592,0.20625077075268913,0.09626208718112024,-0.31530487817764963,-0.2079632157303708,red,R+10.8,R+11.8,D+20.2,D+9.5,R+31.0,R+20.7,0.63%,0.63%,2.29%,-1.66%,R+10.9,R+11.8,D+20.6,D+9.6,R+31.5,R+20.8,2042,,https://en.wikipedia.org/wiki/2018_United_States_Senate_election_in_North_Dakota,"{""Kevin Cramer"": {""party"": ""Republican"", ""votes"": 179720, ""pct"": 55.11}, ""Heidi Heitkamp"": {""party"": ""Democratic–NPL"", ""votes"": 144376, ""pct"": 44.27}, ""Write-in"": {""party"": ""Write-in"", ""votes"": 2042, ""pct"": 0.63}}"
2018,Nebraska,NE-AL,I,regular,General,2018 United States Senate election in Nebraska,269917,403151,159049,0.32437385608033487,0.4844883592091016,Jane Raybould,Deb Fischer,Deb Fischer,R,Jane Raybould,0.16011450312876674,Majority,159049,832117,"{""Majority"": {""party"": ""Majority"", ""votes"": 133234, ""pct"": 19.06}, ""Jim Schultz"": {""party"": ""Libertarian"", ""votes"": 25349, ""pct"": 3.63}, ""Write-in"": {""party"": ""Write-in"", ""votes"": 466, ""pct"": 0.07}}",-63062,-52442,-79069,-0.160114503129,-0.025549222275,0.201527742383,0.095415054732,-0.361642245512,-0.114705885351,0.19113778471056353,0.022899445912426836,0.16823833879813668,-0.19795028139801624,-0.04246162595501293,0.20625077075268913,0.09626208718112024,-0.40420105215070534,-0.13218821607365783,red,R+16.0,R+2.6,D+20.2,D+9.5,R+36.2,R+11.5,16.01%,19.11%,2.29%,16.82%,R+19.8,R+4.2,D+20.6,D+9.6,R+40.4,R+13.2,133234,,https://en.wikipedia.org/wiki/2018_United_States_Senate_election_in_Nebraska,"{""Deb Fischer"": {""party"": ""Republican"", ""votes"": 403151, ""pct"": 57.69}, ""Jane Raybould"": {""party"": ""Democratic"", ""votes"": 269917, ""pct"": 38.62}, ""Majority"": {""party"": ""Majority"", ""votes"": 133234, ""pct"": 19.06}, ""Jim Schultz"": {""party"": ""Libertarian"", ""votes"": 25349, ""pct"": 3.63}, ""Write-in"": {""party"": ""Write-in"", ""votes"": 466, ""pct"": 0.07}}"
2018,New Jersey,NJ,I,regular,General,"United States Senate election in New Jersey, 2018",1711654,1357355,100301,0.5400714982125446,0.42828091919061245,Bob Menendez,Bob Hugin,Bob Menendez,D,Bob Hugin,0.00793548122461987,Madelyn Hoffman,100301,3169310,"{""Madelyn Hoffman"": {""party"": ""Green"", ""votes"": 25150, ""pct"": 0.79}, ""Murray Sabrin"": {""party"": ""Libertarian"", ""votes"": 21212, ""pct"": 0.67}, ""Natalie Rivera"": {""party"": ""Independent"", ""votes"": 19897, ""pct"": 0.63}, ""Tricia Flanagan"": {""party"": ""Independent"", ""votes"": 16101, ""pct"": 0.51}, ""Kevin Kimple"": {""party"": ""Independent"", ""votes"": 9087, ""pct"": 0.29}, ""Hank Schroeder"": {""party"": ""Independent"", ""votes"": 8854, ""pct"": 0.28}}",-276026,27821,-207339,0.111790579022,-0.083120411134,0.201527742383,0.095415054732,-0.089737163362,-0.172277074210,0.031647582596842846,0.022899445912426836,0.00874813668441601,0.11544410589867934,-0.08295913248147943,0.20625077075268913,0.09626208718112024,-0.09080666485400979,-0.17268572260012433,deepskyblue,D+11.2,R+8.3,D+20.2,D+9.5,R+9.0,R+17.2,0.79%,3.16%,2.29%,0.87%,D+11.5,R+8.3,D+20.6,D+9.6,R+9.1,R+17.3,25150,,https://en.wikipedia.org/wiki/2018_United_States_Senate_election_in_New_Jersey,"{""Bob Menendez"": {""party"": ""Democratic"", ""votes"": 1711654, ""pct"": 54.01}, ""Bob Hugin"": {""party"": ""Republican"", ""votes"": 1357355, ""pct"": 42.83}, ""Madelyn Hoffman"": {""party"": ""Green"", ""votes"": 25150, ""pct"": 0.79}, ""Murray Sabrin"": {""party"": ""Libertarian"", ""votes"": 21212, ""pct"": 0.67}, ""Natalie Rivera"": {""party"": ""Independent"", ""votes"": 19897, ""pct"": 0.63}, ""Tricia Flanagan"": {""party"": ""Independent"", ""votes"": 16101, ""pct"": 0.51}, ""Kevin Kimple"": {""party"": ""Independent"", ""votes"": 9087, ""pct"": 0.29}, ""Hank Schroeder"": {""party"": ""Independent"", ""votes"": 8854, ""pct"": 0.28}}"
2018,New Mexico,NM,I,regular,General,2018 United States Senate election in New Mexico,376998,212813,107201,0.540877345009842,0.3053218595949568,Martin Heinrich,Mick Rich,Martin Heinrich,D,Mick Rich,0.15380079539520122,Gary Johnson,107201,697012,"{""Gary Johnson"": {""party"": ""Libertarian"", ""votes"": 107201, ""pct"": 15.38}}",-18719,-138446,-78780,0.235555485415,0.178248887770,0.201527742383,0.095415054732,0.034027743031,0.089092224695,0.15380079539520122,0.022899445912426836,0.13090134948277438,0.2783688334059555,0.21885152629033194,0.20625077075268913,0.09626208718112024,0.07211806265326634,0.12912493617168702,deepskyblue,D+23.6,D+17.8,D+20.2,D+9.5,D+3.4,D+8.9,15.38%,15.38%,2.29%,13.09%,D+27.8,D+21.9,D+20.6,D+9.6,D+7.2,D+12.9,107201,,https://en.wikipedia.org/wiki/2018_United_States_Senate_election_in_New_Mexico,"{""Martin Heinrich"": {""party"": ""Democratic"", ""votes"": 376998, ""pct"": 54.09}, ""Mick Rich"": {""party"": ""Republican"", ""votes"": 212813, ""pct"": 30.53}, ""Gary Johnson"": {""party"": ""Libertarian"", ""votes"": 107201, ""pct"": 15.38}}"
2018,Nevada,NV,I,regular,General,"United States Senate election in Nevada, 2018",490071,441202,40859,0.5041198108898791,0.4538498886982426,Jacky Rosen,Dean Heller,Jacky Rosen,D,Dean Heller,0.01574168940020491,None of These Candidates,40859,972132,"{""None of These Candidates"": {""party"": ""None of These Candidates"", ""votes"": 15303, ""pct"": 1.57}, ""Barry Michaels"": {""party"": ""Independent"", ""votes"": 9269, ""pct"": 0.95}, ""Tim Hagan"": {""party"": ""Libertarian"", ""votes"": 9196, ""pct"": 0.95}, ""Kamau Bakari"": {""party"": ""Independent American"", ""votes"": 7091, ""pct"": 0.73}}",43991,-16454,-25673,0.050269922192,0.061871387408,0.201527742383,0.095415054732,-0.151257820192,-0.027285275668,0.042030300411878226,0.022899445912426836,0.01913085449945139,0.052475482484727894,0.06528453291538464,0.20625077075268913,0.09626208718112024,-0.15377528826796125,-0.024442057203260287,deepskyblue,D+5.0,D+6.2,D+20.2,D+9.5,R+15.1,R+2.7,1.57%,4.20%,2.29%,1.91%,D+5.2,D+6.5,D+20.6,D+9.6,R+15.4,R+2.4,15303,,https://en.wikipedia.org/wiki/2018_United_States_Senate_election_in_Nevada,"{""Jacky Rosen"": {""party"": ""Democratic"", ""votes"": 490071, ""pct"": 50.41}, ""Dean Heller"": {""party"": ""Republican"", ""votes"": 441202, ""pct"": 45.38}, ""None of These Candidates"": {""party"": ""None of These Candidates"", ""votes"": 15303, ""pct"": 1.57}, ""Barry Michaels"": {""party"": ""Independent"", ""votes"": 9269, ""pct"": 0.95}, ""Tim Hagan"": {""party"": ""Libertarian"", ""votes"": 9196, ""pct"": 0.95}, ""Kamau Bakari"": {""party"": ""Independent American"", ""votes"": 7091, ""pct"": 0.73}}"
2018,New York,NY,I,regular,General,"United States Senate election in New York, 2018",4056931,1998220,0,0.6699966689517735,0.33000333104822654,Kirsten Gillibrand,Chele Chiavacci Farley,Kirsten Gillibrand,D,Chele Chiavacci Farley,0.0,None,0,6055151,{},-765399,239518,-622515,0.339993337904,-0.118793909018,0.201527742383,0.095415054732,0.138465595520,-0.207950572093,0.0,0.022899445912426836,-0.022899445912426836,0.3399933379035469,-0.1255306103161244,0.20625077075268913,0.09626208718112024,0.13374256715085778,-0.21525720043476929,deepskyblue,D+34.0,R+11.9,D+20.2,D+9.5,D+13.8,R+20.8,0.00%,0.00%,2.29%,-2.29%,D+34.0,R+12.6,D+20.6,D+9.6,D+13.4,R+21.5,0,,https://en.wikipedia.org/wiki/2018_United_States_Senate_election_in_New_York,"{""Kirsten Gillibrand"": {""party"": ""Democratic"", ""votes"": 4056931, ""pct"": 67.0}, ""Chele Chiavacci Farley"": {""party"": ""Republican"", ""votes"": 1998220, ""pct"": 33.0}}"
2018,Ohio,OH,I,regular,General,"United States Senate election in Ohio, 2018",2358508,2057559,1017,0.5339513579547049,0.46581839965008587,Sherrod Brown,Jim Renacci,Sherrod Brown,D,Jim Renacci,0.00023024239520914703,Write-in,1017,4417084,"{""Write-in"": {""party"": ""Write-in"", ""votes"": 1017, ""pct"": 0.02}}",-404258,-378185,-1032044,0.068132958305,0.008119319425,0.201527742383,0.095415054732,-0.133394784079,-0.081037343650,0.00023024239520914703,0.022899445912426836,-0.022669203517217688,0.06814864901279805,0.005241777620803037,0.20625077075268913,0.09626208718112024,-0.1381021217398911,-0.08448481249784187,deepskyblue,D+6.8,D+0.8,D+20.2,D+9.5,R+13.3,R+8.1,0.02%,0.02%,2.29%,-2.27%,D+6.8,D+0.5,D+20.6,D+9.6,R+13.8,R+8.4,1017,,https://en.wikipedia.org/wiki/2018_United_States_Senate_election_in_Ohio,"{""Sherrod Brown"": {""party"": ""Democratic"", ""votes"": 2358508, ""pct"": 53.4}, ""Jim Renacci"": {""party"": ""Republican"", ""votes"": 2057559, ""pct"": 46.58}, ""Write-in"": {""party"": ""Write-in"", ""votes"": 1017, ""pct"": 0.02}}"
2018,Pennsylvania,PA,I,regular,General,"United States Senate election in Pennsylvania, 2018",2792437,2134848,82115,0.5574394139018645,0.426168403401605,Bob Casey Jr.,Lou Barletta,Bob Casey Jr.,D,Lou Barletta,0.010162294885615044,Dale Kerns,82115,5009400,"{""Dale Kerns"": {""party"": ""Libertarian"", ""votes"": 50907, ""pct"": 1.02}, ""Neal Gale"": {""party"": ""Green"", ""votes"": 31208, ""pct"": 0.62}}",-228927,-374284,-618022,0.131271010500,0.040246736863,0.201527742383,0.095415054732,-0.070256731883,-0.048909926213,0.016392182696530522,0.022899445912426836,-0.006507263215896314,0.13345868972466582,0.04083914890952013,0.20625077075268913,0.09626208718112024,-0.07279208102802331,-0.04888744120912478,deepskyblue,D+13.1,D+4.0,D+20.2,D+9.5,R+7.0,R+4.9,1.02%,1.64%,2.29%,-0.65%,D+13.3,D+4.1,D+20.6,D+9.6,R+7.3,R+4.9,50907,,https://en.wikipedia.org/wiki/2018_United_States_Senate_election_in_Pennsylvania,"{""Bob Casey Jr."": {""party"": ""Democratic"", ""votes"": 2792437, ""pct"": 55.74}, ""Lou Barletta"": {""party"": ""Republican"", ""votes"": 2134848, ""pct"": 42.62}, ""Dale Kerns"": {""party"": ""Libertarian"", ""votes"": 50907, ""pct"": 1.02}, ""Neal Gale"": {""party"": ""Green"", ""votes"": 31208, ""pct"": 0.62}}"
2018,Rhode Island,RI,I,regular,General,"United States Senate election in Rhode Island, 2018",231477,144421,840,0.614424347955343,0.3833459858044583,Sheldon Whitehouse,Robert Flanders,Sheldon Whitehouse,D,Robert Flanders,0.002229666240198759,Write-in,840,376738,"{""Write-in"": {""party"": ""Write-in"", ""votes"": 840, ""pct"": 0.22}}",-39557,-1801,-41451,0.231078362151,-0.067379990412,0.201527742383,0.095415054732,0.029550619767,-0.156536653488,0.002229666240198759,0.022899445912426836,-0.020669779672228078,0.2315947411265822,-0.06753097545987788,0.20625077075268913,0.09626208718112024,0.025343970373893077,-0.15725756557852277,deepskyblue,D+23.1,R+6.7,D+20.2,D+9.5,D+3.0,R+15.7,0.22%,0.22%,2.29%,-2.07%,D+23.2,R+6.8,D+20.6,D+9.6,D+2.5,R+15.7,840,,https://en.wikipedia.org/wiki/2018_United_States_Senate_election_in_Rhode_Island,"{""Sheldon Whitehouse"": {""party"": ""Democratic"", ""votes"": 231477, ""pct"": 61.44}, ""Robert Flanders"": {""party"": ""Republican"", ""votes"": 144421, ""pct"": 38.33}, ""Write-in"": {""party"": ""Write-in"", ""votes"": 840, ""pct"": 0.22}}"
2018,Tennessee,TN,I,regular,General,2018 United States Senate election in Tennessee,985450,1227483,30807,0.43919972902386195,0.5470700705072781,Phil Bredesen,Marsha Blackburn,Marsha Blackburn,R,Phil Bredesen,0.0042139463574210915,Trudy Austin,30807,2243740,"{""Trudy Austin"": {""party"": ""Independent"", ""votes"": 9455, ""pct"": 0.42}, ""Dean Hill"": {""party"": ""Independent"", ""votes"": 8717, ""pct"": 0.39}, ""Kris L. Todd"": {""party"": ""Independent"", ""votes"": 5084, ""pct"": 0.23}, ""John Carico"": {""party"": ""Independent"", ""votes"": 3398, ""pct"": 0.15}, ""Breton Phillips"": {""party"": ""Independent"", ""votes"": 2226, ""pct"": 0.1}, ""Kevin Lee McCants"": {""party"": ""Independent"", ""votes"": 1927, ""pct"": 0.09}}",279568,-278960,-77737,-0.107870341483,0.236979510572,0.201527742383,0.095415054732,-0.309398083867,0.147822847496,0.013730200468860029,0.022899445912426836,-0.009169245443566808,-0.10937204153944109,0.2524920607059343,0.20625077075268913,0.09626208718112024,-0.31562281229213024,0.16276547058728935,red,R+10.8,D+23.7,D+20.2,D+9.5,R+30.9,D+14.8,0.42%,1.37%,2.29%,-0.92%,R+10.9,D+25.2,D+20.6,D+9.6,R+31.6,D+16.3,9455,,https://en.wikipedia.org/wiki/2018_United_States_Senate_election_in_Tennessee,"{""Marsha Blackburn"": {""party"": ""Republican"", ""votes"": 1227483, ""pct"": 54.71}, ""Phil Bredesen"": {""party"": ""Democratic"", ""votes"": 985450, ""pct"": 43.92}, ""Trudy Austin"": {""party"": ""Independent"", ""votes"": 9455, ""pct"": 0.42}, ""Dean Hill"": {""party"": ""Independent"", ""votes"": 8717, ""pct"": 0.39}, ""Kris L. Todd"": {""party"": ""Independent"", ""votes"": 5084, ""pct"": 0.23}, ""John Carico"": {""party"": ""Independent"", ""votes"": 3398, ""pct"": 0.15}, ""Breton Phillips"": {""party"": ""Independent"", ""votes"": 2226, ""pct"": 0.1}, ""Kevin Lee McCants"": {""party"": ""Independent"", ""votes"": 1927, ""pct"": 0.09}}"
2018,Texas,TX,I,regular,General,2018 United States Senate election in Texas,4045632,4260553,65470,0.4832535502239402,0.508926012837366,Beto O'Rourke,Ted Cruz,Ted Cruz,R,Beto O'Rourke,0.007820436938693723,Neal Dikeman,65470,8371655,"{""Neal Dikeman"": {""party"": ""Libertarian"", ""votes"": 65470, ""pct"": 0.78}}",850705,-659710,26628,-0.025672462613,0.181077737236,0.201527742383,0.095415054732,-0.227200204997,0.091921074160,0.007820436938693723,0.022899445912426836,-0.015079008973733113,-0.025874814972216487,0.18673092808493927,0.20625077075268913,0.09626208718112024,-0.23212558572490563,0.09700433796629435,red,R+2.6,D+18.1,D+20.2,D+9.5,R+22.7,D+9.2,0.78%,0.78%,2.29%,-1.51%,R+2.6,D+18.7,D+20.6,D+9.6,R+23.2,D+9.7,65470,,https://en.wikipedia.org/wiki/2018_United_States_Senate_election_in_Texas,"{""Ted Cruz"": {""party"": ""Republican"", ""votes"": 4260553, ""pct"": 50.89}, ""Beto O'Rourke"": {""party"": ""Democratic"", ""votes"": 4045632, ""pct"": 48.33}, ""Neal Dikeman"": {""party"": ""Libertarian"", ""votes"": 65470, ""pct"": 0.78}}"
2018,Utah,UT,I,regular,General,"United States Senate general election in Utah, 2018",328541,665215,69141,0.309099564680303,0.6258508585497936,Jenny Wilson,Mitt Romney,Mitt Romney,R,Jenny Wilson,0.02707129665433245,Tim Aalders,69141,1062897,"{""Tim Aalders"": {""party"": ""Constitution"", ""votes"": 28774, ""pct"": 2.71}, ""Craig Bowden"": {""party"": ""Libertarian"", ""votes"": 27607, ""pct"": 2.6}, ""Reed McCandless"": {""party"": ""Independent American"", ""votes"": 12708, ""pct"": 1.2}, ""Write-in"": {""party"": ""Write-in"", ""votes"": 52, ""pct"": 0.01}}",26668,5445,53835,-0.316751293869,0.037931570018,0.201527742383,0.095415054732,-0.518279036253,-0.051225093058,0.06504957676990339,0.022899445912426836,0.042150130857476556,-0.3387894010199687,0.033383016394810006,0.20625077075268913,0.09626208718112024,-0.5450401717726578,-0.05634357372383492,red,R+31.7,D+3.8,D+20.2,D+9.5,R+51.8,R+5.1,2.71%,6.50%,2.29%,4.22%,R+33.9,D+3.3,D+20.6,D+9.6,R+54.5,R+5.6,28774,,https://en.wikipedia.org/wiki/2018_United_States_Senate_election_in_Utah,"{""Mitt Romney"": {""party"": ""Republican"", ""votes"": 665215, ""pct"": 62.59}, ""Jenny Wilson"": {""party"": ""Democratic"", ""votes"": 328541, ""pct"": 30.91}, ""Tim Aalders"": {""party"": ""Constitution"", ""votes"": 28774, ""pct"": 2.71}, ""Craig Bowden"": {""party"": ""Libertarian"", ""votes"": 27607, ""pct"": 2.6}, ""Reed McCandless"": {""party"": ""Independent American"", ""votes"": 12708, ""pct"": 1.2}, ""Write-in"": {""party"": ""Write-in"", ""votes"": 52, ""pct"": 0.01}}"
2018,Virginia,VA,I,regular,General,"United States Senate election in Virginia, 2018",1910370,1374313,66690,0.5700260758799454,0.4100746171792874,Tim Kaine,Corey Stewart,Tim Kaine,D,Corey Stewart,0.018370082948093214,Matt Waters,66690,3351373,"{""Matt Waters"": {""party"": ""Libertarian"", ""votes"": 61565, ""pct"": 1.84}, ""Write-in"": {""party"": ""Write-in"", ""votes"": 5125, ""pct"": 0.15}}",-99697,-411229,-453646,0.159951458701,0.100943868988,0.201527742383,0.095415054732,-0.041576283683,0.011787205913,0.01989930694076726,0.022899445912426836,-0.003000138971659575,0.16319900580969304,0.10404512562867335,0.20625077075268913,0.09626208718112024,-0.04305176494299609,0.014318535510028436,deepskyblue,D+16.0,D+10.1,D+20.2,D+9.5,R+4.2,D+1.2,1.84%,1.99%,2.29%,-0.30%,D+16.3,D+10.4,D+20.6,D+9.6,R+4.3,D+1.4,61565,,https://en.wikipedia.org/wiki/2018_United_States_Senate_election_in_Virginia,"{""Tim Kaine"": {""party"": ""Democratic"", ""votes"": 1910370, ""pct"": 57.0}, ""Corey Stewart"": {""party"": ""Republican"", ""votes"": 1374313, ""pct"": 41.01}, ""Matt Waters"": {""party"": ""Libertarian"", ""votes"": 61565, ""pct"": 1.84}, ""Write-in"": {""party"": ""Write-in"", ""votes"": 5125, ""pct"": 0.15}}"
2018,Vermont,VT,I,regular,General,"United States Senate election in Vermont, 2018",0,74815,197809,0.0,0.27442558248723514,None,Lawrence Zupan,Bernie Sanders,T,Lawrence Zupan,0.6736347496918833,Bernie Sanders,197809,272624,"{""Bernie Sanders"": {""party"": ""Independent"", ""votes"": 183649, ""pct"": 67.44}, ""Brad J. Peacock"": {""party"": ""Independent"", ""votes"": 3665, ""pct"": 1.35}, ""Russell Beste"": {""party"": ""Independent"", ""votes"": 2763, ""pct"": 1.02}, ""Edward S. Gilbert, Jr."": {""party"": ""Independent"", ""votes"": 2244, ""pct"": 0.82}, ""Folasade Adeluola"": {""party"": ""Independent"", ""votes"": 1979, ""pct"": 0.73}, ""Reid Kane"": {""party"": ""Liberty Union"", ""votes"": 1171, ""pct"": 0.43}, ""Jon Svitavsky"": {""party"": ""Independent"", ""votes"": 1130, ""pct"": 0.42}, ""Bruce Busa"": {""party"": ""Independent"", ""votes"": 914, ""pct"": 0.34}, ""Write-in"": {""party"": ""Write-in"", ""votes"": 294, ""pct"": 0.11}}",0,1917,-20138,-0.274425582487,-0.025424687562,0.201527742383,0.095415054732,-0.475953324871,-0.114581350638,0.7255744175127649,0.022899445912426836,0.702674971600338,-1.0,0.0,0.20625077075268913,0.09626208718112024,-1.206250770752689,-0.08972659011864481,yellow,R+27.4,R+2.5,D+20.2,D+9.5,R+47.6,R+11.5,67.36%,72.56%,2.29%,70.27%,R+100.0,EVEN,D+20.6,D+9.6,R+120.6,R+9.0,183649,,https://en.wikipedia.org/wiki/2018_United_States_Senate_election_in_Vermont,"{""Bernie Sanders"": {""party"": ""Independent"", ""votes"": 183649, ""pct"": 67.44}, ""Lawrence Zupan"": {""party"": ""Republican"", ""votes"": 74815, ""pct"": 27.47}, ""Brad J. Peacock"": {""party"": ""Independent"", ""votes"": 3665, ""pct"": 1.35}, ""Russell Beste"": {""party"": ""Independent"", ""votes"": 2763, ""pct"": 1.02}, ""Edward S. Gilbert, Jr."": {""party"": ""Independent"", ""votes"": 2244, ""pct"": 0.82}, ""Folasade Adeluola"": {""party"": ""Independent"", ""votes"": 1979, ""pct"": 0.73}, ""Reid Kane"": {""party"": ""Liberty Union"", ""votes"": 1171, ""pct"": 0.43}, ""Jon Svitavsky"": {""party"": ""Independent"", ""votes"": 1130, ""pct"": 0.42}, ""Bruce Busa"": {""party"": ""Independent"", ""votes"": 914, ""pct"": 0.34}, ""Write-in"": {""party"": ""Write-in"", ""votes"": 294, ""pct"": 0.11}}"
2018,Washington,WA,I,regular,General,"United States Senate election in Washington, 2018",1803364,1282804,0,0.5843375992492955,0.41566240075070443,Maria Cantwell,Susan Hutchison,Maria Cantwell,D,Susan Hutchison,0.0,None,0,3086168,{},-52129,68880,16751,0.168675198499,-0.040344625136,0.201527742383,0.095415054732,-0.032852543885,-0.129501288211,0.0,0.022899445912426836,-0.022899445912426836,0.16867519849859114,-0.040344625135669054,0.20625077075268913,0.09626208718112024,-0.037575572254097994,-0.13007121525431398,deepskyblue,D+16.9,R+4.0,D+20.2,D+9.5,R+3.3,R+13.0,0.00%,0.00%,2.29%,-2.29%,D+16.9,R+4.0,D+20.6,D+9.6,R+3.8,R+13.0,0,,https://en.wikipedia.org/wiki/2018_United_States_Senate_election_in_Washington,"{""Maria Cantwell"": {""party"": ""Democratic"", ""votes"": 1803364, ""pct"": 58.43}, ""Susan Hutchison"": {""party"": ""Republican"", ""votes"": 1282804, ""pct"": 41.57}}"
2018,Wisconsin,WI,I,regular,General,"United States Senate election in Wisconsin, 2018",1472914,1184885,2964,0.5535682809780503,0.4453177528400688,Tammy Baldwin,Leah Vukmir,Tammy Baldwin,D,Leah Vukmir,0.0011139661818809117,Write-in,2964,2660763,"{""Write-in"": {""party"": ""Write-in"", ""votes"": 2964, ""pct"": 0.11}}",-74190,-195241,-348648,0.108250528138,0.052765252116,0.201527742383,0.095415054732,-0.093277214245,-0.036391410960,0.0011139661818809117,0.022899445912426836,-0.021785479730545926,0.10837125004562045,0.051328243517264296,0.20625077075268913,0.09626208718112024,-0.09787952070706868,-0.03839834660138061,deepskyblue,D+10.8,D+5.3,D+20.2,D+9.5,R+9.3,R+3.6,0.11%,0.11%,2.29%,-2.18%,D+10.8,D+5.1,D+20.6,D+9.6,R+9.8,R+3.8,2964,,https://en.wikipedia.org/wiki/2018_United_States_Senate_election_in_Wisconsin,"{""Tammy Baldwin"": {""party"": ""Democratic"", ""votes"": 1472914, ""pct"": 55.36}, ""Leah Vukmir"": {""party"": ""Republican"", ""votes"": 1184885, ""pct"": 44.53}, ""Write-in"": {""party"": ""Write-in"", ""votes"": 2964, ""pct"": 0.11}}"
2018,West Virginia,WV,I,regular,General,"United States Senate election in West Virginia, 2018",290510,271113,24411,0.49572209120972505,0.46262332902186565,Joe Manchin,Patrick Morrisey,Joe Manchin,D,Patrick Morrisey,0.04165457976840934,Rusty Hollen,24411,586034,"{""Rusty Hollen"": {""party"": ""Libertarian"", ""votes"": 24411, ""pct"": 4.17}}",-109398,30326,-74178,0.033098762188,-0.207916245113,0.201527742383,0.095415054732,-0.168428980196,-0.297072908188,0.04165457976840934,0.022899445912426836,0.018755133855982504,0.03453740320464083,-0.21381945926502102,0.20625077075268913,0.09626208718112024,-0.1717133675480483,-0.3035460493836659,deepskyblue,D+3.3,R+20.8,D+20.2,D+9.5,R+16.8,R+29.7,4.17%,4.17%,2.29%,1.88%,D+3.5,R+21.4,D+20.6,D+9.6,R+17.2,R+30.4,24411,,https://en.wikipedia.org/wiki/2018_United_States_Senate_election_in_West_Virginia,"{""Joe Manchin"": {""party"": ""Democratic"", ""votes"": 290510, ""pct"": 49.57}, ""Patrick Morrisey"": {""party"": ""Republican"", ""votes"": 271113, ""pct"": 46.26}, ""Rusty Hollen"": {""party"": ""Libertarian"", ""votes"": 24411, ""pct"": 4.17}}"
2018,Wyoming,WY,I,regular,General,"United States Senate election in Wyoming, 2018",61227,136210,5983,0.30098810343132437,0.669599842690001,Gary Trauner,John Barrasso,John Barrasso,R,Gary Trauner,0.02781437420116016,Joseph Porambo,5983,203420,"{""Joseph Porambo"": {""party"": ""Libertarian"", ""votes"": 5658, ""pct"": 2.78}, ""Write-in"": {""party"": ""Write-in"", ""votes"": 325, ""pct"": 0.16}}",8208,-49040,-41442,-0.368611739259,0.171410804051,0.201527742383,0.095415054732,-0.570139481642,0.082254140976,0.029412053878674665,0.022899445912426836,0.006512607966247828,-0.37978190511403637,0.17518328129292388,0.20625077075268913,0.09626208718112024,-0.5860326758667255,0.08545669117427901,red,R+36.9,D+17.1,D+20.2,D+9.5,R+57.0,D+8.2,2.78%,2.94%,2.29%,0.65%,R+38.0,D+17.5,D+20.6,D+9.6,R+58.6,D+8.5,5658,,https://en.wikipedia.org/wiki/2018_United_States_Senate_election_in_Wyoming,"{""John Barrasso"": {""party"": ""Republican"", ""votes"": 136210, ""pct"": 66.96}, ""Gary Trauner"": {""party"": ""Democratic"", ""votes"": 61227, ""pct"": 30.1}, ""Joseph Porambo"": {""party"": ""Libertarian"", ""votes"": 5658, ""pct"": 2.78}, ""Write-in"": {""party"": ""Write-in"", ""votes"": 325, ""pct"": 0.16}}"
2020,United States,NATIONAL,,national,Aggregate,National aggregate,34923408,36352416,3094626,0.4695871545755068,0.48880188300595195,Democratic total,Republican total,Republican Party,R,Democratic Party,0.0,Various,3094626,74370450,{},-15852021,2940659,-11789757,-0.019214728430,-0.220742470814,-0.019214728430,-0.220742470814,0.000000000000,0.000000000000,0.04161096241854124,0.04161096241854124,0.0,-0.020048986034872075,-0.2262997567875612,-0.020048986034872075,-0.2262997567875612,0.0,0.0,transparent,R+1.9,R+22.1,R+1.9,R+22.1,EVEN,EVEN,0.00%,4.16%,4.16%,0.00%,R+2.0,R+22.6,R+2.0,R+22.6,EVEN,EVEN,0,,,{}
2020,Alaska,AK,II,regular,General,2020 United States Senate election in Alaska,0,191112,163475,0.0,0.5389706898448053,None,Dan Sullivan,Dan Sullivan,R,Al Gross,0.41193839593668125,Al Gross,163475,354587,"{""Al Gross"": {""party"": ""Independent"", ""votes"": 146068, ""pct"": 41.19}, ""John Howe"": {""party"": ""Independence"", ""votes"": 16806, ""pct"": 4.74}, ""Write-in"": {""party"": ""Write-in"", ""votes"": 601, ""pct"": 0.17}}",-129431,55667,72187,-0.538970689845,-0.517674655850,-0.019214728430,-0.220742470814,-0.519755961414,-0.568697503942,0.46102931015519466,0.04161096241854124,0.41941834773665343,-1.0,-0.9772950361678673,-0.020048986034872075,-0.2262997567875612,-0.979951013965128,-1.0310157676522476,red,R+53.9,R+51.8,R+1.9,R+22.1,R+52.0,R+56.9,41.19%,46.10%,4.16%,41.94%,R+100.0,R+97.7,R+2.0,R+22.6,R+98.0,R+103.1,146068,,https://en.wikipedia.org/wiki/2020_United_States_Senate_election_in_Alaska,"{""Dan Sullivan"": {""party"": ""Republican"", ""votes"": 191112, ""pct"": 53.9}, ""Al Gross"": {""party"": ""Independent"", ""votes"": 146068, ""pct"": 41.19}, ""John Howe"": {""party"": ""Independence"", ""votes"": 16806, ""pct"": 4.74}, ""Write-in"": {""party"": ""Write-in"", ""votes"": 601, ""pct"": 0.17}}"
2020,Alabama,AL,II,regular,General,"United States Senate election in Alabama, 2020",920478,1392076,3891,0.39736665450722986,0.6009536164251688,Doug Jones,Tommy Tuberville,Tommy Tuberville,R,Doug Jones,0.0016797290676014323,Write-in,3891,2316445,"{""Write-in"": {""party"": ""Write-in"", ""votes"": 3891, ""pct"": 0.17}}",920478,596470,1498355,-0.203586961918,0.768929509375,-0.019214728430,-0.220742470814,-0.184372233487,0.717906661283,0.0016797290676014323,0.04161096241854124,-0.03993123335093981,-0.20392950824067244,0.7960704917593275,-0.020048986034872075,-0.2262997567875612,-0.18388052220580037,0.7423497602749471,red,R+20.4,D+76.9,R+1.9,R+22.1,R+18.4,D+71.8,0.17%,0.17%,4.16%,-3.99%,R+20.4,D+79.6,R+2.0,R+22.6,R+18.4,D+74.2,3891,,https://en.wikipedia.org/wiki/2020_United_States_Senate_election_in_Alabama,"{""Tommy Tuberville"": {""party"": ""Republican"", ""votes"": 1392076, ""pct"": 60.1}, ""Doug Jones"": {""party"": ""Democratic"", ""votes"": 920478, ""pct"": 39.74}, ""Write-in"": {""party"": ""Write-in"", ""votes"": 3891, ""pct"": 0.17}}"
2020,Arkansas,AR,II,regular,General,"United States Senate election in Arkansas, 2020",0,793871,399390,0.0,0.6652953544949513,None,Tom Cotton,Tom Cotton,R,Ricky Dale Harrington Jr.,0.33470464550504875,Ricky Dale Harrington Jr.,399390,1193261,"{""Ricky Dale Harrington Jr."": {""party"": ""Libertarian"", ""votes"": 399390, ""pct"": 33.47}}",-334174,315052,345756,-0.665295354495,-0.494623795035,-0.019214728430,-0.220742470814,-0.646080626065,-0.545646643127,0.33470464550504875,0.04161096241854124,0.2930936830865075,-1.0,-0.8220833389709382,-0.020048986034872075,-0.2262997567875612,-0.979951013965128,-0.8758040704553187,red,R+66.5,R+49.5,R+1.9,R+22.1,R+64.6,R+54.6,33.47%,33.47%,4.16%,29.31%,R+100.0,R+82.2,R+2.0,R+22.6,R+98.0,R+87.6,399390,,https://en.wikipedia.org/wiki/2020_United_States_Senate_election_in_Arkansas,"{""Tom Cotton"": {""party"": ""Republican"", ""votes"": 793871, ""pct"": 66.53}, ""Ricky Dale Harrington Jr."": {""party"": ""Libertarian"", ""votes"": 399390, ""pct"": 33.47}}"
2020,Colorado,CO,II,regular,General,"United States Senate election in Colorado, 2020",1731114,1429492,75053,0.5350112604572979,0.4417931555828349,John Hickenlooper,Cory Gardner,John Hickenlooper,D,Cory Gardner,0.017388111664424465,Raymon Doane,75053,3235659,"{""Raymon Doane"": {""party"": ""Libertarian"", ""votes"": 56262, ""pct"": 1.74}, ""Daniel Doyle"": {""party"": ""Approval Voting"", ""votes"": 9820, ""pct"": 0.3}, ""Stephen Evans"": {""party"": ""Unity"", ""votes"": 8971, ""pct"": 0.28}}",786911,445601,1194639,0.093218104874,0.112663284246,-0.019214728430,-0.220742470814,0.112432833305,0.061640436154,0.023195583959867216,0.04161096241854124,-0.018415378458674022,0.0954316988577507,0.11601575751879109,-0.020048986034872075,-0.2262997567875612,0.11548068489262278,0.06229502603441071,deepskyblue,D+9.3,D+11.3,R+1.9,R+22.1,D+11.2,D+6.2,1.74%,2.32%,4.16%,-1.84%,D+9.5,D+11.6,R+2.0,R+22.6,D+11.5,D+6.2,56262,,https://en.wikipedia.org/wiki/2020_United_States_Senate_election_in_Colorado,"{""John Hickenlooper"": {""party"": ""Democratic"", ""votes"": 1731114, ""pct"": 53.5}, ""Cory Gardner"": {""party"": ""Republican"", ""votes"": 1429492, ""pct"": 44.18}, ""Raymon Doane"": {""party"": ""Libertarian"", ""votes"": 56262, ""pct"": 1.74}, ""Daniel Doyle"": {""party"": ""Approval Voting"", ""votes"": 9820, ""pct"": 0.3}, ""Stephen Evans"": {""party"": ""Unity"", ""votes"": 8971, ""pct"": 0.28}}"
2020,Delaware,DE,II,regular,General,"United States Senate election in Delaware, 2020",291804,186054,13077,0.5943841852791103,0.3789788872253964,Chris Coons,Lauren Witzke,Chris Coons,D,Lauren Witzke,0.015955269027467994,Mark Turley,13077,490935,"{""Mark Turley"": {""party"": ""Independent Party"", ""votes"": 7833, ""pct"": 1.59}, ""Nadine Frost"": {""party"": ""Libertarian"", ""votes"": 5244, ""pct"": 1.07}}",161149,87231,256897,0.215405298054,0.079393197455,-0.019214728430,-0.220742470814,0.234620026484,0.028370349363,0.026636927495493293,0.04161096241854124,-0.014974034923047944,0.22130005147972828,0.08258522914381808,-0.020048986034872075,-0.2262997567875612,0.24134903751460035,0.028864497659437688,deepskyblue,D+21.5,D+7.9,R+1.9,R+22.1,D+23.5,D+2.8,1.60%,2.66%,4.16%,-1.50%,D+22.1,D+8.3,R+2.0,R+22.6,D+24.1,D+2.9,7833,,https://en.wikipedia.org/wiki/2020_United_States_Senate_election_in_Delaware,"{""Chris Coons"": {""party"": ""Democratic"", ""votes"": 291804, ""pct"": 59.44}, ""Lauren Witzke"": {""party"": ""Republican"", ""votes"": 186054, ""pct"": 37.9}, ""Mark Turley"": {""party"": ""Independent Party"", ""votes"": 7833, ""pct"": 1.59}, ""Nadine Frost"": {""party"": ""Libertarian"", ""votes"": 5244, ""pct"": 1.07}}"
2020,Iowa,IA,II,regular,General,2020 United States Senate election in Iowa,754859,864997,51972,0.4515171417155353,0.5173959282892738,Theresa Greenfield,Joni Ernst,Joni Ernst,R,Theresa Greenfield,0.02210813552590338,Rick Stewart,51972,1671828,"{""Rick Stewart"": {""party"": ""Libertarian"", ""votes"": 36961, ""pct"": 2.21}, ""Suzanne Herzog"": {""party"": ""Independent"", ""votes"": 13800, ""pct"": 0.83}, ""Write-in"": {""party"": ""Write-in"", ""votes"": 1211, ""pct"": 0.07}}",260489,276422,542128,-0.065878786574,0.017510608841,-0.019214728430,-0.220742470814,-0.046664058143,-0.033512239251,0.031086929995190894,0.04161096241854124,-0.010524032423350344,-0.06799246352762221,0.01899718045245065,-0.020048986034872075,-0.2262997567875612,-0.04794347749275014,-0.034723551031929735,red,R+6.6,D+1.8,R+1.9,R+22.1,R+4.7,R+3.4,2.21%,3.11%,4.16%,-1.05%,R+6.8,D+1.9,R+2.0,R+22.6,R+4.8,R+3.5,36961,,https://en.wikipedia.org/wiki/2020_United_States_Senate_election_in_Iowa,"{""Joni Ernst"": {""party"": ""Republican"", ""votes"": 864997, ""pct"": 51.74}, ""Theresa Greenfield"": {""party"": ""Democratic"", ""votes"": 754859, ""pct"": 45.15}, ""Rick Stewart"": {""party"": ""Libertarian"", ""votes"": 36961, ""pct"": 2.21}, ""Suzanne Herzog"": {""party"": ""Independent"", ""votes"": 13800, ""pct"": 0.83}, ""Write-in"": {""party"": ""Write-in"", ""votes"": 1211, ""pct"": 0.07}}"
2020,Idaho,ID,II,regular,General,"United States Senate election in Idaho, 2020",285864,538446,35517,0.3324668799653884,0.6262259733644093,Paulette Jordan,Jim Risch,Jim Risch,R,Paulette Jordan,0.02945825148547324,Natalie Fleming,35517,859827,"{""Natalie Fleming"": {""party"": ""Independent"", ""votes"": 25329, ""pct"": 2.95}, ""Ray Writz"": {""party"": ""Constitution"", ""votes"": 10188, ""pct"": 1.18}}",134290,252850,422657,-0.293759093399,0.012808145890,-0.019214728430,-0.220742470814,-0.274544364969,-0.038214702202,0.041307146670202265,0.04161096241854124,-0.00030381574833897307,-0.30641627543035993,0.00015096385870383422,-0.020048986034872075,-0.2262997567875612,-0.28636728939548783,-0.05356976762567653,red,R+29.4,D+1.3,R+1.9,R+22.1,R+27.5,R+3.8,2.95%,4.13%,4.16%,-0.03%,R+30.6,D+0.0,R+2.0,R+22.6,R+28.6,R+5.4,25329,,https://en.wikipedia.org/wiki/2020_United_States_Senate_election_in_Idaho,"{""Jim Risch"": {""party"": ""Republican"", ""votes"": 538446, ""pct"": 62.62}, ""Paulette Jordan"": {""party"": ""Democratic"", ""votes"": 285864, ""pct"": 33.25}, ""Natalie Fleming"": {""party"": ""Independent"", ""votes"": 25329, ""pct"": 2.95}, ""Ray Writz"": {""party"": ""Constitution"", ""votes"": 10188, ""pct"": 1.18}}"
2020,Illinois,IL,II,regular,General,"United States Senate election in Illinois, 2020",3278930,2319870,370101,0.5493356314671662,0.38865948689716917,Dick Durbin,Mark Curran,Dick Durbin,D,Mark Curran,0.0398229087733236,Willie Wilson,370101,5968901,"{""Willie Wilson"": {""party"": ""Willie Wilson Party"", ""votes"": 237699, ""pct"": 3.98}, ""Danny Malouf"": {""party"": ""Libertarian"", ""votes"": 75673, ""pct"": 1.27}, ""David Black"": {""party"": ""Green"", ""votes"": 56711, ""pct"": 0.95}, ""Write-in"": {""party"": ""Write-in"", ""votes"": 18, ""pct"": 0.0}}",1349293,781348,2365382,0.160676144570,0.052139183894,-0.019214728430,-0.220742470814,0.179890873000,0.001116335802,0.06200488163566459,0.04161096241854124,0.02039391921712335,0.17129742087590197,0.05852433290617509,-0.020048986034872075,-0.2262997567875612,0.19134640691077404,0.004803601421794701,deepskyblue,D+16.1,D+5.2,R+1.9,R+22.1,D+18.0,D+0.1,3.98%,6.20%,4.16%,2.04%,D+17.1,D+5.9,R+2.0,R+22.6,D+19.1,D+0.5,237699,,https://en.wikipedia.org/wiki/2020_United_States_Senate_election_in_Illinois,"{""Dick Durbin"": {""party"": ""Democratic"", ""votes"": 3278930, ""pct"": 54.93}, ""Mark Curran"": {""party"": ""Republican"", ""votes"": 2319870, ""pct"": 38.87}, ""Willie Wilson"": {""party"": ""Willie Wilson Party"", ""votes"": 237699, ""pct"": 3.98}, ""Danny Malouf"": {""party"": ""Libertarian"", ""votes"": 75673, ""pct"": 1.27}, ""David Black"": {""party"": ""Green"", ""votes"": 56711, ""pct"": 0.95}, ""Write-in"": {""party"": ""Write-in"", ""votes"": 18, ""pct"": 0.0}}"
2020,Kansas,KS,II,regular,General,"United States Senate election in Kansas, 2020",571530,727962,68263,0.41785992374365294,0.5322312841115551,Barbara Bollier,Roger Marshall,Roger Marshall,R,Barbara Bollier,0.04990879214479201,Jason Buckley,68263,1367755,"{""Jason Buckley"": {""party"": ""Libertarian"", ""votes"": 68263, ""pct"": 4.99}}",571530,267612,501564,-0.114371360368,0.417093408950,-0.019214728430,-0.220742470814,-0.095156631937,0.366070560858,0.04990879214479201,0.04161096241854124,0.008297829726250774,-0.120379348237619,0.879620651762381,-0.020048986034872075,-0.2262997567875612,-0.10033036220274694,0.8258999202780006,red,R+11.4,D+41.7,R+1.9,R+22.1,R+9.5,D+36.6,4.99%,4.99%,4.16%,0.83%,R+12.0,D+88.0,R+2.0,R+22.6,R+10.0,D+82.6,68263,,https://en.wikipedia.org/wiki/2020_United_States_Senate_election_in_Kansas,"{""Roger Marshall"": {""party"": ""Republican"", ""votes"": 727962, ""pct"": 53.22}, ""Barbara Bollier"": {""party"": ""Democratic"", ""votes"": 571530, ""pct"": 41.79}, ""Jason Buckley"": {""party"": ""Libertarian"", ""votes"": 68263, ""pct"": 4.99}}"
2020,Kentucky,KY,II,regular,General,2020 United States Senate election in Kentucky,816257,1233315,85485,0.38231157294629603,0.5776496833573999,Amy McGrath,Mitch McConnell,Mitch McConnell,R,Amy McGrath,0.03999237491083376,Brad Barron,85485,2135057,"{""Brad Barron"": {""party"": ""Libertarian"", ""votes"": 85386, ""pct"": 4.0}, ""Write-in"": {""party"": ""Write-in"", ""votes"": 99, ""pct"": 0.01}}",231559,426528,699189,-0.195338110411,-0.040665814629,-0.019214728430,-0.220742470814,-0.176123381981,-0.091688662721,0.04003874369630413,0.04161096241854124,-0.0015722187222371106,-0.20348541061255715,-0.043879665671001905,-0.020048986034872075,-0.2262997567875612,-0.18343642457768508,-0.0976003971553823,red,R+19.5,R+4.1,R+1.9,R+22.1,R+17.6,R+9.2,4.00%,4.00%,4.16%,-0.16%,R+20.3,R+4.4,R+2.0,R+22.6,R+18.3,R+9.8,85386,,https://en.wikipedia.org/wiki/2020_United_States_Senate_election_in_Kentucky,"{""Mitch McConnell"": {""party"": ""Republican"", ""votes"": 1233315, ""pct"": 57.76}, ""Amy McGrath"": {""party"": ""Democratic"", ""votes"": 816257, ""pct"": 38.23}, ""Brad Barron"": {""party"": ""Libertarian"", ""votes"": 85386, ""pct"": 4.0}, ""Write-in"": {""party"": ""Write-in"", ""votes"": 99, ""pct"": 0.01}}"
2020,Massachusetts,MA,II,regular,General,"United States Senate election in Massachusetts, 2020",2357809,1177765,28562,0.661537326297313,0.3304489503206387,Ed Markey,Kevin O'Connor,Ed Markey,D,Kevin O'Connor,0.005929627825649751,Shiva Ayyadurai,28562,3564136,"{""Shiva Ayyadurai"": {""party"": ""Independent"", ""votes"": 21134, ""pct"": 0.59}, ""Write-in"": {""party"": ""Write-in"", ""votes"": 7428, ""pct"": 0.21}}",1067865,385815,1479164,0.331088375977,0.092239125243,-0.019214728430,-0.220742470814,0.350303104407,0.041216277151,0.008013723382048272,0.04161096241854124,-0.03359723903649296,0.33376306082124146,0.09456068068085008,-0.020048986034872075,-0.2262997567875612,0.35381204685611356,0.040839949196469716,deepskyblue,D+33.1,D+9.2,R+1.9,R+22.1,D+35.0,D+4.1,0.59%,0.80%,4.16%,-3.36%,D+33.4,D+9.5,R+2.0,R+22.6,D+35.4,D+4.1,21134,,https://en.wikipedia.org/wiki/2020_United_States_Senate_election_in_Massachusetts,"{""Ed Markey"": {""party"": ""Democratic"", ""votes"": 2357809, ""pct"": 66.15}, ""Kevin O'Connor"": {""party"": ""Republican"", ""votes"": 1177765, ""pct"": 33.05}, ""Shiva Ayyadurai"": {""party"": ""Independent"", ""votes"": 21134, ""pct"": 0.59}, ""Write-in"": {""party"": ""Write-in"", ""votes"": 7428, ""pct"": 0.21}}"
2020,Maine,ME-AL,II,regular,General,"United States Senate election in Maine, 2020",347223,417645,54315,0.4238649971984282,0.509831136632474,Sara Gideon,Susan Collins,Susan Collins,R,Sara Gideon,0.04953594007688148,Lisa Savage,54315,819183,"{""Lisa Savage"": {""party"": ""Independent"", ""votes"": 40579, ""pct"": 4.95}, ""Max Linn"": {""party"": ""Independent"", ""votes"": 13508, ""pct"": 1.65}, ""Write-in"": {""party"": ""Write-in"", ""votes"": 228, ""pct"": 0.03}}",156979,4150,215175,-0.085966139434,0.283649825917,-0.019214728430,-0.220742470814,-0.066751411004,0.232626977825,0.06630386616909775,0.04161096241854124,0.024692903750556515,-0.09207078868510644,0.27770986156276556,-0.020048986034872075,-0.2262997567875612,-0.07202180265023436,0.2239891300783852,red,R+8.6,D+28.4,R+1.9,R+22.1,R+6.7,D+23.3,4.95%,6.63%,4.16%,2.47%,R+9.2,D+27.8,R+2.0,R+22.6,R+7.2,D+22.4,40579,,https://en.wikipedia.org/wiki/2020_United_States_Senate_election_in_Maine,"{""Susan Collins"": {""party"": ""Republican"", ""votes"": 417645, ""pct"": 50.98}, ""Sara Gideon"": {""party"": ""Democratic"", ""votes"": 347223, ""pct"": 42.39}, ""Lisa Savage"": {""party"": ""Independent"", ""votes"": 40579, ""pct"": 4.95}, ""Max Linn"": {""party"": ""Independent"", ""votes"": 13508, ""pct"": 1.65}, ""Write-in"": {""party"": ""Write-in"", ""votes"": 228, ""pct"": 0.03}}"
2020,Michigan,MI,II,regular,General,2020 United States Senate election in Michigan,2734568,2642233,102919,0.4990342572248217,0.48218394370515283,Gary Peters,John James,Gary Peters,D,John James,0.009233500981801989,Valerie Willis,102919,5479720,"{""Valerie Willis"": {""party"": ""Constitution"", ""votes"": 50597, ""pct"": 0.92}, ""Marcia Squier"": {""party"": ""Green"", ""votes"": 39217, ""pct"": 0.72}, ""Doug Dern"": {""party"": ""Natural Law"", ""votes"": 13093, ""pct"": 0.24}, ""Write-in"": {""party"": ""Write-in"", ""votes"": 12, ""pct"": 0.0}}",1029632,1352034,2357945,0.016850313520,-0.116002630719,-0.019214728430,-0.220742470814,0.036065041950,-0.167025478811,0.018781799070025477,0.04161096241854124,-0.02282916334851576,0.017172850548123317,-0.12129736865735491,-0.020048986034872075,-0.2262997567875612,0.037221836582995396,-0.1750181001417353,deepskyblue,D+1.7,R+11.6,R+1.9,R+22.1,D+3.6,R+16.7,0.92%,1.88%,4.16%,-2.28%,D+1.7,R+12.1,R+2.0,R+22.6,D+3.7,R+17.5,50597,,https://en.wikipedia.org/wiki/2020_United_States_Senate_election_in_Michigan,"{""Gary Peters"": {""party"": ""Democratic"", ""votes"": 2734568, ""pct"": 49.9}, ""John James"": {""party"": ""Republican"", ""votes"": 2642233, ""pct"": 48.22}, ""Valerie Willis"": {""party"": ""Constitution"", ""votes"": 50597, ""pct"": 0.92}, ""Marcia Squier"": {""party"": ""Green"", ""votes"": 39217, ""pct"": 0.72}, ""Doug Dern"": {""party"": ""Natural Law"", ""votes"": 13093, ""pct"": 0.24}, ""Write-in"": {""party"": ""Write-in"", ""votes"": 12, ""pct"": 0.0}}"
2020,Minnesota,MN,II,regular,General,2020 United States Senate election in Minnesota,1566522,1398145,249589,0.48736690543628136,0.43498246561568216,Tina Smith,Jason Lewis,Tina Smith,D,Jason Lewis,0.059159569119572306,Kevin O'Connor,249589,3214256,"{""Kevin O'Connor"": {""party"": ""Legal Marijuana Now"", ""votes"": 190154, ""pct"": 5.91}, ""Oliver Steinberg"": {""party"": ""Grassroots—LC"", ""votes"": 57174, ""pct"": 1.78}, ""Write-in"": {""party"": ""Write-in"", ""votes"": 2261, ""pct"": 0.07}}",513317,547918,1232728,0.052384439821,-0.050050650675,-0.019214728430,-0.220742470814,0.071599168251,-0.101073498767,0.0776506289480365,0.04161096241854124,0.03603966652949526,0.056794574230427906,-0.04984333035455333,-0.020048986034872075,-0.2262997567875612,0.07684356026529998,-0.10356406183893371,deepskyblue,D+5.2,R+5.0,R+1.9,R+22.1,D+7.2,R+10.1,5.92%,7.77%,4.16%,3.60%,D+5.7,R+5.0,R+2.0,R+22.6,D+7.7,R+10.4,190154,,https://en.wikipedia.org/wiki/2020_United_States_Senate_election_in_Minnesota,"{""Tina Smith"": {""party"": ""Democratic (DFL)"", ""votes"": 1566522, ""pct"": 48.74}, ""Jason Lewis"": {""party"": ""Republican"", ""votes"": 1398145, ""pct"": 43.5}, ""Kevin O'Connor"": {""party"": ""Legal Marijuana Now"", ""votes"": 190154, ""pct"": 5.91}, ""Oliver Steinberg"": {""party"": ""Grassroots—LC"", ""votes"": 57174, ""pct"": 1.78}, ""Write-in"": {""party"": ""Write-in"", ""votes"": 2261, ""pct"": 0.07}}"
2020,Mississippi,MS,II,regular,General,2020 United States Senate election in Mississippi,578691,709511,23152,0.44129274017542175,0.5410522254097673,Mike Espy,Cindy Hyde-Smith,Cindy Hyde-Smith,R,Mike Espy,0.01765503441481095,Jimmy Edwards,23152,1311354,"{""Jimmy Edwards"": {""party"": ""Libertarian"", ""votes"": 23152, ""pct"": 1.77}}",339252,331030,679496,-0.099759485234,0.120293121522,-0.019214728430,-0.220742470814,-0.080544756804,0.069270273430,0.01765503441481095,0.04161096241854124,-0.023955928003730288,-0.1015523962856757,0.12346378703902652,-0.020048986034872075,-0.2262997567875612,-0.08150341025080363,0.06974305555464613,red,R+10.0,D+12.0,R+1.9,R+22.1,R+8.1,D+6.9,1.77%,1.77%,4.16%,-2.40%,R+10.2,D+12.3,R+2.0,R+22.6,R+8.2,D+7.0,23152,,https://en.wikipedia.org/wiki/2020_United_States_Senate_election_in_Mississippi,"{""Cindy Hyde-Smith"": {""party"": ""Republican"", ""votes"": 709511, ""pct"": 54.11}, ""Mike Espy"": {""party"": ""Democratic"", ""votes"": 578691, ""pct"": 44.13}, ""Jimmy Edwards"": {""party"": ""Libertarian"", ""votes"": 23152, ""pct"": 1.77}}"
2020,Montana,MT,II,regular,General,"United States Senate election in Montana, 2020",272463,333174,0,0.4498783925024396,0.5501216074975604,Steve Bullock,Steve Daines,Steve Daines,R,Steve Bullock,0.0,None,0,605637,{},124233,119465,235765,-0.100243214995,0.076788298610,-0.019214728430,-0.220742470814,-0.081028486565,0.025765450518,0.0,0.04161096241854124,-0.04161096241854124,-0.10024321499512084,0.08066848559531015,-0.020048986034872075,-0.2262997567875612,-0.08019422896024878,0.026947754110929756,red,R+10.0,D+7.7,R+1.9,R+22.1,R+8.1,D+2.6,0.00%,0.00%,4.16%,-4.16%,R+10.0,D+8.1,R+2.0,R+22.6,R+8.0,D+2.7,0,,https://en.wikipedia.org/wiki/2020_United_States_Senate_election_in_Montana,"{""Steve Daines"": {""party"": ""Republican"", ""votes"": 333174, ""pct"": 55.01}, ""Steve Bullock"": {""party"": ""Democratic"", ""votes"": 272463, ""pct"": 44.99}}"
2020,North Carolina,NC,II,regular,General,2020 United States Senate election in North Carolina,2569965,2665598,239389,0.46940411532375076,0.4868714830741895,Cal Cunningham,Thom Tillis,Thom Tillis,R,Cal Cunningham,0.031337443689004034,Shannon Bray,239389,5474952,"{""Shannon Bray"": {""party"": ""Libertarian"", ""votes"": 171571, ""pct"": 3.13}, ""Kevin E. Hayes"": {""party"": ""Constitution"", ""votes"": 67818, ""pct"": 1.24}}",1192314,1242339,2559671,-0.017467367750,-0.001822906719,-0.019214728430,-0.220742470814,0.001747360680,-0.052845754811,0.04372440160205971,0.04161096241854124,0.002113439183518473,-0.018266039392516142,-0.0019827600297376152,-0.020048986034872075,-0.2262997567875612,0.0017829466423559329,-0.055703491514118,red,R+1.7,R+0.2,R+1.9,R+22.1,D+0.2,R+5.3,3.13%,4.37%,4.16%,0.21%,R+1.8,R+0.2,R+2.0,R+22.6,D+0.2,R+5.6,171571,,https://en.wikipedia.org/wiki/2020_United_States_Senate_election_in_North_Carolina,"{""Thom Tillis"": {""party"": ""Republican"", ""votes"": 2665598, ""pct"": 48.69}, ""Cal Cunningham"": {""party"": ""Democratic"", ""votes"": 2569965, ""pct"": 46.94}, ""Shannon Bray"": {""party"": ""Libertarian"", ""votes"": 171571, ""pct"": 3.13}, ""Kevin E. Hayes"": {""party"": ""Constitution"", ""votes"": 67818, ""pct"": 1.24}}"
2020,Nebraska,NE-AL,II,regular,General,"United States Senate election in Nebraska, 2020",285602,583507,417219,0.222028907090571,0.4536222487577041,Chris Janicek,Ben Sasse,Ben Sasse,R,Majority,0.2770024441666511,Majority,417219,1286328,"{""Majority"": {""party"": ""Majority"", ""votes"": 356316, ""pct"": 38.31}, ""Gene Siadek"": {""party"": ""Libertarian"", ""votes"": 55115, ""pct"": 5.93}, ""Write-in"": {""party"": ""Write-in"", ""votes"": 5788, ""pct"": 0.62}}",115475,235871,568482,-0.231593341667,0.015686715615,-0.019214728430,-0.220742470814,-0.212378613237,-0.035336132477,0.32434884415172494,0.04161096241854124,0.2827378817331837,-0.34277058458720366,6.774105599605118e-05,-0.020048986034872075,-0.2262997567875612,-0.32272159855233157,-0.053652990428384284,red,R+23.2,D+1.6,R+1.9,R+22.1,R+21.2,R+3.5,27.70%,32.43%,4.16%,28.27%,R+34.3,D+0.0,R+2.0,R+22.6,R+32.3,R+5.4,356316,,https://en.wikipedia.org/wiki/2020_United_States_Senate_election_in_Nebraska,"{""Ben Sasse"": {""party"": ""Republican"", ""votes"": 583507, ""pct"": 62.74}, ""Majority"": {""party"": ""Majority"", ""votes"": 356316, ""pct"": 38.31}, ""Chris Janicek"": {""party"": ""Democratic"", ""votes"": 227191, ""pct"": 24.43}, ""Preston Love Jr."": {""party"": ""Democratic"", ""votes"": 58411, ""pct"": 6.28}, ""Gene Siadek"": {""party"": ""Libertarian"", ""votes"": 55115, ""pct"": 5.93}, ""Write-in"": {""party"": ""Write-in"", ""votes"": 5788, ""pct"": 0.62}}"
2020,New Hampshire,NH,II,regular,General,"United States Senate election in New Hampshire, 2020",450778,326229,18907,0.5663652103116669,0.40987971062200185,Jeanne Shaheen,"Bryant ""Corky"" Messner",Jeanne Shaheen,D,"Bryant ""Corky"" Messner",0.023144460331141304,Justin O'Donnell,18907,795914,"{""Justin O'Donnell"": {""party"": ""Libertarian"", ""votes"": 18421, ""pct"": 2.32}, ""Write-in"": {""party"": ""Write-in"", ""votes"": 486, ""pct"": 0.06}}",199594,90882,307755,0.156485499690,0.124043201176,-0.019214728430,-0.220742470814,0.175700228120,0.073020353084,0.023755079066331286,0.04161096241854124,-0.01785588335220995,0.1602932792111268,0.12774242428101956,-0.020048986034872075,-0.2262997567875612,0.18034226524599886,0.07402169279663917,deepskyblue,D+15.6,D+12.4,R+1.9,R+22.1,D+17.6,D+7.3,2.31%,2.38%,4.16%,-1.79%,D+16.0,D+12.8,R+2.0,R+22.6,D+18.0,D+7.4,18421,,https://en.wikipedia.org/wiki/2020_United_States_Senate_election_in_New_Hampshire,"{""Jeanne Shaheen"": {""party"": ""Democratic"", ""votes"": 450778, ""pct"": 56.63}, ""Bryant \""Corky\"" Messner"": {""party"": ""Republican"", ""votes"": 326229, ""pct"": 40.99}, ""Justin O'Donnell"": {""party"": ""Libertarian"", ""votes"": 18421, ""pct"": 2.32}, ""Write-in"": {""party"": ""Write-in"", ""votes"": 486, ""pct"": 0.06}}"
2020,New Jersey,NJ,II,regular,General,"United States Senate election in New Jersey, 2020",2541239,1817091,82210,0.5722815243191144,0.4092049615587293,Cory Booker,Rikin Mehta,Cory Booker,D,Rikin Mehta,0.008622374756223343,Madelyn Hoffman,82210,4440540,"{""Madelyn Hoffman"": {""party"": ""Green"", ""votes"": 38288, ""pct"": 0.86}, ""Veronica Fernandez"": {""party"": ""Independent"", ""votes"": 32290, ""pct"": 0.73}, ""Daniel Burke"": {""party"": ""Independent"", ""votes"": 11632, ""pct"": 0.26}}",1497373,1025794,2571005,0.163076562760,0.027979332701,-0.019214728430,-0.220742470814,0.182291291191,-0.023043515391,0.018513514122156315,0.04161096241854124,-0.023097448296384923,0.1661526318566974,0.028525075067463962,-0.020048986034872075,-0.2262997567875612,0.18620161789156947,-0.02519565641691643,deepskyblue,D+16.3,D+2.8,R+1.9,R+22.1,D+18.2,R+2.3,0.86%,1.85%,4.16%,-2.31%,D+16.6,D+2.9,R+2.0,R+22.6,D+18.6,R+2.5,38288,,https://en.wikipedia.org/wiki/2020_United_States_Senate_election_in_New_Jersey,"{""Cory Booker"": {""party"": ""Democratic"", ""votes"": 2541239, ""pct"": 57.23}, ""Rikin Mehta"": {""party"": ""Republican"", ""votes"": 1817091, ""pct"": 40.92}, ""Madelyn Hoffman"": {""party"": ""Green"", ""votes"": 38288, ""pct"": 0.86}, ""Veronica Fernandez"": {""party"": ""Independent"", ""votes"": 32290, ""pct"": 0.73}, ""Daniel Burke"": {""party"": ""Independent"", ""votes"": 11632, ""pct"": 0.26}}"
2020,New Mexico,NM,II,regular,General,"United States Senate election in New Mexico, 2020",474483,418483,24271,0.5172959660371311,0.45624304296490437,Ben Ray Luján,Mark Ronchetti,Ben Ray Luján,D,Mark Ronchetti,0.026460990997964538,Bob Walsh,24271,917237,"{""Bob Walsh"": {""party"": ""Libertarian"", ""votes"": 24271, ""pct"": 2.65}}",188074,189386,401731,0.061052923072,-0.050123280503,-0.019214728430,-0.220742470814,0.080267651503,-0.101146128594,0.026460990997964538,0.04161096241854124,-0.0151499714205767,0.06271235410978694,-0.04846384946495322,-0.020048986034872075,-0.2262997567875612,0.08276134014465902,-0.10218458094933358,deepskyblue,D+6.1,R+5.0,R+1.9,R+22.1,D+8.0,R+10.1,2.65%,2.65%,4.16%,-1.51%,D+6.3,R+4.8,R+2.0,R+22.6,D+8.3,R+10.2,24271,,https://en.wikipedia.org/wiki/2020_United_States_Senate_election_in_New_Mexico,"{""Ben Ray Luján"": {""party"": ""Democratic"", ""votes"": 474483, ""pct"": 51.73}, ""Mark Ronchetti"": {""party"": ""Republican"", ""votes"": 418483, ""pct"": 45.62}, ""Bob Walsh"": {""party"": ""Libertarian"", ""votes"": 24271, ""pct"": 2.65}}"
2020,Oklahoma,OK,II,regular,General,"United States Senate election in Oklahoma, 2020",509763,979140,67458,0.32753519267059505,0.629121392787406,Abby Broyles,Jim Inhofe,Jim Inhofe,R,Abby Broyles,0.022125329534728767,Robert Murphy,67458,1556361,"{""Robert Murphy"": {""party"": ""Libertarian"", ""votes"": 34435, ""pct"": 2.21}, ""Joan Farr"": {""party"": ""Independent"", ""votes"": 21652, ""pct"": 1.39}, ""A. D. Nesbit"": {""party"": ""Independent"", ""votes"": 11371, ""pct"": 0.73}}",275456,420974,735628,-0.301586200117,0.093011068422,-0.019214728430,-0.220742470814,-0.282371471686,0.041988220330,0.043343414541998936,0.04161096241854124,0.0017324521234576978,-0.31525022113596385,0.09341859155544646,-0.020048986034872075,-0.2262997567875612,-0.29520123510109175,0.03969786007106613,red,R+30.2,D+9.3,R+1.9,R+22.1,R+28.2,D+4.2,2.21%,4.33%,4.16%,0.17%,R+31.5,D+9.3,R+2.0,R+22.6,R+29.5,D+4.0,34435,,https://en.wikipedia.org/wiki/2020_United_States_Senate_election_in_Oklahoma,"{""Jim Inhofe"": {""party"": ""Republican"", ""votes"": 979140, ""pct"": 62.91}, ""Abby Broyles"": {""party"": ""Democratic"", ""votes"": 509763, ""pct"": 32.75}, ""Robert Murphy"": {""party"": ""Libertarian"", ""votes"": 34435, ""pct"": 2.21}, ""Joan Farr"": {""party"": ""Independent"", ""votes"": 21652, ""pct"": 1.39}, ""A. D. Nesbit"": {""party"": ""Independent"", ""votes"": 11371, ""pct"": 0.73}}"
2020,Oregon,OR,II,regular,General,2020 United States Senate election in Oregon,1321047,912814,87388,0.5691104228800961,0.3932426034432325,Jeff Merkley,Jo Rae Perkins,Jeff Merkley,D,Jo Rae Perkins,0.01841551681874715,Gary Dye,87388,2321249,"{""Gary Dye"": {""party"": ""Libertarian"", ""votes"": 42747, ""pct"": 1.84}, ""Ibrahim Taher"": {""party"": ""Pacific Green"", ""votes"": 42239, ""pct"": 1.82}, ""Write-in"": {""party"": ""Write-in"", ""votes"": 2402, ""pct"": 0.11}}",506510,373967,859631,0.175867819437,-0.012751915679,-0.019214728430,-0.220742470814,0.195082547867,-0.063774763771,0.03764697367667148,0.04161096241854124,-0.003963988741869755,0.18274771796454659,-0.020956478331552675,-0.020048986034872075,-0.2262997567875612,0.20279670399941865,-0.07467720981593304,deepskyblue,D+17.6,R+1.3,R+1.9,R+22.1,D+19.5,R+6.4,1.84%,3.76%,4.16%,-0.40%,D+18.3,R+2.1,R+2.0,R+22.6,D+20.3,R+7.5,42747,,https://en.wikipedia.org/wiki/2020_United_States_Senate_election_in_Oregon,"{""Jeff Merkley"": {""party"": ""Democratic"", ""votes"": 1321047, ""pct"": 56.91}, ""Jo Rae Perkins"": {""party"": ""Republican"", ""votes"": 912814, ""pct"": 39.32}, ""Gary Dye"": {""party"": ""Libertarian"", ""votes"": 42747, ""pct"": 1.84}, ""Ibrahim Taher"": {""party"": ""Pacific Green"", ""votes"": 42239, ""pct"": 1.82}, ""Write-in"": {""party"": ""Write-in"", ""votes"": 2402, ""pct"": 0.11}}"
2020,Rhode Island,RI,II,regular,General,"United States Senate election in Rhode Island, 2020",328574,164855,833,0.6647769806297065,0.33353767839728726,Jack Reed,Allen Waters,Jack Reed,D,Allen Waters,0.0016853409730062194,Write-in,833,494262,"{""Write-in"": {""party"": ""Write-in"", ""votes"": 833, ""pct"": 0.17}}",104899,72171,177364,0.331239302232,-0.082114521395,-0.019214728430,-0.220742470814,0.350454030663,-0.133137369487,0.0016853409730062194,0.04161096241854124,-0.03992562144553502,0.33179849583222715,-0.08225958375457137,-0.020048986034872075,-0.2262997567875612,0.35184748186709924,-0.1359803152389517,deepskyblue,D+33.1,R+8.2,R+1.9,R+22.1,D+35.0,R+13.3,0.17%,0.17%,4.16%,-3.99%,D+33.2,R+8.2,R+2.0,R+22.6,D+35.2,R+13.6,833,,https://en.wikipedia.org/wiki/2020_United_States_Senate_election_in_Rhode_Island,"{""Jack Reed"": {""party"": ""Democratic"", ""votes"": 328574, ""pct"": 66.48}, ""Allen Waters"": {""party"": ""Republican"", ""votes"": 164855, ""pct"": 33.35}, ""Write-in"": {""party"": ""Write-in"", ""votes"": 833, ""pct"": 0.17}}"
2020,South Carolina,SC,II,regular,General,"United States Senate election in South Carolina, 2020",1110828,1369137,35139,0.4416628497270888,0.544365958624375,Jaime Harrison,Lindsey Graham,Lindsey Graham,R,Jaime Harrison,0.01305910212857997,Bill Bledsoe,35139,2515104,"{""Bill Bledsoe"": {""party"": ""Constitution"", ""votes"": 32845, ""pct"": 1.3}, ""Write-in"": {""party"": ""Write-in"", ""votes"": 2294, ""pct"": 0.09}}",629895,696196,1275029,-0.102703108897,0.052132687325,-0.019214728430,-0.220742470814,-0.083488380467,0.001109839233,0.013971191648536203,0.04161096241854124,-0.027639770770005033,-0.10415832481506795,0.062244592661190284,-0.020048986034872075,-0.2262997567875612,-0.08410933878019589,0.008523861176809894,red,R+10.3,D+5.2,R+1.9,R+22.1,R+8.3,D+0.1,1.31%,1.40%,4.16%,-2.76%,R+10.4,D+6.2,R+2.0,R+22.6,R+8.4,D+0.9,32845,,https://en.wikipedia.org/wiki/2020_United_States_Senate_election_in_South_Carolina,"{""Lindsey Graham"": {""party"": ""Republican"", ""votes"": 1369137, ""pct"": 54.44}, ""Jaime Harrison"": {""party"": ""Democratic"", ""votes"": 1110828, ""pct"": 44.17}, ""Bill Bledsoe"": {""party"": ""Constitution"", ""votes"": 32845, ""pct"": 1.3}, ""Write-in"": {""party"": ""Write-in"", ""votes"": 2294, ""pct"": 0.09}}"
2020,South Dakota,SD,II,regular,General,"United States Senate election in South Dakota, 2020",143987,276232,0,0.3426475242671083,0.6573524757328917,Daniel Ahlers,Mike Rounds,Mike Rounds,R,Daniel Ahlers,0.0,None,0,420219,{},61531,135491,140807,-0.314704951466,-0.106106179759,-0.019214728430,-0.220742470814,-0.295490223035,-0.157129027851,0.0,0.04161096241854124,-0.04161096241854124,-0.3147049514657833,-0.053567929014764704,-0.020048986034872075,-0.2262997567875612,-0.2946559654309112,-0.10728866049914507,red,R+31.5,R+10.6,R+1.9,R+22.1,R+29.5,R+15.7,0.00%,0.00%,4.16%,-4.16%,R+31.5,R+5.4,R+2.0,R+22.6,R+29.5,R+10.7,0,,https://en.wikipedia.org/wiki/2020_United_States_Senate_election_in_South_Dakota,"{""Mike Rounds"": {""party"": ""Republican"", ""votes"": 276232, ""pct"": 65.74}, ""Daniel Ahlers"": {""party"": ""Democratic"", ""votes"": 143987, ""pct"": 34.26}}"
2020,Tennessee,TN,II,regular,General,2020 United States Senate election in Tennessee,1040691,1840926,78144,0.3516131876864382,0.6219846805198123,Marquita Bradshaw,Bill Hagerty,Bill Hagerty,R,Marquita Bradshaw,0.005626129947654557,Elizabeth McLeod,78144,2959761,"{""Elizabeth McLeod"": {""party"": ""Independent"", ""votes"": 16652, ""pct"": 0.56}, ""Yomi Faparusi"": {""party"": ""Independent"", ""votes"": 10727, ""pct"": 0.36}, ""Stephen Hooper"": {""party"": ""Independent"", ""votes"": 9609, ""pct"": 0.32}, ""Kacey Morgan"": {""party"": ""Independent"", ""votes"": 9598, ""pct"": 0.32}, ""Ronnie Henley"": {""party"": ""Independent"", ""votes"": 8478, ""pct"": 0.3}, ""Aaron James"": {""party"": ""Independent"", ""votes"": 7203, ""pct"": 0.29}, ""Eric William Stansberry"": {""party"": ""Independent"", ""votes"": 6781, ""pct"": 0.23}, ""Dean Hill"": {""party"": ""Independent"", ""votes"": 4872, ""pct"": 0.16}, ""Jeffrey Grunau"": {""party"": ""Independent"", ""votes"": 4160, ""pct"": 0.14}, ""Write-in"": {""party"": ""Write-in"", ""votes"": 64, ""pct"": 0.0}}",602843,990839,1585696,-0.270371492833,0.029642698635,-0.019214728430,-0.220742470814,-0.251156764403,-0.021380149457,0.02640213179374956,0.04161096241854124,-0.015208830624791676,-0.2777034560803882,0.04237403230217768,-0.020048986034872075,-0.2262997567875612,-0.2576544700455161,-0.011346699182202685,red,R+27.0,D+3.0,R+1.9,R+22.1,R+25.1,R+2.1,0.56%,2.64%,4.16%,-1.52%,R+27.8,D+4.2,R+2.0,R+22.6,R+25.8,R+1.1,16652,,https://en.wikipedia.org/wiki/2020_United_States_Senate_election_in_Tennessee,"{""Bill Hagerty"": {""party"": ""Republican"", ""votes"": 1840926, ""pct"": 62.2}, ""Marquita Bradshaw"": {""party"": ""Democratic"", ""votes"": 1040691, ""pct"": 35.16}, ""Elizabeth McLeod"": {""party"": ""Independent"", ""votes"": 16652, ""pct"": 0.56}, ""Yomi Faparusi"": {""party"": ""Independent"", ""votes"": 10727, ""pct"": 0.36}, ""Stephen Hooper"": {""party"": ""Independent"", ""votes"": 9609, ""pct"": 0.32}, ""Kacey Morgan"": {""party"": ""Independent"", ""votes"": 9598, ""pct"": 0.32}, ""Ronnie Henley"": {""party"": ""Independent"", ""votes"": 8478, ""pct"": 0.3}, ""Aaron James"": {""party"": ""Independent"", ""votes"": 7203, ""pct"": 0.29}, ""Eric William Stansberry"": {""party"": ""Independent"", ""votes"": 6781, ""pct"": 0.23}, ""Dean Hill"": {""party"": ""Independent"", ""votes"": 4872, ""pct"": 0.16}, ""Jeffrey Grunau"": {""party"": ""Independent"", ""votes"": 4160, ""pct"": 0.14}, ""Write-in"": {""party"": ""Write-in"", ""votes"": 64, ""pct"": 0.0}}"
2020,Texas,TX,II,regular,General,2020 United States Senate election in Texas,4888764,5962983,292293,0.4386886622804656,0.5350826989134999,MJ Hegar,John Cornyn,John Cornyn,R,MJ Hegar,0.018819207396958373,Kerry McKennon,292293,11144040,"{""Kerry McKennon"": {""party"": ""Libertarian"", ""votes"": 209722, ""pct"": 1.88}, ""David Collins"": {""party"": ""Green"", ""votes"": 81893, ""pct"": 0.73}, ""Ricardo Turullols-Bonilla"": {""party"": ""Independent"", ""votes"": 678, ""pct"": 0.01}}",3291377,3101452,6495672,-0.096394036633,0.175560335310,-0.019214728430,-0.220742470814,-0.077179308203,0.124537487218,0.026228638806034436,0.04161096241854124,-0.015382323612506802,-0.0989904206207535,0.18451871769486475,-0.020048986034872075,-0.2262997567875612,-0.07894143458588143,0.13079798621048436,red,R+9.6,D+17.6,R+1.9,R+22.1,R+7.7,D+12.5,1.88%,2.62%,4.16%,-1.54%,R+9.9,D+18.5,R+2.0,R+22.6,R+7.9,D+13.1,209722,,https://en.wikipedia.org/wiki/2020_United_States_Senate_election_in_Texas,"{""John Cornyn"": {""party"": ""Republican"", ""votes"": 5962983, ""pct"": 53.51}, ""MJ Hegar"": {""party"": ""Democratic"", ""votes"": 4888764, ""pct"": 43.87}, ""Kerry McKennon"": {""party"": ""Libertarian"", ""votes"": 209722, ""pct"": 1.88}, ""David Collins"": {""party"": ""Green"", ""votes"": 81893, ""pct"": 0.73}, ""Ricardo Turullols-Bonilla"": {""party"": ""Independent"", ""votes"": 678, ""pct"": 0.01}}"
2020,Virginia,VA,II,regular,General,"United States Senate election in Virginia, 2020",2466500,1934199,4388,0.559920836977794,0.43908304194673115,Mark Warner,Daniel Gade,Mark Warner,D,Daniel Gade,0.0009961210754747863,Write-in,4388,4405087,"{""Write-in"": {""party"": ""Write-in"", ""votes"": 4388, ""pct"": 0.1}}",1392833,878259,2220614,0.120837795031,0.112722794296,-0.019214728430,-0.220742470814,0.140052523462,0.061699946204,0.0009961210754747863,0.04161096241854124,-0.04061484134306645,0.12095828412713526,0.11263421306613668,-0.020048986034872075,-0.2262997567875612,0.14100727016200734,0.0589134815817563,deepskyblue,D+12.1,D+11.3,R+1.9,R+22.1,D+14.0,D+6.2,0.10%,0.10%,4.16%,-4.06%,D+12.1,D+11.3,R+2.0,R+22.6,D+14.1,D+5.9,4388,,https://en.wikipedia.org/wiki/2020_United_States_Senate_election_in_Virginia,"{""Mark Warner"": {""party"": ""Democratic"", ""votes"": 2466500, ""pct"": 55.99}, ""Daniel Gade"": {""party"": ""Republican"", ""votes"": 1934199, ""pct"": 43.91}, ""Write-in"": {""party"": ""Write-in"", ""votes"": 4388, ""pct"": 0.1}}"
2020,West Virginia,WV,II,regular,General,"United States Senate election in West Virginia, 2020",210309,547454,21155,0.27000146356869403,0.7028390664999397,Paula Jean Swearengin,Shelley Moore Capito,Shelley Moore Capito,R,Paula Jean Swearengin,0.02715946993136633,David Moran,21155,778918,"{""David Moran"": {""party"": ""Libertarian"", ""votes"": 21155, ""pct"": 2.72}}",53949,265634,325259,-0.432837602931,-0.156286272527,-0.019214728430,-0.220742470814,-0.413622874501,-0.207309120619,0.02715946993136633,0.04161096241854124,-0.014451492487174908,-0.4449214332185657,-0.1586007430912208,-0.020048986034872075,-0.2262997567875612,-0.4248724471836936,-0.21232147457560116,red,R+43.3,R+15.6,R+1.9,R+22.1,R+41.4,R+20.7,2.72%,2.72%,4.16%,-1.45%,R+44.5,R+15.9,R+2.0,R+22.6,R+42.5,R+21.2,21155,,https://en.wikipedia.org/wiki/2020_United_States_Senate_election_in_West_Virginia,"{""Shelley Moore Capito"": {""party"": ""Republican"", ""votes"": 547454, ""pct"": 70.28}, ""Paula Jean Swearengin"": {""party"": ""Democratic"", ""votes"": 210309, ""pct"": 27.0}, ""David Moran"": {""party"": ""Libertarian"", ""votes"": 21155, ""pct"": 2.72}}"
2020,Wyoming,WY,II,regular,General,"United States Senate election in Wyoming, 2020",72766,198100,1071,0.2675840360083402,0.7284775517858916,Merav Ben-David,Cynthia Lummis,Cynthia Lummis,R,Merav Ben-David,0.003938412205768248,Write-in,1071,271937,"{""Write-in"": {""party"": ""Write-in"", ""votes"": 1071, ""pct"": 0.39}}",43389,76546,103547,-0.460893515778,0.086508348941,-0.019214728430,-0.220742470814,-0.441678787347,0.035485500849,0.003938412205768248,0.04161096241854124,-0.03767255021277299,-0.462715881653659,0.14800689895469848,-0.020048986034872075,-0.2262997567875612,-0.4426668956187869,0.09428616747031815,red,R+46.1,D+8.7,R+1.9,R+22.1,R+44.2,D+3.5,0.39%,0.39%,4.16%,-3.77%,R+46.3,D+14.8,R+2.0,R+22.6,R+44.3,D+9.4,1071,,https://en.wikipedia.org/wiki/2020_United_States_Senate_election_in_Wyoming,"{""Cynthia Lummis"": {""party"": ""Republican"", ""votes"": 198100, ""pct"": 72.85}, ""Merav Ben-David"": {""party"": ""Democratic"", ""votes"": 72766, ""pct"": 26.76}, ""Write-in"": {""party"": ""Write-in"", ""votes"": 1071, ""pct"": 0.39}}"
2022,United States,NATIONAL,,national,Aggregate,National aggregate,33041591,34956140,12149938,0.41225891422993227,0.43614668319299466,Democratic total,Republican total,Republican Party,R,Democratic Party,0.0,Various,12149938,80147669,{},-1881817,-1396276,5777219,-0.023887768963,-0.004673040533,-0.023887768963,-0.004673040533,0.000000000000,0.000000000000,0.15159440257707307,0.15159440257707307,0.0,-0.02815607185480939,-0.008107085819937316,-0.02815607185480939,-0.008107085819937316,0.0,0.0,transparent,R+2.4,R+0.5,R+2.4,R+0.5,EVEN,EVEN,0.00%,15.16%,15.16%,0.00%,R+2.8,R+0.8,R+2.8,R+0.8,EVEN,EVEN,0,,,{}
2022,Alabama,AL,III,regular,General,2022 United States Senate election in Alabama,436746,942154,35338,0.30882072183041326,0.6661919705169851,Will Boyd,Katie Britt,Katie Britt,R,Will Boyd,0.023248562123206987,John Sophocleus,35338,1414238,"{""John Sophocleus"": {""party"": ""Libertarian"", ""votes"": 32879, ""pct"": 2.32}, ""Write-in"": {""party"": ""Write-in"", ""votes"": 2459, ""pct"": 0.17}}",-311963,-392950,-673206,-0.357371248687,-0.076455928323,-0.023887768963,-0.004673040533,-0.333483479724,0.053544528291,0.024987307652601612,0.15159440257707307,-0.12660709492447147,-0.3665298426281819,-0.08512503327148818,-0.02815607185480939,-0.008107085819937316,-0.3383737707733725,0.05301972215489009,red,R+35.7,R+7.6,R+2.4,R+0.5,R+33.3,D+5.4,2.32%,2.50%,15.16%,-12.66%,R+36.7,R+8.5,R+2.8,R+0.8,R+33.8,D+5.3,32879,,https://en.wikipedia.org/wiki/2022_United_States_Senate_election_in_Alabama,"{""Katie Britt"": {""party"": ""Republican"", ""votes"": 942154, ""pct"": 66.62}, ""Will Boyd"": {""party"": ""Democratic"", ""votes"": 436746, ""pct"": 30.88}, ""John Sophocleus"": {""party"": ""Libertarian"", ""votes"": 32879, ""pct"": 2.32}, ""Write-in"": {""party"": ""Write-in"", ""votes"": 2459, ""pct"": 0.17}}"
2022,Arkansas,AR,III,regular,General,2022 United States Senate election in Arkansas,280187,592437,28682,0.3108677851917107,0.6573095042083377,Natalie James,John Boozman,John Boozman,R,Natalie James,0.03182271059995163,Kenneth Cates,28682,901306,"{""Kenneth Cates"": {""party"": ""Libertarian"", ""votes"": 28682, ""pct"": 3.18}}",-120415,-69547,-206216,-0.346441719017,-0.110435571960,-0.023887768963,-0.004673040533,-0.322553950054,0.019564884654,0.03182271059995163,0.15159440257707307,-0.11977169197712145,-0.35782880140816664,-0.11184212362396848,-0.02815607185480939,-0.008107085819937316,-0.32967272955335725,0.026302631802409826,red,R+34.6,R+11.0,R+2.4,R+0.5,R+32.3,D+2.0,3.18%,3.18%,15.16%,-11.98%,R+35.8,R+11.2,R+2.8,R+0.8,R+33.0,D+2.6,28682,,https://en.wikipedia.org/wiki/2022_United_States_Senate_election_in_Arkansas,"{""John Boozman"": {""party"": ""Republican"", ""votes"": 592437, ""pct"": 65.73}, ""Natalie James"": {""party"": ""Democratic"", ""votes"": 280187, ""pct"": 31.09}, ""Kenneth Cates"": {""party"": ""Libertarian"", ""votes"": 28682, ""pct"": 3.18}}"
2022,Arizona,AZ,III,regular,General,2022 United States Senate election in Arizona,1322027,1196308,53959,0.5139486388414388,0.46507436552742415,Mark Kelly,Blake Masters,Mark Kelly,D,Blake Masters,0.02090041029524619,Marc Victor,53959,2572294,"{""Marc Victor"": {""party"": ""Libertarian"", ""votes"": 53762, ""pct"": 2.09}, ""Write-in"": {""party"": ""Write-in"", ""votes"": 197, ""pct"": 0.01}}",290782,-162959,41564,0.048874273314,0.178489838783,-0.023887768963,-0.004673040533,0.072762042277,0.308490295398,0.020976995631137033,0.15159440257707307,-0.13061740694593604,0.049921475895780346,0.18713977892040434,-0.02815607185480939,-0.008107085819937316,0.07807754775058974,0.3252845343467826,deepskyblue,D+4.9,D+17.8,R+2.4,R+0.5,D+7.3,D+30.8,2.09%,2.10%,15.16%,-13.06%,D+5.0,D+18.7,R+2.8,R+0.8,D+7.8,D+32.5,53762,,https://en.wikipedia.org/wiki/2022_United_States_Senate_election_in_Arizona,"{""Mark Kelly"": {""party"": ""Democratic"", ""votes"": 1322027, ""pct"": 51.39}, ""Blake Masters"": {""party"": ""Republican"", ""votes"": 1196308, ""pct"": 46.51}, ""Marc Victor"": {""party"": ""Libertarian"", ""votes"": 53762, ""pct"": 2.09}, ""Write-in"": {""party"": ""Write-in"", ""votes"": 197, ""pct"": 0.01}}"
2022,Colorado,CO,III,regular,General,2022 United States Senate election in Colorado,1397170,1031693,71338,0.5588230706251217,0.412644023420517,Michael Bennet,Joe O'Dea,Michael Bennet,D,Joe O'Dea,0.017412200059115247,Brian Peotter,71338,2500201,"{""Brian Peotter"": {""party"": ""Libertarian"", ""votes"": 43534, ""pct"": 1.74}, ""T.J. Cole"": {""party"": ""Unity"", ""votes"": 16379, ""pct"": 0.66}, ""Frank Atwood"": {""party"": ""Approval Voting"", ""votes"": 11354, ""pct"": 0.45}, ""Write-in"": {""party"": ""Write-in"", ""votes"": 71, ""pct"": 0.0}}",26460,-183625,-242822,0.146179047205,0.089529139420,-0.023887768963,-0.004673040533,0.170066816168,0.219529596035,0.028532905954361268,0.15159440257707307,-0.1230614966227118,0.15047246386477953,0.09038340063731254,-0.02815607185480939,-0.008107085819937316,0.17862853571958892,0.2285281560636908,deepskyblue,D+14.6,D+9.0,R+2.4,R+0.5,D+17.0,D+22.0,1.74%,2.85%,15.16%,-12.31%,D+15.0,D+9.0,R+2.8,R+0.8,D+17.9,D+22.9,43534,,https://en.wikipedia.org/wiki/2022_United_States_Senate_election_in_Colorado,"{""Michael Bennet"": {""party"": ""Democratic"", ""votes"": 1397170, ""pct"": 55.88}, ""Joe O'Dea"": {""party"": ""Republican"", ""votes"": 1031693, ""pct"": 41.26}, ""Brian Peotter"": {""party"": ""Libertarian"", ""votes"": 43534, ""pct"": 1.74}, ""T.J. Cole"": {""party"": ""Unity"", ""votes"": 16379, ""pct"": 0.66}, ""Frank Atwood"": {""party"": ""Approval Voting"", ""votes"": 11354, ""pct"": 0.45}, ""Write-in"": {""party"": ""Write-in"", ""votes"": 71, ""pct"": 0.0}}"
2022,Connecticut,CT,III,regular,General,2022 United States Senate election in Connecticut,723864,535943,80,0.5745467649082815,0.42538973733358626,Richard Blumenthal,Leora Levy,Richard Blumenthal,D,Leora Levy,6.349775813227695e-05,Write-in,80,1259887,"{""Write-in"": {""party"": ""Write-in"", ""votes"": 80, ""pct"": 0.0}}",-284850,-16678,-336389,0.149157027575,-0.136566118047,-0.023887768963,-0.004673040533,0.173044796538,-0.006565661432,6.349775813227695e-05,0.15159440257707307,-0.1515309048189408,0.14916649931299,-0.14295082336279705,-0.02815607185480939,-0.008107085819937316,0.1773225711677994,-0.004806067936418773,deepskyblue,D+14.9,R+13.7,R+2.4,R+0.5,D+17.3,R+0.7,0.01%,0.01%,15.16%,-15.15%,D+14.9,R+14.3,R+2.8,R+0.8,D+17.7,R+0.5,80,,https://en.wikipedia.org/wiki/2022_United_States_Senate_election_in_Connecticut,"{""Richard Blumenthal"": {""party"": ""Democratic"", ""votes"": 723864, ""pct"": 57.45}, ""Leora Levy"": {""party"": ""Republican"", ""votes"": 535943, ""pct"": 42.54}, ""Write-in"": {""party"": ""Write-in"", ""votes"": 80, ""pct"": 0.0}}"
2022,Florida,FL,III,regular,General,"United States Senate election in Florida, 2022",3201522,4474847,81645,0.4126728825186446,0.5768031612214157,Val Demings,Marco Rubio,Marco Rubio,R,Val Demings,0.004147582100264321,Dennis Misigoy,81645,7758014,"{""Dennis Misigoy"": {""party"": ""Libertarian"", ""votes"": 32177, ""pct"": 0.41}, ""Steven B. Grant"": {""party"": ""Independent"", ""votes"": 31816, ""pct"": 0.41}, ""Tuan TQ Nguyen"": {""party"": ""Independent"", ""votes"": 17385, ""pct"": 0.22}, ""Write-in"": {""party"": ""Write-in"", ""votes"": 267, ""pct"": 0.0}}",-920566,-360344,-1543806,-0.164130278703,-0.087467539583,-0.023887768963,-0.004673040533,-0.140242509740,0.042532917032,0.010523956259939722,0.15159440257707307,-0.14107044631713336,-0.16587594994456364,-0.08626438486994667,-0.02815607185480939,-0.008107085819937316,-0.13771987808975425,0.051880370556431604,red,R+16.4,R+8.7,R+2.4,R+0.5,R+14.0,D+4.3,0.41%,1.05%,15.16%,-14.11%,R+16.6,R+8.6,R+2.8,R+0.8,R+13.8,D+5.2,32177,,https://en.wikipedia.org/wiki/2022_United_States_Senate_election_in_Florida,"{""Marco Rubio"": {""party"": ""Republican"", ""votes"": 4474847, ""pct"": 57.68}, ""Val Demings"": {""party"": ""Democratic"", ""votes"": 3201522, ""pct"": 41.27}, ""Dennis Misigoy"": {""party"": ""Libertarian"", ""votes"": 32177, ""pct"": 0.41}, ""Steven B. Grant"": {""party"": ""Independent"", ""votes"": 31816, ""pct"": 0.41}, ""Tuan TQ Nguyen"": {""party"": ""Independent"", ""votes"": 17385, ""pct"": 0.22}, ""Write-in"": {""party"": ""Write-in"", ""votes"": 267, ""pct"": 0.0}}"
2022,Georgia,GA,III,regular,General,2022 United States Senate election in Georgia,1946117,1908442,81365,0.4944498420193073,0.4848777567859542,Raphael Warnock,Herschel Walker,Raphael Warnock,D,Herschel Walker,0.020672401194738517,Chase Oliver,81365,3935924,"{""Chase Oliver"": {""party"": ""Libertarian"", ""votes"": 81365, ""pct"": 2.07}}",346391,-227364,38132,0.009572085233,0.147106361049,-0.023887768963,-0.004673040533,0.033459854196,0.277106817664,0.020672401194738517,0.15159440257707307,-0.13092200138233456,0.00977414018049795,0.15328248116111332,-0.02815607185480939,-0.008107085819937316,0.037930212035307345,0.2914272365874916,deepskyblue,D+1.0,D+14.7,R+2.4,R+0.5,D+3.3,D+27.7,2.07%,2.07%,15.16%,-13.09%,D+1.0,D+15.3,R+2.8,R+0.8,D+3.8,D+29.1,81365,,https://en.wikipedia.org/wiki/2022_United_States_Senate_election_in_Georgia#Runoff,"{""Raphael Warnock"": {""party"": ""Democratic"", ""votes"": 1946117, ""pct"": 49.44}, ""Herschel Walker"": {""party"": ""Republican"", ""votes"": 1908442, ""pct"": 48.49}, ""Chase Oliver"": {""party"": ""Libertarian"", ""votes"": 81365, ""pct"": 2.07}}"
2022,Hawaii,HI,III,regular,General,2022 United States Senate election in Hawaii,290894,106358,11265,0.712073181777013,0.26035146640164303,Brian Schatz,Bob McDermott,Brian Schatz,D,Bob McDermott,0.012031323053875359,Feena Bonoan,11265,408517,"{""Feena Bonoan"": {""party"": ""Libertarian"", ""votes"": 4915, ""pct"": 1.2}, ""Emma Jane Pohlman"": {""party"": ""Green"", ""votes"": 4142, ""pct"": 1.01}, ""Dan Decker"": {""party"": ""Aloha ʻĀina"", ""votes"": 2208, ""pct"": 0.54}}",-15710,13705,-8045,0.451721715375,-0.061889703813,-0.023887768963,-0.004673040533,0.475609484338,0.068110752802,0.027575351821344032,0.15159440257707307,-0.12401905075572904,0.46453133023874016,-0.07134155364307027,-0.02815607185480939,-0.008107085819937316,0.49268740209354955,0.06680320178330801,deepskyblue,D+45.2,R+6.2,R+2.4,R+0.5,D+47.6,D+6.8,1.20%,2.76%,15.16%,-12.40%,D+46.5,R+7.1,R+2.8,R+0.8,D+49.3,D+6.7,4915,,https://en.wikipedia.org/wiki/2022_United_States_Senate_election_in_Hawaii,"{""Brian Schatz"": {""party"": ""Democratic"", ""votes"": 290894, ""pct"": 71.21}, ""Bob McDermott"": {""party"": ""Republican"", ""votes"": 106358, ""pct"": 26.04}, ""Feena Bonoan"": {""party"": ""Libertarian"", ""votes"": 4915, ""pct"": 1.2}, ""Emma Jane Pohlman"": {""party"": ""Green"", ""votes"": 4142, ""pct"": 1.01}, ""Dan Decker"": {""party"": ""Aloha ʻĀina"", ""votes"": 2208, ""pct"": 0.54}}"
2022,Iowa,IA,III,regular,General,2022 United States Senate election in Iowa,533330,681501,1815,0.4383608707873942,0.5601473230504189,Michael Franken,Chuck Grassley,Chuck Grassley,R,Michael Franken,0.0014918061621868645,Write-in,1815,1216646,"{""Write-in"": {""party"": ""Write-in"", ""votes"": 1815, ""pct"": 0.15}}",-16130,-244506,-324390,-0.121786452263,0.122560208036,-0.023887768963,-0.004673040533,-0.097898683300,0.252560664650,0.0014918061621868645,0.15159440257707307,-0.1501025964148862,-0.12196840548191477,0.13323689561936364,-0.02815607185480939,-0.008107085819937316,-0.09381233362710538,0.2713816510457419,red,R+12.2,D+12.3,R+2.4,R+0.5,R+9.8,D+25.3,0.15%,0.15%,15.16%,-15.01%,R+12.2,D+13.3,R+2.8,R+0.8,R+9.4,D+27.1,1815,,https://en.wikipedia.org/wiki/2022_United_States_Senate_election_in_Iowa,"{""Chuck Grassley"": {""party"": ""Republican"", ""votes"": 681501, ""pct"": 56.01}, ""Michael Franken"": {""party"": ""Democratic"", ""votes"": 533330, ""pct"": 43.84}, ""Write-in"": {""party"": ""Write-in"", ""votes"": 1815, ""pct"": 0.15}}"
2022,Idaho,ID,III,regular,General,2022 United States Senate election in Idaho,169808,358539,62543,0.2873766690923861,0.6067779112863646,David Roth,Mike Crapo,Mike Crapo,R,David Roth,0.08447765235492223,Scott Cleveland,62543,590890,"{""Scott Cleveland"": {""party"": ""Independent"", ""votes"": 49917, ""pct"": 8.45}, ""Ray Writz"": {""party"": ""Constitution"", ""votes"": 8500, ""pct"": 1.44}, ""Idaho Sierra Law"": {""party"": ""Libertarian"", ""votes"": 4126, ""pct"": 0.7}}",-18441,-90478,-88053,-0.319401242194,0.064678128239,-0.023887768963,-0.004673040533,-0.295513473231,0.194678584854,0.1058454196212493,0.15159440257707307,-0.045748982955823775,-0.3572103182188978,0.05198772467057061,-0.02815607185480939,-0.008107085819937316,-0.3290542463640884,0.19013248009694894,red,R+31.9,D+6.5,R+2.4,R+0.5,R+29.6,D+19.5,8.45%,10.58%,15.16%,-4.57%,R+35.7,D+5.2,R+2.8,R+0.8,R+32.9,D+19.0,49917,,https://en.wikipedia.org/wiki/2022_United_States_Senate_election_in_Idaho,"{""Mike Crapo"": {""party"": ""Republican"", ""votes"": 358539, ""pct"": 60.68}, ""David Roth"": {""party"": ""Democratic"", ""votes"": 169808, ""pct"": 28.74}, ""Scott Cleveland"": {""party"": ""Independent"", ""votes"": 49917, ""pct"": 8.45}, ""Ray Writz"": {""party"": ""Constitution"", ""votes"": 8500, ""pct"": 1.44}, ""Idaho Sierra Law"": {""party"": ""Libertarian"", ""votes"": 4126, ""pct"": 0.7}}"
2022,Illinois,IL,III,regular,General,2022 United States Senate election in Illinois,2329136,1701055,8266649,0.1894093116605567,0.13833269360258407,Tammy Duckworth,Kathy Salvi,"68,705",T,Tammy Duckworth,0.33332921303359236,"68,705",8266649,12296840,"{""68,705"": {""party"": """", ""votes"": 4098896, ""pct"": NaN}, ""20,300"": {""party"": """", ""votes"": 1441922, ""pct"": NaN}, ""5,818"": {""party"": """", ""votes"": 341740, ""pct"": NaN}, ""3,551"": {""party"": """", ""votes"": 233321, ""pct"": NaN}, ""3,300"": {""party"": """", ""votes"": 229413, ""pct"": NaN}, ""2,693"": {""party"": """", ""votes"": 157941, ""pct"": NaN}, ""2,322"": {""party"": """", ""votes"": 116350, ""pct"": NaN}, ""1,883"": {""party"": """", ""votes"": 98014, ""pct"": NaN}, ""1,634"": {""party"": """", ""votes"": 88603, ""pct"": NaN}, ""1,646"": {""party"": """", ""votes"": 88002, ""pct"": NaN}, ""2,221"": {""party"": """", ""votes"": 79666, ""pct"": NaN}, ""Bill Redpath"": {""party"": ""Libertarian"", ""votes"": 68671, ""pct"": 1.68}, ""1,247"": {""party"": """", ""votes"": 67794, ""pct"": NaN}, ""1,286"": {""party"": """", ""votes"": 64827, ""pct"": NaN}, ""1,075"": {""party"": """", ""votes"": 59035, ""pct"": NaN}, ""1,168"": {""party"": """", ""votes"": 51324, ""pct"": NaN}, ""955"": {""party"": """", ""votes"": 47972, ""pct"": NaN}, ""820"": {""party"": """", ""votes"": 45265, ""pct"": NaN}, ""380"": {""party"": """", ""votes"": 45056, ""pct"": NaN}, ""698"": {""party"": """", ""votes"": 39578, ""pct"": NaN}, ""628"": {""party"": """", ""votes"": 35243, ""pct"": NaN}, ""767"": {""party"": """", ""votes"": 35108, ""pct"": NaN}, ""747"": {""party"": """", ""votes"": 34498, ""pct"": NaN}, ""293"": {""party"": """", ""votes"": 32379, ""pct"": NaN}, ""228"": {""party"": """", ""votes"": 31002, ""pct"": NaN}, ""313"": {""party"": """", ""votes"": 29880, ""pct"": NaN}, ""351"": {""party"": """", ""votes"": 24936, ""pct"": NaN}, ""382"": {""party"": """", ""votes"": 21964, ""pct"": NaN}, ""389"": {""party"": """", ""votes"": 19652, ""pct"": NaN}, ""377"": {""party"": """", ""votes"": 19402, ""pct"": NaN}, ""419"": {""party"": """", ""votes"": 19370, ""pct"": NaN}, ""346"": {""party"": """", ""votes"": 17748, ""pct"": NaN}, ""364"": {""party"": """", ""votes"": 17566, ""pct"": NaN}, ""338"": {""party"": """", ""votes"": 17517, ""pct"": NaN}, ""287"": {""party"": """", ""votes"": 17089, ""pct"": NaN}, ""337"": {""party"": """", ""votes"": 16644, ""pct"": NaN}, ""233"": {""party"": """", ""votes"": 15670, ""pct"": NaN}, ""255"": {""party"": """", ""votes"": 14773, ""pct"": NaN}, ""135"": {""party"": """", ""votes"": 14252, ""pct"": NaN}, ""121"": {""party"": """", ""votes"": 14210, ""pct"": NaN}, ""222"": {""party"": """", ""votes"": 13116, ""pct"": NaN}, ""219"": {""party"": """", ""votes"": 12898, ""pct"": NaN}, ""224"": {""party"": """", ""votes"": 12798, ""pct"": NaN}, ""213"": {""party"": """", ""votes"": 12670, ""pct"": NaN}, ""330"": {""party"": """", ""votes"": 12417, ""pct"": NaN}, ""204"": {""party"": """", ""votes"": 12002, ""pct"": NaN}, ""189"": {""party"": """", ""votes"": 11327, ""pct"": NaN}, ""108"": {""party"": """", ""votes"": 11302, ""pct"": NaN}, ""251"": {""party"": """", ""votes"": 11027, ""pct"": NaN}, ""198"": {""party"": """", ""votes"": 10438, ""pct"": NaN}, ""91"": {""party"": """", ""votes"": 10248, ""pct"": NaN}, ""71"": {""party"": """", ""votes"": 9675, ""pct"": NaN}, ""273"": {""party"": """", ""votes"": 9668, ""pct"": NaN}, ""186"": {""party"": """", ""votes"": 9667, ""pct"": NaN}, ""167"": {""party"": """", ""votes"": 9465, ""pct"": NaN}, ""159"": {""party"": """", ""votes"": 9386, ""pct"": NaN}, ""210"": {""party"": """", ""votes"": 9260, ""pct"": NaN}, ""88"": {""party"": """", ""votes"": 8801, ""pct"": NaN}, ""137"": {""party"": """", ""votes"": 8005, ""pct"": NaN}, ""175"": {""party"": """", ""votes"": 7615, ""pct"": NaN}, ""150"": {""party"": """", ""votes"": 7202, ""pct"": NaN}, ""132"": {""party"": """", ""votes"": 6965, ""pct"": NaN}, ""158"": {""party"": """", ""votes"": 6943, ""pct"": NaN}, ""99"": {""party"": """", ""votes"": 6765, ""pct"": NaN}, ""139"": {""party"": """", ""votes"": 6393, ""pct"": NaN}, ""57"": {""party"": """", ""votes"": 6370, ""pct"": NaN}, ""144"": {""party"": """", ""votes"": 6080, ""pct"": NaN}, ""105"": {""party"": """", ""votes"": 6024, ""pct"": NaN}, ""114"": {""party"": """", ""votes"": 5963, ""pct"": NaN}, ""110"": {""party"": """", ""votes"": 5953, ""pct"": NaN}, ""111"": {""party"": """", ""votes"": 5854, ""pct"": NaN}, ""101"": {""party"": """", ""votes"": 5737, ""pct"": NaN}, ""160"": {""party"": """", ""votes"": 5284, ""pct"": NaN}, ""127"": {""party"": """", ""votes"": 5134, ""pct"": NaN}, ""102"": {""party"": """", ""votes"": 5025, ""pct"": NaN}, ""93"": {""party"": """", ""votes"": 4967, ""pct"": NaN}, ""79"": {""party"": """", ""votes"": 4763, ""pct"": NaN}, ""100"": {""party"": """", ""votes"": 4738, ""pct"": NaN}, ""70"": {""party"": """", ""votes"": 4575, ""pct"": NaN}, ""82"": {""party"": """", ""votes"": 4523, ""pct"": NaN}, ""28"": {""party"": """", ""votes"": 3547, ""pct"": NaN}, ""52"": {""party"": """", ""votes"": 3398, ""pct"": NaN}, ""76"": {""party"": """", ""votes"": 2909, ""pct"": NaN}, ""55"": {""party"": """", ""votes"": 2783, ""pct"": NaN}, ""48"": {""party"": """", ""votes"": 2745, ""pct"": NaN}, ""69"": {""party"": """", ""votes"": 2310, ""pct"": NaN}, ""39"": {""party"": """", ""votes"": 2165, ""pct"": NaN}, ""30"": {""party"": """", ""votes"": 2083, ""pct"": NaN}, ""25"": {""party"": """", ""votes"": 1986, ""pct"": NaN}, ""13"": {""party"": """", ""votes"": 1707, ""pct"": NaN}, ""24"": {""party"": """", ""votes"": 1646, ""pct"": NaN}, ""Write-in"": {""party"": ""Write-in"", ""votes"": 34, ""pct"": 0.0}}",-683804,-483637,6804962,0.051076618058,-0.099736637444,-0.023887768963,-0.004673040533,0.074964387021,0.030263819171,0.6722579947368592,0.15159440257707307,0.5206635921597862,0.15584397861044302,-0.0035070489344081746,-0.02815607185480939,-0.008107085819937316,0.18400005046525242,0.1346377064919701,yellow,D+5.1,R+10.0,R+2.4,R+0.5,D+7.5,D+3.0,33.33%,67.23%,15.16%,52.07%,D+15.6,R+0.4,R+2.8,R+0.8,D+18.4,D+13.5,4098896,,https://en.wikipedia.org/wiki/2022_United_States_Senate_election_in_Illinois,"{""68,705"": {""party"": """", ""votes"": 4098896, ""pct"": NaN}, ""Tammy Duckworth"": {""party"": ""Democratic"", ""votes"": 2329136, ""pct"": 56.82}, ""Kathy Salvi"": {""party"": ""Republican"", ""votes"": 1701055, ""pct"": 41.5}, ""20,300"": {""party"": """", ""votes"": 1441922, ""pct"": NaN}, ""5,818"": {""party"": """", ""votes"": 341740, ""pct"": NaN}, ""3,551"": {""party"": """", ""votes"": 233321, ""pct"": NaN}, ""3,300"": {""party"": """", ""votes"": 229413, ""pct"": NaN}, ""2,693"": {""party"": """", ""votes"": 157941, ""pct"": NaN}, ""2,322"": {""party"": """", ""votes"": 116350, ""pct"": NaN}, ""1,883"": {""party"": """", ""votes"": 98014, ""pct"": NaN}, ""1,634"": {""party"": """", ""votes"": 88603, ""pct"": NaN}, ""1,646"": {""party"": """", ""votes"": 88002, ""pct"": NaN}, ""2,221"": {""party"": """", ""votes"": 79666, ""pct"": NaN}, ""Bill Redpath"": {""party"": ""Libertarian"", ""votes"": 68671, ""pct"": 1.68}, ""1,247"": {""party"": """", ""votes"": 67794, ""pct"": NaN}, ""1,286"": {""party"": """", ""votes"": 64827, ""pct"": NaN}, ""1,075"": {""party"": """", ""votes"": 59035, ""pct"": NaN}, ""1,168"": {""party"": """", ""votes"": 51324, ""pct"": NaN}, ""955"": {""party"": """", ""votes"": 47972, ""pct"": NaN}, ""820"": {""party"": """", ""votes"": 45265, ""pct"": NaN}, ""380"": {""party"": """", ""votes"": 45056, ""pct"": NaN}, ""698"": {""party"": """", ""votes"": 39578, ""pct"": NaN}, ""628"": {""party"": """", ""votes"": 35243, ""pct"": NaN}, ""767"": {""party"": """", ""votes"": 35108, ""pct"": NaN}, ""747"": {""party"": """", ""votes"": 34498, ""pct"": NaN}, ""293"": {""party"": """", ""votes"": 32379, ""pct"": NaN}, ""228"": {""party"": """", ""votes"": 31002, ""pct"": NaN}, ""313"": {""party"": """", ""votes"": 29880, ""pct"": NaN}, ""351"": {""party"": """", ""votes"": 24936, ""pct"": NaN}, ""382"": {""party"": """", ""votes"": 21964, ""pct"": NaN}, ""389"": {""party"": """", ""votes"": 19652, ""pct"": NaN}, ""377"": {""party"": """", ""votes"": 19402, ""pct"": NaN}, ""419"": {""party"": """", ""votes"": 19370, ""pct"": NaN}, ""346"": {""party"": """", ""votes"": 17748, ""pct"": NaN}, ""364"": {""party"": """", ""votes"": 17566, ""pct"": NaN}, ""338"": {""party"": """", ""votes"": 17517, ""pct"": NaN}, ""287"": {""party"": """", ""votes"": 17089, ""pct"": NaN}, ""337"": {""party"": """", ""votes"": 16644, ""pct"": NaN}, ""233"": {""party"": """", ""votes"": 15670, ""pct"": NaN}, ""255"": {""party"": """", ""votes"": 14773, ""pct"": NaN}, ""135"": {""party"": """", ""votes"": 14252, ""pct"": NaN}, ""121"": {""party"": """", ""votes"": 14210, ""pct"": NaN}, ""222"": {""party"": """", ""votes"": 13116, ""pct"": NaN}, ""219"": {""party"": """", ""votes"": 12898, ""pct"": NaN}, ""224"": {""party"": """", ""votes"": 12798, ""pct"": NaN}, ""213"": {""party"": """", ""votes"": 12670, ""pct"": NaN}, ""330"": {""party"": """", ""votes"": 12417, ""pct"": NaN}, ""204"": {""party"": """", ""votes"": 12002, ""pct"": NaN}, ""189"": {""party"": """", ""votes"": 11327, ""pct"": NaN}, ""108"": {""party"": """", ""votes"": 11302, ""pct"": NaN}, ""251"": {""party"": """", ""votes"": 11027, ""pct"": NaN}, ""198"": {""party"": """", ""votes"": 10438, ""pct"": NaN}, ""91"": {""party"": """", ""votes"": 10248, ""pct"": NaN}, ""71"": {""party"": """", ""votes"": 9675, ""pct"": NaN}, ""273"": {""party"": """", ""votes"": 9668, ""pct"": NaN}, ""186"": {""party"": """", ""votes"": 9667, ""pct"": NaN}, ""167"": {""party"": """", ""votes"": 9465, ""pct"": NaN}, ""159"": {""party"": """", ""votes"": 9386, ""pct"": NaN}, ""210"": {""party"": """", ""votes"": 9260, ""pct"": NaN}, ""88"": {""party"": """", ""votes"": 8801, ""pct"": NaN}, ""137"": {""party"": """", ""votes"": 8005, ""pct"": NaN}, ""175"": {""party"": """", ""votes"": 7615, ""pct"": NaN}, ""150"": {""party"": """", ""votes"": 7202, ""pct"": NaN}, ""132"": {""party"": """", ""votes"": 6965, ""pct"": NaN}, ""158"": {""party"": """", ""votes"": 6943, ""pct"": NaN}, ""99"": {""party"": """", ""votes"": 6765, ""pct"": NaN}, ""139"": {""party"": """", ""votes"": 6393, ""pct"": NaN}, ""57"": {""party"": """", ""votes"": 6370, ""pct"": NaN}, ""144"": {""party"": """", ""votes"": 6080, ""pct"": NaN}, ""105"": {""party"": """", ""votes"": 6024, ""pct"": NaN}, ""114"": {""party"": """", ""votes"": 5963, ""pct"": NaN}, ""110"": {""party"": """", ""votes"": 5953, ""pct"": NaN}, ""111"": {""party"": """", ""votes"": 5854, ""pct"": NaN}, ""101"": {""party"": """", ""votes"": 5737, ""pct"": NaN}, ""160"": {""party"": """", ""votes"": 5284, ""pct"": NaN}, ""127"": {""party"": """", ""votes"": 5134, ""pct"": NaN}, ""102"": {""party"": """", ""votes"": 5025, ""pct"": NaN}, ""93"": {""party"": """", ""votes"": 4967, ""pct"": NaN}, ""79"": {""party"": """", ""votes"": 4763, ""pct"": NaN}, ""100"": {""party"": """", ""votes"": 4738, ""pct"": NaN}, ""70"": {""party"": """", ""votes"": 4575, ""pct"": NaN}, ""82"": {""party"": """", ""votes"": 4523, ""pct"": NaN}, ""28"": {""party"": """", ""votes"": 3547, ""pct"": NaN}, ""52"": {""party"": """", ""votes"": 3398, ""pct"": NaN}, ""76"": {""party"": """", ""votes"": 2909, ""pct"": NaN}, ""55"": {""party"": """", ""votes"": 2783, ""pct"": NaN}, ""48"": {""party"": """", ""votes"": 2745, ""pct"": NaN}, ""69"": {""party"": """", ""votes"": 2310, ""pct"": NaN}, ""39"": {""party"": """", ""votes"": 2165, ""pct"": NaN}, ""30"": {""party"": """", ""votes"": 2083, ""pct"": NaN}, ""25"": {""party"": """", ""votes"": 1986, ""pct"": NaN}, ""13"": {""party"": """", ""votes"": 1707, ""pct"": NaN}, ""24"": {""party"": """", ""votes"": 1646, ""pct"": NaN}, ""Write-in"": {""party"": ""Write-in"", ""votes"": 34, ""pct"": 0.0}}"
2022,Indiana,IN,III,regular,General,2022 United States Senate election in Indiana,704411,1090165,65275,0.3787459317977623,0.5861571706550686,Thomas McDermott Jr.,Todd Young,Todd Young,R,Thomas McDermott Jr.,0.03431135074799003,James Sceniak,65275,1859851,"{""James Sceniak"": {""party"": ""Libertarian"", ""votes"": 63814, ""pct"": 3.43}, ""Write-in"": {""party"": ""Write-in"", ""votes"": 1461, ""pct"": 0.08}}",-454536,-333826,-872695,-0.207411238857,-0.110415982419,-0.023887768963,-0.004673040533,-0.183523469894,0.019584474196,0.035096897547169104,0.15159440257707307,-0.11649750502990397,-0.21495551038239674,-0.11234212980570461,-0.02815607185480939,-0.008107085819937316,-0.18679943852758735,0.025802625620673675,red,R+20.7,R+11.0,R+2.4,R+0.5,R+18.4,D+2.0,3.43%,3.51%,15.16%,-11.65%,R+21.5,R+11.2,R+2.8,R+0.8,R+18.7,D+2.6,63814,,https://en.wikipedia.org/wiki/2022_United_States_Senate_election_in_Indiana,"{""Todd Young"": {""party"": ""Republican"", ""votes"": 1090165, ""pct"": 58.62}, ""Thomas McDermott Jr."": {""party"": ""Democratic"", ""votes"": 704411, ""pct"": 37.87}, ""James Sceniak"": {""party"": ""Libertarian"", ""votes"": 63814, ""pct"": 3.43}, ""Write-in"": {""party"": ""Write-in"", ""votes"": 1461, ""pct"": 0.08}}"
2022,Kansas,KS,III,regular,General,2022 United States Senate election in Kansas,372214,602976,29766,0.3703784046266702,0.6000023881642579,Mark Holland,Jerry Moran,Jerry Moran,R,Mark Holland,0.02961920720907184,David Graham,29766,1004956,"{""David Graham"": {""party"": ""Libertarian"", ""votes"": 29766, ""pct"": 2.96}}",-7526,-129400,-172966,-0.229623983538,0.069747282132,-0.023887768963,-0.004673040533,-0.205736214575,0.199747738747,0.02961920720907184,0.15159440257707307,-0.12197519536800124,-0.23663286128856942,0.08045276646968602,-0.02815607185480939,-0.008107085819937316,-0.20847678943376002,0.2185975218960643,red,R+23.0,D+7.0,R+2.4,R+0.5,R+20.6,D+20.0,2.96%,2.96%,15.16%,-12.20%,R+23.7,D+8.0,R+2.8,R+0.8,R+20.8,D+21.9,29766,,https://en.wikipedia.org/wiki/2022_United_States_Senate_election_in_Kansas,"{""Jerry Moran"": {""party"": ""Republican"", ""votes"": 602976, ""pct"": 60.0}, ""Mark Holland"": {""party"": ""Democratic"", ""votes"": 372214, ""pct"": 37.04}, ""David Graham"": {""party"": ""Libertarian"", ""votes"": 29766, ""pct"": 2.96}}"
2022,Kentucky,KY,III,regular,General,2022 United States Senate election in Kentucky,564311,913326,193,0.38185109248019056,0.6180183106311281,Charles Booker,Rand Paul,Rand Paul,R,Charles Booker,0.00013059688868137742,Write-in,193,1477830,"{""Write-in"": {""party"": ""Write-in"", ""votes"": 193, ""pct"": 0.01}}",-248935,-176851,-425635,-0.236167218151,-0.090679384122,-0.023887768963,-0.004673040533,-0.212279449188,0.039321072493,0.00013059688868137742,0.15159440257707307,-0.15146380568839168,-0.23619806488332384,-0.09070702059101468,-0.02815607185480939,-0.008107085819937316,-0.20804199302851445,0.04743773483536362,red,R+23.6,R+9.1,R+2.4,R+0.5,R+21.2,D+3.9,0.01%,0.01%,15.16%,-15.15%,R+23.6,R+9.1,R+2.8,R+0.8,R+20.8,D+4.7,193,,https://en.wikipedia.org/wiki/2022_United_States_Senate_election_in_Kentucky,"{""Rand Paul"": {""party"": ""Republican"", ""votes"": 913326, ""pct"": 61.8}, ""Charles Booker"": {""party"": ""Democratic"", ""votes"": 564311, ""pct"": 38.19}, ""Write-in"": {""party"": ""Write-in"", ""votes"": 193, ""pct"": 0.01}}"
2022,Louisiana,LA,III,regular,General,2022 United States Senate election in Louisiana,481065,876843,25382,0.3477687252853704,0.633882266191471,Gary Chambers,John Kennedy,John Kennedy,R,Gary Chambers,0.006779489477983648,Beryl Billiot,25382,1383290,"{""Beryl Billiot"": {""party"": ""Independent"", ""votes"": 9378, ""pct"": 0.68}, ""Bradley McMorris"": {""party"": ""Independent"", ""votes"": 5388, ""pct"": 0.39}, ""Aaron C. Sigler"": {""party"": ""Libertarian"", ""votes"": 4865, ""pct"": 0.35}, ""Alexander \""Xan\"" John"": {""party"": ""Independent"", ""votes"": 2753, ""pct"": 0.2}, ""W. Thomas La Fontaine Olson"": {""party"": ""Independent"", ""votes"": 1676, ""pct"": 0.12}, ""Thomas Wenn"": {""party"": ""Independent"", ""votes"": 1322, ""pct"": 0.1}}",-224206,-845237,-1096519,-0.286113540906,0.123921667451,-0.023887768963,-0.004673040533,-0.262225771943,0.253922124065,0.018349008523158558,0.15159440257707307,-0.1332453940539145,-0.2914615717706943,0.12743499489807342,-0.02815607185480939,-0.008107085819937316,-0.2633054999158849,0.2655797503244517,red,R+28.6,D+12.4,R+2.4,R+0.5,R+26.2,D+25.4,0.68%,1.83%,15.16%,-13.32%,R+29.1,D+12.7,R+2.8,R+0.8,R+26.3,D+26.6,9378,,https://en.wikipedia.org/wiki/2022_United_States_Senate_election_in_Louisiana,"{""John Kennedy"": {""party"": ""Republican"", ""votes"": 851568, ""pct"": 61.56}, ""Gary Chambers"": {""party"": ""Democratic"", ""votes"": 246933, ""pct"": 17.85}, ""Luke Mixon"": {""party"": ""Democratic"", ""votes"": 182887, ""pct"": 13.22}, ""Syrita Steib"": {""party"": ""Democratic"", ""votes"": 31568, ""pct"": 2.28}, ""Devin Lance Graham"": {""party"": ""Republican"", ""votes"": 25275, ""pct"": 1.83}, ""MV \""Vinny\"" Mendoza"": {""party"": ""Democratic"", ""votes"": 11910, ""pct"": 0.86}, ""Beryl Billiot"": {""party"": ""Independent"", ""votes"": 9378, ""pct"": 0.68}, ""Salvador P. Rodriguez"": {""party"": ""Democratic"", ""votes"": 7767, ""pct"": 0.56}, ""Bradley McMorris"": {""party"": ""Independent"", ""votes"": 5388, ""pct"": 0.39}, ""Aaron C. Sigler"": {""party"": ""Libertarian"", ""votes"": 4865, ""pct"": 0.35}, ""Alexander \""Xan\"" John"": {""party"": ""Independent"", ""votes"": 2753, ""pct"": 0.2}, ""W. Thomas La Fontaine Olson"": {""party"": ""Independent"", ""votes"": 1676, ""pct"": 0.12}, ""Thomas Wenn"": {""party"": ""Independent"", ""votes"": 1322, ""pct"": 0.1}}"
2022,Maryland,MD,III,regular,General,2022 United States Senate election in Maryland,1316897,682293,3146,0.6576803293752896,0.3407485057452895,Chris Van Hollen,Chris Chaffee,Chris Van Hollen,D,Chris Chaffee,0.0015711648794208364,Write-in,3146,2002336,"{""Write-in"": {""party"": ""Write-in"", ""votes"": 3146, ""pct"": 0.16}}",-343010,-290264,-723834,0.316931823630,0.064801545621,-0.023887768963,-0.004673040533,0.340819592593,0.194802002236,0.0015711648794208364,0.15159440257707307,-0.15002323769765225,0.3174305593765475,0.05632537427240175,-0.02815607185480939,-0.008107085819937316,0.3455866312313569,0.19447012969878003,deepskyblue,D+31.7,D+6.5,R+2.4,R+0.5,D+34.1,D+19.5,0.16%,0.16%,15.16%,-15.00%,D+31.7,D+5.6,R+2.8,R+0.8,D+34.6,D+19.4,3146,,https://en.wikipedia.org/wiki/2022_United_States_Senate_election_in_Maryland,"{""Chris Van Hollen"": {""party"": ""Democratic"", ""votes"": 1316897, ""pct"": 65.77}, ""Chris Chaffee"": {""party"": ""Republican"", ""votes"": 682293, ""pct"": 34.07}, ""Write-in"": {""party"": ""Write-in"", ""votes"": 3146, ""pct"": 0.16}}"
2022,Missouri,MO,III,regular,General,2022 United States Senate election in Missouri,872694,1146966,49470,0.4217685693987328,0.5543228313349089,Trudy Busch Valentine,Eric Schmitt,Eric Schmitt,R,Trudy Busch Valentine,0.016828812109437298,Jonathan Dine,49470,2069130,"{""Jonathan Dine"": {""party"": ""Libertarian"", ""votes"": 34821, ""pct"": 1.68}, ""Paul Venable"": {""party"": ""Constitution"", ""votes"": 14608, ""pct"": 0.71}, ""Write-in"": {""party"": ""Write-in"", ""votes"": 41, ""pct"": 0.0}}",-427506,-231492,-733511,-0.132554261936,-0.104631313546,-0.023887768963,-0.004673040533,-0.108666492973,0.025369143069,0.023908599266358323,0.15159440257707307,-0.12768580331071475,-0.13580107542853748,-0.106585699669482,-0.02815607185480939,-0.008107085819937316,-0.10764500357372808,0.03155905575689627,red,R+13.3,R+10.5,R+2.4,R+0.5,R+10.9,D+2.5,1.68%,2.39%,15.16%,-12.77%,R+13.6,R+10.7,R+2.8,R+0.8,R+10.8,D+3.2,34821,,https://en.wikipedia.org/wiki/2022_United_States_Senate_election_in_Missouri,"{""Eric Schmitt"": {""party"": ""Republican"", ""votes"": 1146966, ""pct"": 55.43}, ""Trudy Busch Valentine"": {""party"": ""Democratic"", ""votes"": 872694, ""pct"": 42.18}, ""Jonathan Dine"": {""party"": ""Libertarian"", ""votes"": 34821, ""pct"": 1.68}, ""Paul Venable"": {""party"": ""Constitution"", ""votes"": 14608, ""pct"": 0.71}, ""Write-in"": {""party"": ""Write-in"", ""votes"": 41, ""pct"": 0.0}}"
2022,North Carolina,NC,III,regular,General,2022 United States Senate election in North Carolina,1784049,1905786,84089,0.47273050543678147,0.5049879117862469,Cheri Beasley,Ted Budd,Ted Budd,R,Cheri Beasley,0.013683370412334748,Shannon W. Bray,84089,3773924,"{""Shannon W. Bray"": {""party"": ""Libertarian"", ""votes"": 51640, ""pct"": 1.37}, ""Matthew Hoh"": {""party"": ""Green"", ""votes"": 29934, ""pct"": 0.79}, ""Write-in"": {""party"": ""Write-in"", ""votes"": 2515, ""pct"": 0.07}}",-344116,-489590,-917209,-0.032257406349,0.024703460034,-0.023887768963,-0.004673040533,-0.008369637386,0.154703916649,0.022281582776971662,0.15159440257707307,-0.1293128198001014,-0.03299253218639858,0.02607866889257915,-0.02815607185480939,-0.008107085819937316,-0.004836460331589191,0.16422342431895742,red,R+3.2,D+2.5,R+2.4,R+0.5,R+0.8,D+15.5,1.37%,2.23%,15.16%,-12.93%,R+3.3,D+2.6,R+2.8,R+0.8,R+0.5,D+16.4,51640,,https://en.wikipedia.org/wiki/2022_United_States_Senate_election_in_North_Carolina,"{""Ted Budd"": {""party"": ""Republican"", ""votes"": 1905786, ""pct"": 50.5}, ""Cheri Beasley"": {""party"": ""Democratic"", ""votes"": 1784049, ""pct"": 47.27}, ""Shannon W. Bray"": {""party"": ""Libertarian"", ""votes"": 51640, ""pct"": 1.37}, ""Matthew Hoh"": {""party"": ""Green"", ""votes"": 29934, ""pct"": 0.79}, ""Write-in"": {""party"": ""Write-in"", ""votes"": 2515, ""pct"": 0.07}}"
2022,North Dakota,ND,III,regular,General,2022 United States Senate election in North Dakota,59995,135474,44671,0.24983343049887566,0.5641459148829849,Katrina Christiansen,John Hoeven,John Hoeven,R,Katrina Christiansen,0.18491713167319063,Rick Becker,44671,240140,"{""Rick Becker"": {""party"": ""Independent"", ""votes"": 44406, ""pct"": 18.49}, ""Write-in"": {""party"": ""Write-in"", ""votes"": 265, ""pct"": 0.11}}",1879,-133314,-102361,-0.314312484384,0.300786449634,-0.023887768963,-0.004673040533,-0.290424715421,0.430786906248,0.1860206546181394,0.15159440257707307,0.034426252041066335,-0.3861430712798449,0.2583030046323495,-0.02815607185480939,-0.008107085819937316,-0.3579869994250355,0.3964477600587278,red,R+31.4,D+30.1,R+2.4,R+0.5,R+29.0,D+43.1,18.49%,18.60%,15.16%,3.44%,R+38.6,D+25.8,R+2.8,R+0.8,R+35.8,D+39.6,44406,,https://en.wikipedia.org/wiki/2022_United_States_Senate_election_in_North_Dakota,"{""John Hoeven"": {""party"": ""Republican"", ""votes"": 135474, ""pct"": 56.41}, ""Katrina Christiansen"": {""party"": ""Democratic–NPL"", ""votes"": 59995, ""pct"": 24.98}, ""Rick Becker"": {""party"": ""Independent"", ""votes"": 44406, ""pct"": 18.49}, ""Write-in"": {""party"": ""Write-in"", ""votes"": 265, ""pct"": 0.11}}"
2022,New Hampshire,NH,III,regular,General,2022 United States Senate election in New Hampshire,332490,275631,12854,0.5354321832601957,0.4438681106324731,Maggie Hassan,Don Bolduc,Maggie Hassan,D,Don Bolduc,0.019952494061757718,Jeremy Kauffman,12854,620975,"{""Jeremy Kauffman"": {""party"": ""Libertarian"", ""votes"": 12390, ""pct"": 2.0}, ""Write-in"": {""party"": ""Write-in"", ""votes"": 464, ""pct"": 0.07}}",-22159,-78001,-118165,0.091564072628,0.090188149257,-0.023887768963,-0.004673040533,0.115451841591,0.220188605872,0.02069970610733121,0.15159440257707307,-0.13089469646974186,0.09349948447759575,0.09206361368620081,-0.02815607185480939,-0.008107085819937316,0.12165555633240514,0.23020836911257908,deepskyblue,D+9.2,D+9.0,R+2.4,R+0.5,D+11.5,D+22.0,2.00%,2.07%,15.16%,-13.09%,D+9.3,D+9.2,R+2.8,R+0.8,D+12.2,D+23.0,12390,,https://en.wikipedia.org/wiki/2022_United_States_Senate_election_in_New_Hampshire,"{""Maggie Hassan"": {""party"": ""Democratic"", ""votes"": 332490, ""pct"": 53.54}, ""Don Bolduc"": {""party"": ""Republican"", ""votes"": 275631, ""pct"": 44.39}, ""Jeremy Kauffman"": {""party"": ""Libertarian"", ""votes"": 12390, ""pct"": 2.0}, ""Write-in"": {""party"": ""Write-in"", ""votes"": 464, ""pct"": 0.07}}"
2022,Nevada,NV,III,regular,General,2022 United States Senate election in Nevada,498316,490388,32146,0.4881383161091247,0.48037223882059066,Catherine Cortez Masto,Adam Laxalt,Catherine Cortez Masto,D,Adam Laxalt,0.01218690307097027,None of These Candidates,32146,1020850,"{""None of These Candidates"": {""party"": ""None of These Candidates"", ""votes"": 12441, ""pct"": 1.22}, ""Barry Lindemann"": {""party"": ""Independent"", ""votes"": 8075, ""pct"": 0.79}, ""Neil Scott"": {""party"": ""Libertarian"", ""votes"": 6422, ""pct"": 0.63}, ""Barry Rubinson"": {""party"": ""Independent American"", ""votes"": 5208, ""pct"": 0.51}}",-23678,-4691,-87444,0.007766077289,-0.016518995084,-0.023887768963,-0.004673040533,0.031653846252,0.113481461531,0.03148944507028457,0.15159440257707307,-0.12010495750678851,0.008018577855455223,-0.018444616035248787,-0.02815607185480939,-0.008107085819937316,0.036174649710264614,0.1197001393911295,deepskyblue,D+0.8,R+1.7,R+2.4,R+0.5,D+3.2,D+11.3,1.22%,3.15%,15.16%,-12.01%,D+0.8,R+1.8,R+2.8,R+0.8,D+3.6,D+12.0,12441,,https://en.wikipedia.org/wiki/2022_United_States_Senate_election_in_Nevada,"{""Catherine Cortez Masto"": {""party"": ""Democratic"", ""votes"": 498316, ""pct"": 48.81}, ""Adam Laxalt"": {""party"": ""Republican"", ""votes"": 490388, ""pct"": 48.04}, ""None of These Candidates"": {""party"": ""None of These Candidates"", ""votes"": 12441, ""pct"": 1.22}, ""Barry Lindemann"": {""party"": ""Independent"", ""votes"": 8075, ""pct"": 0.79}, ""Neil Scott"": {""party"": ""Libertarian"", ""votes"": 6422, ""pct"": 0.63}, ""Barry Rubinson"": {""party"": ""Independent American"", ""votes"": 5208, ""pct"": 0.51}}"
2022,New York,NY,III,regular,General,2022 United States Senate election in New York,3320561,2501151,26844,0.5677574088373267,0.4276527402661443,Chuck Schumer,Joe Pinion,Chuck Schumer,D,Joe Pinion,0.004589850896528989,Diane Sare,26844,5848556,"{""Diane Sare"": {""party"": ""LaRouche"", ""votes"": 26844, ""pct"": 0.46}}",-1901384,491796,-1544277,0.140104668571,-0.294449987269,-0.023887768963,-0.004673040533,0.163992437534,-0.164449530655,0.004589850896528989,0.15159440257707307,-0.14700455168054408,0.14075069326686032,-0.3035110577322685,-0.02815607185480939,-0.008107085819937316,0.16890676512166972,-0.1653663023058902,deepskyblue,D+14.0,R+29.4,R+2.4,R+0.5,D+16.4,R+16.4,0.46%,0.46%,15.16%,-14.70%,D+14.1,R+30.4,R+2.8,R+0.8,D+16.9,R+16.5,26844,,https://en.wikipedia.org/wiki/2022_United_States_Senate_election_in_New_York,"{""Chuck Schumer"": {""party"": ""Democratic"", ""votes"": 3320561, ""pct"": 56.78}, ""Joe Pinion"": {""party"": ""Republican"", ""votes"": 2501151, ""pct"": 42.76}, ""Diane Sare"": {""party"": ""LaRouche"", ""votes"": 26844, ""pct"": 0.46}}"
2022,Ohio,OH,III,regular,General,2022 United States Senate election in Ohio,1939489,2192114,1739,0.46923022580759105,0.5303490492681225,Tim Ryan,JD Vance,JD Vance,R,Tim Ryan,0.00042072492428644906,Write-in,1739,4133342,"{""Write-in"": {""party"": ""Write-in"", ""votes"": 1739, ""pct"": 0.04}}",-57419,-926453,-1240822,-0.061118823461,0.147594382910,-0.023887768963,-0.004673040533,-0.037231054497,0.277594839524,0.00042072492428644906,0.15159440257707307,-0.15117367765278664,-0.06114454849606799,0.1581232614336062,-0.02815607185480939,-0.008107085819937316,-0.032988476641258604,0.2962680168599845,red,R+6.1,D+14.8,R+2.4,R+0.5,R+3.7,D+27.8,0.04%,0.04%,15.16%,-15.12%,R+6.1,D+15.8,R+2.8,R+0.8,R+3.3,D+29.6,1739,,https://en.wikipedia.org/wiki/2022_United_States_Senate_election_in_Ohio,"{""JD Vance"": {""party"": ""Republican"", ""votes"": 2192114, ""pct"": 53.03}, ""Tim Ryan"": {""party"": ""Democratic"", ""votes"": 1939489, ""pct"": 46.92}, ""Write-in"": {""party"": ""Write-in"", ""votes"": 1739, ""pct"": 0.04}}"
2022,Oklahoma,OK,III,regular,General,2022 United States Senate election in Oklahoma,369370,739960,2337308,0.10716820275294359,0.21469037363366852,Madison Horn,James Lankford,Registered electors,T,James Lankford,0.6661291380179758,Registered electors,2337308,3446638,"{""Registered electors"": {""party"": ""Registered electors"", ""votes"": 2295906, ""pct"": NaN}, ""Michael Delaney"": {""party"": ""Independent"", ""votes"": 20907, ""pct"": 1.82}, ""Kenneth Blevins"": {""party"": ""Libertarian"", ""votes"": 20495, ""pct"": 1.78}}",13459,-240932,1998591,-0.107522170881,0.324080532623,-0.023887768963,-0.004673040533,-0.083634401918,0.454080989237,0.6781414236133879,0.15159440257707307,0.5265470210363148,-0.3340665086133071,0.13345263968303872,-0.02815607185480939,-0.008107085819937316,-0.3059104367584977,0.27159739510941705,yellow,R+10.8,D+32.4,R+2.4,R+0.5,R+8.4,D+45.4,66.61%,67.81%,15.16%,52.65%,R+33.4,D+13.3,R+2.8,R+0.8,R+30.6,D+27.2,2295906,,https://en.wikipedia.org/wiki/2022_United_States_Senate_election_in_Oklahoma,"{""Registered electors"": {""party"": ""Registered electors"", ""votes"": 2295906, ""pct"": NaN}, ""James Lankford"": {""party"": ""Republican"", ""votes"": 739960, ""pct"": 64.3}, ""Madison Horn"": {""party"": ""Democratic"", ""votes"": 369370, ""pct"": 32.1}, ""Michael Delaney"": {""party"": ""Independent"", ""votes"": 20907, ""pct"": 1.82}, ""Kenneth Blevins"": {""party"": ""Libertarian"", ""votes"": 20495, ""pct"": 1.78}}"
2022,Oregon,OR,III,regular,General,2022 United States Senate election in Oregon,1076424,788991,62534,0.5583259723156577,0.40923852238829966,Ron Wyden,Jo Rae Perkins,Ron Wyden,D,Jo Rae Perkins,0.01913069277247479,Chris Henry,62534,1927949,"{""Chris Henry"": {""party"": ""Progressive"", ""votes"": 36883, ""pct"": 1.91}, ""Dan Pulju"": {""party"": ""Pacific Green"", ""votes"": 23454, ""pct"": 1.22}, ""Write-in"": {""party"": ""Write-in"", ""votes"": 2197, ""pct"": 0.11}}",-28695,137885,-24529,0.149087449927,-0.083444235449,-0.023887768963,-0.004673040533,0.172975218890,0.046556221166,0.03243550529604258,0.15159440257707307,-0.11915889728103049,0.15408528397166313,-0.10443113619090147,-0.02815607185480939,-0.008107085819937316,0.18224135582647252,0.033713619235476805,deepskyblue,D+14.9,R+8.3,R+2.4,R+0.5,D+17.3,D+4.7,1.91%,3.24%,15.16%,-11.92%,D+15.4,R+10.4,R+2.8,R+0.8,D+18.2,D+3.4,36883,,https://en.wikipedia.org/wiki/2022_United_States_Senate_election_in_Oregon,"{""Ron Wyden"": {""party"": ""Democratic"", ""votes"": 1076424, ""pct"": 55.83}, ""Jo Rae Perkins"": {""party"": ""Republican"", ""votes"": 788991, ""pct"": 40.92}, ""Chris Henry"": {""party"": ""Progressive"", ""votes"": 36883, ""pct"": 1.91}, ""Dan Pulju"": {""party"": ""Pacific Green"", ""votes"": 23454, ""pct"": 1.22}, ""Write-in"": {""party"": ""Write-in"", ""votes"": 2197, ""pct"": 0.11}}"
2022,Pennsylvania,PA,III,regular,General,2022 United States Senate election in Pennsylvania,2751012,2487260,137613,0.5117319287893993,0.46266986737997556,John Fetterman,Mehmet Oz,John Fetterman,D,Mehmet Oz,0.013558139729551506,Erik Gerhardt,137613,5375885,"{""Erik Gerhardt"": {""party"": ""Libertarian"", ""votes"": 72887, ""pct"": 1.36}, ""Richard L. Weiss"": {""party"": ""Green"", ""votes"": 30434, ""pct"": 0.57}, ""Dan Wassmer"": {""party"": ""Keystone"", ""votes"": 26428, ""pct"": 0.49}, ""Write-in"": {""party"": ""Write-in"", ""votes"": 7864, ""pct"": 0.15}}",-114000,-464442,-682626,0.049062061409,0.063370857746,-0.023887768963,-0.004673040533,0.072949830372,0.193371314360,0.025598203830625096,0.15159440257707307,-0.12599619874644796,0.05035095542957678,0.06525455907933504,-0.02815607185480939,-0.008107085819937316,0.07850702728438617,0.20339931450571333,deepskyblue,D+4.9,D+6.3,R+2.4,R+0.5,D+7.3,D+19.3,1.36%,2.56%,15.16%,-12.60%,D+5.0,D+6.5,R+2.8,R+0.8,D+7.9,D+20.3,72887,,https://en.wikipedia.org/wiki/2022_United_States_Senate_election_in_Pennsylvania,"{""John Fetterman"": {""party"": ""Democratic"", ""votes"": 2751012, ""pct"": 51.17}, ""Mehmet Oz"": {""party"": ""Republican"", ""votes"": 2487260, ""pct"": 46.27}, ""Erik Gerhardt"": {""party"": ""Libertarian"", ""votes"": 72887, ""pct"": 1.36}, ""Richard L. Weiss"": {""party"": ""Green"", ""votes"": 30434, ""pct"": 0.57}, ""Dan Wassmer"": {""party"": ""Keystone"", ""votes"": 26428, ""pct"": 0.49}, ""Write-in"": {""party"": ""Write-in"", ""votes"": 7864, ""pct"": 0.15}}"
2022,South Carolina,SC,III,regular,General,2022 United States Senate election in South Carolina,627616,1066274,1812,0.37012163693856587,0.6288097790767482,Krystle Matthews,Tim Scott,Tim Scott,R,Krystle Matthews,0.0010685839846859885,Write-in,1812,1695702,"{""Write-in"": {""party"": ""Write-in"", ""votes"": 1812, ""pct"": 0.11}}",-129406,-175335,-354191,-0.258688142138,-0.022291900969,-0.023887768963,-0.004673040533,-0.234800373175,0.107708555646,0.0010685839846859885,0.15159440257707307,-0.1505258185923871,-0.2589648678485616,-0.01650540434579395,-0.02815607185480939,-0.008107085819937316,-0.2308087959937522,0.12163935108058432,red,R+25.9,R+2.2,R+2.4,R+0.5,R+23.5,D+10.8,0.11%,0.11%,15.16%,-15.05%,R+25.9,R+1.7,R+2.8,R+0.8,R+23.1,D+12.2,1812,,https://en.wikipedia.org/wiki/2022_United_States_Senate_election_in_South_Carolina,"{""Tim Scott"": {""party"": ""Republican"", ""votes"": 1066274, ""pct"": 62.88}, ""Krystle Matthews"": {""party"": ""Democratic"", ""votes"": 627616, ""pct"": 37.01}, ""Write-in"": {""party"": ""Write-in"", ""votes"": 1812, ""pct"": 0.11}}"
2022,South Dakota,SD,III,regular,General,2022 United States Senate election in South Dakota,91007,242316,14697,0.2614993391184415,0.6962703292914201,Brian Bengs,John Thune,John Thune,R,Brian Bengs,0.042230331590138497,Tamara Lesnar,14697,348020,"{""Tamara Lesnar"": {""party"": ""Libertarian"", ""votes"": 14697, ""pct"": 4.22}}",-13133,-23200,-21636,-0.434770990173,0.001786241415,-0.023887768963,-0.004673040533,-0.410883221210,0.131786698030,0.042230331590138497,0.15159440257707307,-0.10936407098693457,-0.45394107217323737,-0.017383840584949906,-0.02815607185480939,-0.008107085819937316,-0.425785000318428,0.12076091484142842,red,R+43.5,D+0.2,R+2.4,R+0.5,R+41.1,D+13.2,4.22%,4.22%,15.16%,-10.94%,R+45.4,R+1.7,R+2.8,R+0.8,R+42.6,D+12.1,14697,,https://en.wikipedia.org/wiki/2022_United_States_Senate_election_in_South_Dakota,"{""John Thune"": {""party"": ""Republican"", ""votes"": 242316, ""pct"": 69.63}, ""Brian Bengs"": {""party"": ""Democratic"", ""votes"": 91007, ""pct"": 26.15}, ""Tamara Lesnar"": {""party"": ""Libertarian"", ""votes"": 14697, ""pct"": 4.22}}"
2022,Utah,UT,III,regular,General,2022 United States Senate election in Utah,0,571974,504087,0.0,0.5315442154301662,None,Mike Lee,Mike Lee,R,Evan McMullin,0.4274460276880214,Evan McMullin,504087,1076061,"{""Evan McMullin"": {""party"": ""Independent"", ""votes"": 459958, ""pct"": 42.74}, ""James Hansen"": {""party"": ""Libertarian"", ""votes"": 31784, ""pct"": 2.95}, ""Tommy Williams"": {""party"": ""Independent American"", ""votes"": 12103, ""pct"": 1.12}, ""Write-in"": {""party"": ""Write-in"", ""votes"": 242, ""pct"": 0.02}}",-301860,-188267,-39547,-0.531544215430,-0.120664228912,-0.023887768963,-0.004673040533,-0.507656446467,0.009336227703,0.4684557845698339,0.15159440257707307,0.3168613819927608,-1.0,-0.5684205174460809,-0.02815607185480939,-0.008107085819937316,-0.9718439281451906,-0.43027576201970263,red,R+53.2,R+12.1,R+2.4,R+0.5,R+50.8,D+0.9,42.74%,46.85%,15.16%,31.69%,R+100.0,R+56.8,R+2.8,R+0.8,R+97.2,R+43.0,459958,,https://en.wikipedia.org/wiki/2022_United_States_Senate_election_in_Utah,"{""Mike Lee"": {""party"": ""Republican"", ""votes"": 571974, ""pct"": 53.15}, ""Evan McMullin"": {""party"": ""Independent"", ""votes"": 459958, ""pct"": 42.74}, ""James Hansen"": {""party"": ""Libertarian"", ""votes"": 31784, ""pct"": 2.95}, ""Tommy Williams"": {""party"": ""Independent American"", ""votes"": 12103, ""pct"": 1.12}, ""Write-in"": {""party"": ""Write-in"", ""votes"": 242, ""pct"": 0.02}}"
2022,Vermont,VT,III,regular,General,2022 United States Senate election in Vermont,196575,80468,10057,0.6846917450365726,0.2802786485545106,Peter Welch,Gerald Malloy,Peter Welch,D,Gerald Malloy,0.009585510275165448,Dawn Marie Ellis,10057,287100,"{""Dawn Marie Ellis"": {""party"": ""Independent"", ""votes"": 2752, ""pct"": 0.96}, ""Natasha Diamondstone-Kohout"": {""party"": ""Green Mountain"", ""votes"": 1574, ""pct"": 0.55}, ""Kerry Patrick Raheb"": {""party"": ""Independent"", ""votes"": 1532, ""pct"": 0.53}, ""Mark Coester"": {""party"": ""Independent"", ""votes"": 1273, ""pct"": 0.44}, ""Stephen Duke"": {""party"": ""Independent"", ""votes"": 1209, ""pct"": 0.42}, ""Cris Ericson"": {""party"": ""Independent"", ""votes"": 1105, ""pct"": 0.38}, ""Write-in"": {""party"": ""Write-in"", ""votes"": 612, ""pct"": 0.21}}",4332,-23169,-26709,0.404413096482,0.122056631244,-0.023887768963,-0.004673040533,0.428300865445,0.252057087858,0.03502960640891675,0.15159440257707307,-0.11656479616815632,0.4190937868850684,0.11962778715544825,-0.02815607185480939,-0.008107085819937316,0.44724985873987777,0.2577725425818265,deepskyblue,D+40.4,D+12.2,R+2.4,R+0.5,D+42.8,D+25.2,0.96%,3.50%,15.16%,-11.66%,D+41.9,D+12.0,R+2.8,R+0.8,D+44.7,D+25.8,2752,,https://en.wikipedia.org/wiki/2022_United_States_Senate_election_in_Vermont,"{""Peter Welch"": {""party"": ""Democratic"", ""votes"": 196575, ""pct"": 68.47}, ""Gerald Malloy"": {""party"": ""Republican"", ""votes"": 80468, ""pct"": 28.03}, ""Dawn Marie Ellis"": {""party"": ""Independent"", ""votes"": 2752, ""pct"": 0.96}, ""Natasha Diamondstone-Kohout"": {""party"": ""Green Mountain"", ""votes"": 1574, ""pct"": 0.55}, ""Kerry Patrick Raheb"": {""party"": ""Independent"", ""votes"": 1532, ""pct"": 0.53}, ""Mark Coester"": {""party"": ""Independent"", ""votes"": 1273, ""pct"": 0.44}, ""Stephen Duke"": {""party"": ""Independent"", ""votes"": 1209, ""pct"": 0.42}, ""Cris Ericson"": {""party"": ""Independent"", ""votes"": 1105, ""pct"": 0.38}, ""Write-in"": {""party"": ""Write-in"", ""votes"": 612, ""pct"": 0.21}}"
2022,Washington,WA,III,regular,General,2022 United States Senate election in Washington,1741827,1299322,6751,0.5714843006660324,0.4263007316513009,Patty Murray,Tiffany Smiley,Patty Murray,D,Tiffany Smiley,0.0022149676826667543,Write-in,6751,3047900,"{""Write-in"": {""party"": ""Write-in"", ""votes"": 6751, ""pct"": 0.22}}",-172152,-30016,-195417,0.145183569015,-0.035076639901,-0.023887768963,-0.004673040533,0.169071337978,0.094923816714,0.0022149676826667543,0.15159440257707307,-0.14937943489440633,0.14550585979180894,-0.03475434912393996,-0.02815607185480939,-0.008107085819937316,0.17366193164661833,0.10339040630243833,deepskyblue,D+14.5,R+3.5,R+2.4,R+0.5,D+16.9,D+9.5,0.22%,0.22%,15.16%,-14.94%,D+14.6,R+3.5,R+2.8,R+0.8,D+17.4,D+10.3,6751,,https://en.wikipedia.org/wiki/2022_United_States_Senate_election_in_Washington,"{""Patty Murray"": {""party"": ""Democratic"", ""votes"": 1741827, ""pct"": 57.15}, ""Tiffany Smiley"": {""party"": ""Republican"", ""votes"": 1299322, ""pct"": 42.63}, ""Write-in"": {""party"": ""Write-in"", ""votes"": 6751, ""pct"": 0.22}}"
2022,Wisconsin,WI,III,regular,General,2022 United States Senate election in Wisconsin,1310467,1337185,4825,0.49405404834801586,0.5041268972360552,Mandela Barnes,Ron Johnson,Ron Johnson,R,Mandela Barnes,0.0017937950074590656,Write-in,4825,2652477,"{""Write-in"": {""party"": ""Write-in"", ""votes"": 4758, ""pct"": 0.18}, ""Adam Paul"": {""party"": ""Independent"", ""votes"": 67, ""pct"": 0.0}}",-69868,-142286,-296264,-0.010072848888,0.023546923076,-0.023887768963,-0.004673040533,0.013814920075,0.153547379690,0.00181905441592896,0.15159440257707307,-0.1497753481611441,-0.01009120533967455,0.024574083144928947,-0.02815607185480939,-0.008107085819937316,0.018064866515134843,0.16271883857130723,red,R+1.0,D+2.4,R+2.4,R+0.5,D+1.4,D+15.4,0.18%,0.18%,15.16%,-14.98%,R+1.0,D+2.5,R+2.8,R+0.8,D+1.8,D+16.3,4758,,https://en.wikipedia.org/wiki/2022_United_States_Senate_election_in_Wisconsin,"{""Ron Johnson"": {""party"": ""Republican"", ""votes"": 1337185, ""pct"": 50.41}, ""Mandela Barnes"": {""party"": ""Democratic"", ""votes"": 1310467, ""pct"": 49.41}, ""Write-in"": {""party"": ""Write-in"", ""votes"": 4758, ""pct"": 0.18}, ""Adam Paul"": {""party"": ""Independent"", ""votes"": 67, ""pct"": 0.0}}"
2024,United States,NATIONAL,,national,Aggregate,National aggregate,46903636,48096597,3178017,0.4777395808134694,0.48989055111493635,Democratic total,Republican total,Republican Party,R,Democratic Party,0.0,Various,3178017,98178250,{},13862045,13140457,18030581,-0.012150970301,0.011736798662,-0.012150970301,0.011736798662,0.000000000000,0.000000000000,0.03236986807159427,0.03236986807159427,0.0,-0.012557453411719526,0.015598618443089865,-0.012557453411719526,0.015598618443089865,0.0,0.0,transparent,R+1.2,D+1.2,R+1.2,D+1.2,EVEN,EVEN,0.00%,3.24%,3.24%,0.00%,R+1.3,D+1.6,R+1.3,D+1.6,EVEN,EVEN,0,,,{}
2024,Arizona,AZ,I,regular,General,2024 United States Senate election in Arizona,1676335,1595761,76718,0.5005757262123247,0.47651526779331427,Ruben Gallego,Kari Lake,Ruben Gallego,D,Kari Lake,0.02265518479079459,Eduardo Heredia Quintana,76718,3348814,"{""Eduardo Heredia Quintana"": {""party"": ""Green"", ""votes"": 75868, ""pct"": 2.27}, ""Write-in"": {""party"": ""Write-in"", ""votes"": 850, ""pct"": 0.02}}",485235,460561,964506,0.024060458419,0.000615500804,-0.012150970301,0.011736798662,0.036211428720,0.214294213489,0.02290900599436099,0.03236986807159427,-0.00946086207723328,0.02462458314181491,0.0005950082804470729,-0.012557453411719526,0.015598618443089865,0.037182036553534435,0.21940323244485574,deepskyblue,D+2.4,D+0.1,R+1.2,D+1.2,D+3.6,D+21.4,2.27%,2.29%,3.24%,-0.95%,D+2.5,D+0.1,R+1.3,D+1.6,D+3.7,D+21.9,75868,,https://en.wikipedia.org/wiki/2024_United_States_Senate_election_in_Arizona,"{""Ruben Gallego"": {""party"": ""Democratic"", ""votes"": 1676335, ""pct"": 50.06}, ""Kari Lake"": {""party"": ""Republican"", ""votes"": 1595761, ""pct"": 47.65}, ""Eduardo Heredia Quintana"": {""party"": ""Green"", ""votes"": 75868, ""pct"": 2.27}, ""Write-in"": {""party"": ""Write-in"", ""votes"": 850, ""pct"": 0.02}}"
2024,Connecticut,CT,I,regular,General,2024 United States Senate election in Connecticut,1000695,678256,29308,0.5857981722912041,0.39704517874631423,Chris Murphy,Matthew Corey,Chris Murphy,D,Matthew Corey,0.008710037529437865,Robert F. Hyde,29308,1708259,"{""Robert F. Hyde"": {""party"": ""Cheaper Gas Groceries"", ""votes"": 14879, ""pct"": 0.87}, ""Justin Paglino"": {""party"": ""Green"", ""votes"": 14422, ""pct"": 0.84}, ""Write-in"": {""party"": ""Write-in"", ""votes"": 7, ""pct"": 0.0}}",175116,132539,321419,0.188752993545,-0.013045339356,-0.012150970301,0.011736798662,0.200903963846,0.200633373329,0.017156648962481685,0.03236986807159427,-0.015213219109112584,0.19204789180863527,-0.012037878149127323,-0.012557453411719526,0.015598618443089865,0.20460534522035478,0.20677034601528133,deepskyblue,D+18.9,R+1.3,R+1.2,D+1.2,D+20.1,D+20.1,0.87%,1.72%,3.24%,-1.52%,D+19.2,R+1.2,R+1.3,D+1.6,D+20.5,D+20.7,14879,,https://en.wikipedia.org/wiki/2024_United_States_Senate_election_in_Connecticut,"{""Chris Murphy"": {""party"": ""Democratic"", ""votes"": 1000695, ""pct"": 58.58}, ""Matthew Corey"": {""party"": ""Republican"", ""votes"": 678256, ""pct"": 39.7}, ""Robert F. Hyde"": {""party"": ""Cheaper Gas Groceries"", ""votes"": 14879, ""pct"": 0.87}, ""Justin Paglino"": {""party"": ""Green"", ""votes"": 14422, ""pct"": 0.84}, ""Write-in"": {""party"": ""Write-in"", ""votes"": 7, ""pct"": 0.0}}"
2024,Delaware,DE,I,regular,General,"United States Senate election in Delaware, 2024",283298,197753,19555,0.5659101169382709,0.39502722700087495,Lisa Blunt Rochester,Eric Hansen,Lisa Blunt Rochester,D,Eric Hansen,0.039062656060854246,Michael Katz,19555,500606,"{""Michael Katz"": {""party"": ""Independent Party"", ""votes"": 19555, ""pct"": 3.91}}",65913,60626,138014,0.170882889937,-0.050462313487,-0.012150970301,0.011736798662,0.183033860239,0.163216399198,0.039062656060854246,0.03236986807159427,0.006692787989259978,0.17782937775828342,-0.04856070212617747,-0.012557453411719526,0.015598618443089865,0.19038683117000293,0.17024752203823118,deepskyblue,D+17.1,R+5.0,R+1.2,D+1.2,D+18.3,D+16.3,3.91%,3.91%,3.24%,0.67%,D+17.8,R+4.9,R+1.3,D+1.6,D+19.0,D+17.0,19555,,https://en.wikipedia.org/wiki/2024_United_States_Senate_election_in_Delaware,"{""Lisa Blunt Rochester"": {""party"": ""Democratic"", ""votes"": 283298, ""pct"": 56.59}, ""Eric Hansen"": {""party"": ""Republican"", ""votes"": 197753, ""pct"": 39.5}, ""Michael Katz"": {""party"": ""Independent Party"", ""votes"": 19555, ""pct"": 3.91}}"
2024,Florida,FL,I,regular,General,2024 United States Senate election in Florida,4603077,5977706,176645,0.42789754205187336,0.5556817112789414,Debbie Mucarsel-Powell,Rick Scott,Rick Scott,R,Debbie Mucarsel-Powell,0.005826950456930783,Ben Everidge,176645,10757428,"{""Ben Everidge"": {""party"": ""Independent"", ""votes"": 62683, ""pct"": 0.58}, ""Feena Bonoan"": {""party"": ""Libertarian"", ""votes"": 57363, ""pct"": 0.53}, ""Tuan TQ Nguyen"": {""party"": ""Independent"", ""votes"": 56586, ""pct"": 0.53}, ""Write-in"": {""party"": ""Write-in"", ""votes"": 13, ""pct"": 0.0}}",513605,1878201,2567423,-0.127784169227,-0.126559139450,-0.012150970301,0.011736798662,-0.115633198926,0.087119573235,0.016420746669185235,0.03236986807159427,-0.015949121402409033,-0.12991751177582983,-0.1286923282150505,-0.012557453411719526,0.015598618443089865,-0.1173600583641103,0.09011589594935816,red,R+12.8,R+12.7,R+1.2,D+1.2,R+11.6,D+8.7,0.58%,1.64%,3.24%,-1.59%,R+13.0,R+12.9,R+1.3,D+1.6,R+11.7,D+9.0,62683,,https://en.wikipedia.org/wiki/2024_United_States_Senate_election_in_Florida,"{""Rick Scott"": {""party"": ""Republican"", ""votes"": 5977706, ""pct"": 55.57}, ""Debbie Mucarsel-Powell"": {""party"": ""Democratic"", ""votes"": 4603077, ""pct"": 42.79}, ""Ben Everidge"": {""party"": ""Independent"", ""votes"": 62683, ""pct"": 0.58}, ""Feena Bonoan"": {""party"": ""Libertarian"", ""votes"": 57363, ""pct"": 0.53}, ""Tuan TQ Nguyen"": {""party"": ""Independent"", ""votes"": 56586, ""pct"": 0.53}, ""Write-in"": {""party"": ""Write-in"", ""votes"": 13, ""pct"": 0.0}}"
2024,Hawaii,HI,I,regular,General,2024 United States Senate election in Hawaii,324194,160075,17494,0.6461098167860125,0.31902511743592094,Mazie Hirono,Bob McDermott,Mazie Hirono,D,Bob McDermott,0.018383180904132032,Shelby Billionaire,17494,501763,"{""Shelby Billionaire"": {""party"": ""We the People"", ""votes"": 9224, ""pct"": 1.84}, ""Emma Pohlman"": {""party"": ""Green"", ""votes"": 8270, ""pct"": 1.65}}",47878,48040,113412,0.327084699350,-0.095937257591,-0.012150970301,0.011736798662,0.339235669652,0.117741455094,0.034865065778066535,0.03236986807159427,0.002495197706472267,0.33890048712595683,-0.08412146981505786,-0.012557453411719526,0.015598618443089865,0.35145794053767637,0.13468675434935082,deepskyblue,D+32.7,R+9.6,R+1.2,D+1.2,D+33.9,D+11.8,1.84%,3.49%,3.24%,0.25%,D+33.9,R+8.4,R+1.3,D+1.6,D+35.1,D+13.5,9224,,https://en.wikipedia.org/wiki/2024_United_States_Senate_election_in_Hawaii,"{""Mazie Hirono"": {""party"": ""Democratic"", ""votes"": 324194, ""pct"": 64.61}, ""Bob McDermott"": {""party"": ""Republican"", ""votes"": 160075, ""pct"": 31.9}, ""Shelby Billionaire"": {""party"": ""We the People"", ""votes"": 9224, ""pct"": 1.84}, ""Emma Pohlman"": {""party"": ""Green"", ""votes"": 8270, ""pct"": 1.65}}"
2024,Indiana,IN,I,regular,General,2024 United States Senate election in Indiana,1097061,1659416,73420,0.3876681730819178,0.5863874197541465,Valerie McCray,Jim Banks,Jim Banks,R,Valerie McCray,0.02587832702038272,Andrew Horning,73420,2829897,"{""Andrew Horning"": {""party"": ""Libertarian"", ""votes"": 73233, ""pct"": 2.59}, ""Write-in"": {""party"": ""Write-in"", ""votes"": 187, ""pct"": 0.0}}",73508,501416,547332,-0.198719246672,-0.139817528649,-0.012150970301,0.011736798662,-0.186568276371,0.073861184036,0.02594440716393565,0.03236986807159427,-0.006425460907658619,-0.20401222284822257,-0.1423831906862719,-0.012557453411719526,0.015598618443089865,-0.19145476943650305,0.07642503347813676,red,R+19.9,R+14.0,R+1.2,D+1.2,R+18.7,D+7.4,2.59%,2.59%,3.24%,-0.64%,R+20.4,R+14.2,R+1.3,D+1.6,R+19.1,D+7.6,73233,,https://en.wikipedia.org/wiki/2024_United_States_Senate_election_in_Indiana,"{""Jim Banks"": {""party"": ""Republican"", ""votes"": 1659416, ""pct"": 58.64}, ""Valerie McCray"": {""party"": ""Democratic"", ""votes"": 1097061, ""pct"": 38.77}, ""Andrew Horning"": {""party"": ""Libertarian"", ""votes"": 73233, ""pct"": 2.59}, ""Write-in"": {""party"": ""Write-in"", ""votes"": 187, ""pct"": 0.0}}"
2024,Massachusetts,MA,I,regular,General,2024 United States Senate election in Massachusetts,2041668,1365440,6221,0.5981456812396344,0.4000317578528176,Elizabeth Warren,John Deaton,Elizabeth Warren,D,John Deaton,0.0018225609075480272,Write-in,6221,3413329,"{""Write-in"": {""party"": ""Write-in"", ""votes"": 6221, ""pct"": 0.18}}",408297,386230,706239,0.198113923387,-0.043533380545,-0.012150970301,0.011736798662,0.210264893688,0.170145332140,0.0018225609075480272,0.03236986807159427,-0.03054730716404624,0.1984756573610229,-0.05191313441232309,-0.012557453411719526,0.015598618443089865,0.21103311077274242,0.16689508975208556,deepskyblue,D+19.8,R+4.4,R+1.2,D+1.2,D+21.0,D+17.0,0.18%,0.18%,3.24%,-3.05%,D+19.8,R+5.2,R+1.3,D+1.6,D+21.1,D+16.7,6221,,https://en.wikipedia.org/wiki/2024_United_States_Senate_election_in_Massachusetts,"{""Elizabeth Warren"": {""party"": ""Democratic"", ""votes"": 2041668, ""pct"": 59.81}, ""John Deaton"": {""party"": ""Republican"", ""votes"": 1365440, ""pct"": 40.0}, ""Write-in"": {""party"": ""Write-in"", ""votes"": 6221, ""pct"": 0.18}}"
2024,Maryland,MD,I,regular,General,2024 United States Senate election in Maryland,1650912,1294344,76122,0.5464102803422809,0.4283952554099487,Angela Alsobrooks,Larry Hogan,Angela Alsobrooks,D,Larry Hogan,0.022968327696832373,Mike Scott,76122,3021378,"{""Mike Scott"": {""party"": ""Libertarian"", ""votes"": 69396, ""pct"": 2.3}, ""Write-in"": {""party"": ""Write-in"", ""votes"": 6726, ""pct"": 0.22}}",159298,597327,721489,0.118015024932,-0.227478605412,-0.012150970301,0.011736798662,0.130165995234,-0.013799892728,0.025194464247770387,0.03236986807159427,-0.007175403823823881,0.12106519772814316,-0.24199143447710292,-0.012557453411719526,0.015598618443089865,0.13362265113986269,-0.02318321031269427,deepskyblue,D+11.8,R+22.7,R+1.2,D+1.2,D+13.0,R+1.4,2.30%,2.52%,3.24%,-0.72%,D+12.1,R+24.2,R+1.3,D+1.6,D+13.4,R+2.3,69396,,https://en.wikipedia.org/wiki/2024_United_States_Senate_election_in_Maryland,"{""Angela Alsobrooks"": {""party"": ""Democratic"", ""votes"": 1650912, ""pct"": 54.64}, ""Larry Hogan"": {""party"": ""Republican"", ""votes"": 1294344, ""pct"": 42.84}, ""Mike Scott"": {""party"": ""Libertarian"", ""votes"": 69396, ""pct"": 2.3}, ""Write-in"": {""party"": ""Write-in"", ""votes"": 6726, ""pct"": 0.22}}"
2024,Maine,ME-AL,I,regular,General,2024 United States Senate election in Maine,88891,284338,447553,0.10830037695758435,0.3464232890097492,David Costello,Demi Kouzounas,Angus King,T,Demi Kouzounas,0.5206388541659052,Angus King,447553,820782,"{""Angus King"": {""party"": ""Independent"", ""votes"": 427331, ""pct"": 52.06}, ""Jason Cherry"": {""party"": ""Independent"", ""votes"": 20222, ""pct"": 2.46}}",22623,60836,186373,-0.238122912052,0.009720356250,-0.012150970301,0.011736798662,-0.225971941751,0.223399068934,0.5452763340326664,0.03236986807159427,0.5129064659610721,-0.5236650956919211,0.018951462267840058,-0.012557453411719526,0.015598618443089865,-0.5111076422802016,0.23775968643224876,yellow,R+23.8,D+1.0,R+1.2,D+1.2,R+22.6,D+22.3,52.06%,54.53%,3.24%,51.29%,R+52.4,D+1.9,R+1.3,D+1.6,R+51.1,D+23.8,427331,,https://en.wikipedia.org/wiki/2024_United_States_Senate_election_in_Maine,"{""Angus King"": {""party"": ""Independent"", ""votes"": 427331, ""pct"": 52.06}, ""Demi Kouzounas"": {""party"": ""Republican"", ""votes"": 284338, ""pct"": 34.64}, ""David Costello"": {""party"": ""Democratic"", ""votes"": 88891, ""pct"": 10.83}, ""Jason Cherry"": {""party"": ""Independent"", ""votes"": 20222, ""pct"": 2.46}}"
2024,Michigan,MI,I,regular,General,2024 United States Senate election in Michigan,2712686,2693680,170817,0.48638999294088076,0.4829821793547029,Elissa Slotkin,Mike Rogers,Elissa Slotkin,D,Mike Rogers,0.010165884820347476,Joseph Solis-Mullen,170817,5577183,"{""Joseph Solis-Mullen"": {""party"": ""Libertarian"", ""votes"": 56697, ""pct"": 1.02}, ""Douglas Marsh"": {""party"": ""Green"", ""votes"": 53978, ""pct"": 0.97}, ""Dave Stein"": {""party"": ""Constitution"", ""votes"": 41363, ""pct"": 0.74}, ""Doug Dern"": {""party"": ""Natural Law"", ""votes"": 18779, ""pct"": 0.34}}",498208,754862,1339912,0.003407813586,-0.061648209500,-0.012150970301,0.011736798662,0.015558783888,0.152030503185,0.03062782770441637,0.03236986807159427,-0.0017420403671778995,0.003515485263113892,-0.06285589785044218,-0.012557453411719526,0.015598618443089865,0.016072938674833417,0.15595232631396647,deepskyblue,D+0.3,R+6.2,R+1.2,D+1.2,D+1.6,D+15.2,1.02%,3.06%,3.24%,-0.17%,D+0.4,R+6.3,R+1.3,D+1.6,D+1.6,D+15.6,56697,,https://en.wikipedia.org/wiki/2024_United_States_Senate_election_in_Michigan,"{""Elissa Slotkin"": {""party"": ""Democratic"", ""votes"": 2712686, ""pct"": 48.64}, ""Mike Rogers"": {""party"": ""Republican"", ""votes"": 2693680, ""pct"": 48.3}, ""Joseph Solis-Mullen"": {""party"": ""Libertarian"", ""votes"": 56697, ""pct"": 1.02}, ""Douglas Marsh"": {""party"": ""Green"", ""votes"": 53978, ""pct"": 0.97}, ""Dave Stein"": {""party"": ""Constitution"", ""votes"": 41363, ""pct"": 0.74}, ""Doug Dern"": {""party"": ""Natural Law"", ""votes"": 18779, ""pct"": 0.34}}"
2024,Minnesota,MN,I,regular,General,2024 United States Senate election in Minnesota,1792441,1291712,105170,0.5620130040137045,0.4050113456680305,Amy Klobuchar,Royce White,Amy Klobuchar,D,Royce White,0.01731245157671393,Rebecca Whiting,105170,3189323,"{""Rebecca Whiting"": {""party"": ""Libertarian"", ""votes"": 55215, ""pct"": 1.73}, ""Joyce Lacey"": {""party"": ""Independence"", ""votes"": 46377, ""pct"": 1.45}, ""Write-in"": {""party"": ""Write-in"", ""votes"": 3578, ""pct"": 0.11}}",226267,351275,592444,0.157001658346,-0.083955660035,-0.012150970301,0.011736798662,0.169152628647,0.129723052650,0.032975650318265035,0.03236986807159427,0.0006057822466707663,0.1623554343769586,-0.08727923171203567,-0.012557453411719526,0.015598618443089865,0.1749128877886781,0.13152899245237298,deepskyblue,D+15.7,R+8.4,R+1.2,D+1.2,D+16.9,D+13.0,1.73%,3.30%,3.24%,0.06%,D+16.2,R+8.7,R+1.3,D+1.6,D+17.5,D+13.2,55215,,https://en.wikipedia.org/wiki/2024_United_States_Senate_election_in_Minnesota,"{""Amy Klobuchar"": {""party"": ""Democratic (DFL)"", ""votes"": 1792441, ""pct"": 56.2}, ""Royce White"": {""party"": ""Republican"", ""votes"": 1291712, ""pct"": 40.5}, ""Rebecca Whiting"": {""party"": ""Libertarian"", ""votes"": 55215, ""pct"": 1.73}, ""Joyce Lacey"": {""party"": ""Independence"", ""votes"": 46377, ""pct"": 1.45}, ""Write-in"": {""party"": ""Write-in"", ""votes"": 3578, ""pct"": 0.11}}"
2024,Missouri,MO,I,regular,General,2024 United States Senate election in Missouri,1243728,1651907,76924,0.4184031334617749,0.5557188267751793,Lucas Kunce,Josh Hawley,Josh Hawley,R,Lucas Kunce,0.012000098231860159,W.C. Young,76924,2972559,"{""W.C. Young"": {""party"": ""Libertarian"", ""votes"": 35671, ""pct"": 1.2}, ""Jared Young"": {""party"": ""Better Party"", ""votes"": 21111, ""pct"": 0.71}, ""Nathan Kline"": {""party"": ""Green"", ""votes"": 20123, ""pct"": 0.68}, ""Write-in"": {""party"": ""Write-in"", ""votes"": 19, ""pct"": 0.0}}",130793,396980,530270,-0.137315693313,-0.079176791652,-0.012150970301,0.011736798662,-0.125164723012,0.134501921033,0.025878039763045913,0.03236986807159427,-0.006491828308548355,-0.14096355376281886,-0.08099722126540135,-0.012557453411719526,0.015598618443089865,-0.12840610035109934,0.13781100289900727,red,R+13.7,R+7.9,R+1.2,D+1.2,R+12.5,D+13.5,1.20%,2.59%,3.24%,-0.65%,R+14.1,R+8.1,R+1.3,D+1.6,R+12.8,D+13.8,35671,,https://en.wikipedia.org/wiki/2024_United_States_Senate_election_in_Missouri,"{""Josh Hawley"": {""party"": ""Republican"", ""votes"": 1651907, ""pct"": 55.57}, ""Lucas Kunce"": {""party"": ""Democratic"", ""votes"": 1243728, ""pct"": 41.84}, ""W.C. Young"": {""party"": ""Libertarian"", ""votes"": 35671, ""pct"": 1.2}, ""Jared Young"": {""party"": ""Better Party"", ""votes"": 21111, ""pct"": 0.71}, ""Nathan Kline"": {""party"": ""Green"", ""votes"": 20123, ""pct"": 0.68}, ""Write-in"": {""party"": ""Write-in"", ""votes"": 19, ""pct"": 0.0}}"
2024,Mississippi,MS,I,regular,General,2024 United States Senate election in Mississippi,451981,763420,0,0.3718780879726115,0.6281219120273885,Ty Pinkins,Roger Wicker,Roger Wicker,R,Ty Pinkins,0.0,None,0,1215401,{},82414,215801,279186,-0.256243824055,-0.066061013482,-0.012150970301,0.011736798662,-0.244092853753,0.147617699202,0.0,0.03236986807159427,-0.03236986807159427,-0.25624382405477697,-0.062115261255083126,-0.012557453411719526,0.015598618443089865,-0.24368637064305745,0.15669296290932552,red,R+25.6,R+6.6,R+1.2,D+1.2,R+24.4,D+14.8,0.00%,0.00%,3.24%,-3.24%,R+25.6,R+6.2,R+1.3,D+1.6,R+24.4,D+15.7,0,,https://en.wikipedia.org/wiki/2024_United_States_Senate_election_in_Mississippi,"{""Roger Wicker"": {""party"": ""Republican"", ""votes"": 763420, ""pct"": 62.81}, ""Ty Pinkins"": {""party"": ""Democratic"", ""votes"": 451981, ""pct"": 37.19}}"
2024,Montana,MT,I,regular,General,2024 United States Senate election in Montana,276305,319682,11275,0.45500130092118396,0.526431754333385,Jon Tester,Tim Sheehy,Tim Sheehy,R,Jon Tester,0.011975061834924628,Sid Daoud,11275,607262,"{""Sid Daoud"": {""party"": ""Libertarian"", ""votes"": 7272, ""pct"": 1.2}, ""Robert Barb"": {""party"": ""Green"", ""votes"": 4003, ""pct"": 0.66}}",22429,83719,102878,-0.071430453412,-0.106945061330,-0.012150970301,0.011736798662,-0.059279483111,0.106733651355,0.018566944745431132,0.03236986807159427,-0.013802923326163136,-0.07278178886452222,-0.10935094730229464,-0.012557453411719526,0.015598618443089865,-0.06022433545280269,0.10945727686211403,red,R+7.1,R+10.7,R+1.2,D+1.2,R+5.9,D+10.7,1.20%,1.86%,3.24%,-1.38%,R+7.3,R+10.9,R+1.3,D+1.6,R+6.0,D+10.9,7272,,https://en.wikipedia.org/wiki/2024_United_States_Senate_election_in_Montana,"{""Tim Sheehy"": {""party"": ""Republican"", ""votes"": 319682, ""pct"": 52.64}, ""Jon Tester"": {""party"": ""Democratic"", ""votes"": 276305, ""pct"": 45.5}, ""Sid Daoud"": {""party"": ""Libertarian"", ""votes"": 7272, ""pct"": 1.2}, ""Robert Barb"": {""party"": ""Green"", ""votes"": 4003, ""pct"": 0.66}}"
2024,North Dakota,ND,I,regular,General,2024 United States Senate election in North Dakota,121602,241569,1156,0.33377158431848314,0.6630554419518729,Katrina Christiansen,Kevin Cramer,Kevin Cramer,R,Katrina Christiansen,0.0031729737296439737,Write-in,1156,364327,"{""Write-in"": {""party"": ""Write-in"", ""votes"": 1156, ""pct"": 0.32}}",-22774,61849,38189,-0.329283857633,-0.220912554688,-0.012150970301,0.011736798662,-0.317132887332,-0.007233842003,0.0031729737296439737,0.03236986807159427,-0.029196894341950295,-0.330331992367232,-0.22127788494227146,-0.012557453411719526,0.015598618443089865,-0.31777453895551244,-0.0024696607778628143,red,R+32.9,R+22.1,R+1.2,D+1.2,R+31.7,R+0.7,0.32%,0.32%,3.24%,-2.92%,R+33.0,R+22.1,R+1.3,D+1.6,R+31.8,R+0.2,1156,,https://en.wikipedia.org/wiki/2024_United_States_Senate_election_in_North_Dakota,"{""Kevin Cramer"": {""party"": ""Republican"", ""votes"": 241569, ""pct"": 66.31}, ""Katrina Christiansen"": {""party"": ""Democratic–NPL"", ""votes"": 121602, ""pct"": 33.38}, ""Write-in"": {""party"": ""Write-in"", ""votes"": 1156, ""pct"": 0.32}}"
2024,Nebraska,NE-AL,I,regular,General,2024 United States Senate election in Nebraska,0,499124,501843,0.0,0.4986418133664746,None,Deb Fischer,Deb Fischer,R,Dan Osborn,0.43607131903449364,Dan Osborn,501843,1000967,"{""Dan Osborn"": {""party"": ""Independent"", ""votes"": 436493, ""pct"": 46.52}, ""Majority"": {""party"": ""Majority"", ""votes"": 62631, ""pct"": 6.67}, ""Write-in"": {""party"": ""Write-in"", ""votes"": 2719, ""pct"": 0.29}}",-269917,95973,168850,-0.498641813366,-0.338527310238,-0.012150970301,0.011736798662,-0.486490843065,-0.124848597553,0.5013581866335254,0.03236986807159427,0.46898831856193113,-1.0,-0.8020497186019837,-0.012557453411719526,0.015598618443089865,-0.9874425465882805,-0.5832414944375751,red,R+49.9,R+33.9,R+1.2,D+1.2,R+48.6,R+12.5,43.61%,50.14%,3.24%,46.90%,R+100.0,R+80.2,R+1.3,D+1.6,R+98.7,R+58.3,436493,,https://en.wikipedia.org/wiki/2024_United_States_Senate_election_in_Nebraska,"{""Deb Fischer"": {""party"": ""Republican"", ""votes"": 499124, ""pct"": 53.19}, ""Dan Osborn"": {""party"": ""Independent"", ""votes"": 436493, ""pct"": 46.52}, ""Majority"": {""party"": ""Majority"", ""votes"": 62631, ""pct"": 6.67}, ""Write-in"": {""party"": ""Write-in"", ""votes"": 2719, ""pct"": 0.29}}"
2024,New Jersey,NJ,I,regular,General,Hunterdon County Republican Convention (February 7),2162263,1774272,101052,0.5355334758111714,0.43943870435485355,Andy Kim,Curtis Bashaw,Andy Kim,D,Curtis Bashaw,0.011254989675764262,Christina Khalil,101052,4037587,"{""Christina Khalil"": {""party"": ""Green"", ""votes"": 45443, ""pct"": 1.13}, ""Kenneth Kaplan"": {""party"": ""Libertarian"", ""votes"": 24242, ""pct"": 0.6}, ""Patricia Mooneyham"": {""party"": ""Vote Better"", ""votes"": 17224, ""pct"": 0.43}, ""Joanne Kuniansky"": {""party"": ""Socialist Workers"", ""votes"": 9806, ""pct"": 0.24}, ""Write-in"": {""party"": ""Write-in"", ""votes"": 4337, ""pct"": 0.11}}",450609,416917,868277,0.096094771456,-0.015695807566,-0.012150970301,0.011736798662,0.108245741758,0.197982905119,0.025027819833975094,0.03236986807159427,-0.007342048237619175,0.09856155222803811,-0.01688255367064123,-0.012557453411719526,0.015598618443089865,0.11111900563975764,0.20192567049376742,deepskyblue,D+9.6,R+1.6,R+1.2,D+1.2,D+10.8,D+19.8,1.13%,2.50%,3.24%,-0.73%,D+9.9,R+1.7,R+1.3,D+1.6,D+11.1,D+20.2,45443,,https://en.wikipedia.org/wiki/2024_United_States_Senate_election_in_New_Jersey,"{""Andy Kim"": {""party"": ""Democratic"", ""votes"": 2161491, ""pct"": 53.55}, ""Curtis Bashaw"": {""party"": ""Republican"", ""votes"": 1773589, ""pct"": 43.94}, ""Christina Khalil"": {""party"": ""Green"", ""votes"": 45443, ""pct"": 1.13}, ""Kenneth Kaplan"": {""party"": ""Libertarian"", ""votes"": 24242, ""pct"": 0.6}, ""Patricia Mooneyham"": {""party"": ""Vote Better"", ""votes"": 17224, ""pct"": 0.43}, ""Joanne Kuniansky"": {""party"": ""Socialist Workers"", ""votes"": 9806, ""pct"": 0.24}, ""Write-in"": {""party"": ""Write-in"", ""votes"": 4337, ""pct"": 0.11}, ""Tammy Murphy"": {""party"": ""Democratic"", ""votes"": 738, ""pct"": 63.8}, ""Christine Serrano Glassner"": {""party"": ""Republican"", ""votes"": 279, ""pct"": 73.6}, ""Alex Zdan"": {""party"": ""Republican"", ""votes"": 265, ""pct"": 21.8}, ""Fred Schneiderman"": {""party"": ""Republican"", ""votes"": 99, ""pct"": 15.6}, ""Patricia Campos-Medina"": {""party"": ""Democratic"", ""votes"": 26, ""pct"": 4.8}, ""Gregg Mele"": {""party"": ""Republican"", ""votes"": 16, ""pct"": 7.0}, ""Justin Michael Murphy"": {""party"": ""Republican"", ""votes"": 16, ""pct"": 11.2}, ""Lawrence Hamm"": {""party"": ""Democratic"", ""votes"": 8, ""pct"": 2.1}, ""Albert Harshaw"": {""party"": ""Republican"", ""votes"": 6, ""pct"": 2.8}, ""Brian Jackson"": {""party"": ""Republican"", ""votes"": 2, ""pct"": 0.3}, ""Michael Estrada"": {""party"": ""Republican"", ""votes"": 0, ""pct"": 0.0}}"
2024,New Mexico,NM,I,regular,General,2024 United States Senate election in New Mexico,497333,405978,0,0.5505667483292023,0.4494332516707978,Martin Heinrich,Nella Domenici,Martin Heinrich,D,Nella Domenici,0.0,None,0,903311,{},120335,193165,206299,0.101133496658,-0.134421988756,-0.012150970301,0.011736798662,0.113284466960,0.079256723928,0.0,0.03236986807159427,-0.03236986807159427,0.10113349665840447,-0.177235336747551,-0.012557453411719526,0.015598618443089865,0.113690950070124,0.04157288741685766,deepskyblue,D+10.1,R+13.4,R+1.2,D+1.2,D+11.3,D+7.9,0.00%,0.00%,3.24%,-3.24%,D+10.1,R+17.7,R+1.3,D+1.6,D+11.4,D+4.2,0,,https://en.wikipedia.org/wiki/2024_United_States_Senate_election_in_New_Mexico,"{""Martin Heinrich"": {""party"": ""Democratic"", ""votes"": 497333, ""pct"": 55.06}, ""Nella Domenici"": {""party"": ""Republican"", ""votes"": 405978, ""pct"": 44.94}}"
2024,Nevada,NV,I,regular,General,2024 United States Senate election in Nevada,701105,677046,86577,0.4786588363163673,0.4622332610559776,Jacky Rosen,Sam Brown,Jacky Rosen,D,Sam Brown,0.030299140864378914,None of These Candidates,86577,1464728,"{""None of These Candidates"": {""party"": ""None of These Candidates"", ""votes"": 44380, ""pct"": 3.03}, ""Janine Hansen"": {""party"": ""Independent American"", ""votes"": 21316, ""pct"": 1.46}, ""Chris Cunningham"": {""party"": ""Libertarian"", ""votes"": 20881, ""pct"": 1.43}}",211034,235844,492596,0.016425575260,-0.033844346931,-0.012150970301,0.011736798662,0.028576545562,0.179834365754,0.0591079026276551,0.03236986807159427,0.02673803455606083,0.017457448421834762,-0.03501803406289313,-0.012557453411719526,0.015598618443089865,0.030014901833554288,0.18379019010151554,deepskyblue,D+1.6,R+3.4,R+1.2,D+1.2,D+2.9,D+18.0,3.03%,5.91%,3.24%,2.67%,D+1.7,R+3.5,R+1.3,D+1.6,D+3.0,D+18.4,44380,,https://en.wikipedia.org/wiki/2024_United_States_Senate_election_in_Nevada,"{""Jacky Rosen"": {""party"": ""Democratic"", ""votes"": 701105, ""pct"": 47.87}, ""Sam Brown"": {""party"": ""Republican"", ""votes"": 677046, ""pct"": 46.22}, ""None of These Candidates"": {""party"": ""None of These Candidates"", ""votes"": 44380, ""pct"": 3.03}, ""Janine Hansen"": {""party"": ""Independent American"", ""votes"": 21316, ""pct"": 1.46}, ""Chris Cunningham"": {""party"": ""Libertarian"", ""votes"": 20881, ""pct"": 1.43}}"
2024,New York,NY,I,regular,General,2024 United States Senate election in New York,4711298,3246114,39413,0.5891460673454777,0.40592535162392573,Kirsten Gillibrand,Mike Sapraicone,Kirsten Gillibrand,D,Mike Sapraicone,0.004928581030596518,Diane Sare,39413,7996825,"{""Diane Sare"": {""party"": ""LaRouche"", ""votes"": 39413, ""pct"": 0.49}}",654367,1247894,1941674,0.183220715722,-0.156772622182,-0.012150970301,0.011736798662,0.195371686023,0.056906090503,0.004928581030596518,0.03236986807159427,-0.02744128704099775,0.18412820650734182,-0.1558651313962051,-0.012557453411719526,0.015598618443089865,0.19668565991906134,0.06294309276820356,deepskyblue,D+18.3,R+15.7,R+1.2,D+1.2,D+19.5,D+5.7,0.49%,0.49%,3.24%,-2.74%,D+18.4,R+15.6,R+1.3,D+1.6,D+19.7,D+6.3,39413,,https://en.wikipedia.org/wiki/2024_United_States_Senate_election_in_New_York,"{""Kirsten Gillibrand"": {""party"": ""Democratic"", ""votes"": 4711298, ""pct"": 58.91}, ""Mike Sapraicone"": {""party"": ""Republican"", ""votes"": 3246114, ""pct"": 40.59}, ""Diane Sare"": {""party"": ""LaRouche"", ""votes"": 39413, ""pct"": 0.49}}"
2024,Ohio,OH,I,regular,General,2024 United States Senate election in Ohio,2650949,2857383,196288,0.46470211863366884,0.5008892792157935,Sherrod Brown,Bernie Moreno,Bernie Moreno,R,Sherrod Brown,0.03429641238154338,Don Kissick,196288,5704620,"{""Don Kissick"": {""party"": ""Libertarian"", ""votes"": 195648, ""pct"": 3.43}, ""Write-in"": {""party"": ""Write-in"", ""votes"": 640, ""pct"": 0.01}}",292441,799824,1287536,-0.036187160582,-0.104320118887,-0.012150970301,0.011736798662,-0.024036190281,0.109358593798,0.034408602150537634,0.03236986807159427,0.002038734078943366,-0.03747668078104224,-0.10562532979384029,-0.012557453411719526,0.015598618443089865,-0.024919227369322717,0.11318289437056837,red,R+3.6,R+10.4,R+1.2,D+1.2,R+2.4,D+10.9,3.43%,3.44%,3.24%,0.20%,R+3.7,R+10.6,R+1.3,D+1.6,R+2.5,D+11.3,195648,,https://en.wikipedia.org/wiki/2024_United_States_Senate_election_in_Ohio,"{""Bernie Moreno"": {""party"": ""Republican"", ""votes"": 2857383, ""pct"": 50.09}, ""Sherrod Brown"": {""party"": ""Democratic"", ""votes"": 2650949, ""pct"": 46.47}, ""Don Kissick"": {""party"": ""Libertarian"", ""votes"": 195648, ""pct"": 3.43}, ""Write-in"": {""party"": ""Write-in"", ""votes"": 640, ""pct"": 0.01}}"
2024,Pennsylvania,PA,I,regular,General,2024 United States Senate election in Pennsylvania,3384180,3399295,179662,0.4860137033064264,0.488184420326643,Bob Casey Jr.,Dave McCormick,Dave McCormick,R,Bob Casey Jr.,0.01287537499262186,John Thomas,179662,6963137,"{""John Thomas"": {""party"": ""Libertarian"", ""votes"": 89653, ""pct"": 1.29}, ""Leila Hazou"": {""party"": ""Green"", ""votes"": 66388, ""pct"": 0.95}, ""Marty Selker"": {""party"": ""Constitution"", ""votes"": 23621, ""pct"": 0.34}}",591743,1264447,1953737,-0.002170717020,-0.133441727520,-0.012150970301,0.011736798662,0.009980253281,0.080236985164,0.025801876366930595,0.03236986807159427,-0.006567991704663673,-0.002228208993178275,-0.1356868987178441,-0.012557453411719526,0.015598618443089865,0.010329244418541252,0.08312132544656456,red,R+0.2,R+13.3,R+1.2,D+1.2,D+1.0,D+8.0,1.29%,2.58%,3.24%,-0.66%,R+0.2,R+13.6,R+1.3,D+1.6,D+1.0,D+8.3,89653,,https://en.wikipedia.org/wiki/2024_United_States_Senate_election_in_Pennsylvania,"{""Dave McCormick"": {""party"": ""Republican"", ""votes"": 3399295, ""pct"": 48.82}, ""Bob Casey Jr."": {""party"": ""Democratic"", ""votes"": 3384180, ""pct"": 48.6}, ""John Thomas"": {""party"": ""Libertarian"", ""votes"": 89653, ""pct"": 1.29}, ""Leila Hazou"": {""party"": ""Green"", ""votes"": 66388, ""pct"": 0.95}, ""Marty Selker"": {""party"": ""Constitution"", ""votes"": 23621, ""pct"": 0.34}}"
2024,Rhode Island,RI,I,regular,General,2024 United States Senate election in Rhode Island,294665,196039,1244,0.5989759080227992,0.39849536942928926,Sheldon Whitehouse,Patricia Morgan,Sheldon Whitehouse,D,Patricia Morgan,0.002528722547911568,Write-in,1244,491948,"{""Write-in"": {""party"": ""Write-in"", ""votes"": 1244, ""pct"": 0.25}}",63188,51618,115210,0.200480538594,-0.030597823557,-0.012150970301,0.011736798662,0.212631508895,0.183080889128,0.002528722547911568,0.03236986807159427,-0.0298411455236827,0.20098878346212787,-0.030605957664454342,-0.012557453411719526,0.015598618443089865,0.21354623687384738,0.1882022664999543,deepskyblue,D+20.0,R+3.1,R+1.2,D+1.2,D+21.3,D+18.3,0.25%,0.25%,3.24%,-2.98%,D+20.1,R+3.1,R+1.3,D+1.6,D+21.4,D+18.8,1244,,https://en.wikipedia.org/wiki/2024_United_States_Senate_election_in_Rhode_Island,"{""Sheldon Whitehouse"": {""party"": ""Democratic"", ""votes"": 294665, ""pct"": 59.9}, ""Patricia Morgan"": {""party"": ""Republican"", ""votes"": 196039, ""pct"": 39.85}, ""Write-in"": {""party"": ""Write-in"", ""votes"": 1244, ""pct"": 0.25}}"
2024,Tennessee,TN,I,regular,General,2024 United States Senate election in Tennessee,1027461,1918743,61404,0.3416206500315201,0.6379631255136973,Gloria Johnson,Marsha Blackburn,Marsha Blackburn,R,Gloria Johnson,0.009457349495013978,Tharon Chandler,61404,3007608,"{""Tharon Chandler"": {""party"": ""Independent"", ""votes"": 28444, ""pct"": 0.95}, ""Pamela Moses"": {""party"": ""Independent"", ""votes"": 24682, ""pct"": 0.82}, ""Hastina Robinson"": {""party"": ""Independent"", ""votes"": 8278, ""pct"": 0.28}}",42011,691260,763868,-0.296342475482,-0.188472133999,-0.012150970301,0.011736798662,-0.284191505181,0.025206578686,0.02041622445478267,0.03236986807159427,-0.011953643616811598,-0.3025187665212592,-0.19314672498181812,-0.012557453411719526,0.015598618443089865,-0.28996131310953965,0.025661499182590586,red,R+29.6,R+18.8,R+1.2,D+1.2,R+28.4,D+2.5,0.95%,2.04%,3.24%,-1.20%,R+30.3,R+19.3,R+1.3,D+1.6,R+29.0,D+2.6,28444,,https://en.wikipedia.org/wiki/2024_United_States_Senate_election_in_Tennessee,"{""Marsha Blackburn"": {""party"": ""Republican"", ""votes"": 1918743, ""pct"": 63.8}, ""Gloria Johnson"": {""party"": ""Democratic"", ""votes"": 1027461, ""pct"": 34.16}, ""Tharon Chandler"": {""party"": ""Independent"", ""votes"": 28444, ""pct"": 0.95}, ""Pamela Moses"": {""party"": ""Independent"", ""votes"": 24682, ""pct"": 0.82}, ""Hastina Robinson"": {""party"": ""Independent"", ""votes"": 8278, ""pct"": 0.28}}"
2024,Texas,TX,I,regular,General,2024 United States Senate election in Texas,5031249,5990741,269864,0.44556447506317387,0.5305365265969609,Colin Allred,Ted Cruz,Ted Cruz,R,Colin Allred,0.02364881798861374,Ted Brown,269864,11291854,"{""Ted Brown"": {""party"": ""Libertarian"", ""votes"": 267039, ""pct"": 2.36}, ""Write-in"": {""party"": ""Write-in"", ""votes"": 2825, ""pct"": 0.03}}",985617,1730188,2920199,-0.084972051534,-0.059299588920,-0.012150970301,0.011736798662,-0.072821081232,0.154379123765,0.023898998339865182,0.03236986807159427,-0.008470869731729086,-0.0870525195540914,-0.06117770458187492,-0.012557453411719526,0.015598618443089865,-0.07449506614237188,0.15763051958253377,red,R+8.5,R+5.9,R+1.2,D+1.2,R+7.3,D+15.4,2.36%,2.39%,3.24%,-0.85%,R+8.7,R+6.1,R+1.3,D+1.6,R+7.4,D+15.8,267039,,https://en.wikipedia.org/wiki/2024_United_States_Senate_election_in_Texas,"{""Ted Cruz"": {""party"": ""Republican"", ""votes"": 5990741, ""pct"": 53.05}, ""Colin Allred"": {""party"": ""Democratic"", ""votes"": 5031249, ""pct"": 44.56}, ""Ted Brown"": {""party"": ""Libertarian"", ""votes"": 267039, ""pct"": 2.36}, ""Write-in"": {""party"": ""Write-in"", ""votes"": 2825, ""pct"": 0.03}}"
2024,Utah,UT,I,regular,General,2024 United States Senate election in Utah,464515,914700,84294,0.31739811644479127,0.6250046976137489,Caroline Gleich,John Curtis,John Curtis,R,Caroline Gleich,0.057377166795694455,Carlton Bowen,84294,1463509,"{""Carlton Bowen"": {""party"": ""Independent American"", ""votes"": 83972, ""pct"": 5.74}, ""Write-in"": {""party"": ""Write-in"", ""votes"": 322, ""pct"": 0.02}}",135974,249485,400612,-0.307606581169,0.009144712701,-0.012150970301,0.011736798662,-0.295455610867,0.222823425385,0.05759718594145988,0.03236986807159427,0.02522731786986561,-0.3264066878622985,0.0123827131576702,-0.012557453411719526,0.015598618443089865,-0.31384923445057894,0.2311909373220789,red,R+30.8,D+0.9,R+1.2,D+1.2,R+29.5,D+22.3,5.74%,5.76%,3.24%,2.52%,R+32.6,D+1.2,R+1.3,D+1.6,R+31.4,D+23.1,83972,,https://en.wikipedia.org/wiki/2024_United_States_Senate_election_in_Utah,"{""John Curtis"": {""party"": ""Republican"", ""votes"": 914700, ""pct"": 62.5}, ""Caroline Gleich"": {""party"": ""Democratic"", ""votes"": 464515, ""pct"": 31.74}, ""Carlton Bowen"": {""party"": ""Independent American"", ""votes"": 83972, ""pct"": 5.74}, ""Write-in"": {""party"": ""Write-in"", ""votes"": 322, ""pct"": 0.02}}"
2024,Virginia,VA,I,regular,General,"United States Senate election in Virginia, 2024",2417115,2019911,8509,0.5437174603281719,0.45436848433315674,Tim Kaine,Hung Cao,Tim Kaine,D,Hung Cao,0.0019140553386712735,Write-in,8509,4445535,"{""Write-in"": {""party"": ""Write-in"", ""votes"": 8509, ""pct"": 0.19}}",506745,645598,1094162,0.089348975995,-0.070602482706,-0.012150970301,0.011736798662,0.101499946296,0.143076229979,0.0019140553386712735,0.03236986807159427,-0.030455812732922995,0.08952032284687987,-0.07367868296281317,-0.012557453411719526,0.015598618443089865,0.1020777762585994,0.1451295412015955,deepskyblue,D+8.9,R+7.1,R+1.2,D+1.2,D+10.1,D+14.3,0.19%,0.19%,3.24%,-3.05%,D+9.0,R+7.4,R+1.3,D+1.6,D+10.2,D+14.5,8509,,https://en.wikipedia.org/wiki/2024_United_States_Senate_election_in_Virginia,"{""Tim Kaine"": {""party"": ""Democratic"", ""votes"": 2417115, ""pct"": 54.37}, ""Hung Cao"": {""party"": ""Republican"", ""votes"": 2019911, ""pct"": 45.44}, ""Write-in"": {""party"": ""Write-in"", ""votes"": 8509, ""pct"": 0.19}}"
2024,Vermont,VT,I,regular,General,2024 United States Senate election in Vermont,0,116512,246741,0.0,0.3207461466250795,None,Gerald Malloy,Bernie Sanders,T,Gerald Malloy,0.6315956096714962,Bernie Sanders,246741,363253,"{""Bernie Sanders"": {""party"": ""Independent"", ""votes"": 229429, ""pct"": 63.16}, ""Steve Berry"": {""party"": ""Independent"", ""votes"": 7941, ""pct"": 2.19}, ""Matt Hill"": {""party"": ""Libertarian"", ""votes"": 4530, ""pct"": 1.25}, ""Justin Schoville"": {""party"": ""Green Mountain Peace and Justice"", ""votes"": 3339, ""pct"": 0.92}, ""Mark Stewart Greenstein"": {""party"": ""E.P.I.C."", ""votes"": 1104, ""pct"": 0.3}, ""Write-in"": {""party"": ""Write-in"", ""votes"": 398, ""pct"": 0.11}}",0,41697,90629,-0.320746146625,-0.046320564138,-0.012150970301,0.011736798662,-0.308595176324,0.167358148547,0.6792538533749205,0.03236986807159427,0.6468839853033262,-1.0,0.0,-0.012557453411719526,0.015598618443089865,-0.9874425465882805,0.2188082241644086,yellow,R+32.1,R+4.6,R+1.2,D+1.2,R+30.9,D+16.7,63.16%,67.93%,3.24%,64.69%,R+100.0,EVEN,R+1.3,D+1.6,R+98.7,D+21.9,229429,,https://en.wikipedia.org/wiki/2024_United_States_Senate_election_in_Vermont,"{""Bernie Sanders"": {""party"": ""Independent"", ""votes"": 229429, ""pct"": 63.16}, ""Gerald Malloy"": {""party"": ""Republican"", ""votes"": 116512, ""pct"": 32.07}, ""Steve Berry"": {""party"": ""Independent"", ""votes"": 7941, ""pct"": 2.19}, ""Matt Hill"": {""party"": ""Libertarian"", ""votes"": 4530, ""pct"": 1.25}, ""Justin Schoville"": {""party"": ""Green Mountain Peace and Justice"", ""votes"": 3339, ""pct"": 0.92}, ""Mark Stewart Greenstein"": {""party"": ""E.P.I.C."", ""votes"": 1104, ""pct"": 0.3}, ""Write-in"": {""party"": ""Write-in"", ""votes"": 398, ""pct"": 0.11}}"
2024,Washington,WA,I,regular,General,2024 United States Senate election in Washington,2252577,1549187,10627,0.5908567615441334,0.40635574892501847,Maria Cantwell,Raul Garcia,Maria Cantwell,D,Raul Garcia,0.0027874895308482263,Write-in,10627,3812391,"{""Write-in"": {""party"": ""Write-in"", ""votes"": 10627, ""pct"": 0.28}}",449213,266383,726223,0.184501012619,0.015825814121,-0.012150970301,0.011736798662,0.196651982921,0.229504526805,0.0027874895308482263,0.03236986807159427,-0.02958237854074604,0.18501674485843939,0.016341546359848247,-0.012557453411719526,0.015598618443089865,0.1975741982701589,0.2351497705242569,deepskyblue,D+18.5,D+1.6,R+1.2,D+1.2,D+19.7,D+23.0,0.28%,0.28%,3.24%,-2.96%,D+18.5,D+1.6,R+1.3,D+1.6,D+19.8,D+23.5,10627,,https://en.wikipedia.org/wiki/2024_United_States_Senate_election_in_Washington,"{""Maria Cantwell"": {""party"": ""Democratic"", ""votes"": 2252577, ""pct"": 59.09}, ""Raul Garcia"": {""party"": ""Republican"", ""votes"": 1549187, ""pct"": 40.64}, ""Write-in"": {""party"": ""Write-in"", ""votes"": 10627, ""pct"": 0.28}}"
2024,Wisconsin,WI,I,regular,General,2024 United States Senate election in Wisconsin,1672777,1643996,74014,0.4933300145364483,0.48484201455296366,Tammy Baldwin,Eric Hovde,Tammy Baldwin,D,Eric Hovde,0.012479403749041152,Phil Anderson,74014,3390787,"{""Phil Anderson"": {""party"": ""Disrupt the Corruption"", ""votes"": 42315, ""pct"": 1.25}, ""Thomas Leager"": {""party"": ""America First"", ""votes"": 28751, ""pct"": 0.85}, ""Write-in"": {""party"": ""Write-in"", ""votes"": 2922, ""pct"": 0.09}, ""John Schiess"": {""party"": ""Independent"", ""votes"": 26, ""pct"": 0.0}}",199863,459111,730024,0.008487999983,-0.099762528154,-0.012150970301,0.011736798662,0.020638970285,0.113916184530,0.021827970910588013,0.03236986807159427,-0.010541897161006255,0.008677410241822397,-0.09969383980379806,-0.012557453411719526,0.015598618443089865,0.02123486365354192,0.1191143843606106,deepskyblue,D+0.8,R+10.0,R+1.2,D+1.2,D+2.1,D+11.4,1.25%,2.18%,3.24%,-1.05%,D+0.9,R+10.0,R+1.3,D+1.6,D+2.1,D+11.9,42315,,https://en.wikipedia.org/wiki/2024_United_States_Senate_election_in_Wisconsin,"{""Tammy Baldwin"": {""party"": ""Democratic"", ""votes"": 1672777, ""pct"": 49.33}, ""Eric Hovde"": {""party"": ""Republican"", ""votes"": 1643996, ""pct"": 48.48}, ""Phil Anderson"": {""party"": ""Disrupt the Corruption"", ""votes"": 42315, ""pct"": 1.25}, ""Thomas Leager"": {""party"": ""America First"", ""votes"": 28751, ""pct"": 0.85}, ""Write-in"": {""party"": ""Write-in"", ""votes"": 2922, ""pct"": 0.09}, ""John Schiess"": {""party"": ""Independent"", ""votes"": 26, ""pct"": 0.0}}"
2024,West Virginia,WV,I,regular,General,2024 United States Senate election in West Virginia,207548,514079,26090,0.2775756068138079,0.6875315125909937,Glenn Elliott,Jim Justice,Jim Justice,R,Glenn Elliott,0.0348728195293139,David Moran,26090,747717,"{""David Moran"": {""party"": ""Libertarian"", ""votes"": 26075, ""pct"": 3.49}, ""Write-in"": {""party"": ""Write-in"", ""votes"": 15, ""pct"": 0.0}}",-82962,242966,161683,-0.409955905777,-0.443054667965,-0.012150970301,0.011736798662,-0.397804935476,-0.229375955280,0.034892880595198454,0.03236986807159427,0.002523012523604186,-0.42477762057129237,-0.4593150237759332,-0.012557453411719526,0.015598618443089865,-0.4122201671595728,-0.24050679961152452,red,R+41.0,R+44.3,R+1.2,D+1.2,R+39.8,R+22.9,3.49%,3.49%,3.24%,0.25%,R+42.5,R+45.9,R+1.3,D+1.6,R+41.2,R+24.1,26075,,https://en.wikipedia.org/wiki/2024_United_States_Senate_election_in_West_Virginia,"{""Jim Justice"": {""party"": ""Republican"", ""votes"": 514079, ""pct"": 68.75}, ""Glenn Elliott"": {""party"": ""Democratic"", ""votes"": 207548, ""pct"": 27.76}, ""David Moran"": {""party"": ""Libertarian"", ""votes"": 26075, ""pct"": 3.49}, ""Write-in"": {""party"": ""Write-in"", ""votes"": 15, ""pct"": 0.0}}"
2024,Wyoming,WY,I,regular,General,"United States Senate election in Wyoming, 2024",63727,198418,2017,0.24124211657997743,0.7511224173045328,Scott Morrow,John Barrasso,John Barrasso,R,Scott Morrow,0.007635466115489737,Write-in,2017,264162,"{""Write-in"": {""party"": ""Write-in"", ""votes"": 2017, ""pct"": 0.76}}",2500,62208,60742,-0.509880300725,-0.141268561466,-0.012150970301,0.011736798662,-0.497729330423,0.072410151219,0.007635466115489737,0.03236986807159427,-0.024734401956104532,-0.5138034293997596,-0.13402152428572328,-0.012557453411719526,0.015598618443089865,-0.5012459759880401,0.08478669987868537,red,R+51.0,R+14.1,R+1.2,D+1.2,R+49.8,D+7.2,0.76%,0.76%,3.24%,-2.47%,R+51.4,R+13.4,R+1.3,D+1.6,R+50.1,D+8.5,2017,,https://en.wikipedia.org/wiki/2024_United_States_Senate_election_in_Wyoming,"{""John Barrasso"": {""party"": ""Republican"", ""votes"": 198418, ""pct"": 75.11}, ""Scott Morrow"": {""party"": ""Democratic"", ""votes"": 63727, ""pct"": 24.12}, ""Write-in"": {""party"": ""Write-in"", ""votes"": 2017, ""pct"": 0.76}}"
