year,stop,stop_key,effective_pv,unit,winner,result_color_name,color_css
1864,0.000000000000,0.000000,0.000100000000,CA,R,RED,red
1864,-0.100813747044,-0.100814,-0.100813747044,CA,R,RED,red
1864,0.172683184572,0.172683,0.172783184572,CA,D,BLUE,blue
1864,0.000000000000,0.000000,0.000100000000,CT,R,RED,red
1864,-0.100813747044,-0.100814,-0.100813747044,CT,R,RED,red
1864,0.027649716605,0.027650,0.027749716605,CT,D,BLUE,blue
1864,0.000000000000,0.000000,0.000100000000,DE,D,BLUE,blue
1864,-0.100813747044,-0.100814,-0.100813747044,DE,R,RED,red
1864,-0.036165937832,-0.036166,-0.036265937832,DE,D,BLUE,blue
1864,0.000000000000,0.000000,0.000100000000,IA,R,RED,red
1864,-0.100813747044,-0.100814,-0.100813747044,IA,R,RED,red
1864,0.282376381090,0.282376,0.282476381090,IA,D,BLUE,blue
1864,0.000000000000,0.000000,0.000100000000,IL,R,RED,red
1864,-0.100813747044,-0.100814,-0.100813747044,IL,R,RED,red
1864,0.088411307274,0.088411,0.088511307274,IL,D,BLUE,blue
1864,0.000000000000,0.000000,0.000100000000,IN,R,RED,red
1864,-0.100813747044,-0.100814,-0.100813747044,IN,R,RED,red
1864,0.071935294222,0.071935,0.072035294222,IN,D,BLUE,blue
1864,0.000000000000,0.000000,0.000100000000,KS,R,RED,red
1864,-0.100813747044,-0.100814,-0.100813747044,KS,R,RED,red
1864,0.000000000000,0.000000,0.000100000000,KY,D,BLUE,blue
1864,-0.100813747044,-0.100814,-0.100813747044,KY,D,BLUE,blue
1864,-0.396512031969,-0.396512,-0.396612031969,KY,D,BLUE,blue
1864,0.000000000000,0.000000,0.000100000000,LA,R,RED,red
1864,-0.100813747044,-0.100814,-0.100813747044,LA,R,RED,red
1864,0.000000000000,0.000000,0.000100000000,MA,R,RED,red
1864,-0.100813747044,-0.100814,-0.100813747044,MA,R,RED,red
1864,0.444452675366,0.444453,0.444552675366,MA,D,BLUE,blue
1864,0.000000000000,0.000000,0.000100000000,MD,R,RED,red
1864,-0.100813747044,-0.100814,-0.100813747044,MD,R,RED,red
1864,0.101712122044,0.101712,0.101812122044,MD,D,BLUE,blue
1864,0.000000000000,0.000000,0.000100000000,ME-AL,R,RED,red
1864,-0.100813747044,-0.100814,-0.100813747044,ME-AL,R,RED,red
1864,0.181302647282,0.181303,0.181402647282,ME-AL,D,BLUE,blue
1864,0.000000000000,0.000000,0.000100000000,MI,R,RED,red
1864,-0.100813747044,-0.100814,-0.100813747044,MI,R,RED,red
1864,0.072029364359,0.072029,0.072129364359,MI,D,BLUE,blue
1864,0.000000000000,0.000000,0.000100000000,MN,R,RED,red
1864,-0.100813747044,-0.100814,-0.100813747044,MN,R,RED,red
1864,0.181462448729,0.181462,0.181562448729,MN,D,BLUE,blue
1864,0.000000000000,0.000000,0.000100000000,MO,R,RED,red
1864,-0.100813747044,-0.100814,-0.100813747044,MO,R,RED,red
1864,0.394399401990,0.394399,0.394499401990,MO,D,BLUE,blue
1864,0.000000000000,0.000000,0.000100000000,NH,R,RED,red
1864,-0.100813747044,-0.100814,-0.100813747044,NH,R,RED,red
1864,0.051156110872,0.051156,0.051256110872,NH,D,BLUE,blue
1864,0.000000000000,0.000000,0.000100000000,NJ,D,BLUE,blue
1864,-0.100813747044,-0.100814,-0.100813747044,NJ,R,RED,red
1864,-0.056708117471,-0.056708,-0.056808117471,NJ,D,BLUE,blue
1864,0.000000000000,0.000000,0.000100000000,NV,R,RED,red
1864,-0.100813747044,-0.100814,-0.100813747044,NV,R,RED,red
1864,0.196833130329,0.196833,0.196933130329,NV,D,BLUE,blue
1864,0.000000000000,0.000000,0.000100000000,NY,R,RED,red
1864,-0.100813747044,-0.100814,-0.100813747044,NY,R,RED,red
1864,0.009236083266,0.009236,0.009336083266,NY,D,BLUE,blue
1864,0.000000000000,0.000000,0.000100000000,OH,R,RED,red
1864,-0.100813747044,-0.100814,-0.100813747044,OH,R,RED,red
1864,0.127436854513,0.127437,0.127536854513,OH,D,BLUE,blue
1864,0.000000000000,0.000000,0.000100000000,OR,R,RED,red
1864,-0.100813747044,-0.100814,-0.100813747044,OR,R,RED,red
1864,0.078004905969,0.078005,0.078104905969,OR,D,BLUE,blue
1864,0.000000000000,0.000000,0.000100000000,PA,R,RED,red
1864,-0.100813747044,-0.100814,-0.100813747044,PA,R,RED,red
1864,0.035052828060,0.035053,0.035152828060,PA,D,BLUE,blue
1864,0.000000000000,0.000000,0.000100000000,RI,R,RED,red
1864,-0.100813747044,-0.100814,-0.100813747044,RI,R,RED,red
1864,0.244828815977,0.244829,0.244928815977,RI,D,BLUE,blue
1864,0.000000000000,0.000000,0.000100000000,TN,R,RED,red
1864,-0.100813747044,-0.100814,-0.100813747044,TN,R,RED,red
1864,0.000000000000,0.000000,0.000100000000,VT,R,RED,red
1864,-0.100813747044,-0.100814,-0.100813747044,VT,R,RED,red
1864,0.000000000000,0.000000,0.000100000000,WI,R,RED,red
1864,-0.100813747044,-0.100814,-0.100813747044,WI,R,RED,red
1864,0.117676206292,0.117676,0.117776206292,WI,D,BLUE,blue
1864,0.000000000000,0.000000,0.000100000000,WV,R,RED,red
1864,-0.100813747044,-0.100814,-0.100813747044,WV,R,RED,red
1864,0.364738939702,0.364739,0.364838939702,WV,D,BLUE,blue
1868,0.000000000000,0.000000,0.000100000000,AL,R,RED,red
1868,-0.053265739789,-0.053266,-0.053265739789,AL,R,RED,red
1868,0.025041111275,0.025041,0.025141111275,AL,D,BLUE,blue
1868,0.000000000000,0.000000,0.000100000000,AR,R,RED,red
1868,-0.053265739789,-0.053266,-0.053265739789,AR,R,RED,red
1868,0.073658655013,0.073659,0.073758655013,AR,D,BLUE,blue
1868,0.000000000000,0.000000,0.000100000000,CA,R,RED,red
1868,-0.053265739789,-0.053266,-0.053265739789,CA,R,RED,red
1868,0.004729916260,0.004730,0.004829916260,CA,D,BLUE,blue
1868,0.000000000000,0.000000,0.000100000000,CT,R,RED,red
1868,-0.053265739789,-0.053266,-0.053265739789,CT,R,RED,red
1868,0.029848325087,0.029848,0.029948325087,CT,D,BLUE,blue
1868,0.000000000000,0.000000,0.000100000000,DE,D,BLUE,blue
1868,-0.053265739789,-0.053266,-0.053265739789,DE,D,BLUE,blue
1868,-0.180011846427,-0.180012,-0.180111846427,DE,D,BLUE,blue
1868,0.000000000000,0.000000,0.000100000000,FL,R,RED,red
1868,-0.053265739789,-0.053266,-0.053265739789,FL,R,RED,red
1868,0.000000000000,0.000000,0.000100000000,GA,D,BLUE,blue
1868,-0.053265739789,-0.053266,-0.053265739789,GA,D,BLUE,blue
1868,-0.285315612955,-0.285316,-0.285415612955,GA,D,BLUE,blue
1868,0.000000000000,0.000000,0.000100000000,IA,R,RED,red
1868,-0.053265739789,-0.053266,-0.053265739789,IA,R,RED,red
1868,0.238424390169,0.238424,0.238524390169,IA,D,BLUE,blue
1868,0.000000000000,0.000000,0.000100000000,IL,R,RED,red
1868,-0.053265739789,-0.053266,-0.053265739789,IL,R,RED,red
1868,0.113897912865,0.113898,0.113997912865,IL,D,BLUE,blue
1868,0.000000000000,0.000000,0.000100000000,IN,R,RED,red
1868,-0.053265739789,-0.053266,-0.053265739789,IN,R,RED,red
1868,0.027863488700,0.027863,0.027963488700,IN,D,BLUE,blue
1868,0.000000000000,0.000000,0.000100000000,KS,R,RED,red
1868,-0.053265739789,-0.053266,-0.053265739789,KS,R,RED,red
1868,0.376506990603,0.376507,0.376606990603,KS,D,BLUE,blue
1868,0.000000000000,0.000000,0.000100000000,KY,D,BLUE,blue
1868,-0.053265739789,-0.053266,-0.053265739789,KY,D,BLUE,blue
1868,-0.490965231096,-0.490965,-0.491065231096,KY,D,BLUE,blue
1868,0.000000000000,0.000000,0.000100000000,LA,D,BLUE,blue
1868,-0.053265739789,-0.053266,-0.053265739789,LA,D,BLUE,blue
1868,-0.413805864937,-0.413806,-0.413905864937,LA,D,BLUE,blue
1868,0.000000000000,0.000000,0.000100000000,MA,R,RED,red
1868,-0.053265739789,-0.053266,-0.053265739789,MA,R,RED,red
1868,0.395257483070,0.395257,0.395357483070,MA,D,BLUE,blue
1868,0.000000000000,0.000000,0.000100000000,MD,D,BLUE,blue
1868,-0.053265739789,-0.053266,-0.053265739789,MD,D,BLUE,blue
1868,-0.343973274422,-0.343973,-0.344073274422,MD,D,BLUE,blue
1868,0.000000000000,0.000000,0.000100000000,ME-AL,R,RED,red
1868,-0.053265739789,-0.053266,-0.053265739789,ME-AL,R,RED,red
1868,0.248242771906,0.248243,0.248342771906,ME-AL,D,BLUE,blue
1868,0.000000000000,0.000000,0.000100000000,MI,R,RED,red
1868,-0.053265739789,-0.053266,-0.053265739789,MI,R,RED,red
1868,0.139615282333,0.139615,0.139715282333,MI,D,BLUE,blue
1868,0.000000000000,0.000000,0.000100000000,MN,R,RED,red
1868,-0.053265739789,-0.053266,-0.053265739789,MN,R,RED,red
1868,0.217577766020,0.217578,0.217677766020,MN,D,BLUE,blue
1868,0.000000000000,0.000000,0.000100000000,MO,R,RED,red
1868,-0.053265739789,-0.053266,-0.053265739789,MO,R,RED,red
1868,0.139237185877,0.139237,0.139337185877,MO,D,BLUE,blue
1868,0.000000000000,0.000000,0.000100000000,NC,R,RED,red
1868,-0.053265739789,-0.053266,-0.053265739789,NC,R,RED,red
1868,0.068210118018,0.068210,0.068310118018,NC,D,BLUE,blue
1868,0.000000000000,0.000000,0.000100000000,NE-AL,R,RED,red
1868,-0.053265739789,-0.053266,-0.053265739789,NE-AL,R,RED,red
1868,0.278137466484,0.278137,0.278237466484,NE-AL,D,BLUE,blue
1868,0.000000000000,0.000000,0.000100000000,NH,R,RED,red
1868,-0.053265739789,-0.053266,-0.053265739789,NH,R,RED,red
1868,0.104576598735,0.104577,0.104676598735,NH,D,BLUE,blue
1868,0.000000000000,0.000000,0.000100000000,NJ,D,BLUE,blue
1868,-0.053265739789,-0.053266,-0.053265739789,NJ,R,RED,red
1868,-0.017593114778,-0.017593,-0.017693114778,NJ,D,BLUE,blue
1868,0.000000000000,0.000000,0.000100000000,NV,R,RED,red
1868,-0.053265739789,-0.053266,-0.053265739789,NV,R,RED,red
1868,0.107881689178,0.107882,0.107981689178,NV,D,BLUE,blue
1868,0.000000000000,0.000000,0.000100000000,NY,D,BLUE,blue
1868,-0.053265739789,-0.053266,-0.053265739789,NY,R,RED,red
1868,-0.011761992349,-0.011762,-0.011861992349,NY,D,BLUE,blue
1868,0.000000000000,0.000000,0.000100000000,OH,R,RED,red
1868,-0.053265739789,-0.053266,-0.053265739789,OH,R,RED,red
1868,0.080082808392,0.080083,0.080182808392,OH,D,BLUE,blue
1868,0.000000000000,0.000000,0.000100000000,OR,D,BLUE,blue
1868,-0.053265739789,-0.053266,-0.053265739789,OR,R,RED,red
1868,-0.007425518428,-0.007426,-0.007525518428,OR,D,BLUE,blue
1868,0.000000000000,0.000000,0.000100000000,PA,R,RED,red
1868,-0.053265739789,-0.053266,-0.053265739789,PA,R,RED,red
1868,0.044074538405,0.044075,0.044174538405,PA,D,BLUE,blue
1868,0.000000000000,0.000000,0.000100000000,RI,R,RED,red
1868,-0.053265739789,-0.053266,-0.053265739789,RI,R,RED,red
1868,0.329819354178,0.329819,0.329919354178,RI,D,BLUE,blue
1868,0.000000000000,0.000000,0.000100000000,SC,R,RED,red
1868,-0.053265739789,-0.053266,-0.053265739789,SC,R,RED,red
1868,0.158678792613,0.158679,0.158778792613,SC,D,BLUE,blue
1868,0.000000000000,0.000000,0.000100000000,TN,R,RED,red
1868,-0.053265739789,-0.053266,-0.053265739789,TN,R,RED,red
1868,0.368536800512,0.368537,0.368636800512,TN,D,BLUE,blue
1868,0.000000000000,0.000000,0.000100000000,VT,R,RED,red
1868,-0.053265739789,-0.053266,-0.053265739789,VT,R,RED,red
1868,0.000000000000,0.000000,0.000100000000,WI,R,RED,red
1868,-0.053265739789,-0.053266,-0.053265739789,WI,R,RED,red
1868,0.124982567419,0.124983,0.125082567419,WI,D,BLUE,blue
1868,0.000000000000,0.000000,0.000100000000,WV,R,RED,red
1868,-0.053265739789,-0.053266,-0.053265739789,WV,R,RED,red
1868,0.176577928266,0.176578,0.176677928266,WV,D,BLUE,blue
1872,0.000000000000,0.000000,0.000100000000,AL,R,RED,red
1872,-0.118005408852,-0.118005,-0.118005408852,AL,R,RED,red
1872,0.063800702350,0.063801,0.063900702350,AL,D,BLUE,blue
1872,0.000000000000,0.000000,0.000100000000,AR,R,RED,red
1872,-0.118005408852,-0.118005,-0.118005408852,AR,R,RED,red
1872,0.043455233291,0.043455,0.043555233291,AR,D,BLUE,blue
1872,0.000000000000,0.000000,0.000100000000,CA,R,RED,red
1872,-0.118005408852,-0.118005,-0.118005408852,CA,R,RED,red
1872,0.132633744406,0.132634,0.132733744406,CA,D,BLUE,blue
1872,0.000000000000,0.000000,0.000100000000,CT,R,RED,red
1872,-0.118005408852,-0.118005,-0.118005408852,CT,R,RED,red
1872,0.048110073014,0.048110,0.048210073014,CT,D,BLUE,blue
1872,0.000000000000,0.000000,0.000100000000,DE,R,RED,red
1872,-0.118005408852,-0.118005,-0.118005408852,DE,R,RED,red
1872,0.042342590047,0.042343,0.042442590047,DE,D,BLUE,blue
1872,0.000000000000,0.000000,0.000100000000,FL,R,RED,red
1872,-0.118005408852,-0.118005,-0.118005408852,FL,R,RED,red
1872,0.070382645375,0.070383,0.070482645375,FL,D,BLUE,blue
1872,0.000000000000,0.000000,0.000100000000,GA,D,BLUE,blue
1872,-0.118005408852,-0.118005,-0.118005408852,GA,R,RED,red
1872,-0.099390955034,-0.099391,-0.099490955034,GA,D,BLUE,blue
1872,0.000000000000,0.000000,0.000100000000,IA,R,RED,red
1872,-0.118005408852,-0.118005,-0.118005408852,IA,R,RED,red
1872,0.230767453146,0.230767,0.230867453146,IA,D,BLUE,blue
1872,0.000000000000,0.000000,0.000100000000,IL,R,RED,red
1872,-0.118005408852,-0.118005,-0.118005408852,IL,R,RED,red
1872,0.132688018494,0.132688,0.132788018494,IL,D,BLUE,blue
1872,0.000000000000,0.000000,0.000100000000,IN,R,RED,red
1872,-0.118005408852,-0.118005,-0.118005408852,IN,R,RED,red
1872,0.064109500108,0.064110,0.064209500108,IN,D,BLUE,blue
1872,0.000000000000,0.000000,0.000100000000,KS,R,RED,red
1872,-0.118005408852,-0.118005,-0.118005408852,KS,R,RED,red
1872,0.336626472461,0.336626,0.336726472461,KS,D,BLUE,blue
1872,0.000000000000,0.000000,0.000100000000,KY,D,BLUE,blue
1872,-0.118005408852,-0.118005,-0.118005408852,KY,R,RED,red
1872,-0.058749051717,-0.058749,-0.058849051717,KY,D,BLUE,blue
1872,0.000000000000,0.000000,0.000100000000,LA,R,RED,red
1872,-0.118005408852,-0.118005,-0.118005408852,LA,R,RED,red
1872,0.113713362136,0.113713,0.113813362136,LA,D,BLUE,blue
1872,0.000000000000,0.000000,0.000100000000,MA,R,RED,red
1872,-0.118005408852,-0.118005,-0.118005408852,MA,R,RED,red
1872,0.385038161606,0.385038,0.385138161606,MA,D,BLUE,blue
1872,0.000000000000,0.000000,0.000100000000,MD,D,BLUE,blue
1872,-0.118005408852,-0.118005,-0.118005408852,MD,R,RED,red
1872,-0.006894910262,-0.006895,-0.006994910262,MD,D,BLUE,blue
1872,0.000000000000,0.000000,0.000100000000,ME-AL,R,RED,red
1872,-0.118005408852,-0.118005,-0.118005408852,ME-AL,R,RED,red
1872,0.357135755554,0.357136,0.357235755554,ME-AL,D,BLUE,blue
1872,0.000000000000,0.000000,0.000100000000,MI,R,RED,red
1872,-0.118005408852,-0.118005,-0.118005408852,MI,R,RED,red
1872,0.271870131629,0.271870,0.271970131629,MI,D,BLUE,blue
1872,0.000000000000,0.000000,0.000100000000,MN,R,RED,red
1872,-0.118005408852,-0.118005,-0.118005408852,MN,R,RED,red
1872,0.225442426775,0.225442,0.225542426775,MN,D,BLUE,blue
1872,0.000000000000,0.000000,0.000100000000,MO,D,BLUE,blue
1872,-0.118005408852,-0.118005,-0.118005408852,MO,D,BLUE,blue
1872,-0.118062396771,-0.118062,-0.118162396771,MO,D,BLUE,blue
1872,0.000000000000,0.000000,0.000100000000,MS,R,RED,red
1872,-0.118005408852,-0.118005,-0.118005408852,MS,R,RED,red
1872,0.269533513058,0.269534,0.269633513058,MS,D,BLUE,blue
1872,0.000000000000,0.000000,0.000100000000,NC,R,RED,red
1872,-0.118005408852,-0.118005,-0.118005408852,NC,R,RED,red
1872,0.149198064942,0.149198,0.149298064942,NC,D,BLUE,blue
1872,0.000000000000,0.000000,0.000100000000,NE-AL,R,RED,red
1872,-0.118005408852,-0.118005,-0.118005408852,NE-AL,R,RED,red
1872,0.413620237544,0.413620,0.413720237544,NE-AL,D,BLUE,blue
1872,0.000000000000,0.000000,0.000100000000,NH,R,RED,red
1872,-0.118005408852,-0.118005,-0.118005408852,NH,R,RED,red
1872,0.083345427104,0.083345,0.083445427104,NH,D,BLUE,blue
1872,0.000000000000,0.000000,0.000100000000,NJ,R,RED,red
1872,-0.118005408852,-0.118005,-0.118005408852,NJ,R,RED,red
1872,0.090415913201,0.090416,0.090515913201,NJ,D,BLUE,blue
1872,0.000000000000,0.000000,0.000100000000,NV,R,RED,red
1872,-0.118005408852,-0.118005,-0.118005408852,NV,R,RED,red
1872,0.148610826678,0.148611,0.148710826678,NV,D,BLUE,blue
1872,0.000000000000,0.000000,0.000100000000,NY,R,RED,red
1872,-0.118005408852,-0.118005,-0.118005408852,NY,R,RED,red
1872,0.064558827081,0.064559,0.064658827081,NY,D,BLUE,blue
1872,0.000000000000,0.000000,0.000100000000,OH,R,RED,red
1872,-0.118005408852,-0.118005,-0.118005408852,OH,R,RED,red
1872,0.070888643764,0.070889,0.070988643764,OH,D,BLUE,blue
1872,0.000000000000,0.000000,0.000100000000,OR,R,RED,red
1872,-0.118005408852,-0.118005,-0.118005408852,OR,R,RED,red
1872,0.202312999454,0.202313,0.202412999454,OR,D,BLUE,blue
1872,0.000000000000,0.000000,0.000100000000,PA,R,RED,red
1872,-0.118005408852,-0.118005,-0.118005408852,PA,R,RED,red
1872,0.244198969574,0.244199,0.244298969574,PA,D,BLUE,blue
1872,0.000000000000,0.000000,0.000100000000,RI,R,RED,red
1872,-0.118005408852,-0.118005,-0.118005408852,RI,R,RED,red
1872,0.438875434348,0.438875,0.438975434348,RI,D,BLUE,blue
1872,0.000000000000,0.000000,0.000100000000,SC,R,RED,red
1872,-0.118005408852,-0.118005,-0.118005408852,SC,R,RED,red
1872,0.000000000000,0.000000,0.000100000000,TN,D,BLUE,blue
1872,-0.118005408852,-0.118005,-0.118005408852,TN,R,RED,red
1872,-0.043206773678,-0.043207,-0.043306773678,TN,D,BLUE,blue
1872,0.000000000000,0.000000,0.000100000000,TX,D,BLUE,blue
1872,-0.118005408852,-0.118005,-0.118005408852,TX,D,BLUE,blue
1872,-0.163627630924,-0.163628,-0.163727630924,TX,D,BLUE,blue
1872,0.000000000000,0.000000,0.000100000000,VA,R,RED,red
1872,-0.118005408852,-0.118005,-0.118005408852,VA,R,RED,red
1872,0.009805880288,0.009806,0.009905880288,VA,D,BLUE,blue
1872,0.000000000000,0.000000,0.000100000000,VT,R,RED,red
1872,-0.118005408852,-0.118005,-0.118005408852,VT,R,RED,red
1872,0.000000000000,0.000000,0.000100000000,WI,R,RED,red
1872,-0.118005408852,-0.118005,-0.118005408852,WI,R,RED,red
1872,0.096289748056,0.096290,0.096389748056,WI,D,BLUE,blue
1872,0.000000000000,0.000000,0.000100000000,WV,R,RED,red
1872,-0.118005408852,-0.118005,-0.118005408852,WV,R,RED,red
1872,0.044631565467,0.044632,0.044731565467,WV,D,BLUE,blue
1876,0.000000000000,0.000000,0.000100000000,AL,D,BLUE,blue
1876,0.030012618399,0.030013,0.030012618399,AL,D,BLUE,blue
1876,-0.199657540230,-0.199658,-0.199757540230,AL,D,BLUE,blue
1876,0.000000000000,0.000000,0.000100000000,AR,D,BLUE,blue
1876,0.030012618399,0.030013,0.030012618399,AR,D,BLUE,blue
1876,-0.200493057991,-0.200493,-0.200593057991,AR,D,BLUE,blue
1876,0.000000000000,0.000000,0.000100000000,CA,R,RED,red
1876,0.030012618399,0.030013,0.030012618399,CA,D,BLUE,blue
1876,0.017917227456,0.017917,0.018017227456,CA,D,BLUE,blue
1876,0.000000000000,0.000000,0.000100000000,CO,R,RED,red
1876,0.030012618399,0.030013,0.030012618399,CO,R,RED,red
1876,0.000000000000,0.000000,0.000100000000,CT,D,BLUE,blue
1876,0.030012618399,0.030013,0.030012618399,CT,D,BLUE,blue
1876,-0.023695285506,-0.023695,-0.023795285506,CT,D,BLUE,blue
1876,0.000000000000,0.000000,0.000100000000,DE,D,BLUE,blue
1876,0.030012618399,0.030013,0.030012618399,DE,D,BLUE,blue
1876,-0.108937968756,-0.108938,-0.109037968756,DE,D,BLUE,blue
1876,0.000000000000,0.000000,0.000100000000,FL,R,RED,red
1876,0.030012618399,0.030013,0.030012618399,FL,D,BLUE,blue
1876,0.019710962887,0.019711,0.019810962887,FL,D,BLUE,blue
1876,0.000000000000,0.000000,0.000100000000,GA,D,BLUE,blue
1876,0.030012618399,0.030013,0.030012618399,GA,D,BLUE,blue
1876,-0.440666334606,-0.440666,-0.440766334606,GA,D,BLUE,blue
1876,0.000000000000,0.000000,0.000100000000,IA,R,RED,red
1876,0.030012618399,0.030013,0.030012618399,IA,R,RED,red
1876,0.202149017680,0.202149,0.202249017680,IA,D,BLUE,blue
1876,0.000000000000,0.000000,0.000100000000,IL,R,RED,red
1876,0.030012618399,0.030013,0.030012618399,IL,R,RED,red
1876,0.035402461446,0.035402,0.035502461446,IL,D,BLUE,blue
1876,0.000000000000,0.000000,0.000100000000,IN,D,BLUE,blue
1876,0.030012618399,0.030013,0.030012618399,IN,D,BLUE,blue
1876,-0.012565189754,-0.012565,-0.012665189754,IN,D,BLUE,blue
1876,0.000000000000,0.000000,0.000100000000,KS,R,RED,red
1876,0.030012618399,0.030013,0.030012618399,KS,R,RED,red
1876,0.325631978346,0.325632,0.325731978346,KS,D,BLUE,blue
1876,0.000000000000,0.000000,0.000100000000,KY,D,BLUE,blue
1876,0.030012618399,0.030013,0.030012618399,KY,D,BLUE,blue
1876,-0.239776538028,-0.239777,-0.239876538028,KY,D,BLUE,blue
1876,0.000000000000,0.000000,0.000100000000,LA,R,RED,red
1876,0.030012618399,0.030013,0.030012618399,LA,R,RED,red
1876,0.032964621493,0.032965,0.033064621493,LA,D,BLUE,blue
1876,0.000000000000,0.000000,0.000100000000,MA,R,RED,red
1876,0.030012618399,0.030013,0.030012618399,MA,R,RED,red
1876,0.159028580233,0.159029,0.159128580233,MA,D,BLUE,blue
1876,0.000000000000,0.000000,0.000100000000,MD,D,BLUE,blue
1876,0.030012618399,0.030013,0.030012618399,MD,D,BLUE,blue
1876,-0.120903278598,-0.120903,-0.121003278598,MD,D,BLUE,blue
1876,0.000000000000,0.000000,0.000100000000,ME-AL,R,RED,red
1876,0.030012618399,0.030013,0.030012618399,ME-AL,R,RED,red
1876,0.139971805716,0.139972,0.140071805716,ME-AL,D,BLUE,blue
1876,0.000000000000,0.000000,0.000100000000,MI,R,RED,red
1876,0.030012618399,0.030013,0.030012618399,MI,R,RED,red
1876,0.079183545298,0.079184,0.079283545298,MI,D,BLUE,blue
1876,0.000000000000,0.000000,0.000100000000,MN,R,RED,red
1876,0.030012618399,0.030013,0.030012618399,MN,R,RED,red
1876,0.196397340318,0.196397,0.196497340318,MN,D,BLUE,blue
1876,0.000000000000,0.000000,0.000100000000,MO,D,BLUE,blue
1876,0.030012618399,0.030013,0.030012618399,MO,D,BLUE,blue
1876,-0.162742078092,-0.162742,-0.162842078092,MO,D,BLUE,blue
1876,0.000000000000,0.000000,0.000100000000,MS,D,BLUE,blue
1876,0.030012618399,0.030013,0.030012618399,MS,D,BLUE,blue
1876,-0.361521095305,-0.361521,-0.361621095305,MS,D,BLUE,blue
1876,0.000000000000,0.000000,0.000100000000,NC,D,BLUE,blue
1876,0.030012618399,0.030013,0.030012618399,NC,D,BLUE,blue
1876,-0.072433532412,-0.072434,-0.072533532412,NC,D,BLUE,blue
1876,0.000000000000,0.000000,0.000100000000,NE-AL,R,RED,red
1876,0.030012618399,0.030013,0.030012618399,NE-AL,R,RED,red
1876,0.293991242296,0.293991,0.294091242296,NE-AL,D,BLUE,blue
1876,0.000000000000,0.000000,0.000100000000,NH,R,RED,red
1876,0.030012618399,0.030013,0.030012618399,NH,R,RED,red
1876,0.037808362761,0.037808,0.037908362761,NH,D,BLUE,blue
1876,0.000000000000,0.000000,0.000100000000,NJ,D,BLUE,blue
1876,0.030012618399,0.030013,0.030012618399,NJ,D,BLUE,blue
1876,-0.056518599592,-0.056519,-0.056618599592,NJ,D,BLUE,blue
1876,0.000000000000,0.000000,0.000100000000,NV,R,RED,red
1876,0.030012618399,0.030013,0.030012618399,NV,R,RED,red
1876,0.054593469098,0.054593,0.054693469098,NV,D,BLUE,blue
1876,0.000000000000,0.000000,0.000100000000,NY,D,BLUE,blue
1876,0.030012618399,0.030013,0.030012618399,NY,D,BLUE,blue
1876,-0.032242149949,-0.032242,-0.032342149949,NY,D,BLUE,blue
1876,0.000000000000,0.000000,0.000100000000,OH,R,RED,red
1876,0.030012618399,0.030013,0.030012618399,OH,D,BLUE,blue
1876,0.011411237245,0.011411,0.011511237245,OH,D,BLUE,blue
1876,0.000000000000,0.000000,0.000100000000,OR,R,RED,red
1876,0.030012618399,0.030013,0.030012618399,OR,R,RED,red
1876,0.035373648807,0.035374,0.035473648807,OR,D,BLUE,blue
1876,0.000000000000,0.000000,0.000100000000,PA,R,RED,red
1876,0.030012618399,0.030013,0.030012618399,PA,D,BLUE,blue
1876,0.023689283037,0.023689,0.023789283037,PA,D,BLUE,blue
1876,0.000000000000,0.000000,0.000100000000,RI,R,RED,red
1876,0.030012618399,0.030013,0.030012618399,RI,R,RED,red
1876,0.190596011567,0.190596,0.190696011567,RI,D,BLUE,blue
1876,0.000000000000,0.000000,0.000100000000,SC,R,RED,red
1876,0.030012618399,0.030013,0.030012618399,SC,D,BLUE,blue
1876,0.004866353191,0.004866,0.004966353191,SC,D,BLUE,blue
1876,0.000000000000,0.000000,0.000100000000,TN,D,BLUE,blue
1876,0.030012618399,0.030013,0.030012618399,TN,D,BLUE,blue
1876,-0.195790664578,-0.195791,-0.195890664578,TN,D,BLUE,blue
1876,0.000000000000,0.000000,0.000100000000,TX,D,BLUE,blue
1876,0.030012618399,0.030013,0.030012618399,TX,D,BLUE,blue
1876,-0.400889304938,-0.400889,-0.400989304938,TX,D,BLUE,blue
1876,0.000000000000,0.000000,0.000100000000,VA,D,BLUE,blue
1876,0.030012618399,0.030013,0.030012618399,VA,D,BLUE,blue
1876,-0.191512053088,-0.191512,-0.191612053088,VA,D,BLUE,blue
1876,0.000000000000,0.000000,0.000100000000,VT,R,RED,red
1876,0.030012618399,0.030013,0.030012618399,VT,R,RED,red
1876,0.369262466500,0.369262,0.369362466500,VT,D,BLUE,blue
1876,0.000000000000,0.000000,0.000100000000,WI,R,RED,red
1876,0.030012618399,0.030013,0.030012618399,WI,D,BLUE,blue
1876,0.023878496133,0.023878,0.023978496133,WI,D,BLUE,blue
1876,0.000000000000,0.000000,0.000100000000,WV,D,BLUE,blue
1876,0.030012618399,0.030013,0.030012618399,WV,D,BLUE,blue
1876,-0.146005399059,-0.146005,-0.146105399059,WV,D,BLUE,blue
1880,0.000000000000,0.000000,0.000100000000,AL,D,BLUE,blue
1880,-0.001025763175,-0.001026,-0.001025763175,AL,D,BLUE,blue
1880,-0.229953698832,-0.229954,-0.230053698832,AL,D,BLUE,blue
1880,0.000000000000,0.000000,0.000100000000,AR,D,BLUE,blue
1880,-0.001025763175,-0.001026,-0.001025763175,AR,D,BLUE,blue
1880,-0.170929257154,-0.170929,-0.171029257154,AR,D,BLUE,blue
1880,0.000000000000,0.000000,0.000100000000,CA,D,BLUE,blue
1880,-0.001025763175,-0.001026,-0.001025763175,CA,R,RED,red
1880,-0.000572051046,-0.000572,-0.000672051046,CA,D,BLUE,blue
1880,0.000000000000,0.000000,0.000100000000,CO,R,RED,red
1880,-0.001025763175,-0.001026,-0.001025763175,CO,R,RED,red
1880,0.052347514287,0.052348,0.052447514287,CO,D,BLUE,blue
1880,0.000000000000,0.000000,0.000100000000,CT,R,RED,red
1880,-0.001025763175,-0.001026,-0.001025763175,CT,R,RED,red
1880,0.019999698800,0.020000,0.020099698800,CT,D,BLUE,blue
1880,0.000000000000,0.000000,0.000100000000,DE,D,BLUE,blue
1880,-0.001025763175,-0.001026,-0.001025763175,DE,D,BLUE,blue
1880,-0.038675155784,-0.038675,-0.038775155784,DE,D,BLUE,blue
1880,0.000000000000,0.000000,0.000100000000,FL,D,BLUE,blue
1880,-0.001025763175,-0.001026,-0.001025763175,FL,D,BLUE,blue
1880,-0.083498004572,-0.083498,-0.083598004572,FL,D,BLUE,blue
1880,0.000000000000,0.000000,0.000100000000,GA,D,BLUE,blue
1880,-0.001025763175,-0.001026,-0.001025763175,GA,D,BLUE,blue
1880,-0.309052351874,-0.309052,-0.309152351874,GA,D,BLUE,blue
1880,0.000000000000,0.000000,0.000100000000,IA,R,RED,red
1880,-0.001025763175,-0.001026,-0.001025763175,IA,R,RED,red
1880,0.241367798255,0.241368,0.241467798255,IA,D,BLUE,blue
1880,0.000000000000,0.000000,0.000100000000,IL,R,RED,red
1880,-0.001025763175,-0.001026,-0.001025763175,IL,R,RED,red
1880,0.065426988392,0.065427,0.065526988392,IL,D,BLUE,blue
1880,0.000000000000,0.000000,0.000100000000,IN,R,RED,red
1880,-0.001025763175,-0.001026,-0.001025763175,IN,R,RED,red
1880,0.014111738111,0.014112,0.014211738111,IN,D,BLUE,blue
1880,0.000000000000,0.000000,0.000100000000,KS,R,RED,red
1880,-0.001025763175,-0.001026,-0.001025763175,KS,R,RED,red
1880,0.306858954608,0.306859,0.306958954608,KS,D,BLUE,blue
1880,0.000000000000,0.000000,0.000100000000,KY,D,BLUE,blue
1880,-0.001025763175,-0.001026,-0.001025763175,KY,D,BLUE,blue
1880,-0.160094944291,-0.160095,-0.160194944291,KY,D,BLUE,blue
1880,0.000000000000,0.000000,0.000100000000,LA,D,BLUE,blue
1880,-0.001025763175,-0.001026,-0.001025763175,LA,D,BLUE,blue
1880,-0.253785660102,-0.253786,-0.253885660102,LA,D,BLUE,blue
1880,0.000000000000,0.000000,0.000100000000,MA,R,RED,red
1880,-0.001025763175,-0.001026,-0.001025763175,MA,R,RED,red
1880,0.189685423128,0.189685,0.189785423128,MA,D,BLUE,blue
1880,0.000000000000,0.000000,0.000100000000,MD,D,BLUE,blue
1880,-0.001025763175,-0.001026,-0.001025763175,MD,D,BLUE,blue
1880,-0.087789457868,-0.087789,-0.087889457868,MD,D,BLUE,blue
1880,0.000000000000,0.000000,0.000100000000,ME-AL,R,RED,red
1880,-0.001025763175,-0.001026,-0.001025763175,ME-AL,R,RED,red
1880,0.061742979646,0.061743,0.061842979646,ME-AL,D,BLUE,blue
1880,0.000000000000,0.000000,0.000100000000,MI,R,RED,red
1880,-0.001025763175,-0.001026,-0.001025763175,MI,R,RED,red
1880,0.152345532730,0.152346,0.152445532730,MI,D,BLUE,blue
1880,0.000000000000,0.000000,0.000100000000,MN,R,RED,red
1880,-0.001025763175,-0.001026,-0.001025763175,MN,R,RED,red
1880,0.269202963435,0.269203,0.269302963435,MN,D,BLUE,blue
1880,0.000000000000,0.000000,0.000100000000,MO,D,BLUE,blue
1880,-0.001025763175,-0.001026,-0.001025763175,MO,D,BLUE,blue
1880,-0.137498095231,-0.137498,-0.137598095231,MO,D,BLUE,blue
1880,0.000000000000,0.000000,0.000100000000,MS,D,BLUE,blue
1880,-0.001025763175,-0.001026,-0.001025763175,MS,D,BLUE,blue
1880,-0.351337187825,-0.351337,-0.351437187825,MS,D,BLUE,blue
1880,0.000000000000,0.000000,0.000100000000,NC,D,BLUE,blue
1880,-0.001025763175,-0.001026,-0.001025763175,NC,D,BLUE,blue
1880,-0.034551092833,-0.034551,-0.034651092833,NC,D,BLUE,blue
1880,0.000000000000,0.000000,0.000100000000,NE-AL,R,RED,red
1880,-0.001025763175,-0.001026,-0.001025763175,NE-AL,R,RED,red
1880,0.302520239674,0.302520,0.302620239674,NE-AL,D,BLUE,blue
1880,0.000000000000,0.000000,0.000100000000,NH,R,RED,red
1880,-0.001025763175,-0.001026,-0.001025763175,NH,R,RED,red
1880,0.046992611807,0.046993,0.047092611807,NH,D,BLUE,blue
1880,0.000000000000,0.000000,0.000100000000,NJ,D,BLUE,blue
1880,-0.001025763175,-0.001026,-0.001025763175,NJ,D,BLUE,blue
1880,-0.008173123841,-0.008173,-0.008273123841,NJ,D,BLUE,blue
1880,0.000000000000,0.000000,0.000100000000,NV,D,BLUE,blue
1880,-0.001025763175,-0.001026,-0.001025763175,NV,D,BLUE,blue
1880,-0.048023984737,-0.048024,-0.048123984737,NV,D,BLUE,blue
1880,0.000000000000,0.000000,0.000100000000,NY,R,RED,red
1880,-0.001025763175,-0.001026,-0.001025763175,NY,R,RED,red
1880,0.019052579612,0.019053,0.019152579612,NY,D,BLUE,blue
1880,0.000000000000,0.000000,0.000100000000,OH,R,RED,red
1880,-0.001025763175,-0.001026,-0.001025763175,OH,R,RED,red
1880,0.047211804123,0.047212,0.047311804123,OH,D,BLUE,blue
1880,0.000000000000,0.000000,0.000100000000,OR,R,RED,red
1880,-0.001025763175,-0.001026,-0.001025763175,OR,R,RED,red
1880,0.016266934516,0.016267,0.016366934516,OR,D,BLUE,blue
1880,0.000000000000,0.000000,0.000100000000,PA,R,RED,red
1880,-0.001025763175,-0.001026,-0.001025763175,PA,R,RED,red
1880,0.042611710561,0.042612,0.042711710561,PA,D,BLUE,blue
1880,0.000000000000,0.000000,0.000100000000,RI,R,RED,red
1880,-0.001025763175,-0.001026,-0.001025763175,RI,R,RED,red
1880,0.253668547973,0.253669,0.253768547973,RI,D,BLUE,blue
1880,0.000000000000,0.000000,0.000100000000,SC,D,BLUE,blue
1880,-0.001025763175,-0.001026,-0.001025763175,SC,D,BLUE,blue
1880,-0.317293461793,-0.317293,-0.317393461793,SC,D,BLUE,blue
1880,0.000000000000,0.000000,0.000100000000,TN,D,BLUE,blue
1880,-0.001025763175,-0.001026,-0.001025763175,TN,D,BLUE,blue
1880,-0.088597690546,-0.088598,-0.088697690546,TN,D,BLUE,blue
1880,0.000000000000,0.000000,0.000100000000,TX,D,BLUE,blue
1880,-0.001025763175,-0.001026,-0.001025763175,TX,D,BLUE,blue
1880,-0.407630954055,-0.407631,-0.407730954055,TX,D,BLUE,blue
1880,0.000000000000,0.000000,0.000100000000,VA,D,BLUE,blue
1880,-0.001025763175,-0.001026,-0.001025763175,VA,D,BLUE,blue
1880,-0.210522833812,-0.210523,-0.210622833812,VA,D,BLUE,blue
1880,0.000000000000,0.000000,0.000100000000,VT,R,RED,red
1880,-0.001025763175,-0.001026,-0.001025763175,VT,R,RED,red
1880,0.417940892290,0.417941,0.418040892290,VT,D,BLUE,blue
1880,0.000000000000,0.000000,0.000100000000,WI,R,RED,red
1880,-0.001025763175,-0.001026,-0.001025763175,WI,R,RED,red
1880,0.111345646438,0.111346,0.111445646438,WI,D,BLUE,blue
1880,0.000000000000,0.000000,0.000100000000,WV,D,BLUE,blue
1880,-0.001025763175,-0.001026,-0.001025763175,WV,D,BLUE,blue
1880,-0.098906071172,-0.098906,-0.099006071172,WV,D,BLUE,blue
1884,0.000000000000,0.000000,0.000100000000,AL,D,BLUE,blue
1884,0.005723476153,0.005723,0.005723476153,AL,D,BLUE,blue
1884,-0.216710930584,-0.216711,-0.216810930584,AL,D,BLUE,blue
1884,0.000000000000,0.000000,0.000100000000,AR,D,BLUE,blue
1884,0.005723476153,0.005723,0.005723476153,AR,D,BLUE,blue
1884,-0.171220951033,-0.171221,-0.171320951033,AR,D,BLUE,blue
1884,0.000000000000,0.000000,0.000100000000,CA,R,RED,red
1884,0.005723476153,0.005723,0.005723476153,CA,R,RED,red
1884,0.066405060207,0.066405,0.066505060207,CA,D,BLUE,blue
1884,0.000000000000,0.000000,0.000100000000,CO,R,RED,red
1884,0.005723476153,0.005723,0.005723476153,CO,R,RED,red
1884,0.125693410905,0.125693,0.125793410905,CO,D,BLUE,blue
1884,0.000000000000,0.000000,0.000100000000,CT,D,BLUE,blue
1884,0.005723476153,0.005723,0.005723476153,CT,D,BLUE,blue
1884,-0.009354714149,-0.009355,-0.009454714149,CT,D,BLUE,blue
1884,0.000000000000,0.000000,0.000100000000,DE,D,BLUE,blue
1884,0.005723476153,0.005723,0.005723476153,DE,D,BLUE,blue
1884,-0.133537886873,-0.133538,-0.133637886873,DE,D,BLUE,blue
1884,0.000000000000,0.000000,0.000100000000,FL,D,BLUE,blue
1884,0.005723476153,0.005723,0.005723476153,FL,D,BLUE,blue
1884,-0.062310385064,-0.062310,-0.062410385064,FL,D,BLUE,blue
1884,0.000000000000,0.000000,0.000100000000,GA,D,BLUE,blue
1884,0.005723476153,0.005723,0.005723476153,GA,D,BLUE,blue
1884,-0.320757607409,-0.320758,-0.320857607409,GA,D,BLUE,blue
1884,0.000000000000,0.000000,0.000100000000,IA,R,RED,red
1884,0.005723476153,0.005723,0.005723476153,IA,R,RED,red
1884,0.052420327624,0.052420,0.052520327624,IA,D,BLUE,blue
1884,0.000000000000,0.000000,0.000100000000,IL,R,RED,red
1884,0.005723476153,0.005723,0.005723476153,IL,R,RED,red
1884,0.037340746577,0.037341,0.037440746577,IL,D,BLUE,blue
1884,0.000000000000,0.000000,0.000100000000,IN,D,BLUE,blue
1884,0.005723476153,0.005723,0.005723476153,IN,D,BLUE,blue
1884,-0.013154813337,-0.013155,-0.013254813337,IN,D,BLUE,blue
1884,0.000000000000,0.000000,0.000100000000,KS,R,RED,red
1884,0.005723476153,0.005723,0.005723476153,KS,R,RED,red
1884,0.241769733081,0.241770,0.241869733081,KS,D,BLUE,blue
1884,0.000000000000,0.000000,0.000100000000,KY,D,BLUE,blue
1884,0.005723476153,0.005723,0.005723476153,KY,D,BLUE,blue
1884,-0.123954268105,-0.123954,-0.124054268105,KY,D,BLUE,blue
1884,0.000000000000,0.000000,0.000100000000,LA,D,BLUE,blue
1884,0.005723476153,0.005723,0.005723476153,LA,D,BLUE,blue
1884,-0.148511412353,-0.148511,-0.148611412353,LA,D,BLUE,blue
1884,0.000000000000,0.000000,0.000100000000,MA,R,RED,red
1884,0.005723476153,0.005723,0.005723476153,MA,R,RED,red
1884,0.080334099142,0.080334,0.080434099142,MA,D,BLUE,blue
1884,0.000000000000,0.000000,0.000100000000,MD,D,BLUE,blue
1884,0.005723476153,0.005723,0.005723476153,MD,D,BLUE,blue
1884,-0.059768088206,-0.059768,-0.059868088206,MD,D,BLUE,blue
1884,0.000000000000,0.000000,0.000100000000,ME-AL,R,RED,red
1884,0.005723476153,0.005723,0.005723476153,ME-AL,R,RED,red
1884,0.153757730418,0.153758,0.153857730418,ME-AL,D,BLUE,blue
1884,0.000000000000,0.000000,0.000100000000,MI,R,RED,red
1884,0.005723476153,0.005723,0.005723476153,MI,R,RED,red
1884,0.008245551939,0.008246,0.008345551939,MI,D,BLUE,blue
1884,0.000000000000,0.000000,0.000100000000,MN,R,RED,red
1884,0.005723476153,0.005723,0.005723476153,MN,R,RED,red
1884,0.219033033886,0.219033,0.219133033886,MN,D,BLUE,blue
1884,0.000000000000,0.000000,0.000100000000,MO,D,BLUE,blue
1884,0.005723476153,0.005723,0.005723476153,MO,D,BLUE,blue
1884,-0.074653045315,-0.074653,-0.074753045315,MO,D,BLUE,blue
1884,0.000000000000,0.000000,0.000100000000,MS,D,BLUE,blue
1884,0.005723476153,0.005723,0.005723476153,MS,D,BLUE,blue
1884,-0.286838790932,-0.286839,-0.286938790932,MS,D,BLUE,blue
1884,0.000000000000,0.000000,0.000100000000,NC,D,BLUE,blue
1884,0.005723476153,0.005723,0.005723476153,NC,D,BLUE,blue
1884,-0.066642817750,-0.066643,-0.066742817750,NC,D,BLUE,blue
1884,0.000000000000,0.000000,0.000100000000,NE-AL,R,RED,red
1884,0.005723476153,0.005723,0.005723476153,NE-AL,R,RED,red
1884,0.167814190549,0.167814,0.167914190549,NE-AL,D,BLUE,blue
1884,0.000000000000,0.000000,0.000100000000,NH,R,RED,red
1884,0.005723476153,0.005723,0.005723476153,NH,R,RED,red
1884,0.047951197598,0.047951,0.048051197598,NH,D,BLUE,blue
1884,0.000000000000,0.000000,0.000100000000,NJ,D,BLUE,blue
1884,0.005723476153,0.005723,0.005723476153,NJ,D,BLUE,blue
1884,-0.016702373515,-0.016702,-0.016802373515,NJ,D,BLUE,blue
1884,0.000000000000,0.000000,0.000100000000,NV,R,RED,red
1884,0.005723476153,0.005723,0.005723476153,NV,R,RED,red
1884,0.126201453466,0.126201,0.126301453466,NV,D,BLUE,blue
1884,0.000000000000,0.000000,0.000100000000,NY,D,BLUE,blue
1884,0.005723476153,0.005723,0.005723476153,NY,D,BLUE,blue
1884,-0.000984433274,-0.000984,-0.001084433274,NY,D,BLUE,blue
1884,0.000000000000,0.000000,0.000100000000,OH,R,RED,red
1884,0.005723476153,0.005723,0.005723476153,OH,R,RED,red
1884,0.040532238947,0.040532,0.040632238947,OH,D,BLUE,blue
1884,0.000000000000,0.000000,0.000100000000,OR,R,RED,red
1884,0.005723476153,0.005723,0.005723476153,OR,R,RED,red
1884,0.042822975589,0.042823,0.042922975589,OR,D,BLUE,blue
1884,0.000000000000,0.000000,0.000100000000,PA,R,RED,red
1884,0.005723476153,0.005723,0.005723476153,PA,R,RED,red
1884,0.095168078383,0.095168,0.095268078383,PA,D,BLUE,blue
1884,0.000000000000,0.000000,0.000100000000,RI,R,RED,red
1884,0.005723476153,0.005723,0.005723476153,RI,R,RED,red
1884,0.202587653718,0.202588,0.202687653718,RI,D,BLUE,blue
1884,0.000000000000,0.000000,0.000100000000,SC,D,BLUE,blue
1884,0.005723476153,0.005723,0.005723476153,SC,D,BLUE,blue
1884,0.000000000000,0.000000,0.000100000000,TN,D,BLUE,blue
1884,0.005723476153,0.005723,0.005723476153,TN,D,BLUE,blue
1884,-0.037191608521,-0.037192,-0.037291608521,TN,D,BLUE,blue
1884,0.000000000000,0.000000,0.000100000000,TX,D,BLUE,blue
1884,0.005723476153,0.005723,0.005723476153,TX,D,BLUE,blue
1884,-0.406289482178,-0.406289,-0.406389482178,TX,D,BLUE,blue
1884,0.000000000000,0.000000,0.000100000000,VA,D,BLUE,blue
1884,0.005723476153,0.005723,0.005723476153,VA,D,BLUE,blue
1884,-0.021528053141,-0.021528,-0.021628053141,VA,D,BLUE,blue
1884,0.000000000000,0.000000,0.000100000000,VT,R,RED,red
1884,0.005723476153,0.005723,0.005723476153,VT,R,RED,red
1884,0.373444891500,0.373445,0.373544891500,VT,D,BLUE,blue
1884,0.000000000000,0.000000,0.000100000000,WI,R,RED,red
1884,0.005723476153,0.005723,0.005723476153,WI,R,RED,red
1884,0.045904919724,0.045905,0.046004919724,WI,D,BLUE,blue
1884,0.000000000000,0.000000,0.000100000000,WV,D,BLUE,blue
1884,0.005723476153,0.005723,0.005723476153,WV,D,BLUE,blue
1884,-0.031896780052,-0.031897,-0.031996780052,WV,D,BLUE,blue
1888,0.000000000000,0.000000,0.000100000000,AL,D,BLUE,blue
1888,0.008300226379,0.008300,0.008300226379,AL,D,BLUE,blue
1888,-0.343473170174,-0.343473,-0.343573170174,AL,D,BLUE,blue
1888,0.000000000000,0.000000,0.000100000000,AR,D,BLUE,blue
1888,0.008300226379,0.008300,0.008300226379,AR,D,BLUE,blue
1888,-0.167517732303,-0.167518,-0.167617732303,AR,D,BLUE,blue
1888,0.000000000000,0.000000,0.000100000000,CA,R,RED,red
1888,0.008300226379,0.008300,0.008300226379,CA,R,RED,red
1888,0.028196976991,0.028197,0.028296976991,CA,D,BLUE,blue
1888,0.000000000000,0.000000,0.000100000000,CO,R,RED,red
1888,0.008300226379,0.008300,0.008300226379,CO,R,RED,red
1888,0.143812672656,0.143813,0.143912672656,CO,D,BLUE,blue
1888,0.000000000000,0.000000,0.000100000000,CT,D,BLUE,blue
1888,0.008300226379,0.008300,0.008300226379,CT,D,BLUE,blue
1888,-0.002182129915,-0.002182,-0.002282129915,CT,D,BLUE,blue
1888,0.000000000000,0.000000,0.000100000000,DE,D,BLUE,blue
1888,0.008300226379,0.008300,0.008300226379,DE,D,BLUE,blue
1888,-0.116382206693,-0.116382,-0.116482206693,DE,D,BLUE,blue
1888,0.000000000000,0.000000,0.000100000000,FL,D,BLUE,blue
1888,0.008300226379,0.008300,0.008300226379,FL,D,BLUE,blue
1888,-0.195909774436,-0.195910,-0.196009774436,FL,D,BLUE,blue
1888,0.000000000000,0.000000,0.000100000000,GA,D,BLUE,blue
1888,0.008300226379,0.008300,0.008300226379,GA,D,BLUE,blue
1888,-0.419726311076,-0.419726,-0.419826311076,GA,D,BLUE,blue
1888,0.000000000000,0.000000,0.000100000000,IA,R,RED,red
1888,0.008300226379,0.008300,0.008300226379,IA,R,RED,red
1888,0.078503470375,0.078503,0.078603470375,IA,D,BLUE,blue
1888,0.000000000000,0.000000,0.000100000000,IL,R,RED,red
1888,0.008300226379,0.008300,0.008300226379,IL,R,RED,red
1888,0.029584936341,0.029585,0.029684936341,IL,D,BLUE,blue
1888,0.000000000000,0.000000,0.000100000000,IN,R,RED,red
1888,0.008300226379,0.008300,0.008300226379,IN,D,BLUE,blue
1888,0.004372854778,0.004373,0.004472854778,IN,D,BLUE,blue
1888,0.000000000000,0.000000,0.000100000000,KS,R,RED,red
1888,0.008300226379,0.008300,0.008300226379,KS,R,RED,red
1888,0.242063240414,0.242063,0.242163240414,KS,D,BLUE,blue
1888,0.000000000000,0.000000,0.000100000000,KY,D,BLUE,blue
1888,0.008300226379,0.008300,0.008300226379,KY,D,BLUE,blue
1888,-0.083197049306,-0.083197,-0.083297049306,KY,D,BLUE,blue
1888,0.000000000000,0.000000,0.000100000000,LA,D,BLUE,blue
1888,0.008300226379,0.008300,0.008300226379,LA,D,BLUE,blue
1888,-0.469164991242,-0.469165,-0.469264991242,LA,D,BLUE,blue
1888,0.000000000000,0.000000,0.000100000000,MA,R,RED,red
1888,0.008300226379,0.008300,0.008300226379,MA,R,RED,red
1888,0.093834878269,0.093835,0.093934878269,MA,D,BLUE,blue
1888,0.000000000000,0.000000,0.000100000000,MD,D,BLUE,blue
1888,0.008300226379,0.008300,0.008300226379,MD,D,BLUE,blue
1888,-0.029401586226,-0.029402,-0.029501586226,MD,D,BLUE,blue
1888,0.000000000000,0.000000,0.000100000000,ME-AL,R,RED,red
1888,0.008300226379,0.008300,0.008300226379,ME-AL,R,RED,red
1888,0.181344685894,0.181345,0.181444685894,ME-AL,D,BLUE,blue
1888,0.000000000000,0.000000,0.000100000000,MI,R,RED,red
1888,0.008300226379,0.008300,0.008300226379,MI,R,RED,red
1888,0.048212287212,0.048212,0.048312287212,MI,D,BLUE,blue
1888,0.000000000000,0.000000,0.000100000000,MN,R,RED,red
1888,0.008300226379,0.008300,0.008300226379,MN,R,RED,red
1888,0.144736692178,0.144737,0.144836692178,MN,D,BLUE,blue
1888,0.000000000000,0.000000,0.000100000000,MO,D,BLUE,blue
1888,0.008300226379,0.008300,0.008300226379,MO,D,BLUE,blue
1888,-0.049276891208,-0.049277,-0.049376891208,MO,D,BLUE,blue
1888,0.000000000000,0.000000,0.000100000000,MS,D,BLUE,blue
1888,0.008300226379,0.008300,0.008300226379,MS,D,BLUE,blue
1888,-0.478088888121,-0.478089,-0.478188888121,MS,D,BLUE,blue
1888,0.000000000000,0.000000,0.000100000000,NC,D,BLUE,blue
1888,0.008300226379,0.008300,0.008300226379,NC,D,BLUE,blue
1888,-0.045937323813,-0.045937,-0.046037323813,NC,D,BLUE,blue
1888,0.000000000000,0.000000,0.000100000000,NE-AL,R,RED,red
1888,0.008300226379,0.008300,0.008300226379,NE-AL,R,RED,red
1888,0.137554779107,0.137555,0.137654779107,NE-AL,D,BLUE,blue
1888,0.000000000000,0.000000,0.000100000000,NH,R,RED,red
1888,0.008300226379,0.008300,0.008300226379,NH,R,RED,red
1888,0.025012385094,0.025012,0.025112385094,NH,D,BLUE,blue
1888,0.000000000000,0.000000,0.000100000000,NJ,D,BLUE,blue
1888,0.008300226379,0.008300,0.008300226379,NJ,D,BLUE,blue
1888,-0.023528559814,-0.023529,-0.023628559814,NJ,D,BLUE,blue
1888,0.000000000000,0.000000,0.000100000000,NV,R,RED,red
1888,0.008300226379,0.008300,0.008300226379,NV,R,RED,red
1888,0.157924743444,0.157925,0.158024743444,NV,D,BLUE,blue
1888,0.000000000000,0.000000,0.000100000000,NY,R,RED,red
1888,0.008300226379,0.008300,0.008300226379,NY,R,RED,red
1888,0.010890715500,0.010891,0.010990715500,NY,D,BLUE,blue
1888,0.000000000000,0.000000,0.000100000000,OH,R,RED,red
1888,0.008300226379,0.008300,0.008300226379,OH,R,RED,red
1888,0.023322119898,0.023322,0.023422119898,OH,D,BLUE,blue
1888,0.000000000000,0.000000,0.000100000000,OR,R,RED,red
1888,0.008300226379,0.008300,0.008300226379,OR,R,RED,red
1888,0.109436890692,0.109437,0.109536890692,OR,D,BLUE,blue
1888,0.000000000000,0.000000,0.000100000000,PA,R,RED,red
1888,0.008300226379,0.008300,0.008300226379,PA,R,RED,red
1888,0.079651712966,0.079652,0.079751712966,PA,D,BLUE,blue
1888,0.000000000000,0.000000,0.000100000000,RI,R,RED,red
1888,0.008300226379,0.008300,0.008300226379,RI,R,RED,red
1888,0.108865726548,0.108866,0.108965726548,RI,D,BLUE,blue
1888,0.000000000000,0.000000,0.000100000000,SC,D,BLUE,blue
1888,0.008300226379,0.008300,0.008300226379,SC,D,BLUE,blue
1888,0.000000000000,0.000000,0.000100000000,TN,D,BLUE,blue
1888,0.008300226379,0.008300,0.008300226379,TN,D,BLUE,blue
1888,-0.064937074819,-0.064937,-0.065037074819,TN,D,BLUE,blue
1888,0.000000000000,0.000000,0.000100000000,TX,D,BLUE,blue
1888,0.008300226379,0.008300,0.008300226379,TX,D,BLUE,blue
1888,-0.409666221928,-0.409666,-0.409766221928,TX,D,BLUE,blue
1888,0.000000000000,0.000000,0.000100000000,VA,D,BLUE,blue
1888,0.008300226379,0.008300,0.008300226379,VA,D,BLUE,blue
1888,-0.005278094756,-0.005278,-0.005378094756,VA,D,BLUE,blue
1888,0.000000000000,0.000000,0.000100000000,VT,R,RED,red
1888,0.008300226379,0.008300,0.008300226379,VT,R,RED,red
1888,0.433966876490,0.433967,0.434066876490,VT,D,BLUE,blue
1888,0.000000000000,0.000000,0.000100000000,WI,R,RED,red
1888,0.008300226379,0.008300,0.008300226379,WI,R,RED,red
1888,0.060124529770,0.060125,0.060224529770,WI,D,BLUE,blue
1888,0.000000000000,0.000000,0.000100000000,WV,D,BLUE,blue
1888,0.008300226379,0.008300,0.008300226379,WV,D,BLUE,blue
1888,-0.003173607627,-0.003174,-0.003273607627,WV,D,BLUE,blue
1892,0.000000000000,0.000000,0.000100000000,AL,D,BLUE,blue
1892,0.030087685419,0.030088,0.030087685419,AL,D,BLUE,blue
1892,-0.457128359056,-0.457128,-0.457228359056,AL,D,BLUE,blue
1892,0.000000000000,0.000000,0.000100000000,AR,D,BLUE,blue
1892,0.030087685419,0.030088,0.030087685419,AR,D,BLUE,blue
1892,-0.275201361086,-0.275201,-0.275301361086,AR,D,BLUE,blue
1892,0.000000000000,0.000000,0.000100000000,CA,D,BLUE,blue
1892,0.030087685419,0.030088,0.030087685419,CA,D,BLUE,blue
1892,-0.000545234024,-0.000545,-0.000645234024,CA,D,BLUE,blue
1892,0.000000000000,0.000000,0.000100000000,CO,T,YELLOW,yellow
1892,0.030087685419,0.030088,0.030087685419,CO,T,YELLOW,yellow
1892,-0.318752596095,-0.318753,-0.318852596095,CO,T,YELLOW,yellow
1892,0.000000000000,0.000000,0.000100000000,CT,D,BLUE,blue
1892,0.030087685419,0.030088,0.030087685419,CT,D,BLUE,blue
1892,-0.032583006774,-0.032583,-0.032683006774,CT,D,BLUE,blue
1892,0.000000000000,0.000000,0.000100000000,DE,D,BLUE,blue
1892,0.030087685419,0.030088,0.030087685419,DE,D,BLUE,blue
1892,-0.013535651940,-0.013536,-0.013635651940,DE,D,BLUE,blue
1892,0.000000000000,0.000000,0.000100000000,FL,D,BLUE,blue
1892,0.030087685419,0.030088,0.030087685419,FL,D,BLUE,blue
1892,0.000000000000,0.000000,0.000100000000,GA,D,BLUE,blue
1892,0.030087685419,0.030088,0.030087685419,GA,D,BLUE,blue
1892,-0.363193890448,-0.363194,-0.363293890448,GA,D,BLUE,blue
1892,0.000000000000,0.000000,0.000100000000,IA,R,RED,red
1892,0.030087685419,0.030088,0.030087685419,IA,R,RED,red
1892,0.052865901403,0.052866,0.052965901403,IA,D,BLUE,blue
1892,0.000000000000,0.000000,0.000100000000,ID,T,YELLOW,yellow
1892,0.030087685419,0.030088,0.030087685419,ID,T,YELLOW,yellow
1892,-0.197969804710,-0.197970,-0.198069804710,ID,T,YELLOW,yellow
1892,0.000000000000,0.000000,0.000100000000,IL,D,BLUE,blue
1892,0.030087685419,0.030088,0.030087685419,IL,D,BLUE,blue
1892,-0.030896918321,-0.030897,-0.030996918321,IL,D,BLUE,blue
1892,0.000000000000,0.000000,0.000100000000,IN,D,BLUE,blue
1892,0.030087685419,0.030088,0.030087685419,IN,D,BLUE,blue
1892,-0.012870001246,-0.012870,-0.012970001246,IN,D,BLUE,blue
1892,0.000000000000,0.000000,0.000100000000,KS,T,YELLOW,yellow
1892,0.030087685419,0.030088,0.030087685419,KS,T,YELLOW,yellow
1892,-0.036133639064,-0.036134,-0.036233639064,KS,T,YELLOW,yellow
1892,0.000000000000,0.000000,0.000100000000,KY,D,BLUE,blue
1892,0.030087685419,0.030088,0.030087685419,KY,D,BLUE,blue
1892,-0.117345920954,-0.117346,-0.117445920954,KY,D,BLUE,blue
1892,0.000000000000,0.000000,0.000100000000,LA,D,BLUE,blue
1892,0.030087685419,0.030088,0.030087685419,LA,D,BLUE,blue
1892,0.000000000000,0.000000,0.000100000000,MA,R,RED,red
1892,0.030087685419,0.030088,0.030087685419,MA,R,RED,red
1892,0.066493959512,0.066494,0.066593959512,MA,D,BLUE,blue
1892,0.000000000000,0.000000,0.000100000000,MD,D,BLUE,blue
1892,0.030087685419,0.030088,0.030087685419,MD,D,BLUE,blue
1892,-0.099073965537,-0.099074,-0.099173965537,MD,D,BLUE,blue
1892,0.000000000000,0.000000,0.000100000000,ME-AL,R,RED,red
1892,0.030087685419,0.030088,0.030087685419,ME-AL,R,RED,red
1892,0.127839176993,0.127839,0.127939176993,ME-AL,D,BLUE,blue
1892,0.000000000000,0.000000,0.000100000000,MI,R,RED,red
1892,0.030087685419,0.030088,0.030087685419,MI,R,RED,red
1892,0.045240266498,0.045240,0.045340266498,MI,D,BLUE,blue
1892,0.000000000000,0.000000,0.000100000000,MN,R,RED,red
1892,0.030087685419,0.030088,0.030087685419,MN,R,RED,red
1892,0.081960649309,0.081961,0.082060649309,MN,D,BLUE,blue
1892,0.000000000000,0.000000,0.000100000000,MO,D,BLUE,blue
1892,0.030087685419,0.030088,0.030087685419,MO,D,BLUE,blue
1892,-0.075249777042,-0.075250,-0.075349777042,MO,D,BLUE,blue
1892,0.000000000000,0.000000,0.000100000000,MS,D,BLUE,blue
1892,0.030087685419,0.030088,0.030087685419,MS,D,BLUE,blue
1892,0.000000000000,0.000000,0.000100000000,MT,R,RED,red
1892,0.030087685419,0.030088,0.030087685419,MT,D,BLUE,blue
1892,0.026562605429,0.026563,0.026662605429,MT,D,BLUE,blue
1892,0.000000000000,0.000000,0.000100000000,NC,D,BLUE,blue
1892,0.030087685419,0.030088,0.030087685419,NC,D,BLUE,blue
1892,-0.116334249117,-0.116334,-0.116434249117,NC,D,BLUE,blue
1892,0.000000000000,0.000000,0.000100000000,ND,T,YELLOW,yellow
1892,0.030087685419,0.030088,0.030087685419,ND,T,YELLOW,yellow
1892,-0.010022703361,-0.010023,-0.010122703361,ND,T,YELLOW,yellow
1892,0.000000000000,0.000000,0.000100000000,NE-AL,R,RED,red
1892,0.030087685419,0.030088,0.030087685419,NE-AL,R,RED,red
1892,0.040750879156,0.040751,0.040850879156,NE-AL,T,YELLOW,yellow
1892,0.000000000000,0.000000,0.000100000000,NH,R,RED,red
1892,0.030087685419,0.030088,0.030087685419,NH,R,RED,red
1892,0.040042987160,0.040043,0.040142987160,NH,D,BLUE,blue
1892,0.000000000000,0.000000,0.000100000000,NJ,D,BLUE,blue
1892,0.030087685419,0.030088,0.030087685419,NJ,D,BLUE,blue
1892,-0.044324586891,-0.044325,-0.044424586891,NJ,D,BLUE,blue
1892,0.000000000000,0.000000,0.000100000000,NV,T,YELLOW,yellow
1892,0.030087685419,0.030088,0.030087685419,NV,T,YELLOW,yellow
1892,0.000000000000,0.000000,0.000100000000,NY,D,BLUE,blue
1892,0.030087685419,0.030088,0.030087685419,NY,D,BLUE,blue
1892,-0.034050148377,-0.034050,-0.034150148377,NY,D,BLUE,blue
1892,0.000000000000,0.000000,0.000100000000,OH,R,RED,red
1892,0.030087685419,0.030088,0.030087685419,OH,D,BLUE,blue
1892,0.001260933185,0.001261,0.001360933185,OH,D,BLUE,blue
1892,0.000000000000,0.000000,0.000100000000,OR,R,RED,red
1892,0.030087685419,0.030088,0.030087685419,OR,R,RED,red
1892,0.324164553898,0.324165,0.324264553898,OR,D,BLUE,blue
1892,0.204787810067,0.204788,0.204887810067,OR,T,YELLOW,yellow
1892,0.000000000000,0.000000,0.000100000000,PA,R,RED,red
1892,0.030087685419,0.030088,0.030087685419,PA,R,RED,red
1892,0.063555697351,0.063556,0.063655697351,PA,D,BLUE,blue
1892,0.000000000000,0.000000,0.000100000000,RI,R,RED,red
1892,0.030087685419,0.030088,0.030087685419,RI,R,RED,red
1892,0.049608993157,0.049609,0.049708993157,RI,D,BLUE,blue
1892,0.000000000000,0.000000,0.000100000000,SC,D,BLUE,blue
1892,0.030087685419,0.030088,0.030087685419,SC,D,BLUE,blue
1892,0.000000000000,0.000000,0.000100000000,SD,R,RED,red
1892,0.030087685419,0.030088,0.030087685419,SD,R,RED,red
1892,0.495312921022,0.495313,0.495412921022,SD,D,BLUE,blue
1892,0.236665579397,0.236666,0.236765579397,SD,T,YELLOW,yellow
1892,0.000000000000,0.000000,0.000100000000,TN,D,BLUE,blue
1892,0.030087685419,0.030088,0.030087685419,TN,D,BLUE,blue
1892,-0.135215179203,-0.135215,-0.135315179203,TN,D,BLUE,blue
1892,0.000000000000,0.000000,0.000100000000,TX,D,BLUE,blue
1892,0.030087685419,0.030088,0.030087685419,TX,D,BLUE,blue
1892,-0.374288455389,-0.374288,-0.374388455389,TX,D,BLUE,blue
1892,0.000000000000,0.000000,0.000100000000,VA,D,BLUE,blue
1892,0.030087685419,0.030088,0.030087685419,VA,D,BLUE,blue
1892,-0.174645323332,-0.174645,-0.174745323332,VA,D,BLUE,blue
1892,0.000000000000,0.000000,0.000100000000,VT,R,RED,red
1892,0.030087685419,0.030088,0.030087685419,VT,R,RED,red
1892,0.388325327981,0.388325,0.388425327981,VT,D,BLUE,blue
1892,0.000000000000,0.000000,0.000100000000,WA,R,RED,red
1892,0.030087685419,0.030088,0.030087685419,WA,R,RED,red
1892,0.075685752936,0.075686,0.075785752936,WA,D,BLUE,blue
1892,0.000000000000,0.000000,0.000100000000,WI,D,BLUE,blue
1892,0.030087685419,0.030088,0.030087685419,WI,D,BLUE,blue
1892,-0.016750049114,-0.016750,-0.016850049114,WI,D,BLUE,blue
1892,0.000000000000,0.000000,0.000100000000,WV,D,BLUE,blue
1892,0.030087685419,0.030088,0.030087685419,WV,D,BLUE,blue
1892,-0.024403930348,-0.024404,-0.024503930348,WV,D,BLUE,blue
1892,0.000000000000,0.000000,0.000100000000,WY,R,RED,red
1892,0.030087685419,0.030088,0.030087685419,WY,R,RED,red
1892,0.087481326561,0.087481,0.087581326561,WY,T,YELLOW,yellow
1896,0.000000000000,0.000000,0.000100000000,AL,D,BLUE,blue
1896,-0.043141191192,-0.043141,-0.043141191192,AL,D,BLUE,blue
1896,-0.383518347209,-0.383518,-0.383618347209,AL,D,BLUE,blue
1896,0.000000000000,0.000000,0.000100000000,AR,D,BLUE,blue
1896,-0.043141191192,-0.043141,-0.043141191192,AR,D,BLUE,blue
1896,-0.486055963628,-0.486056,-0.486155963628,AR,D,BLUE,blue
1896,0.000000000000,0.000000,0.000100000000,CA,R,RED,red
1896,-0.043141191192,-0.043141,-0.043141191192,CA,R,RED,red
1896,0.006440608674,0.006441,0.006540608674,CA,D,BLUE,blue
1896,0.000000000000,0.000000,0.000100000000,CO,D,BLUE,blue
1896,-0.043141191192,-0.043141,-0.043141191192,CO,D,BLUE,blue
1896,0.000000000000,0.000000,0.000100000000,CT,R,RED,red
1896,-0.043141191192,-0.043141,-0.043141191192,CT,R,RED,red
1896,0.307041688170,0.307042,0.307141688170,CT,D,BLUE,blue
1896,0.000000000000,0.000000,0.000100000000,DE,R,RED,red
1896,-0.043141191192,-0.043141,-0.043141191192,DE,R,RED,red
1896,0.100790513834,0.100791,0.100890513834,DE,D,BLUE,blue
1896,0.000000000000,0.000000,0.000100000000,FL,D,BLUE,blue
1896,-0.043141191192,-0.043141,-0.043141191192,FL,D,BLUE,blue
1896,-0.461581483394,-0.461581,-0.461681483394,FL,D,BLUE,blue
1896,0.000000000000,0.000000,0.000100000000,GA,D,BLUE,blue
1896,-0.043141191192,-0.043141,-0.043141191192,GA,D,BLUE,blue
1896,-0.212272279665,-0.212272,-0.212372279665,GA,D,BLUE,blue
1896,0.000000000000,0.000000,0.000100000000,IA,R,RED,red
1896,-0.043141191192,-0.043141,-0.043141191192,IA,R,RED,red
1896,0.125687617799,0.125688,0.125787617799,IA,D,BLUE,blue
1896,0.000000000000,0.000000,0.000100000000,ID,D,BLUE,blue
1896,-0.043141191192,-0.043141,-0.043141191192,ID,D,BLUE,blue
1896,0.000000000000,0.000000,0.000100000000,IL,R,RED,red
1896,-0.043141191192,-0.043141,-0.043141191192,IL,R,RED,red
1896,0.129728684196,0.129729,0.129828684196,IL,D,BLUE,blue
1896,0.000000000000,0.000000,0.000100000000,IN,R,RED,red
1896,-0.043141191192,-0.043141,-0.043141191192,IN,R,RED,red
1896,0.028536270304,0.028536,0.028636270304,IN,D,BLUE,blue
1896,0.000000000000,0.000000,0.000100000000,KS,D,BLUE,blue
1896,-0.043141191192,-0.043141,-0.043141191192,KS,R,RED,red
1896,-0.036855808003,-0.036856,-0.036955808003,KS,D,BLUE,blue
1896,0.000000000000,0.000000,0.000100000000,KY,R,RED,red
1896,-0.043141191192,-0.043141,-0.043141191192,KY,R,RED,red
1896,0.000621176513,0.000621,0.000721176513,KY,D,BLUE,blue
1896,0.000000000000,0.000000,0.000100000000,LA,D,BLUE,blue
1896,-0.043141191192,-0.043141,-0.043141191192,LA,D,BLUE,blue
1896,0.000000000000,0.000000,0.000100000000,MA,R,RED,red
1896,-0.043141191192,-0.043141,-0.043141191192,MA,R,RED,red
1896,0.431471133158,0.431471,0.431571133158,MA,D,BLUE,blue
1896,0.000000000000,0.000000,0.000100000000,MD,R,RED,red
1896,-0.043141191192,-0.043141,-0.043141191192,MD,R,RED,red
1896,0.131105419003,0.131105,0.131205419003,MD,D,BLUE,blue
1896,0.000000000000,0.000000,0.000100000000,ME-AL,R,RED,red
1896,-0.043141191192,-0.043141,-0.043141191192,ME-AL,R,RED,red
1896,0.386897372888,0.386897,0.386997372888,ME-AL,D,BLUE,blue
1896,0.000000000000,0.000000,0.000100000000,MI,R,RED,red
1896,-0.043141191192,-0.043141,-0.043141191192,MI,R,RED,red
1896,0.102953710238,0.102954,0.103053710238,MI,D,BLUE,blue
1896,0.000000000000,0.000000,0.000100000000,MN,R,RED,red
1896,-0.043141191192,-0.043141,-0.043141191192,MN,R,RED,red
1896,0.157325858346,0.157326,0.157425858346,MN,D,BLUE,blue
1896,0.000000000000,0.000000,0.000100000000,MO,D,BLUE,blue
1896,-0.043141191192,-0.043141,-0.043141191192,MO,D,BLUE,blue
1896,-0.087144201120,-0.087144,-0.087244201120,MO,D,BLUE,blue
1896,0.000000000000,0.000000,0.000100000000,MS,D,BLUE,blue
1896,-0.043141191192,-0.043141,-0.043141191192,MS,D,BLUE,blue
1896,0.000000000000,0.000000,0.000100000000,MT,D,BLUE,blue
1896,-0.043141191192,-0.043141,-0.043141191192,MT,D,BLUE,blue
1896,0.000000000000,0.000000,0.000100000000,NC,D,BLUE,blue
1896,-0.043141191192,-0.043141,-0.043141191192,NC,D,BLUE,blue
1896,-0.058206599323,-0.058207,-0.058306599323,NC,D,BLUE,blue
1896,0.000000000000,0.000000,0.000100000000,ND,R,RED,red
1896,-0.043141191192,-0.043141,-0.043141191192,ND,R,RED,red
1896,0.119199848072,0.119200,0.119299848072,ND,D,BLUE,blue
1896,0.000000000000,0.000000,0.000100000000,NE-AL,D,BLUE,blue
1896,-0.043141191192,-0.043141,-0.043141191192,NE-AL,D,BLUE,blue
1896,-0.053512380031,-0.053512,-0.053612380031,NE-AL,D,BLUE,blue
1896,0.000000000000,0.000000,0.000100000000,NH,R,RED,red
1896,-0.043141191192,-0.043141,-0.043141191192,NH,R,RED,red
1896,0.427799689255,0.427800,0.427899689255,NH,D,BLUE,blue
1896,0.000000000000,0.000000,0.000100000000,NJ,R,RED,red
1896,-0.043141191192,-0.043141,-0.043141191192,NJ,R,RED,red
1896,0.236630918804,0.236631,0.236730918804,NJ,D,BLUE,blue
1896,0.000000000000,0.000000,0.000100000000,NV,D,BLUE,blue
1896,-0.043141191192,-0.043141,-0.043141191192,NV,D,BLUE,blue
1896,0.000000000000,0.000000,0.000100000000,NY,R,RED,red
1896,-0.043141191192,-0.043141,-0.043141191192,NY,R,RED,red
1896,0.188548019631,0.188548,0.188648019631,NY,D,BLUE,blue
1896,0.000000000000,0.000000,0.000100000000,OH,R,RED,red
1896,-0.043141191192,-0.043141,-0.043141191192,OH,R,RED,red
1896,0.047810548213,0.047811,0.047910548213,OH,D,BLUE,blue
1896,0.000000000000,0.000000,0.000100000000,OR,R,RED,red
1896,-0.043141191192,-0.043141,-0.043141191192,OR,R,RED,red
1896,0.020941548443,0.020942,0.021041548443,OR,D,BLUE,blue
1896,0.000000000000,0.000000,0.000100000000,PA,R,RED,red
1896,-0.043141191192,-0.043141,-0.043141191192,PA,R,RED,red
1896,0.247055523693,0.247056,0.247155523693,PA,D,BLUE,blue
1896,0.000000000000,0.000000,0.000100000000,RI,R,RED,red
1896,-0.043141191192,-0.043141,-0.043141191192,RI,R,RED,red
1896,0.419421374464,0.419421,0.419521374464,RI,D,BLUE,blue
1896,0.000000000000,0.000000,0.000100000000,SC,D,BLUE,blue
1896,-0.043141191192,-0.043141,-0.043141191192,SC,D,BLUE,blue
1896,0.000000000000,0.000000,0.000100000000,SD,D,BLUE,blue
1896,-0.043141191192,-0.043141,-0.043141191192,SD,R,RED,red
1896,-0.002206148282,-0.002206,-0.002306148282,SD,D,BLUE,blue
1896,0.000000000000,0.000000,0.000100000000,TN,D,BLUE,blue
1896,-0.043141191192,-0.043141,-0.043141191192,TN,D,BLUE,blue
1896,-0.057603076319,-0.057603,-0.057703076319,TN,D,BLUE,blue
1896,0.000000000000,0.000000,0.000100000000,TX,D,BLUE,blue
1896,-0.043141191192,-0.043141,-0.043141191192,TX,D,BLUE,blue
1896,-0.372465518571,-0.372466,-0.372565518571,TX,D,BLUE,blue
1896,0.000000000000,0.000000,0.000100000000,UT,D,BLUE,blue
1896,-0.043141191192,-0.043141,-0.043141191192,UT,D,BLUE,blue
1896,0.000000000000,0.000000,0.000100000000,VA,D,BLUE,blue
1896,-0.043141191192,-0.043141,-0.043141191192,VA,D,BLUE,blue
1896,-0.065594521403,-0.065595,-0.065694521403,VA,D,BLUE,blue
1896,0.000000000000,0.000000,0.000100000000,VT,R,RED,red
1896,-0.043141191192,-0.043141,-0.043141191192,VT,R,RED,red
1896,0.000000000000,0.000000,0.000100000000,WA,D,BLUE,blue
1896,-0.043141191192,-0.043141,-0.043141191192,WA,D,BLUE,blue
1896,-0.151320218416,-0.151320,-0.151420218416,WA,D,BLUE,blue
1896,0.000000000000,0.000000,0.000100000000,WI,R,RED,red
1896,-0.043141191192,-0.043141,-0.043141191192,WI,R,RED,red
1896,0.229347196860,0.229347,0.229447196860,WI,D,BLUE,blue
1896,0.000000000000,0.000000,0.000100000000,WV,R,RED,red
1896,-0.043141191192,-0.043141,-0.043141191192,WV,R,RED,red
1896,0.054020430518,0.054020,0.054120430518,WV,D,BLUE,blue
1896,0.000000000000,0.000000,0.000100000000,WY,D,BLUE,blue
1896,-0.043141191192,-0.043141,-0.043141191192,WY,R,RED,red
1896,-0.037407547885,-0.037408,-0.037507547885,WY,D,BLUE,blue
1900,0.000000000000,0.000000,0.000100000000,AL,D,BLUE,blue
1900,-0.061292113002,-0.061292,-0.061292113002,AL,D,BLUE,blue
1900,-0.259981714801,-0.259982,-0.260081714801,AL,D,BLUE,blue
1900,0.000000000000,0.000000,0.000100000000,AR,D,BLUE,blue
1900,-0.061292113002,-0.061292,-0.061292113002,AR,D,BLUE,blue
1900,-0.284219417202,-0.284219,-0.284319417202,AR,D,BLUE,blue
1900,0.000000000000,0.000000,0.000100000000,CA,R,RED,red
1900,-0.061292113002,-0.061292,-0.061292113002,CA,R,RED,red
1900,0.131550221952,0.131550,0.131650221952,CA,D,BLUE,blue
1900,0.000000000000,0.000000,0.000100000000,CO,D,BLUE,blue
1900,-0.061292113002,-0.061292,-0.061292113002,CO,D,BLUE,blue
1900,-0.133965349039,-0.133965,-0.134065349039,CO,D,BLUE,blue
1900,0.000000000000,0.000000,0.000100000000,CT,R,RED,red
1900,-0.061292113002,-0.061292,-0.061292113002,CT,R,RED,red
1900,0.158483864702,0.158484,0.158583864702,CT,D,BLUE,blue
1900,0.000000000000,0.000000,0.000100000000,DE,R,RED,red
1900,-0.061292113002,-0.061292,-0.061292113002,DE,R,RED,red
1900,0.087713448760,0.087713,0.087813448760,DE,D,BLUE,blue
1900,0.000000000000,0.000000,0.000100000000,FL,D,BLUE,blue
1900,-0.061292113002,-0.061292,-0.061292113002,FL,D,BLUE,blue
1900,0.000000000000,0.000000,0.000100000000,GA,D,BLUE,blue
1900,-0.061292113002,-0.061292,-0.061292113002,GA,D,BLUE,blue
1900,-0.386459105510,-0.386459,-0.386559105510,GA,D,BLUE,blue
1900,0.000000000000,0.000000,0.000100000000,IA,R,RED,red
1900,-0.061292113002,-0.061292,-0.061292113002,IA,R,RED,red
1900,0.185805733895,0.185806,0.185905733895,IA,D,BLUE,blue
1900,0.000000000000,0.000000,0.000100000000,ID,D,BLUE,blue
1900,-0.061292113002,-0.061292,-0.061292113002,ID,R,RED,red
1900,-0.038263632282,-0.038264,-0.038363632282,ID,D,BLUE,blue
1900,0.000000000000,0.000000,0.000100000000,IL,R,RED,red
1900,-0.061292113002,-0.061292,-0.061292113002,IL,R,RED,red
1900,0.083862754297,0.083863,0.083962754297,IL,D,BLUE,blue
1900,0.000000000000,0.000000,0.000100000000,IN,R,RED,red
1900,-0.061292113002,-0.061292,-0.061292113002,IN,R,RED,red
1900,0.039872367466,0.039872,0.039972367466,IN,D,BLUE,blue
1900,0.000000000000,0.000000,0.000100000000,KS,R,RED,red
1900,-0.061292113002,-0.061292,-0.061292113002,KS,R,RED,red
1900,0.066015388703,0.066015,0.066115388703,KS,D,BLUE,blue
1900,0.000000000000,0.000000,0.000100000000,KY,D,BLUE,blue
1900,-0.061292113002,-0.061292,-0.061292113002,KY,R,RED,red
1900,-0.017071530010,-0.017072,-0.017171530010,KY,D,BLUE,blue
1900,0.000000000000,0.000000,0.000100000000,LA,D,BLUE,blue
1900,-0.061292113002,-0.061292,-0.061292113002,LA,D,BLUE,blue
1900,0.000000000000,0.000000,0.000100000000,MA,R,RED,red
1900,-0.061292113002,-0.061292,-0.061292113002,MA,R,RED,red
1900,0.197367913521,0.197368,0.197467913521,MA,D,BLUE,blue
1900,0.000000000000,0.000000,0.000100000000,MD,R,RED,red
1900,-0.061292113002,-0.061292,-0.061292113002,MD,R,RED,red
1900,0.052742839423,0.052743,0.052842839423,MD,D,BLUE,blue
1900,0.000000000000,0.000000,0.000100000000,ME-AL,R,RED,red
1900,-0.061292113002,-0.061292,-0.061292113002,ME-AL,R,RED,red
1900,0.270500411569,0.270500,0.270600411569,ME-AL,D,BLUE,blue
1900,0.000000000000,0.000000,0.000100000000,MI,R,RED,red
1900,-0.061292113002,-0.061292,-0.061292113002,MI,R,RED,red
1900,0.192116154370,0.192116,0.192216154370,MI,D,BLUE,blue
1900,0.000000000000,0.000000,0.000100000000,MN,R,RED,red
1900,-0.061292113002,-0.061292,-0.061292113002,MN,R,RED,red
1900,0.245201716033,0.245202,0.245301716033,MN,D,BLUE,blue
1900,0.000000000000,0.000000,0.000100000000,MO,D,BLUE,blue
1900,-0.061292113002,-0.061292,-0.061292113002,MO,R,RED,red
1900,-0.055334846765,-0.055335,-0.055434846765,MO,D,BLUE,blue
1900,0.000000000000,0.000000,0.000100000000,MS,D,BLUE,blue
1900,-0.061292113002,-0.061292,-0.061292113002,MS,D,BLUE,blue
1900,0.000000000000,0.000000,0.000100000000,MT,D,BLUE,blue
1900,-0.061292113002,-0.061292,-0.061292113002,MT,D,BLUE,blue
1900,-0.186388123277,-0.186388,-0.186488123277,MT,D,BLUE,blue
1900,0.000000000000,0.000000,0.000100000000,NC,D,BLUE,blue
1900,-0.061292113002,-0.061292,-0.061292113002,NC,D,BLUE,blue
1900,-0.084562317533,-0.084562,-0.084662317533,NC,D,BLUE,blue
1900,0.000000000000,0.000000,0.000100000000,ND,R,RED,red
1900,-0.061292113002,-0.061292,-0.061292113002,ND,R,RED,red
1900,0.265906456023,0.265906,0.266006456023,ND,D,BLUE,blue
1900,0.000000000000,0.000000,0.000100000000,NE-AL,R,RED,red
1900,-0.061292113002,-0.061292,-0.061292113002,NE-AL,R,RED,red
1900,0.032398624860,0.032399,0.032498624860,NE-AL,D,BLUE,blue
1900,0.000000000000,0.000000,0.000100000000,NH,R,RED,red
1900,-0.061292113002,-0.061292,-0.061292113002,NH,R,RED,red
1900,0.209064137543,0.209064,0.209164137543,NH,D,BLUE,blue
1900,0.000000000000,0.000000,0.000100000000,NJ,R,RED,red
1900,-0.061292113002,-0.061292,-0.061292113002,NJ,R,RED,red
1900,0.141875077920,0.141875,0.141975077920,NJ,D,BLUE,blue
1900,0.000000000000,0.000000,0.000100000000,NV,D,BLUE,blue
1900,-0.061292113002,-0.061292,-0.061292113002,NV,D,BLUE,blue
1900,-0.244998038446,-0.244998,-0.245098038446,NV,D,BLUE,blue
1900,0.000000000000,0.000000,0.000100000000,NY,R,RED,red
1900,-0.061292113002,-0.061292,-0.061292113002,NY,R,RED,red
1900,0.092730688185,0.092731,0.092830688185,NY,D,BLUE,blue
1900,0.000000000000,0.000000,0.000100000000,OH,R,RED,red
1900,-0.061292113002,-0.061292,-0.061292113002,OH,R,RED,red
1900,0.066376110138,0.066376,0.066476110138,OH,D,BLUE,blue
1900,0.000000000000,0.000000,0.000100000000,OR,R,RED,red
1900,-0.061292113002,-0.061292,-0.061292113002,OR,R,RED,red
1900,0.160502576546,0.160503,0.160602576546,OR,D,BLUE,blue
1900,0.000000000000,0.000000,0.000100000000,PA,R,RED,red
1900,-0.061292113002,-0.061292,-0.061292113002,PA,R,RED,red
1900,0.245849421672,0.245849,0.245949421672,PA,D,BLUE,blue
1900,0.000000000000,0.000000,0.000100000000,RI,R,RED,red
1900,-0.061292113002,-0.061292,-0.061292113002,RI,R,RED,red
1900,0.247082124920,0.247082,0.247182124920,RI,D,BLUE,blue
1900,0.000000000000,0.000000,0.000100000000,SC,D,BLUE,blue
1900,-0.061292113002,-0.061292,-0.061292113002,SC,D,BLUE,blue
1900,0.000000000000,0.000000,0.000100000000,SD,R,RED,red
1900,-0.061292113002,-0.061292,-0.061292113002,SD,R,RED,red
1900,0.155902792227,0.155903,0.156002792227,SD,D,BLUE,blue
1900,0.000000000000,0.000000,0.000100000000,TN,D,BLUE,blue
1900,-0.061292113002,-0.061292,-0.061292113002,TN,D,BLUE,blue
1900,-0.080815014971,-0.080815,-0.080915014971,TN,D,BLUE,blue
1900,0.000000000000,0.000000,0.000100000000,TX,D,BLUE,blue
1900,-0.061292113002,-0.061292,-0.061292113002,TX,D,BLUE,blue
1900,-0.322844141929,-0.322844,-0.322944141929,TX,D,BLUE,blue
1900,0.000000000000,0.000000,0.000100000000,UT,R,RED,red
1900,-0.061292113002,-0.061292,-0.061292113002,UT,R,RED,red
1900,0.022888967582,0.022889,0.022988967582,UT,D,BLUE,blue
1900,0.000000000000,0.000000,0.000100000000,VA,D,BLUE,blue
1900,-0.061292113002,-0.061292,-0.061292113002,VA,D,BLUE,blue
1900,-0.114720220432,-0.114720,-0.114820220432,VA,D,BLUE,blue
1900,0.000000000000,0.000000,0.000100000000,VT,R,RED,red
1900,-0.061292113002,-0.061292,-0.061292113002,VT,R,RED,red
1900,0.000000000000,0.000000,0.000100000000,WA,R,RED,red
1900,-0.061292113002,-0.061292,-0.061292113002,WA,R,RED,red
1900,0.117397046241,0.117397,0.117497046241,WA,D,BLUE,blue
1900,0.000000000000,0.000000,0.000100000000,WI,R,RED,red
1900,-0.061292113002,-0.061292,-0.061292113002,WI,R,RED,red
1900,0.240896630742,0.240897,0.240996630742,WI,D,BLUE,blue
1900,0.000000000000,0.000000,0.000100000000,WV,R,RED,red
1900,-0.061292113002,-0.061292,-0.061292113002,WV,R,RED,red
1900,0.095210058153,0.095210,0.095310058153,WV,D,BLUE,blue
1900,0.000000000000,0.000000,0.000100000000,WY,R,RED,red
1900,-0.061292113002,-0.061292,-0.061292113002,WY,R,RED,red
1900,0.174909871592,0.174910,0.175009871592,WY,D,BLUE,blue
1904,0.000000000000,0.000000,0.000100000000,AL,D,BLUE,blue
1904,-0.188292725485,-0.188293,-0.188292725485,AL,D,BLUE,blue
1904,0.000000000000,0.000000,0.000100000000,AR,D,BLUE,blue
1904,-0.188292725485,-0.188293,-0.188292725485,AR,R,RED,red
1904,-0.150952147808,-0.150952,-0.151052147808,AR,D,BLUE,blue
1904,0.000000000000,0.000000,0.000100000000,CA,R,RED,red
1904,-0.188292725485,-0.188293,-0.188292725485,CA,R,RED,red
1904,0.348989688982,0.348990,0.349089688982,CA,D,BLUE,blue
1904,0.000000000000,0.000000,0.000100000000,CO,R,RED,red
1904,-0.188292725485,-0.188293,-0.188292725485,CO,R,RED,red
1904,0.141816495463,0.141816,0.141916495463,CO,D,BLUE,blue
1904,0.000000000000,0.000000,0.000100000000,CT,R,RED,red
1904,-0.188292725485,-0.188293,-0.188292725485,CT,R,RED,red
1904,0.199761416433,0.199761,0.199861416433,CT,D,BLUE,blue
1904,0.000000000000,0.000000,0.000100000000,DE,R,RED,red
1904,-0.188292725485,-0.188293,-0.188292725485,DE,R,RED,red
1904,0.099370667640,0.099371,0.099470667640,DE,D,BLUE,blue
1904,0.000000000000,0.000000,0.000100000000,FL,D,BLUE,blue
1904,-0.188292725485,-0.188293,-0.188292725485,FL,D,BLUE,blue
1904,-0.468544115747,-0.468544,-0.468644115747,FL,D,BLUE,blue
1904,0.000000000000,0.000000,0.000100000000,GA,D,BLUE,blue
1904,-0.188292725485,-0.188293,-0.188292725485,GA,D,BLUE,blue
1904,-0.453956911426,-0.453957,-0.454056911426,GA,D,BLUE,blue
1904,0.000000000000,0.000000,0.000100000000,IA,R,RED,red
1904,-0.188292725485,-0.188293,-0.188292725485,IA,R,RED,red
1904,0.326855149118,0.326855,0.326955149118,IA,D,BLUE,blue
1904,0.000000000000,0.000000,0.000100000000,ID,R,RED,red
1904,-0.188292725485,-0.188293,-0.188292725485,ID,R,RED,red
1904,0.403744936482,0.403745,0.403844936482,ID,D,BLUE,blue
1904,0.000000000000,0.000000,0.000100000000,IL,R,RED,red
1904,-0.188292725485,-0.188293,-0.188292725485,IL,R,RED,red
1904,0.283362083941,0.283362,0.283462083941,IL,D,BLUE,blue
1904,0.000000000000,0.000000,0.000100000000,IN,R,RED,red
1904,-0.188292725485,-0.188293,-0.188292725485,IN,R,RED,red
1904,0.137710445114,0.137710,0.137810445114,IN,D,BLUE,blue
1904,0.000000000000,0.000000,0.000100000000,KS,R,RED,red
1904,-0.188292725485,-0.188293,-0.188292725485,KS,R,RED,red
1904,0.385867464489,0.385867,0.385967464489,KS,D,BLUE,blue
1904,0.000000000000,0.000000,0.000100000000,KY,D,BLUE,blue
1904,-0.188292725485,-0.188293,-0.188292725485,KY,R,RED,red
1904,-0.026868006588,-0.026868,-0.026968006588,KY,D,BLUE,blue
1904,0.000000000000,0.000000,0.000100000000,LA,D,BLUE,blue
1904,-0.188292725485,-0.188293,-0.188292725485,LA,D,BLUE,blue
1904,0.000000000000,0.000000,0.000100000000,MA,R,RED,red
1904,-0.188292725485,-0.188293,-0.188292725485,MA,R,RED,red
1904,0.206861690058,0.206862,0.206961690058,MA,D,BLUE,blue
1904,0.000000000000,0.000000,0.000100000000,MD,R,RED,red
1904,-0.188292725485,-0.188293,-0.188292725485,MD,R,RED,red
1904,0.000227446048,0.000227,0.000327446048,MD,D,BLUE,blue
1904,0.000000000000,0.000000,0.000100000000,ME-AL,R,RED,red
1904,-0.188292725485,-0.188293,-0.188292725485,ME-AL,R,RED,red
1904,0.389495274316,0.389495,0.389595274316,ME-AL,D,BLUE,blue
1904,0.000000000000,0.000000,0.000100000000,MI,R,RED,red
1904,-0.188292725485,-0.188293,-0.188292725485,MI,R,RED,red
1904,0.437244179823,0.437244,0.437344179823,MI,D,BLUE,blue
1904,0.000000000000,0.000000,0.000100000000,MN,R,RED,red
1904,-0.188292725485,-0.188293,-0.188292725485,MN,R,RED,red
1904,0.000000000000,0.000000,0.000100000000,MO,R,RED,red
1904,-0.188292725485,-0.188293,-0.188292725485,MO,R,RED,red
1904,0.039041035255,0.039041,0.039141035255,MO,D,BLUE,blue
1904,0.000000000000,0.000000,0.000100000000,MS,D,BLUE,blue
1904,-0.188292725485,-0.188293,-0.188292725485,MS,D,BLUE,blue
1904,0.000000000000,0.000000,0.000100000000,MT,R,RED,red
1904,-0.188292725485,-0.188293,-0.188292725485,MT,R,RED,red
1904,0.204192787536,0.204193,0.204292787536,MT,D,BLUE,blue
1904,0.000000000000,0.000000,0.000100000000,NC,D,BLUE,blue
1904,-0.188292725485,-0.188293,-0.188292725485,NC,D,BLUE,blue
1904,-0.200410936493,-0.200411,-0.200510936493,NC,D,BLUE,blue
1904,0.000000000000,0.000000,0.000100000000,ND,R,RED,red
1904,-0.188292725485,-0.188293,-0.188292725485,ND,R,RED,red
1904,0.000000000000,0.000000,0.000100000000,NE-AL,R,RED,red
1904,-0.188292725485,-0.188293,-0.188292725485,NE-AL,R,RED,red
1904,0.379374656673,0.379375,0.379474656673,NE-AL,D,BLUE,blue
1904,0.000000000000,0.000000,0.000100000000,NH,R,RED,red
1904,-0.188292725485,-0.188293,-0.188292725485,NH,R,RED,red
1904,0.222812524262,0.222813,0.222912524262,NH,D,BLUE,blue
1904,0.000000000000,0.000000,0.000100000000,NJ,R,RED,red
1904,-0.188292725485,-0.188293,-0.188292725485,NJ,R,RED,red
1904,0.186333508266,0.186334,0.186433508266,NJ,D,BLUE,blue
1904,0.000000000000,0.000000,0.000100000000,NV,R,RED,red
1904,-0.188292725485,-0.188293,-0.188292725485,NV,R,RED,red
1904,0.237886917045,0.237887,0.237986917045,NV,D,BLUE,blue
1904,0.000000000000,0.000000,0.000100000000,NY,R,RED,red
1904,-0.188292725485,-0.188293,-0.188292725485,NY,R,RED,red
1904,0.108514807420,0.108515,0.108614807420,NY,D,BLUE,blue
1904,0.000000000000,0.000000,0.000100000000,OH,R,RED,red
1904,-0.188292725485,-0.188293,-0.188292725485,OH,R,RED,red
1904,0.254303843217,0.254304,0.254403843217,OH,D,BLUE,blue
1904,0.000000000000,0.000000,0.000100000000,OR,R,RED,red
1904,-0.188292725485,-0.188293,-0.188292725485,OR,R,RED,red
1904,0.476229562748,0.476230,0.476329562748,OR,D,BLUE,blue
1904,0.000000000000,0.000000,0.000100000000,PA,R,RED,red
1904,-0.188292725485,-0.188293,-0.188292725485,PA,R,RED,red
1904,0.406675464003,0.406675,0.406775464003,PA,D,BLUE,blue
1904,0.000000000000,0.000000,0.000100000000,RI,R,RED,red
1904,-0.188292725485,-0.188293,-0.188292725485,RI,R,RED,red
1904,0.244202982988,0.244203,0.244302982988,RI,D,BLUE,blue
1904,0.000000000000,0.000000,0.000100000000,SC,D,BLUE,blue
1904,-0.188292725485,-0.188293,-0.188292725485,SC,D,BLUE,blue
1904,0.000000000000,0.000000,0.000100000000,SD,R,RED,red
1904,-0.188292725485,-0.188293,-0.188292725485,SD,R,RED,red
1904,0.494245278367,0.494245,0.494345278367,SD,D,BLUE,blue
1904,0.000000000000,0.000000,0.000100000000,TN,D,BLUE,blue
1904,-0.188292725485,-0.188293,-0.188292725485,TN,R,RED,red
1904,-0.108300720906,-0.108301,-0.108400720906,TN,D,BLUE,blue
1904,0.000000000000,0.000000,0.000100000000,TX,D,BLUE,blue
1904,-0.188292725485,-0.188293,-0.188292725485,TX,D,BLUE,blue
1904,-0.495530067348,-0.495530,-0.495630067348,TX,D,BLUE,blue
1904,0.000000000000,0.000000,0.000100000000,UT,R,RED,red
1904,-0.188292725485,-0.188293,-0.188292725485,UT,R,RED,red
1904,0.285555511842,0.285556,0.285655511842,UT,D,BLUE,blue
1904,0.000000000000,0.000000,0.000100000000,VA,D,BLUE,blue
1904,-0.188292725485,-0.188293,-0.188292725485,VA,D,BLUE,blue
1904,-0.248976305498,-0.248976,-0.249076305498,VA,D,BLUE,blue
1904,0.000000000000,0.000000,0.000100000000,VT,R,RED,red
1904,-0.188292725485,-0.188293,-0.188292725485,VT,R,RED,red
1904,0.000000000000,0.000000,0.000100000000,WA,R,RED,red
1904,-0.188292725485,-0.188293,-0.188292725485,WA,R,RED,red
1904,0.000000000000,0.000000,0.000100000000,WI,R,RED,red
1904,-0.188292725485,-0.188293,-0.188292725485,WI,R,RED,red
1904,0.352042323556,0.352042,0.352142323556,WI,D,BLUE,blue
1904,0.000000000000,0.000000,0.000100000000,WV,R,RED,red
1904,-0.188292725485,-0.188293,-0.188292725485,WV,R,RED,red
1904,0.132361887777,0.132362,0.132461887777,WV,D,BLUE,blue
1904,0.000000000000,0.000000,0.000100000000,WY,R,RED,red
1904,-0.188292725485,-0.188293,-0.188292725485,WY,R,RED,red
1904,0.376416568972,0.376417,0.376516568972,WY,D,BLUE,blue
1908,0.000000000000,0.000000,0.000100000000,AL,D,BLUE,blue
1908,-0.085253249008,-0.085253,-0.085253249008,AL,D,BLUE,blue
1908,-0.464375380402,-0.464375,-0.464475380402,AL,D,BLUE,blue
1908,0.000000000000,0.000000,0.000100000000,AR,D,BLUE,blue
1908,-0.085253249008,-0.085253,-0.085253249008,AR,D,BLUE,blue
1908,-0.200175205174,-0.200175,-0.200275205174,AR,D,BLUE,blue
1908,0.000000000000,0.000000,0.000100000000,CA,R,RED,red
1908,-0.085253249008,-0.085253,-0.085253249008,CA,R,RED,red
1908,0.224797398842,0.224797,0.224897398842,CA,D,BLUE,blue
1908,0.000000000000,0.000000,0.000100000000,CO,D,BLUE,blue
1908,-0.085253249008,-0.085253,-0.085253249008,CO,R,RED,red
1908,-0.011184045964,-0.011184,-0.011284045964,CO,D,BLUE,blue
1908,0.000000000000,0.000000,0.000100000000,CT,R,RED,red
1908,-0.085253249008,-0.085253,-0.085253249008,CT,R,RED,red
1908,0.235048920280,0.235049,0.235148920280,CT,D,BLUE,blue
1908,0.000000000000,0.000000,0.000100000000,DE,R,RED,red
1908,-0.085253249008,-0.085253,-0.085253249008,DE,R,RED,red
1908,0.061636844627,0.061637,0.061736844627,DE,D,BLUE,blue
1908,0.000000000000,0.000000,0.000100000000,FL,D,BLUE,blue
1908,-0.085253249008,-0.085253,-0.085253249008,FL,D,BLUE,blue
1908,-0.414303079417,-0.414303,-0.414403079417,FL,D,BLUE,blue
1908,0.000000000000,0.000000,0.000100000000,GA,D,BLUE,blue
1908,-0.085253249008,-0.085253,-0.085253249008,GA,D,BLUE,blue
1908,-0.233917466643,-0.233917,-0.234017466643,GA,D,BLUE,blue
1908,0.000000000000,0.000000,0.000100000000,IA,R,RED,red
1908,-0.085253249008,-0.085253,-0.085253249008,IA,R,RED,red
1908,0.150450007984,0.150450,0.150550007984,IA,D,BLUE,blue
1908,0.000000000000,0.000000,0.000100000000,ID,R,RED,red
1908,-0.085253249008,-0.085253,-0.085253249008,ID,R,RED,red
1908,0.169169416094,0.169169,0.169269416094,ID,D,BLUE,blue
1908,0.000000000000,0.000000,0.000100000000,IL,R,RED,red
1908,-0.085253249008,-0.085253,-0.085253249008,IL,R,RED,red
1908,0.155049885133,0.155050,0.155149885133,IL,D,BLUE,blue
1908,0.000000000000,0.000000,0.000100000000,IN,R,RED,red
1908,-0.085253249008,-0.085253,-0.085253249008,IN,R,RED,red
1908,0.014880894601,0.014881,0.014980894601,IN,D,BLUE,blue
1908,0.000000000000,0.000000,0.000100000000,KS,R,RED,red
1908,-0.085253249008,-0.085253,-0.085253249008,KS,R,RED,red
1908,0.095777053087,0.095777,0.095877053087,KS,D,BLUE,blue
1908,0.000000000000,0.000000,0.000100000000,KY,D,BLUE,blue
1908,-0.085253249008,-0.085253,-0.085253249008,KY,R,RED,red
1908,-0.017079020784,-0.017079,-0.017179020784,KY,D,BLUE,blue
1908,0.000000000000,0.000000,0.000100000000,LA,D,BLUE,blue
1908,-0.085253249008,-0.085253,-0.085253249008,LA,D,BLUE,blue
1908,0.000000000000,0.000000,0.000100000000,MA,R,RED,red
1908,-0.085253249008,-0.085253,-0.085253249008,MA,R,RED,red
1908,0.241668654619,0.241669,0.241768654619,MA,D,BLUE,blue
1908,0.000000000000,0.000000,0.000100000000,MD,R,RED,red
1908,-0.085253249008,-0.085253,-0.085253249008,MD,R,RED,red
1908,0.002536357958,0.002536,0.002636357958,MD,D,BLUE,blue
1908,0.000000000000,0.000000,0.000100000000,ME-AL,R,RED,red
1908,-0.085253249008,-0.085253,-0.085253249008,ME-AL,R,RED,red
1908,0.297020764370,0.297021,0.297120764370,ME-AL,D,BLUE,blue
1908,0.000000000000,0.000000,0.000100000000,MI,R,RED,red
1908,-0.085253249008,-0.085253,-0.085253249008,MI,R,RED,red
1908,0.294943063322,0.294943,0.295043063322,MI,D,BLUE,blue
1908,0.000000000000,0.000000,0.000100000000,MN,R,RED,red
1908,-0.085253249008,-0.085253,-0.085253249008,MN,R,RED,red
1908,0.260914447154,0.260914,0.261014447154,MN,D,BLUE,blue
1908,0.000000000000,0.000000,0.000100000000,MO,R,RED,red
1908,-0.085253249008,-0.085253,-0.085253249008,MO,R,RED,red
1908,0.000878581196,0.000879,0.000978581196,MO,D,BLUE,blue
1908,0.000000000000,0.000000,0.000100000000,MS,D,BLUE,blue
1908,-0.085253249008,-0.085253,-0.085253249008,MS,D,BLUE,blue
1908,0.000000000000,0.000000,0.000100000000,MT,R,RED,red
1908,-0.085253249008,-0.085253,-0.085253249008,MT,R,RED,red
1908,0.043692423934,0.043692,0.043792423934,MT,D,BLUE,blue
1908,0.000000000000,0.000000,0.000100000000,NC,D,BLUE,blue
1908,-0.085253249008,-0.085253,-0.085253249008,NC,D,BLUE,blue
1908,-0.087272424907,-0.087272,-0.087372424907,NC,D,BLUE,blue
1908,0.000000000000,0.000000,0.000100000000,ND,R,RED,red
1908,-0.085253249008,-0.085253,-0.085253249008,ND,R,RED,red
1908,0.262311557789,0.262312,0.262411557789,ND,D,BLUE,blue
1908,0.000000000000,0.000000,0.000100000000,NE-AL,D,BLUE,blue
1908,-0.085253249008,-0.085253,-0.085253249008,NE-AL,R,RED,red
1908,-0.015374870221,-0.015375,-0.015474870221,NE-AL,D,BLUE,blue
1908,0.000000000000,0.000000,0.000100000000,NH,R,RED,red
1908,-0.085253249008,-0.085253,-0.085253249008,NH,R,RED,red
1908,0.217566964286,0.217567,0.217666964286,NH,D,BLUE,blue
1908,0.000000000000,0.000000,0.000100000000,NJ,R,RED,red
1908,-0.085253249008,-0.085253,-0.085253249008,NJ,R,RED,red
1908,0.177208415130,0.177208,0.177308415130,NJ,D,BLUE,blue
1908,0.000000000000,0.000000,0.000100000000,NV,D,BLUE,blue
1908,-0.085253249008,-0.085253,-0.085253249008,NV,R,RED,red
1908,-0.017817825981,-0.017818,-0.017917825981,NV,D,BLUE,blue
1908,0.000000000000,0.000000,0.000100000000,NY,R,RED,red
1908,-0.085253249008,-0.085253,-0.085253249008,NY,R,RED,red
1908,0.123662221137,0.123662,0.123762221137,NY,D,BLUE,blue
1908,0.000000000000,0.000000,0.000100000000,OH,R,RED,red
1908,-0.085253249008,-0.085253,-0.085253249008,OH,R,RED,red
1908,0.062048839465,0.062049,0.062148839465,OH,D,BLUE,blue
1908,0.000000000000,0.000000,0.000100000000,OK,D,BLUE,blue
1908,-0.085253249008,-0.085253,-0.085253249008,OK,R,RED,red
1908,-0.051989553046,-0.051990,-0.052089553046,OK,D,BLUE,blue
1908,0.000000000000,0.000000,0.000100000000,OR,R,RED,red
1908,-0.085253249008,-0.085253,-0.085253249008,OR,R,RED,red
1908,0.220770319869,0.220770,0.220870319869,OR,D,BLUE,blue
1908,0.000000000000,0.000000,0.000100000000,PA,R,RED,red
1908,-0.085253249008,-0.085253,-0.085253249008,PA,R,RED,red
1908,0.234326403408,0.234326,0.234426403408,PA,D,BLUE,blue
1908,0.000000000000,0.000000,0.000100000000,RI,R,RED,red
1908,-0.085253249008,-0.085253,-0.085253249008,RI,R,RED,red
1908,0.265995547382,0.265996,0.266095547382,RI,D,BLUE,blue
1908,0.000000000000,0.000000,0.000100000000,SC,D,BLUE,blue
1908,-0.085253249008,-0.085253,-0.085253249008,SC,D,BLUE,blue
1908,0.000000000000,0.000000,0.000100000000,SD,R,RED,red
1908,-0.085253249008,-0.085253,-0.085253249008,SD,R,RED,red
1908,0.237595295143,0.237595,0.237695295143,SD,D,BLUE,blue
1908,0.000000000000,0.000000,0.000100000000,TN,D,BLUE,blue
1908,-0.085253249008,-0.085253,-0.085253249008,TN,R,RED,red
1908,-0.068555097597,-0.068555,-0.068655097597,TN,D,BLUE,blue
1908,0.000000000000,0.000000,0.000100000000,TX,D,BLUE,blue
1908,-0.085253249008,-0.085253,-0.085253249008,TX,D,BLUE,blue
1908,0.000000000000,0.000000,0.000100000000,UT,R,RED,red
1908,-0.085253249008,-0.085253,-0.085253249008,UT,R,RED,red
1908,0.169657407493,0.169657,0.169757407493,UT,D,BLUE,blue
1908,0.000000000000,0.000000,0.000100000000,VA,D,BLUE,blue
1908,-0.085253249008,-0.085253,-0.085253249008,VA,D,BLUE,blue
1908,-0.221602889140,-0.221603,-0.221702889140,VA,D,BLUE,blue
1908,0.000000000000,0.000000,0.000100000000,VT,R,RED,red
1908,-0.085253249008,-0.085253,-0.085253249008,VT,R,RED,red
1908,0.000000000000,0.000000,0.000100000000,WA,R,RED,red
1908,-0.085253249008,-0.085253,-0.085253249008,WA,R,RED,red
1908,0.257620500438,0.257621,0.257720500438,WA,D,BLUE,blue
1908,0.000000000000,0.000000,0.000100000000,WI,R,RED,red
1908,-0.085253249008,-0.085253,-0.085253249008,WI,R,RED,red
1908,0.178428002755,0.178428,0.178528002755,WI,D,BLUE,blue
1908,0.000000000000,0.000000,0.000100000000,WV,R,RED,red
1908,-0.085253249008,-0.085253,-0.085253249008,WV,R,RED,red
1908,0.102481548207,0.102482,0.102581548207,WV,D,BLUE,blue
1908,0.000000000000,0.000000,0.000100000000,WY,R,RED,red
1908,-0.085253249008,-0.085253,-0.085253249008,WY,R,RED,red
1908,0.157621845835,0.157622,0.157721845835,WY,D,BLUE,blue
1912,0.000000000000,0.000000,0.000100000000,AL,D,BLUE,blue
1912,0.144477721031,0.144478,0.144477721031,AL,D,BLUE,blue
1912,0.000000000000,0.000000,0.000100000000,AR,D,BLUE,blue
1912,0.144477721031,0.144478,0.144477721031,AR,D,BLUE,blue
1912,-0.377046297480,-0.377046,-0.377146297480,AR,D,BLUE,blue
1912,0.000000000000,0.000000,0.000100000000,AZ,D,BLUE,blue
1912,0.144477721031,0.144478,0.144477721031,AZ,D,BLUE,blue
1912,-0.142272995532,-0.142273,-0.142372995532,AZ,D,BLUE,blue
1912,0.000000000000,0.000000,0.000100000000,CA,R,RED,red
1912,0.144477721031,0.144478,0.144477721031,CA,D,BLUE,blue
1912,0.000258341536,0.000258,0.000358341536,CA,D,BLUE,blue
1912,0.000000000000,0.000000,0.000100000000,CO,D,BLUE,blue
1912,0.144477721031,0.144478,0.144477721031,CO,D,BLUE,blue
1912,-0.157096822542,-0.157097,-0.157196822542,CO,D,BLUE,blue
1912,0.000000000000,0.000000,0.000100000000,CT,D,BLUE,blue
1912,0.144477721031,0.144478,0.144477721031,CT,D,BLUE,blue
1912,-0.065515394069,-0.065515,-0.065615394069,CT,D,BLUE,blue
1912,-0.359194949527,-0.359195,-0.359294949527,CT,T,YELLOW,yellow
1912,0.000000000000,0.000000,0.000100000000,DE,D,BLUE,blue
1912,0.144477721031,0.144478,0.144477721031,DE,D,BLUE,blue
1912,-0.272436029080,-0.272436,-0.272536029080,DE,D,BLUE,blue
1912,-0.292109910872,-0.292110,-0.292209910872,DE,T,YELLOW,yellow
1912,0.000000000000,0.000000,0.000100000000,FL,D,BLUE,blue
1912,0.144477721031,0.144478,0.144477721031,FL,D,BLUE,blue
1912,0.000000000000,0.000000,0.000100000000,GA,D,BLUE,blue
1912,0.144477721031,0.144478,0.144477721031,GA,D,BLUE,blue
1912,0.000000000000,0.000000,0.000100000000,IA,D,BLUE,blue
1912,0.144477721031,0.144478,0.144477721031,IA,D,BLUE,blue
1912,-0.047741877828,-0.047742,-0.047841877828,IA,D,BLUE,blue
1912,0.000000000000,0.000000,0.000100000000,ID,D,BLUE,blue
1912,0.144477721031,0.144478,0.144477721031,ID,D,BLUE,blue
1912,-0.021011025588,-0.021011,-0.021111025588,ID,D,BLUE,blue
1912,-0.137734742894,-0.137735,-0.137834742894,ID,T,YELLOW,yellow
1912,0.000000000000,0.000000,0.000100000000,IL,D,BLUE,blue
1912,0.144477721031,0.144478,0.144477721031,IL,D,BLUE,blue
1912,-0.016201742669,-0.016202,-0.016301742669,IL,D,BLUE,blue
1912,0.000000000000,0.000000,0.000100000000,IN,D,BLUE,blue
1912,0.144477721031,0.144478,0.144477721031,IN,D,BLUE,blue
1912,-0.183174579892,-0.183175,-0.183274579892,IN,D,BLUE,blue
1912,0.000000000000,0.000000,0.000100000000,KS,D,BLUE,blue
1912,0.144477721031,0.144478,0.144477721031,KS,D,BLUE,blue
1912,-0.064167421347,-0.064167,-0.064267421347,KS,D,BLUE,blue
1912,0.000000000000,0.000000,0.000100000000,KY,D,BLUE,blue
1912,0.144477721031,0.144478,0.144477721031,KY,D,BLUE,blue
1912,-0.260027302005,-0.260027,-0.260127302005,KY,D,BLUE,blue
1912,0.000000000000,0.000000,0.000100000000,LA,D,BLUE,blue
1912,0.144477721031,0.144478,0.144477721031,LA,D,BLUE,blue
1912,0.000000000000,0.000000,0.000100000000,MA,D,BLUE,blue
1912,0.144477721031,0.144478,0.144477721031,MA,D,BLUE,blue
1912,-0.063886111430,-0.063886,-0.063986111430,MA,D,BLUE,blue
1912,0.000000000000,0.000000,0.000100000000,MD,D,BLUE,blue
1912,0.144477721031,0.144478,0.144477721031,MD,D,BLUE,blue
1912,-0.236592651984,-0.236593,-0.236692651984,MD,D,BLUE,blue
1912,0.000000000000,0.000000,0.000100000000,ME-AL,D,BLUE,blue
1912,0.144477721031,0.144478,0.144477721031,ME-AL,D,BLUE,blue
1912,-0.020194384449,-0.020194,-0.020294384449,ME-AL,D,BLUE,blue
1912,0.000000000000,0.000000,0.000100000000,MI,R,RED,red
1912,0.144477721031,0.144478,0.144477721031,MI,D,BLUE,blue
1912,0.115854411081,0.115854,0.115954411081,MI,D,BLUE,blue
1912,0.000000000000,0.000000,0.000100000000,MN,R,RED,red
1912,0.144477721031,0.144478,0.144477721031,MN,D,BLUE,blue
1912,0.058135533886,0.058136,0.058235533886,MN,D,BLUE,blue
1912,0.000000000000,0.000000,0.000100000000,MO,D,BLUE,blue
1912,0.144477721031,0.144478,0.144477721031,MO,D,BLUE,blue
1912,-0.295420905111,-0.295421,-0.295520905111,MO,D,BLUE,blue
1912,0.000000000000,0.000000,0.000100000000,MS,D,BLUE,blue
1912,0.144477721031,0.144478,0.144477721031,MS,D,BLUE,blue
1912,0.000000000000,0.000000,0.000100000000,MT,D,BLUE,blue
1912,0.144477721031,0.144478,0.144477721031,MT,D,BLUE,blue
1912,-0.068711948488,-0.068712,-0.068811948488,MT,D,BLUE,blue
1912,0.000000000000,0.000000,0.000100000000,NC,D,BLUE,blue
1912,0.144477721031,0.144478,0.144477721031,NC,D,BLUE,blue
1912,-0.308775269100,-0.308775,-0.308875269100,NC,D,BLUE,blue
1912,0.000000000000,0.000000,0.000100000000,ND,D,BLUE,blue
1912,0.144477721031,0.144478,0.144477721031,ND,D,BLUE,blue
1912,-0.044224994225,-0.044225,-0.044324994225,ND,D,BLUE,blue
1912,0.000000000000,0.000000,0.000100000000,NE-AL,D,BLUE,blue
1912,0.144477721031,0.144478,0.144477721031,NE-AL,D,BLUE,blue
1912,-0.145609119659,-0.145609,-0.145709119659,NE-AL,D,BLUE,blue
1912,0.000000000000,0.000000,0.000100000000,NH,D,BLUE,blue
1912,0.144477721031,0.144478,0.144477721031,NH,D,BLUE,blue
1912,-0.040859017064,-0.040859,-0.040959017064,NH,D,BLUE,blue
1912,-0.344084310092,-0.344084,-0.344184310092,NH,T,YELLOW,yellow
1912,0.000000000000,0.000000,0.000100000000,NJ,D,BLUE,blue
1912,0.144477721031,0.144478,0.144477721031,NJ,D,BLUE,blue
1912,-0.075978823263,-0.075979,-0.076078823263,NJ,D,BLUE,blue
1912,0.000000000000,0.000000,0.000100000000,NM,D,BLUE,blue
1912,0.144477721031,0.144478,0.144477721031,NM,D,BLUE,blue
1912,-0.109526895658,-0.109527,-0.109626895658,NM,D,BLUE,blue
1912,-0.380184705120,-0.380185,-0.380284705120,NM,T,YELLOW,yellow
1912,0.000000000000,0.000000,0.000100000000,NV,D,BLUE,blue
1912,0.144477721031,0.144478,0.144477721031,NV,D,BLUE,blue
1912,-0.117623663932,-0.117624,-0.117723663932,NV,D,BLUE,blue
1912,0.000000000000,0.000000,0.000100000000,NY,D,BLUE,blue
1912,0.144477721031,0.144478,0.144477721031,NY,D,BLUE,blue
1912,-0.167145685837,-0.167146,-0.167245685837,NY,D,BLUE,blue
1912,0.000000000000,0.000000,0.000100000000,OH,D,BLUE,blue
1912,0.144477721031,0.144478,0.144477721031,OH,D,BLUE,blue
1912,-0.188051420604,-0.188051,-0.188151420604,OH,D,BLUE,blue
1912,0.000000000000,0.000000,0.000100000000,OK,D,BLUE,blue
1912,0.144477721031,0.144478,0.144477721031,OK,D,BLUE,blue
1912,-0.223560978877,-0.223561,-0.223660978877,OK,D,BLUE,blue
1912,0.000000000000,0.000000,0.000100000000,OR,D,BLUE,blue
1912,0.144477721031,0.144478,0.144477721031,OR,D,BLUE,blue
1912,-0.069060128430,-0.069060,-0.069160128430,OR,D,BLUE,blue
1912,0.000000000000,0.000000,0.000100000000,PA,R,RED,red
1912,0.144477721031,0.144478,0.144477721031,PA,D,BLUE,blue
1912,0.040449654112,0.040450,0.040549654112,PA,D,BLUE,blue
1912,0.000000000000,0.000000,0.000100000000,RI,D,BLUE,blue
1912,0.144477721031,0.144478,0.144477721031,RI,D,BLUE,blue
1912,-0.069556063368,-0.069556,-0.069656063368,RI,D,BLUE,blue
1912,-0.277941818369,-0.277942,-0.278041818369,RI,T,YELLOW,yellow
1912,0.000000000000,0.000000,0.000100000000,SC,D,BLUE,blue
1912,0.144477721031,0.144478,0.144477721031,SC,D,BLUE,blue
1912,0.000000000000,0.000000,0.000100000000,SD,R,RED,red
1912,0.144477721031,0.144478,0.144477721031,SD,D,BLUE,blue
1912,0.084839888244,0.084840,0.084939888244,SD,D,BLUE,blue
1912,0.000000000000,0.000000,0.000100000000,TN,D,BLUE,blue
1912,0.144477721031,0.144478,0.144477721031,TN,D,BLUE,blue
1912,-0.313496048553,-0.313496,-0.313596048553,TN,D,BLUE,blue
1912,0.000000000000,0.000000,0.000100000000,TX,D,BLUE,blue
1912,0.144477721031,0.144478,0.144477721031,TX,D,BLUE,blue
1912,0.000000000000,0.000000,0.000100000000,UT,T,YELLOW,yellow
1912,0.144477721031,0.144478,0.144477721031,UT,D,BLUE,blue
1912,0.098250671792,0.098251,0.098350671792,UT,D,BLUE,blue
1912,-0.319007705586,-0.319008,-0.319107705586,UT,T,YELLOW,yellow
1912,0.000000000000,0.000000,0.000100000000,VA,D,BLUE,blue
1912,0.144477721031,0.144478,0.144477721031,VA,D,BLUE,blue
1912,0.000000000000,0.000000,0.000100000000,VT,T,YELLOW,yellow
1912,0.144477721031,0.144478,0.144477721031,VT,T,YELLOW,yellow
1912,0.253910663420,0.253911,0.254010663420,VT,D,BLUE,blue
1912,-0.038191626486,-0.038192,-0.038291626486,VT,T,YELLOW,yellow
1912,0.000000000000,0.000000,0.000100000000,WA,R,RED,red
1912,0.144477721031,0.144478,0.144477721031,WA,D,BLUE,blue
1912,0.083203479565,0.083203,0.083303479565,WA,D,BLUE,blue
1912,0.000000000000,0.000000,0.000100000000,WI,D,BLUE,blue
1912,0.144477721031,0.144478,0.144477721031,WI,D,BLUE,blue
1912,-0.168184295665,-0.168184,-0.168284295665,WI,D,BLUE,blue
1912,-0.340768965362,-0.340769,-0.340868965362,WI,T,YELLOW,yellow
1912,0.000000000000,0.000000,0.000100000000,WV,D,BLUE,blue
1912,0.144477721031,0.144478,0.144477721031,WV,D,BLUE,blue
1912,-0.126791108069,-0.126791,-0.126891108069,WV,D,BLUE,blue
1912,0.000000000000,0.000000,0.000100000000,WY,D,BLUE,blue
1912,0.144477721031,0.144478,0.144477721031,WY,D,BLUE,blue
1912,-0.035464346510,-0.035464,-0.035564346510,WY,D,BLUE,blue
1912,-0.251938717609,-0.251939,-0.252038717609,WY,T,YELLOW,yellow
1916,0.000000000000,0.000000,0.000100000000,AL,D,BLUE,blue
1916,0.031189132195,0.031189,0.031189132195,AL,D,BLUE,blue
1916,0.000000000000,0.000000,0.000100000000,AR,D,BLUE,blue
1916,0.031189132195,0.031189,0.031189132195,AR,D,BLUE,blue
1916,-0.372313408268,-0.372313,-0.372413408268,AR,D,BLUE,blue
1916,0.000000000000,0.000000,0.000100000000,AZ,D,BLUE,blue
1916,0.031189132195,0.031189,0.031189132195,AZ,D,BLUE,blue
1916,-0.217955567812,-0.217956,-0.218055567812,AZ,D,BLUE,blue
1916,0.000000000000,0.000000,0.000100000000,CA,D,BLUE,blue
1916,0.031189132195,0.031189,0.031189132195,CA,D,BLUE,blue
1916,-0.003774498476,-0.003774,-0.003874498476,CA,D,BLUE,blue
1916,0.000000000000,0.000000,0.000100000000,CO,D,BLUE,blue
1916,0.031189132195,0.031189,0.031189132195,CO,D,BLUE,blue
1916,-0.259899787686,-0.259900,-0.259999787686,CO,D,BLUE,blue
1916,0.000000000000,0.000000,0.000100000000,CT,R,RED,red
1916,0.031189132195,0.031189,0.031189132195,CT,R,RED,red
1916,0.031457774204,0.031458,0.031557774204,CT,D,BLUE,blue
1916,0.000000000000,0.000000,0.000100000000,DE,R,RED,red
1916,0.031189132195,0.031189,0.031189132195,DE,D,BLUE,blue
1916,0.024281026829,0.024281,0.024381026829,DE,D,BLUE,blue
1916,0.000000000000,0.000000,0.000100000000,FL,D,BLUE,blue
1916,0.031189132195,0.031189,0.031189132195,FL,D,BLUE,blue
1916,0.000000000000,0.000000,0.000100000000,GA,D,BLUE,blue
1916,0.031189132195,0.031189,0.031189132195,GA,D,BLUE,blue
1916,0.000000000000,0.000000,0.000100000000,IA,R,RED,red
1916,0.031189132195,0.031189,0.031189132195,IA,R,RED,red
1916,0.120130287075,0.120130,0.120230287075,IA,D,BLUE,blue
1916,0.000000000000,0.000000,0.000100000000,ID,D,BLUE,blue
1916,0.031189132195,0.031189,0.031189132195,ID,D,BLUE,blue
1916,-0.109096311704,-0.109096,-0.109196311704,ID,D,BLUE,blue
1916,0.000000000000,0.000000,0.000100000000,IL,R,RED,red
1916,0.031189132195,0.031189,0.031189132195,IL,R,RED,red
1916,0.092269509789,0.092270,0.092369509789,IL,D,BLUE,blue
1916,0.000000000000,0.000000,0.000100000000,IN,R,RED,red
1916,0.031189132195,0.031189,0.031189132195,IN,D,BLUE,blue
1916,0.009657118056,0.009657,0.009757118056,IN,D,BLUE,blue
1916,0.000000000000,0.000000,0.000100000000,KS,D,BLUE,blue
1916,0.031189132195,0.031189,0.031189132195,KS,D,BLUE,blue
1916,-0.058636452407,-0.058636,-0.058736452407,KS,D,BLUE,blue
1916,0.000000000000,0.000000,0.000100000000,KY,D,BLUE,blue
1916,0.031189132195,0.031189,0.031189132195,KY,D,BLUE,blue
1916,-0.054099577371,-0.054100,-0.054199577371,KY,D,BLUE,blue
1916,0.000000000000,0.000000,0.000100000000,LA,D,BLUE,blue
1916,0.031189132195,0.031189,0.031189132195,LA,D,BLUE,blue
1916,0.000000000000,0.000000,0.000100000000,MA,R,RED,red
1916,0.031189132195,0.031189,0.031189132195,MA,R,RED,red
1916,0.039296908934,0.039297,0.039396908934,MA,D,BLUE,blue
1916,0.000000000000,0.000000,0.000100000000,MD,D,BLUE,blue
1916,0.031189132195,0.031189,0.031189132195,MD,D,BLUE,blue
1916,-0.080186537119,-0.080187,-0.080286537119,MD,D,BLUE,blue
1916,0.000000000000,0.000000,0.000100000000,ME-AL,R,RED,red
1916,0.031189132195,0.031189,0.031189132195,ME-AL,R,RED,red
1916,0.040164619922,0.040165,0.040264619922,ME-AL,D,BLUE,blue
1916,0.000000000000,0.000000,0.000100000000,MI,R,RED,red
1916,0.031189132195,0.031189,0.031189132195,MI,R,RED,red
1916,0.080375069319,0.080375,0.080475069319,MI,D,BLUE,blue
1916,0.000000000000,0.000000,0.000100000000,MN,R,RED,red
1916,0.031189132195,0.031189,0.031189132195,MN,D,BLUE,blue
1916,0.001011968071,0.001012,0.001111968071,MN,D,BLUE,blue
1916,0.000000000000,0.000000,0.000100000000,MO,D,BLUE,blue
1916,0.031189132195,0.031189,0.031189132195,MO,D,BLUE,blue
1916,-0.036469408429,-0.036469,-0.036569408429,MO,D,BLUE,blue
1916,0.000000000000,0.000000,0.000100000000,MS,D,BLUE,blue
1916,0.031189132195,0.031189,0.031189132195,MS,D,BLUE,blue
1916,0.000000000000,0.000000,0.000100000000,MT,D,BLUE,blue
1916,0.031189132195,0.031189,0.031189132195,MT,D,BLUE,blue
1916,-0.193117926148,-0.193118,-0.193217926148,MT,D,BLUE,blue
1916,0.000000000000,0.000000,0.000100000000,NC,D,BLUE,blue
1916,0.031189132195,0.031189,0.031189132195,NC,D,BLUE,blue
1916,-0.163861066738,-0.163861,-0.163961066738,NC,D,BLUE,blue
1916,0.000000000000,0.000000,0.000100000000,ND,D,BLUE,blue
1916,0.031189132195,0.031189,0.031189132195,ND,D,BLUE,blue
1916,-0.015035964988,-0.015036,-0.015135964988,ND,D,BLUE,blue
1916,0.000000000000,0.000000,0.000100000000,NE-AL,D,BLUE,blue
1916,0.031189132195,0.031189,0.031189132195,NE-AL,D,BLUE,blue
1916,-0.142895428363,-0.142895,-0.142995428363,NE-AL,D,BLUE,blue
1916,0.000000000000,0.000000,0.000100000000,NH,D,BLUE,blue
1916,0.031189132195,0.031189,0.031189132195,NH,D,BLUE,blue
1916,-0.000628316896,-0.000628,-0.000728316896,NH,D,BLUE,blue
1916,0.000000000000,0.000000,0.000100000000,NJ,R,RED,red
1916,0.031189132195,0.031189,0.031189132195,NJ,R,RED,red
1916,0.117231141367,0.117231,0.117331141367,NJ,D,BLUE,blue
1916,0.000000000000,0.000000,0.000100000000,NM,D,BLUE,blue
1916,0.031189132195,0.031189,0.031189132195,NM,D,BLUE,blue
1916,-0.035560812733,-0.035561,-0.035660812733,NM,D,BLUE,blue
1916,0.000000000000,0.000000,0.000100000000,NV,D,BLUE,blue
1916,0.031189132195,0.031189,0.031189132195,NV,D,BLUE,blue
1916,-0.169558170249,-0.169558,-0.169658170249,NV,D,BLUE,blue
1916,0.000000000000,0.000000,0.000100000000,NY,R,RED,red
1916,0.031189132195,0.031189,0.031189132195,NY,R,RED,red
1916,0.070217223767,0.070217,0.070317223767,NY,D,BLUE,blue
1916,0.000000000000,0.000000,0.000100000000,OH,D,BLUE,blue
1916,0.031189132195,0.031189,0.031189132195,OH,D,BLUE,blue
1916,-0.076739399495,-0.076739,-0.076839399495,OH,D,BLUE,blue
1916,0.000000000000,0.000000,0.000100000000,OK,D,BLUE,blue
1916,0.031189132195,0.031189,0.031189132195,OK,D,BLUE,blue
1916,-0.173798389769,-0.173798,-0.173898389769,OK,D,BLUE,blue
1916,0.000000000000,0.000000,0.000100000000,OR,R,RED,red
1916,0.031189132195,0.031189,0.031189132195,OR,D,BLUE,blue
1916,0.025706095930,0.025706,0.025806095930,OR,D,BLUE,blue
1916,0.000000000000,0.000000,0.000100000000,PA,R,RED,red
1916,0.031189132195,0.031189,0.031189132195,PA,R,RED,red
1916,0.140333444086,0.140333,0.140433444086,PA,D,BLUE,blue
1916,0.000000000000,0.000000,0.000100000000,RI,R,RED,red
1916,0.031189132195,0.031189,0.031189132195,RI,R,RED,red
1916,0.050833561082,0.050834,0.050933561082,RI,D,BLUE,blue
1916,0.000000000000,0.000000,0.000100000000,SC,D,BLUE,blue
1916,0.031189132195,0.031189,0.031189132195,SC,D,BLUE,blue
1916,0.000000000000,0.000000,0.000100000000,SD,R,RED,red
1916,0.031189132195,0.031189,0.031189132195,SD,R,RED,red
1916,0.038978765647,0.038979,0.039078765647,SD,D,BLUE,blue
1916,0.000000000000,0.000000,0.000100000000,TN,D,BLUE,blue
1916,0.031189132195,0.031189,0.031189132195,TN,D,BLUE,blue
1916,-0.136143870091,-0.136144,-0.136243870091,TN,D,BLUE,blue
1916,0.000000000000,0.000000,0.000100000000,TX,D,BLUE,blue
1916,0.031189132195,0.031189,0.031189132195,TX,D,BLUE,blue
1916,0.000000000000,0.000000,0.000100000000,UT,D,BLUE,blue
1916,0.031189132195,0.031189,0.031189132195,UT,D,BLUE,blue
1916,-0.209632123846,-0.209632,-0.209732123846,UT,D,BLUE,blue
1916,0.000000000000,0.000000,0.000100000000,VA,D,BLUE,blue
1916,0.031189132195,0.031189,0.031189132195,VA,D,BLUE,blue
1916,-0.351626377241,-0.351626,-0.351726377241,VA,D,BLUE,blue
1916,0.000000000000,0.000000,0.000100000000,VT,R,RED,red
1916,0.031189132195,0.031189,0.031189132195,VT,R,RED,red
1916,0.272074447460,0.272074,0.272174447460,VT,D,BLUE,blue
1916,0.000000000000,0.000000,0.000100000000,WA,D,BLUE,blue
1916,0.031189132195,0.031189,0.031189132195,WA,D,BLUE,blue
1916,-0.042467860386,-0.042468,-0.042567860386,WA,D,BLUE,blue
1916,0.000000000000,0.000000,0.000100000000,WI,R,RED,red
1916,0.031189132195,0.031189,0.031189132195,WI,R,RED,red
1916,0.065884052655,0.065884,0.065984052655,WI,D,BLUE,blue
1916,0.000000000000,0.000000,0.000100000000,WV,R,RED,red
1916,0.031189132195,0.031189,0.031189132195,WV,D,BLUE,blue
1916,0.009387549508,0.009388,0.009487549508,WV,D,BLUE,blue
1916,0.000000000000,0.000000,0.000100000000,WY,D,BLUE,blue
1916,0.031189132195,0.031189,0.031189132195,WY,D,BLUE,blue
1916,-0.127662037037,-0.127662,-0.127762037037,WY,D,BLUE,blue
1920,0.000000000000,0.000000,0.000100000000,AL,D,BLUE,blue
1920,-0.261699416929,-0.261699,-0.261699416929,AL,D,BLUE,blue
1920,-0.359408007137,-0.359408,-0.359508007137,AL,D,BLUE,blue
1920,0.000000000000,0.000000,0.000100000000,AR,D,BLUE,blue
1920,-0.261699416929,-0.261699,-0.261699416929,AR,R,RED,red
1920,-0.197629018117,-0.197629,-0.197729018117,AR,D,BLUE,blue
1920,0.000000000000,0.000000,0.000100000000,AZ,R,RED,red
1920,-0.261699416929,-0.261699,-0.261699416929,AZ,R,RED,red
1920,0.112226195126,0.112226,0.112326195126,AZ,D,BLUE,blue
1920,0.000000000000,0.000000,0.000100000000,CA,R,RED,red
1920,-0.261699416929,-0.261699,-0.261699416929,CA,R,RED,red
1920,0.419258513850,0.419259,0.419358513850,CA,D,BLUE,blue
1920,0.000000000000,0.000000,0.000100000000,CO,R,RED,red
1920,-0.261699416929,-0.261699,-0.261699416929,CO,R,RED,red
1920,0.233902750528,0.233903,0.234002750528,CO,D,BLUE,blue
1920,0.000000000000,0.000000,0.000100000000,CT,R,RED,red
1920,-0.261699416929,-0.261699,-0.261699416929,CT,R,RED,red
1920,0.296885515898,0.296886,0.296985515898,CT,D,BLUE,blue
1920,0.000000000000,0.000000,0.000100000000,DE,R,RED,red
1920,-0.261699416929,-0.261699,-0.261699416929,DE,R,RED,red
1920,0.136463768116,0.136464,0.136563768116,DE,D,BLUE,blue
1920,0.000000000000,0.000000,0.000100000000,FL,D,BLUE,blue
1920,-0.261699416929,-0.261699,-0.261699416929,FL,D,BLUE,blue
1920,-0.313438265800,-0.313438,-0.313538265800,FL,D,BLUE,blue
1920,0.000000000000,0.000000,0.000100000000,GA,D,BLUE,blue
1920,-0.261699416929,-0.261699,-0.261699416929,GA,D,BLUE,blue
1920,-0.445683334345,-0.445683,-0.445783334345,GA,D,BLUE,blue
1920,0.000000000000,0.000000,0.000100000000,IA,R,RED,red
1920,-0.261699416929,-0.261699,-0.261699416929,IA,R,RED,red
1920,0.454430990680,0.454431,0.454530990680,IA,D,BLUE,blue
1920,0.000000000000,0.000000,0.000100000000,ID,R,RED,red
1920,-0.261699416929,-0.261699,-0.261699416929,ID,R,RED,red
1920,0.312599539904,0.312600,0.312699539904,ID,D,BLUE,blue
1920,0.000000000000,0.000000,0.000100000000,IL,R,RED,red
1920,-0.261699416929,-0.261699,-0.261699416929,IL,R,RED,red
1920,0.423010014732,0.423010,0.423110014732,IL,D,BLUE,blue
1920,0.000000000000,0.000000,0.000100000000,IN,R,RED,red
1920,-0.261699416929,-0.261699,-0.261699416929,IN,R,RED,red
1920,0.146485568868,0.146486,0.146585568868,IN,D,BLUE,blue
1920,0.000000000000,0.000000,0.000100000000,KS,R,RED,red
1920,-0.261699416929,-0.261699,-0.261699416929,KS,R,RED,red
1920,0.322283357706,0.322283,0.322383357706,KS,D,BLUE,blue
1920,0.000000000000,0.000000,0.000100000000,KY,D,BLUE,blue
1920,-0.261699416929,-0.261699,-0.261699416929,KY,R,RED,red
1920,-0.004372444781,-0.004372,-0.004472444781,KY,D,BLUE,blue
1920,0.000000000000,0.000000,0.000100000000,LA,D,BLUE,blue
1920,-0.261699416929,-0.261699,-0.261699416929,LA,D,BLUE,blue
1920,-0.387520174689,-0.387520,-0.387620174689,LA,D,BLUE,blue
1920,0.000000000000,0.000000,0.000100000000,MA,R,RED,red
1920,-0.261699416929,-0.261699,-0.261699416929,MA,R,RED,red
1920,0.407018892684,0.407019,0.407118892684,MA,D,BLUE,blue
1920,0.000000000000,0.000000,0.000100000000,MD,R,RED,red
1920,-0.261699416929,-0.261699,-0.261699416929,MD,R,RED,red
1920,0.129517812171,0.129518,0.129617812171,MD,D,BLUE,blue
1920,0.000000000000,0.000000,0.000100000000,ME-AL,R,RED,red
1920,-0.261699416929,-0.261699,-0.261699416929,ME-AL,R,RED,red
1920,0.391194904974,0.391195,0.391294904974,ME-AL,D,BLUE,blue
1920,0.000000000000,0.000000,0.000100000000,MI,R,RED,red
1920,-0.261699416929,-0.261699,-0.261699416929,MI,R,RED,red
1920,0.000000000000,0.000000,0.000100000000,MN,R,RED,red
1920,-0.261699416929,-0.261699,-0.261699416929,MN,R,RED,red
1920,0.000000000000,0.000000,0.000100000000,MO,R,RED,red
1920,-0.261699416929,-0.261699,-0.261699416929,MO,R,RED,red
1920,0.114317977191,0.114318,0.114417977191,MO,D,BLUE,blue
1920,0.000000000000,0.000000,0.000100000000,MS,D,BLUE,blue
1920,-0.261699416929,-0.261699,-0.261699416929,MS,D,BLUE,blue
1920,0.000000000000,0.000000,0.000100000000,MT,R,RED,red
1920,-0.261699416929,-0.261699,-0.261699416929,MT,R,RED,red
1920,0.290817067584,0.290817,0.290917067584,MT,D,BLUE,blue
1920,0.000000000000,0.000000,0.000100000000,NC,D,BLUE,blue
1920,-0.261699416929,-0.261699,-0.261699416929,NC,R,RED,red
1920,-0.134756775519,-0.134757,-0.134856775519,NC,D,BLUE,blue
1920,0.000000000000,0.000000,0.000100000000,ND,R,RED,red
1920,-0.261699416929,-0.261699,-0.261699416929,ND,R,RED,red
1920,0.000000000000,0.000000,0.000100000000,NE-AL,R,RED,red
1920,-0.261699416929,-0.261699,-0.261699416929,NE-AL,R,RED,red
1920,0.334140663578,0.334141,0.334240663578,NE-AL,D,BLUE,blue
1920,0.000000000000,0.000000,0.000100000000,NH,R,RED,red
1920,-0.261699416929,-0.261699,-0.261699416929,NH,R,RED,red
1920,0.204498026299,0.204498,0.204598026299,NH,D,BLUE,blue
1920,0.000000000000,0.000000,0.000100000000,NJ,R,RED,red
1920,-0.261699416929,-0.261699,-0.261699416929,NJ,R,RED,red
1920,0.392341110004,0.392341,0.392441110004,NJ,D,BLUE,blue
1920,0.000000000000,0.000000,0.000100000000,NM,R,RED,red
1920,-0.261699416929,-0.261699,-0.261699416929,NM,R,RED,red
1920,0.104035823388,0.104036,0.104135823388,NM,D,BLUE,blue
1920,0.000000000000,0.000000,0.000100000000,NV,R,RED,red
1920,-0.261699416929,-0.261699,-0.261699416929,NV,R,RED,red
1920,0.206957417077,0.206957,0.207057417077,NV,D,BLUE,blue
1920,0.000000000000,0.000000,0.000100000000,NY,R,RED,red
1920,-0.261699416929,-0.261699,-0.261699416929,NY,R,RED,red
1920,0.376030399036,0.376030,0.376130399036,NY,D,BLUE,blue
1920,0.000000000000,0.000000,0.000100000000,OH,R,RED,red
1920,-0.261699416929,-0.261699,-0.261699416929,OH,R,RED,red
1920,0.198839761324,0.198840,0.198939761324,OH,D,BLUE,blue
1920,0.000000000000,0.000000,0.000100000000,OK,R,RED,red
1920,-0.261699416929,-0.261699,-0.261699416929,OK,R,RED,red
1920,0.055029695238,0.055030,0.055129695238,OK,D,BLUE,blue
1920,0.000000000000,0.000000,0.000100000000,OR,R,RED,red
1920,-0.261699416929,-0.261699,-0.261699416929,OR,R,RED,red
1920,0.266528873647,0.266529,0.266628873647,OR,D,BLUE,blue
1920,0.000000000000,0.000000,0.000100000000,PA,R,RED,red
1920,-0.261699416929,-0.261699,-0.261699416929,PA,R,RED,red
1920,0.385602305065,0.385602,0.385702305065,PA,D,BLUE,blue
1920,0.000000000000,0.000000,0.000100000000,RI,R,RED,red
1920,-0.261699416929,-0.261699,-0.261699416929,RI,R,RED,red
1920,0.311945993892,0.311946,0.312045993892,RI,D,BLUE,blue
1920,0.000000000000,0.000000,0.000100000000,SC,D,BLUE,blue
1920,-0.261699416929,-0.261699,-0.261699416929,SC,D,BLUE,blue
1920,0.000000000000,0.000000,0.000100000000,SD,R,RED,red
1920,-0.261699416929,-0.261699,-0.261699416929,SD,R,RED,red
1920,0.410202099464,0.410202,0.410302099464,SD,D,BLUE,blue
1920,0.000000000000,0.000000,0.000100000000,TN,R,RED,red
1920,-0.261699416929,-0.261699,-0.261699416929,TN,R,RED,red
1920,0.030961724207,0.030962,0.031061724207,TN,D,BLUE,blue
1920,0.000000000000,0.000000,0.000100000000,TX,D,BLUE,blue
1920,-0.261699416929,-0.261699,-0.261699416929,TX,D,BLUE,blue
1920,-0.358023676591,-0.358024,-0.358123676591,TX,D,BLUE,blue
1920,0.000000000000,0.000000,0.000100000000,UT,R,RED,red
1920,-0.261699416929,-0.261699,-0.261699416929,UT,R,RED,red
1920,0.170858819980,0.170859,0.170958819980,UT,D,BLUE,blue
1920,0.000000000000,0.000000,0.000100000000,VA,D,BLUE,blue
1920,-0.261699416929,-0.261699,-0.261699416929,VA,R,RED,red
1920,-0.234659117962,-0.234659,-0.234759117962,VA,D,BLUE,blue
1920,0.000000000000,0.000000,0.000100000000,VT,R,RED,red
1920,-0.261699416929,-0.261699,-0.261699416929,VT,R,RED,red
1920,0.000000000000,0.000000,0.000100000000,WA,R,RED,red
1920,-0.261699416929,-0.261699,-0.261699416929,WA,R,RED,red
1920,0.348216144364,0.348216,0.348316144364,WA,D,BLUE,blue
1920,0.000000000000,0.000000,0.000100000000,WI,R,RED,red
1920,-0.261699416929,-0.261699,-0.261699416929,WI,R,RED,red
1920,0.000000000000,0.000000,0.000100000000,WV,R,RED,red
1920,-0.261699416929,-0.261699,-0.261699416929,WV,R,RED,red
1920,0.120048946743,0.120049,0.120148946743,WV,D,BLUE,blue
1920,0.000000000000,0.000000,0.000100000000,WY,R,RED,red
1920,-0.261699416929,-0.261699,-0.261699416929,WY,R,RED,red
1920,0.322888482633,0.322888,0.322988482633,WY,D,BLUE,blue
1924,0.000000000000,0.000000,0.000100000000,AL,D,BLUE,blue
1924,-0.252174451570,-0.252174,-0.252174451570,AL,D,BLUE,blue
1924,-0.407946312270,-0.407946,-0.408046312270,AL,D,BLUE,blue
1924,0.000000000000,0.000000,0.000100000000,AR,D,BLUE,blue
1924,-0.252174451570,-0.252174,-0.252174451570,AR,D,BLUE,blue
1924,-0.319283631219,-0.319284,-0.319383631219,AR,D,BLUE,blue
1924,0.000000000000,0.000000,0.000100000000,AZ,R,RED,red
1924,-0.252174451570,-0.252174,-0.252174451570,AZ,R,RED,red
1924,0.057881856654,0.057882,0.057981856654,AZ,D,BLUE,blue
1924,0.000000000000,0.000000,0.000100000000,CA,R,RED,red
1924,-0.252174451570,-0.252174,-0.252174451570,CA,R,RED,red
1924,0.497909353304,0.497909,0.498009353304,CA,D,BLUE,blue
1924,0.481474373976,0.481474,0.481574373976,CA,T,YELLOW,yellow
1924,0.000000000000,0.000000,0.000100000000,CO,R,RED,red
1924,-0.252174451570,-0.252174,-0.252174451570,CO,R,RED,red
1924,0.350414889265,0.350415,0.350514889265,CO,D,BLUE,blue
1924,0.000000000000,0.000000,0.000100000000,CT,R,RED,red
1924,-0.252174451570,-0.252174,-0.252174451570,CT,R,RED,red
1924,0.340094180542,0.340094,0.340194180542,CT,D,BLUE,blue
1924,0.000000000000,0.000000,0.000100000000,DE,R,RED,red
1924,-0.252174451570,-0.252174,-0.252174451570,DE,R,RED,red
1924,0.209011388018,0.209011,0.209111388018,DE,D,BLUE,blue
1924,0.000000000000,0.000000,0.000100000000,FL,D,BLUE,blue
1924,-0.252174451570,-0.252174,-0.252174451570,FL,D,BLUE,blue
1924,-0.288125034355,-0.288125,-0.288225034355,FL,D,BLUE,blue
1924,0.000000000000,0.000000,0.000100000000,GA,D,BLUE,blue
1924,-0.252174451570,-0.252174,-0.252174451570,GA,D,BLUE,blue
1924,0.000000000000,0.000000,0.000100000000,IA,R,RED,red
1924,-0.252174451570,-0.252174,-0.252174451570,IA,R,RED,red
1924,0.383879585653,0.383880,0.383979585653,IA,D,BLUE,blue
1924,0.000000000000,0.000000,0.000100000000,ID,R,RED,red
1924,-0.252174451570,-0.252174,-0.252174451570,ID,R,RED,red
1924,0.403304224687,0.403304,0.403404224687,ID,D,BLUE,blue
1924,0.211996358610,0.211996,0.212096358610,ID,T,YELLOW,yellow
1924,0.000000000000,0.000000,0.000100000000,IL,R,RED,red
1924,-0.252174451570,-0.252174,-0.252174451570,IL,R,RED,red
1924,0.354786327658,0.354786,0.354886327658,IL,D,BLUE,blue
1924,0.000000000000,0.000000,0.000100000000,IN,R,RED,red
1924,-0.252174451570,-0.252174,-0.252174451570,IN,R,RED,red
1924,0.165670116867,0.165670,0.165770116867,IN,D,BLUE,blue
1924,0.000000000000,0.000000,0.000100000000,KS,R,RED,red
1924,-0.252174451570,-0.252174,-0.252174451570,KS,R,RED,red
1924,0.379425590305,0.379426,0.379525590305,KS,D,BLUE,blue
1924,0.000000000000,0.000000,0.000100000000,KY,R,RED,red
1924,-0.252174451570,-0.252174,-0.252174451570,KY,R,RED,red
1924,0.029572002571,0.029572,0.029672002571,KY,D,BLUE,blue
1924,0.000000000000,0.000000,0.000100000000,LA,D,BLUE,blue
1924,-0.252174451570,-0.252174,-0.252174451570,LA,D,BLUE,blue
1924,0.000000000000,0.000000,0.000100000000,MA,R,RED,red
1924,-0.252174451570,-0.252174,-0.252174451570,MA,R,RED,red
1924,0.374076083541,0.374076,0.374176083541,MA,D,BLUE,blue
1924,0.000000000000,0.000000,0.000100000000,MD,R,RED,red
1924,-0.252174451570,-0.252174,-0.252174451570,MD,R,RED,red
1924,0.039991077155,0.039991,0.040091077155,MD,D,BLUE,blue
1924,0.000000000000,0.000000,0.000100000000,ME-AL,R,RED,red
1924,-0.252174451570,-0.252174,-0.252174451570,ME-AL,R,RED,red
1924,0.000000000000,0.000000,0.000100000000,MI,R,RED,red
1924,-0.252174451570,-0.252174,-0.252174451570,MI,R,RED,red
1924,0.000000000000,0.000000,0.000100000000,MN,R,RED,red
1924,-0.252174451570,-0.252174,-0.252174451570,MN,R,RED,red
1924,0.198424610714,0.198425,0.198524610714,MN,T,YELLOW,yellow
1924,0.000000000000,0.000000,0.000100000000,MO,R,RED,red
1924,-0.252174451570,-0.252174,-0.252174451570,MO,R,RED,red
1924,0.057901706324,0.057902,0.058001706324,MO,D,BLUE,blue
1924,0.000000000000,0.000000,0.000100000000,MS,D,BLUE,blue
1924,-0.252174451570,-0.252174,-0.252174451570,MS,D,BLUE,blue
1924,0.000000000000,0.000000,0.000100000000,MT,R,RED,red
1924,-0.252174451570,-0.252174,-0.252174451570,MT,R,RED,red
1924,0.370570394959,0.370570,0.370670394959,MT,D,BLUE,blue
1924,0.091903017377,0.091903,0.092003017377,MT,T,YELLOW,yellow
1924,0.000000000000,0.000000,0.000100000000,NC,D,BLUE,blue
1924,-0.252174451570,-0.252174,-0.252174451570,NC,R,RED,red
1924,-0.191670792874,-0.191671,-0.191770792874,NC,D,BLUE,blue
1924,0.000000000000,0.000000,0.000100000000,ND,R,RED,red
1924,-0.252174451570,-0.252174,-0.252174451570,ND,R,RED,red
1924,0.050321226034,0.050321,0.050421226034,ND,T,YELLOW,yellow
1924,0.000000000000,0.000000,0.000100000000,NE-AL,R,RED,red
1924,-0.252174451570,-0.252174,-0.252174451570,NE-AL,R,RED,red
1924,0.175141595914,0.175142,0.175241595914,NE-AL,D,BLUE,blue
1924,0.000000000000,0.000000,0.000100000000,NH,R,RED,red
1924,-0.252174451570,-0.252174,-0.252174451570,NH,R,RED,red
1924,0.251103059435,0.251103,0.251203059435,NH,D,BLUE,blue
1924,0.000000000000,0.000000,0.000100000000,NJ,R,RED,red
1924,-0.252174451570,-0.252174,-0.252174451570,NJ,R,RED,red
1924,0.347506028567,0.347506,0.347606028567,NJ,D,BLUE,blue
1924,0.000000000000,0.000000,0.000100000000,NM,R,RED,red
1924,-0.252174451570,-0.252174,-0.252174451570,NM,R,RED,red
1924,0.054976513339,0.054977,0.055076513339,NM,D,BLUE,blue
1924,0.000000000000,0.000000,0.000100000000,NV,R,RED,red
1924,-0.252174451570,-0.252174,-0.252174451570,NV,R,RED,red
1924,0.286764979013,0.286765,0.286864979013,NV,D,BLUE,blue
1924,0.109505590431,0.109506,0.109605590431,NV,T,YELLOW,yellow
1924,0.000000000000,0.000000,0.000100000000,NY,R,RED,red
1924,-0.252174451570,-0.252174,-0.252174451570,NY,R,RED,red
1924,0.266322991943,0.266323,0.266422991943,NY,D,BLUE,blue
1924,0.000000000000,0.000000,0.000100000000,OH,R,RED,red
1924,-0.252174451570,-0.252174,-0.252174451570,OH,R,RED,red
1924,0.346309486434,0.346309,0.346409486434,OH,D,BLUE,blue
1924,0.000000000000,0.000000,0.000100000000,OK,D,BLUE,blue
1924,-0.252174451570,-0.252174,-0.252174451570,OK,R,RED,red
1924,-0.055933309993,-0.055933,-0.056033309993,OK,D,BLUE,blue
1924,0.000000000000,0.000000,0.000100000000,OR,R,RED,red
1924,-0.252174451570,-0.252174,-0.252174451570,OR,R,RED,red
1924,0.268312056332,0.268312,0.268412056332,OR,D,BLUE,blue
1924,0.000000000000,0.000000,0.000100000000,PA,R,RED,red
1924,-0.252174451570,-0.252174,-0.252174451570,PA,R,RED,red
1924,0.462637946710,0.462638,0.462737946710,PA,D,BLUE,blue
1924,0.000000000000,0.000000,0.000100000000,RI,R,RED,red
1924,-0.252174451570,-0.252174,-0.252174451570,RI,R,RED,red
1924,0.231682649977,0.231683,0.231782649977,RI,D,BLUE,blue
1924,0.000000000000,0.000000,0.000100000000,SC,D,BLUE,blue
1924,-0.252174451570,-0.252174,-0.252174451570,SC,D,BLUE,blue
1924,0.000000000000,0.000000,0.000100000000,SD,R,RED,red
1924,-0.252174451570,-0.252174,-0.252174451570,SD,R,RED,red
1924,0.472276178704,0.472276,0.472376178704,SD,D,BLUE,blue
1924,0.254517629054,0.254518,0.254617629054,SD,T,YELLOW,yellow
1924,0.000000000000,0.000000,0.000100000000,TN,D,BLUE,blue
1924,-0.252174451570,-0.252174,-0.252174451570,TN,R,RED,red
1924,-0.092098909333,-0.092099,-0.092198909333,TN,D,BLUE,blue
1924,0.000000000000,0.000000,0.000100000000,TX,D,BLUE,blue
1924,-0.252174451570,-0.252174,-0.252174451570,TX,D,BLUE,blue
1924,0.000000000000,0.000000,0.000100000000,UT,R,RED,red
1924,-0.252174451570,-0.252174,-0.252174451570,UT,R,RED,red
1924,0.193171539589,0.193172,0.193271539589,UT,D,BLUE,blue
1924,0.000000000000,0.000000,0.000100000000,VA,D,BLUE,blue
1924,-0.252174451570,-0.252174,-0.252174451570,VA,D,BLUE,blue
1924,-0.296974087888,-0.296974,-0.297074087888,VA,D,BLUE,blue
1924,0.000000000000,0.000000,0.000100000000,VT,R,RED,red
1924,-0.252174451570,-0.252174,-0.252174451570,VT,R,RED,red
1924,0.000000000000,0.000000,0.000100000000,WA,R,RED,red
1924,-0.252174451570,-0.252174,-0.252174451570,WA,R,RED,red
1924,0.329722048920,0.329722,0.329822048920,WA,T,YELLOW,yellow
1924,0.000000000000,0.000000,0.000100000000,WI,T,YELLOW,yellow
1924,-0.252174451570,-0.252174,-0.252174451570,WI,T,YELLOW,yellow
1924,-0.337915335634,-0.337915,-0.338015335634,WI,T,YELLOW,yellow
1924,0.000000000000,0.000000,0.000100000000,WV,R,RED,red
1924,-0.252174451570,-0.252174,-0.252174451570,WV,R,RED,red
1924,0.053803399913,0.053803,0.053903399913,WV,D,BLUE,blue
1924,0.000000000000,0.000000,0.000100000000,WY,R,RED,red
1924,-0.252174451570,-0.252174,-0.252174451570,WY,R,RED,red
1924,0.362828535670,0.362829,0.362928535670,WY,D,BLUE,blue
1928,0.000000000000,0.000000,0.000100000000,AL,D,BLUE,blue
1928,-0.174196672091,-0.174197,-0.174196672091,AL,R,RED,red
1928,-0.028403659702,-0.028404,-0.028503659702,AL,D,BLUE,blue
1928,0.000000000000,0.000000,0.000100000000,AR,D,BLUE,blue
1928,-0.174196672091,-0.174197,-0.174196672091,AR,D,BLUE,blue
1928,-0.209643234712,-0.209643,-0.209743234712,AR,D,BLUE,blue
1928,0.000000000000,0.000000,0.000100000000,AZ,R,RED,red
1928,-0.174196672091,-0.174197,-0.174196672091,AZ,R,RED,red
1928,0.153374098670,0.153374,0.153474098670,AZ,D,BLUE,blue
1928,0.000000000000,0.000000,0.000100000000,CA,R,RED,red
1928,-0.174196672091,-0.174197,-0.174196672091,CA,R,RED,red
1928,0.304987710502,0.304988,0.305087710502,CA,D,BLUE,blue
1928,0.000000000000,0.000000,0.000100000000,CO,R,RED,red
1928,-0.174196672091,-0.174197,-0.174196672091,CO,R,RED,red
1928,0.307822721687,0.307823,0.307922721687,CO,D,BLUE,blue
1928,0.000000000000,0.000000,0.000100000000,CT,R,RED,red
1928,-0.174196672091,-0.174197,-0.174196672091,CT,R,RED,red
1928,0.080599460066,0.080599,0.080699460066,CT,D,BLUE,blue
1928,0.000000000000,0.000000,0.000100000000,DE,R,RED,red
1928,-0.174196672091,-0.174197,-0.174196672091,DE,R,RED,red
1928,0.304246819843,0.304247,0.304346819843,DE,D,BLUE,blue
1928,0.000000000000,0.000000,0.000100000000,FL,R,RED,red
1928,-0.174196672091,-0.174197,-0.174196672091,FL,R,RED,red
1928,0.167160743007,0.167161,0.167260743007,FL,D,BLUE,blue
1928,0.000000000000,0.000000,0.000100000000,GA,D,BLUE,blue
1928,-0.174196672091,-0.174197,-0.174196672091,GA,R,RED,red
1928,-0.131930231848,-0.131930,-0.132030231848,GA,D,BLUE,blue
1928,0.000000000000,0.000000,0.000100000000,IA,R,RED,red
1928,-0.174196672091,-0.174197,-0.174196672091,IA,R,RED,red
1928,0.241963012970,0.241963,0.242063012970,IA,D,BLUE,blue
1928,0.000000000000,0.000000,0.000100000000,ID,R,RED,red
1928,-0.174196672091,-0.174197,-0.174196672091,ID,R,RED,red
1928,0.292963620406,0.292964,0.293063620406,ID,D,BLUE,blue
1928,0.000000000000,0.000000,0.000100000000,IL,R,RED,red
1928,-0.174196672091,-0.174197,-0.174196672091,IL,R,RED,red
1928,0.146524734279,0.146525,0.146624734279,IL,D,BLUE,blue
1928,0.000000000000,0.000000,0.000100000000,IN,R,RED,red
1928,-0.174196672091,-0.174197,-0.174196672091,IN,R,RED,red
1928,0.200940115977,0.200940,0.201040115977,IN,D,BLUE,blue
1928,0.000000000000,0.000000,0.000100000000,KS,R,RED,red
1928,-0.174196672091,-0.174197,-0.174196672091,KS,R,RED,red
1928,0.449620022434,0.449620,0.449720022434,KS,D,BLUE,blue
1928,0.000000000000,0.000000,0.000100000000,KY,R,RED,red
1928,-0.174196672091,-0.174197,-0.174196672091,KY,R,RED,red
1928,0.188170579755,0.188171,0.188270579755,KY,D,BLUE,blue
1928,0.000000000000,0.000000,0.000100000000,LA,D,BLUE,blue
1928,-0.174196672091,-0.174197,-0.174196672091,LA,D,BLUE,blue
1928,0.000000000000,0.000000,0.000100000000,MA,D,BLUE,blue
1928,-0.174196672091,-0.174197,-0.174196672091,MA,R,RED,red
1928,-0.010896025727,-0.010896,-0.010996025727,MA,D,BLUE,blue
1928,0.000000000000,0.000000,0.000100000000,MD,R,RED,red
1928,-0.174196672091,-0.174197,-0.174196672091,MD,R,RED,red
1928,0.147351745441,0.147352,0.147451745441,MD,D,BLUE,blue
1928,0.000000000000,0.000000,0.000100000000,ME-AL,R,RED,red
1928,-0.174196672091,-0.174197,-0.174196672091,ME-AL,R,RED,red
1928,0.376639674106,0.376640,0.376739674106,ME-AL,D,BLUE,blue
1928,0.000000000000,0.000000,0.000100000000,MI,R,RED,red
1928,-0.174196672091,-0.174197,-0.174196672091,MI,R,RED,red
1928,0.414431498992,0.414431,0.414531498992,MI,D,BLUE,blue
1928,0.000000000000,0.000000,0.000100000000,MN,R,RED,red
1928,-0.174196672091,-0.174197,-0.174196672091,MN,R,RED,red
1928,0.169443940942,0.169444,0.169543940942,MN,D,BLUE,blue
1928,0.000000000000,0.000000,0.000100000000,MO,R,RED,red
1928,-0.174196672091,-0.174197,-0.174196672091,MO,R,RED,red
1928,0.114290397749,0.114290,0.114390397749,MO,D,BLUE,blue
1928,0.000000000000,0.000000,0.000100000000,MS,D,BLUE,blue
1928,-0.174196672091,-0.174197,-0.174196672091,MS,D,BLUE,blue
1928,0.000000000000,0.000000,0.000100000000,MT,R,RED,red
1928,-0.174196672091,-0.174197,-0.174196672091,MT,R,RED,red
1928,0.178879798875,0.178880,0.178979798875,MT,D,BLUE,blue
1928,0.000000000000,0.000000,0.000100000000,NC,R,RED,red
1928,-0.174196672091,-0.174197,-0.174196672091,NC,R,RED,red
1928,0.098710540817,0.098711,0.098810540817,NC,D,BLUE,blue
1928,0.000000000000,0.000000,0.000100000000,ND,R,RED,red
1928,-0.174196672091,-0.174197,-0.174196672091,ND,R,RED,red
1928,0.103361446135,0.103361,0.103461446135,ND,D,BLUE,blue
1928,0.000000000000,0.000000,0.000100000000,NE-AL,R,RED,red
1928,-0.174196672091,-0.174197,-0.174196672091,NE-AL,R,RED,red
1928,0.270104396649,0.270104,0.270204396649,NE-AL,D,BLUE,blue
1928,0.000000000000,0.000000,0.000100000000,NH,R,RED,red
1928,-0.174196672091,-0.174197,-0.174196672091,NH,R,RED,red
1928,0.176303765559,0.176304,0.176403765559,NH,D,BLUE,blue
1928,0.000000000000,0.000000,0.000100000000,NJ,R,RED,red
1928,-0.174196672091,-0.174197,-0.174196672091,NJ,R,RED,red
1928,0.199666708651,0.199667,0.199766708651,NJ,D,BLUE,blue
1928,0.000000000000,0.000000,0.000100000000,NM,R,RED,red
1928,-0.174196672091,-0.174197,-0.174196672091,NM,R,RED,red
1928,0.181622519362,0.181623,0.181722519362,NM,D,BLUE,blue
1928,0.000000000000,0.000000,0.000100000000,NV,R,RED,red
1928,-0.174196672091,-0.174197,-0.174196672091,NV,R,RED,red
1928,0.130703026190,0.130703,0.130803026190,NV,D,BLUE,blue
1928,0.000000000000,0.000000,0.000100000000,NY,R,RED,red
1928,-0.174196672091,-0.174197,-0.174196672091,NY,R,RED,red
1928,0.023488375999,0.023488,0.023588375999,NY,D,BLUE,blue
1928,0.000000000000,0.000000,0.000100000000,OH,R,RED,red
1928,-0.174196672091,-0.174197,-0.174196672091,OH,R,RED,red
1928,0.304318463242,0.304318,0.304418463242,OH,D,BLUE,blue
1928,0.000000000000,0.000000,0.000100000000,OK,R,RED,red
1928,-0.174196672091,-0.174197,-0.174196672091,OK,R,RED,red
1928,0.282769025285,0.282769,0.282869025285,OK,D,BLUE,blue
1928,0.000000000000,0.000000,0.000100000000,OR,R,RED,red
1928,-0.174196672091,-0.174197,-0.174196672091,OR,R,RED,red
1928,0.300423201705,0.300423,0.300523201705,OR,D,BLUE,blue
1928,0.000000000000,0.000000,0.000100000000,PA,R,RED,red
1928,-0.174196672091,-0.174197,-0.174196672091,PA,R,RED,red
1928,0.313525317320,0.313525,0.313625317320,PA,D,BLUE,blue
1928,0.000000000000,0.000000,0.000100000000,RI,D,BLUE,blue
1928,-0.174196672091,-0.174197,-0.174196672091,RI,R,RED,red
1928,-0.006117355414,-0.006117,-0.006217355414,RI,D,BLUE,blue
1928,0.000000000000,0.000000,0.000100000000,SC,D,BLUE,blue
1928,-0.174196672091,-0.174197,-0.174196672091,SC,D,BLUE,blue
1928,0.000000000000,0.000000,0.000100000000,SD,R,RED,red
1928,-0.174196672091,-0.174197,-0.174196672091,SD,R,RED,red
1928,0.209814217249,0.209814,0.209914217249,SD,D,BLUE,blue
1928,0.000000000000,0.000000,0.000100000000,TN,R,RED,red
1928,-0.174196672091,-0.174197,-0.174196672091,TN,R,RED,red
1928,0.077158413417,0.077158,0.077258413417,TN,D,BLUE,blue
1928,0.000000000000,0.000000,0.000100000000,TX,R,RED,red
1928,-0.174196672091,-0.174197,-0.174196672091,TX,R,RED,red
1928,0.036677061604,0.036677,0.036777061604,TX,D,BLUE,blue
1928,0.000000000000,0.000000,0.000100000000,UT,R,RED,red
1928,-0.174196672091,-0.174197,-0.174196672091,UT,R,RED,red
1928,0.077195744127,0.077196,0.077295744127,UT,D,BLUE,blue
1928,0.000000000000,0.000000,0.000100000000,VA,R,RED,red
1928,-0.174196672091,-0.174197,-0.174196672091,VA,R,RED,red
1928,0.080112523661,0.080113,0.080212523661,VA,D,BLUE,blue
1928,0.000000000000,0.000000,0.000100000000,VT,R,RED,red
1928,-0.174196672091,-0.174197,-0.174196672091,VT,R,RED,red
1928,0.339993046874,0.339993,0.340093046874,VT,D,BLUE,blue
1928,0.000000000000,0.000000,0.000100000000,WA,R,RED,red
1928,-0.174196672091,-0.174197,-0.174196672091,WA,R,RED,red
1928,0.357543327210,0.357543,0.357643327210,WA,D,BLUE,blue
1928,0.000000000000,0.000000,0.000100000000,WI,R,RED,red
1928,-0.174196672091,-0.174197,-0.174196672091,WI,R,RED,red
1928,0.092390967624,0.092391,0.092490967624,WI,D,BLUE,blue
1928,0.000000000000,0.000000,0.000100000000,WV,R,RED,red
1928,-0.174196672091,-0.174197,-0.174196672091,WV,R,RED,red
1928,0.173888218162,0.173888,0.173988218162,WV,D,BLUE,blue
1928,0.000000000000,0.000000,0.000100000000,WY,R,RED,red
1928,-0.174196672091,-0.174197,-0.174196672091,WY,R,RED,red
1928,0.283080823323,0.283081,0.283180823323,WY,D,BLUE,blue
1932,0.000000000000,0.000000,0.000100000000,AL,D,BLUE,blue
1932,0.177602161285,0.177602,0.177602161285,AL,D,BLUE,blue
1932,0.000000000000,0.000000,0.000100000000,AR,D,BLUE,blue
1932,0.177602161285,0.177602,0.177602161285,AR,D,BLUE,blue
1932,0.000000000000,0.000000,0.000100000000,AZ,D,BLUE,blue
1932,0.177602161285,0.177602,0.177602161285,AZ,D,BLUE,blue
1932,-0.364986342610,-0.364986,-0.365086342610,AZ,D,BLUE,blue
1932,0.000000000000,0.000000,0.000100000000,CA,D,BLUE,blue
1932,0.177602161285,0.177602,0.177602161285,CA,D,BLUE,blue
1932,-0.209992125102,-0.209992,-0.210092125102,CA,D,BLUE,blue
1932,0.000000000000,0.000000,0.000100000000,CO,D,BLUE,blue
1932,0.177602161285,0.177602,0.177602161285,CO,D,BLUE,blue
1932,-0.133844298399,-0.133844,-0.133944298399,CO,D,BLUE,blue
1932,0.000000000000,0.000000,0.000100000000,CT,R,RED,red
1932,0.177602161285,0.177602,0.177602161285,CT,D,BLUE,blue
1932,0.011424089885,0.011424,0.011524089885,CT,D,BLUE,blue
1932,0.000000000000,0.000000,0.000100000000,DE,R,RED,red
1932,0.177602161285,0.177602,0.177602161285,DE,D,BLUE,blue
1932,0.024393052320,0.024393,0.024493052320,DE,D,BLUE,blue
1932,0.000000000000,0.000000,0.000100000000,FL,D,BLUE,blue
1932,0.177602161285,0.177602,0.177602161285,FL,D,BLUE,blue
1932,-0.496419935421,-0.496420,-0.496519935421,FL,D,BLUE,blue
1932,0.000000000000,0.000000,0.000100000000,GA,D,BLUE,blue
1932,0.177602161285,0.177602,0.177602161285,GA,D,BLUE,blue
1932,0.000000000000,0.000000,0.000100000000,IA,D,BLUE,blue
1932,0.177602161285,0.177602,0.177602161285,IA,D,BLUE,blue
1932,-0.177089131049,-0.177089,-0.177189131049,IA,D,BLUE,blue
1932,0.000000000000,0.000000,0.000100000000,ID,D,BLUE,blue
1932,0.177602161285,0.177602,0.177602161285,ID,D,BLUE,blue
1932,-0.203949095780,-0.203949,-0.204049095780,ID,D,BLUE,blue
1932,0.000000000000,0.000000,0.000100000000,IL,D,BLUE,blue
1932,0.177602161285,0.177602,0.177602161285,IL,D,BLUE,blue
1932,-0.131912488710,-0.131912,-0.132012488710,IL,D,BLUE,blue
1932,0.000000000000,0.000000,0.000100000000,IN,D,BLUE,blue
1932,0.177602161285,0.177602,0.177602161285,IN,D,BLUE,blue
1932,-0.117234342490,-0.117234,-0.117334342490,IN,D,BLUE,blue
1932,0.000000000000,0.000000,0.000100000000,KS,D,BLUE,blue
1932,0.177602161285,0.177602,0.177602161285,KS,D,BLUE,blue
1932,-0.094328377808,-0.094328,-0.094428377808,KS,D,BLUE,blue
1932,0.000000000000,0.000000,0.000100000000,KY,D,BLUE,blue
1932,0.177602161285,0.177602,0.177602161285,KY,D,BLUE,blue
1932,-0.189060111102,-0.189060,-0.189160111102,KY,D,BLUE,blue
1932,0.000000000000,0.000000,0.000100000000,LA,D,BLUE,blue
1932,0.177602161285,0.177602,0.177602161285,LA,D,BLUE,blue
1932,0.000000000000,0.000000,0.000100000000,MA,D,BLUE,blue
1932,0.177602161285,0.177602,0.177602161285,MA,D,BLUE,blue
1932,-0.039990152609,-0.039990,-0.040090152609,MA,D,BLUE,blue
1932,0.000000000000,0.000000,0.000100000000,MD,D,BLUE,blue
1932,0.177602161285,0.177602,0.177602161285,MD,D,BLUE,blue
1932,-0.254630626118,-0.254631,-0.254730626118,MD,D,BLUE,blue
1932,0.000000000000,0.000000,0.000100000000,ME-AL,R,RED,red
1932,0.177602161285,0.177602,0.177602161285,ME-AL,D,BLUE,blue
1932,0.126402273123,0.126402,0.126502273123,ME-AL,D,BLUE,blue
1932,0.000000000000,0.000000,0.000100000000,MI,D,BLUE,blue
1932,0.177602161285,0.177602,0.177602161285,MI,D,BLUE,blue
1932,-0.079173937463,-0.079174,-0.079273937463,MI,D,BLUE,blue
1932,0.000000000000,0.000000,0.000100000000,MN,D,BLUE,blue
1932,0.177602161285,0.177602,0.177602161285,MN,D,BLUE,blue
1932,-0.236175552903,-0.236176,-0.236275552903,MN,D,BLUE,blue
1932,0.000000000000,0.000000,0.000100000000,MO,D,BLUE,blue
1932,0.177602161285,0.177602,0.177602161285,MO,D,BLUE,blue
1932,-0.286163561079,-0.286164,-0.286263561079,MO,D,BLUE,blue
1932,0.000000000000,0.000000,0.000100000000,MS,D,BLUE,blue
1932,0.177602161285,0.177602,0.177602161285,MS,D,BLUE,blue
1932,0.000000000000,0.000000,0.000100000000,MT,D,BLUE,blue
1932,0.177602161285,0.177602,0.177602161285,MT,D,BLUE,blue
1932,-0.227310732219,-0.227311,-0.227410732219,MT,D,BLUE,blue
1932,0.000000000000,0.000000,0.000100000000,NC,D,BLUE,blue
1932,0.177602161285,0.177602,0.177602161285,NC,D,BLUE,blue
1932,-0.406495563604,-0.406496,-0.406595563604,NC,D,BLUE,blue
1932,0.000000000000,0.000000,0.000100000000,ND,D,BLUE,blue
1932,0.177602161285,0.177602,0.177602161285,ND,D,BLUE,blue
1932,-0.415849233290,-0.415849,-0.415949233290,ND,D,BLUE,blue
1932,0.000000000000,0.000000,0.000100000000,NE-AL,D,BLUE,blue
1932,0.177602161285,0.177602,0.177602161285,NE-AL,D,BLUE,blue
1932,-0.276959748271,-0.276960,-0.277059748271,NE-AL,D,BLUE,blue
1932,0.000000000000,0.000000,0.000100000000,NH,R,RED,red
1932,0.177602161285,0.177602,0.177602161285,NH,D,BLUE,blue
1932,0.014348968470,0.014349,0.014448968470,NH,D,BLUE,blue
1932,0.000000000000,0.000000,0.000100000000,NJ,D,BLUE,blue
1932,0.177602161285,0.177602,0.177602161285,NJ,D,BLUE,blue
1932,-0.019016794650,-0.019017,-0.019116794650,NJ,D,BLUE,blue
1932,0.000000000000,0.000000,0.000100000000,NM,D,BLUE,blue
1932,0.177602161285,0.177602,0.177602161285,NM,D,BLUE,blue
1932,-0.269593551706,-0.269594,-0.269693551706,NM,D,BLUE,blue
1932,0.000000000000,0.000000,0.000100000000,NV,D,BLUE,blue
1932,0.177602161285,0.177602,0.177602161285,NV,D,BLUE,blue
1932,-0.388172821627,-0.388173,-0.388272821627,NV,D,BLUE,blue
1932,0.000000000000,0.000000,0.000100000000,NY,D,BLUE,blue
1932,0.177602161285,0.177602,0.177602161285,NY,D,BLUE,blue
1932,-0.127328886532,-0.127329,-0.127428886532,NY,D,BLUE,blue
1932,0.000000000000,0.000000,0.000100000000,OH,D,BLUE,blue
1932,0.177602161285,0.177602,0.177602161285,OH,D,BLUE,blue
1932,-0.028499521789,-0.028500,-0.028599521789,OH,D,BLUE,blue
1932,0.000000000000,0.000000,0.000100000000,OK,D,BLUE,blue
1932,0.177602161285,0.177602,0.177602161285,OK,D,BLUE,blue
1932,-0.465920557226,-0.465921,-0.466020557226,OK,D,BLUE,blue
1932,0.000000000000,0.000000,0.000100000000,OR,D,BLUE,blue
1932,0.177602161285,0.177602,0.177602161285,OR,D,BLUE,blue
1932,-0.211090865708,-0.211091,-0.211190865708,OR,D,BLUE,blue
1932,0.000000000000,0.000000,0.000100000000,PA,R,RED,red
1932,0.177602161285,0.177602,0.177602161285,PA,D,BLUE,blue
1932,0.055117958769,0.055118,0.055217958769,PA,D,BLUE,blue
1932,0.000000000000,0.000000,0.000100000000,RI,D,BLUE,blue
1932,0.177602161285,0.177602,0.177602161285,RI,D,BLUE,blue
1932,-0.117736784762,-0.117737,-0.117836784762,RI,D,BLUE,blue
1932,0.000000000000,0.000000,0.000100000000,SC,D,BLUE,blue
1932,0.177602161285,0.177602,0.177602161285,SC,D,BLUE,blue
1932,0.000000000000,0.000000,0.000100000000,SD,D,BLUE,blue
1932,0.177602161285,0.177602,0.177602161285,SD,D,BLUE,blue
1932,-0.292274249579,-0.292274,-0.292374249579,SD,D,BLUE,blue
1932,0.000000000000,0.000000,0.000100000000,TN,D,BLUE,blue
1932,0.177602161285,0.177602,0.177602161285,TN,D,BLUE,blue
1932,-0.340087019802,-0.340087,-0.340187019802,TN,D,BLUE,blue
1932,0.000000000000,0.000000,0.000100000000,TX,D,BLUE,blue
1932,0.177602161285,0.177602,0.177602161285,TX,D,BLUE,blue
1932,0.000000000000,0.000000,0.000100000000,UT,D,BLUE,blue
1932,0.177602161285,0.177602,0.177602161285,UT,D,BLUE,blue
1932,-0.154687333598,-0.154687,-0.154787333598,UT,D,BLUE,blue
1932,0.000000000000,0.000000,0.000100000000,VA,D,BLUE,blue
1932,0.177602161285,0.177602,0.177602161285,VA,D,BLUE,blue
1932,-0.383772680589,-0.383773,-0.383872680589,VA,D,BLUE,blue
1932,0.000000000000,0.000000,0.000100000000,VT,R,RED,red
1932,0.177602161285,0.177602,0.177602161285,VT,D,BLUE,blue
1932,0.165849029055,0.165849,0.165949029055,VT,D,BLUE,blue
1932,0.000000000000,0.000000,0.000100000000,WA,D,BLUE,blue
1932,0.177602161285,0.177602,0.177602161285,WA,D,BLUE,blue
1932,-0.235217480409,-0.235217,-0.235317480409,WA,D,BLUE,blue
1932,0.000000000000,0.000000,0.000100000000,WI,D,BLUE,blue
1932,0.177602161285,0.177602,0.177602161285,WI,D,BLUE,blue
1932,-0.322628649956,-0.322629,-0.322728649956,WI,D,BLUE,blue
1932,0.000000000000,0.000000,0.000100000000,WV,D,BLUE,blue
1932,0.177602161285,0.177602,0.177602161285,WV,D,BLUE,blue
1932,-0.100020974113,-0.100021,-0.100120974113,WV,D,BLUE,blue
1932,0.000000000000,0.000000,0.000100000000,WY,D,BLUE,blue
1932,0.177602161285,0.177602,0.177602161285,WY,D,BLUE,blue
1932,-0.152503042429,-0.152503,-0.152603042429,WY,D,BLUE,blue
1936,0.000000000000,0.000000,0.000100000000,AL,D,BLUE,blue
1936,0.242526704358,0.242527,0.242526704358,AL,D,BLUE,blue
1936,0.000000000000,0.000000,0.000100000000,AR,D,BLUE,blue
1936,0.242526704358,0.242527,0.242526704358,AR,D,BLUE,blue
1936,0.000000000000,0.000000,0.000100000000,AZ,D,BLUE,blue
1936,0.242526704358,0.242527,0.242526704358,AZ,D,BLUE,blue
1936,-0.429185828306,-0.429186,-0.429285828306,AZ,D,BLUE,blue
1936,0.000000000000,0.000000,0.000100000000,CA,D,BLUE,blue
1936,0.242526704358,0.242527,0.242526704358,CA,D,BLUE,blue
1936,-0.352575446723,-0.352575,-0.352675446723,CA,D,BLUE,blue
1936,0.000000000000,0.000000,0.000100000000,CO,D,BLUE,blue
1936,0.242526704358,0.242527,0.242526704358,CO,D,BLUE,blue
1936,-0.232776190749,-0.232776,-0.232876190749,CO,D,BLUE,blue
1936,0.000000000000,0.000000,0.000100000000,CT,D,BLUE,blue
1936,0.242526704358,0.242527,0.242526704358,CT,D,BLUE,blue
1936,-0.149761916137,-0.149762,-0.149861916137,CT,D,BLUE,blue
1936,0.000000000000,0.000000,0.000100000000,DE,D,BLUE,blue
1936,0.242526704358,0.242527,0.242526704358,DE,D,BLUE,blue
1936,-0.097693627893,-0.097694,-0.097793627893,DE,D,BLUE,blue
1936,0.000000000000,0.000000,0.000100000000,FL,D,BLUE,blue
1936,0.242526704358,0.242527,0.242526704358,FL,D,BLUE,blue
1936,0.000000000000,0.000000,0.000100000000,GA,D,BLUE,blue
1936,0.242526704358,0.242527,0.242526704358,GA,D,BLUE,blue
1936,0.000000000000,0.000000,0.000100000000,IA,D,BLUE,blue
1936,0.242526704358,0.242527,0.242526704358,IA,D,BLUE,blue
1936,-0.117069341657,-0.117069,-0.117169341657,IA,D,BLUE,blue
1936,0.000000000000,0.000000,0.000100000000,ID,D,BLUE,blue
1936,0.242526704358,0.242527,0.242526704358,ID,D,BLUE,blue
1936,-0.297705105277,-0.297705,-0.297805105277,ID,D,BLUE,blue
1936,0.000000000000,0.000000,0.000100000000,IL,D,BLUE,blue
1936,0.242526704358,0.242527,0.242526704358,IL,D,BLUE,blue
1936,-0.180109196916,-0.180109,-0.180209196916,IL,D,BLUE,blue
1936,0.000000000000,0.000000,0.000100000000,IN,D,BLUE,blue
1936,0.242526704358,0.242527,0.242526704358,IN,D,BLUE,blue
1936,-0.147437423413,-0.147437,-0.147537423413,IN,D,BLUE,blue
1936,0.000000000000,0.000000,0.000100000000,KS,D,BLUE,blue
1936,0.242526704358,0.242527,0.242526704358,KS,D,BLUE,blue
1936,-0.077216091300,-0.077216,-0.077316091300,KS,D,BLUE,blue
1936,0.000000000000,0.000000,0.000100000000,KY,D,BLUE,blue
1936,0.242526704358,0.242527,0.242526704358,KY,D,BLUE,blue
1936,-0.185965711620,-0.185966,-0.186065711620,KY,D,BLUE,blue
1936,0.000000000000,0.000000,0.000100000000,LA,D,BLUE,blue
1936,0.242526704358,0.242527,0.242526704358,LA,D,BLUE,blue
1936,0.000000000000,0.000000,0.000100000000,MA,D,BLUE,blue
1936,0.242526704358,0.242527,0.242526704358,MA,D,BLUE,blue
1936,-0.094602840645,-0.094603,-0.094702840645,MA,D,BLUE,blue
1936,0.000000000000,0.000000,0.000100000000,MD,D,BLUE,blue
1936,0.242526704358,0.242527,0.242526704358,MD,D,BLUE,blue
1936,-0.253125320053,-0.253125,-0.253225320053,MD,D,BLUE,blue
1936,0.000000000000,0.000000,0.000100000000,ME-AL,R,RED,red
1936,0.242526704358,0.242527,0.242526704358,ME-AL,D,BLUE,blue
1936,0.139659479358,0.139659,0.139759479358,ME-AL,D,BLUE,blue
1936,0.000000000000,0.000000,0.000100000000,MI,D,BLUE,blue
1936,0.242526704358,0.242527,0.242526704358,MI,D,BLUE,blue
1936,-0.175647527170,-0.175648,-0.175747527170,MI,D,BLUE,blue
1936,0.000000000000,0.000000,0.000100000000,MN,D,BLUE,blue
1936,0.242526704358,0.242527,0.242526704358,MN,D,BLUE,blue
1936,-0.308281156663,-0.308281,-0.308381156663,MN,D,BLUE,blue
1936,0.000000000000,0.000000,0.000100000000,MO,D,BLUE,blue
1936,0.242526704358,0.242527,0.242526704358,MO,D,BLUE,blue
1936,-0.225934645241,-0.225935,-0.226034645241,MO,D,BLUE,blue
1936,0.000000000000,0.000000,0.000100000000,MS,D,BLUE,blue
1936,0.242526704358,0.242527,0.242526704358,MS,D,BLUE,blue
1936,0.000000000000,0.000000,0.000100000000,MT,D,BLUE,blue
1936,0.242526704358,0.242527,0.242526704358,MT,D,BLUE,blue
1936,-0.416863330326,-0.416863,-0.416963330326,MT,D,BLUE,blue
1936,0.000000000000,0.000000,0.000100000000,NC,D,BLUE,blue
1936,0.242526704358,0.242527,0.242526704358,NC,D,BLUE,blue
1936,-0.467986715333,-0.467987,-0.468086715333,NC,D,BLUE,blue
1936,0.000000000000,0.000000,0.000100000000,ND,D,BLUE,blue
1936,0.242526704358,0.242527,0.242526704358,ND,D,BLUE,blue
1936,-0.330258369989,-0.330258,-0.330358369989,ND,D,BLUE,blue
1936,0.000000000000,0.000000,0.000100000000,NE-AL,D,BLUE,blue
1936,0.242526704358,0.242527,0.242526704358,NE-AL,D,BLUE,blue
1936,-0.163997085637,-0.163997,-0.164097085637,NE-AL,D,BLUE,blue
1936,0.000000000000,0.000000,0.000100000000,NH,D,BLUE,blue
1936,0.242526704358,0.242527,0.242526704358,NH,D,BLUE,blue
1936,-0.017504607682,-0.017505,-0.017604607682,NH,D,BLUE,blue
1936,0.000000000000,0.000000,0.000100000000,NJ,D,BLUE,blue
1936,0.242526704358,0.242527,0.242526704358,NJ,D,BLUE,blue
1936,-0.199692711146,-0.199693,-0.199792711146,NJ,D,BLUE,blue
1936,0.000000000000,0.000000,0.000100000000,NM,D,BLUE,blue
1936,0.242526704358,0.242527,0.242526704358,NM,D,BLUE,blue
1936,-0.261916583913,-0.261917,-0.262016583913,NM,D,BLUE,blue
1936,0.000000000000,0.000000,0.000100000000,NV,D,BLUE,blue
1936,0.242526704358,0.242527,0.242526704358,NV,D,BLUE,blue
1936,-0.456166757891,-0.456167,-0.456266757891,NV,D,BLUE,blue
1936,0.000000000000,0.000000,0.000100000000,NY,D,BLUE,blue
1936,0.242526704358,0.242527,0.242526704358,NY,D,BLUE,blue
1936,-0.198797869630,-0.198798,-0.198897869630,NY,D,BLUE,blue
1936,0.000000000000,0.000000,0.000100000000,OH,D,BLUE,blue
1936,0.242526704358,0.242527,0.242526704358,OH,D,BLUE,blue
1936,-0.205565711088,-0.205566,-0.205665711088,OH,D,BLUE,blue
1936,0.000000000000,0.000000,0.000100000000,OK,D,BLUE,blue
1936,0.242526704358,0.242527,0.242526704358,OK,D,BLUE,blue
1936,-0.341381012084,-0.341381,-0.341481012084,OK,D,BLUE,blue
1936,0.000000000000,0.000000,0.000100000000,OR,D,BLUE,blue
1936,0.242526704358,0.242527,0.242526704358,OR,D,BLUE,blue
1936,-0.347873658583,-0.347874,-0.347973658583,OR,D,BLUE,blue
1936,0.000000000000,0.000000,0.000100000000,PA,D,BLUE,blue
1936,0.242526704358,0.242527,0.242526704358,PA,D,BLUE,blue
1936,-0.160396005631,-0.160396,-0.160496005631,PA,D,BLUE,blue
1936,0.000000000000,0.000000,0.000100000000,RI,D,BLUE,blue
1936,0.242526704358,0.242527,0.242526704358,RI,D,BLUE,blue
1936,-0.129209005778,-0.129209,-0.129309005778,RI,D,BLUE,blue
1936,0.000000000000,0.000000,0.000100000000,SC,D,BLUE,blue
1936,0.242526704358,0.242527,0.242526704358,SC,D,BLUE,blue
1936,0.000000000000,0.000000,0.000100000000,SD,D,BLUE,blue
1936,0.242526704358,0.242527,0.242526704358,SD,D,BLUE,blue
1936,-0.115221673548,-0.115222,-0.115321673548,SD,D,BLUE,blue
1936,0.000000000000,0.000000,0.000100000000,TN,D,BLUE,blue
1936,0.242526704358,0.242527,0.242526704358,TN,D,BLUE,blue
1936,-0.381004243103,-0.381004,-0.381104243103,TN,D,BLUE,blue
1936,0.000000000000,0.000000,0.000100000000,TX,D,BLUE,blue
1936,0.242526704358,0.242527,0.242526704358,TX,D,BLUE,blue
1936,0.000000000000,0.000000,0.000100000000,UT,D,BLUE,blue
1936,0.242526704358,0.242527,0.242526704358,UT,D,BLUE,blue
1936,-0.395478061816,-0.395478,-0.395578061816,UT,D,BLUE,blue
1936,0.000000000000,0.000000,0.000100000000,VA,D,BLUE,blue
1936,0.242526704358,0.242527,0.242526704358,VA,D,BLUE,blue
1936,-0.408392360800,-0.408392,-0.408492360800,VA,D,BLUE,blue
1936,0.000000000000,0.000000,0.000100000000,VT,R,RED,red
1936,0.242526704358,0.242527,0.242526704358,VT,D,BLUE,blue
1936,0.131527117594,0.131527,0.131627117594,VT,D,BLUE,blue
1936,0.000000000000,0.000000,0.000100000000,WA,D,BLUE,blue
1936,0.242526704358,0.242527,0.242526704358,WA,D,BLUE,blue
1936,-0.364976355480,-0.364976,-0.365076355480,WA,D,BLUE,blue
1936,0.000000000000,0.000000,0.000100000000,WI,D,BLUE,blue
1936,0.242526704358,0.242527,0.242526704358,WI,D,BLUE,blue
1936,-0.335427790491,-0.335428,-0.335527790491,WI,D,BLUE,blue
1936,0.000000000000,0.000000,0.000100000000,WV,D,BLUE,blue
1936,0.242526704358,0.242527,0.242526704358,WV,D,BLUE,blue
1936,-0.213537041611,-0.213537,-0.213637041611,WV,D,BLUE,blue
1936,0.000000000000,0.000000,0.000100000000,WY,D,BLUE,blue
1936,0.242526704358,0.242527,0.242526704358,WY,D,BLUE,blue
1936,-0.231036350622,-0.231036,-0.231136350622,WY,D,BLUE,blue
1940,0.000000000000,0.000000,0.000100000000,AL,D,BLUE,blue
1940,0.099518852037,0.099519,0.099518852037,AL,D,BLUE,blue
1940,0.000000000000,0.000000,0.000100000000,AR,D,BLUE,blue
1940,0.099518852037,0.099519,0.099518852037,AR,D,BLUE,blue
1940,0.000000000000,0.000000,0.000100000000,AZ,D,BLUE,blue
1940,0.099518852037,0.099519,0.099518852037,AZ,D,BLUE,blue
1940,-0.274841874446,-0.274842,-0.274941874446,AZ,D,BLUE,blue
1940,0.000000000000,0.000000,0.000100000000,CA,D,BLUE,blue
1940,0.099518852037,0.099519,0.099518852037,CA,D,BLUE,blue
1940,-0.160976642434,-0.160977,-0.161076642434,CA,D,BLUE,blue
1940,0.000000000000,0.000000,0.000100000000,CO,R,RED,red
1940,0.099518852037,0.099519,0.099518852037,CO,D,BLUE,blue
1940,0.025540797517,0.025541,0.025640797517,CO,D,BLUE,blue
1940,0.000000000000,0.000000,0.000100000000,CT,D,BLUE,blue
1940,0.099518852037,0.099519,0.099518852037,CT,D,BLUE,blue
1940,-0.071403528078,-0.071404,-0.071503528078,CT,D,BLUE,blue
1940,0.000000000000,0.000000,0.000100000000,DE,D,BLUE,blue
1940,0.099518852037,0.099519,0.099518852037,DE,D,BLUE,blue
1940,-0.096491999941,-0.096492,-0.096591999941,DE,D,BLUE,blue
1940,0.000000000000,0.000000,0.000100000000,FL,D,BLUE,blue
1940,0.099518852037,0.099519,0.099518852037,FL,D,BLUE,blue
1940,-0.480288037702,-0.480288,-0.480388037702,FL,D,BLUE,blue
1940,0.000000000000,0.000000,0.000100000000,GA,D,BLUE,blue
1940,0.099518852037,0.099519,0.099518852037,GA,D,BLUE,blue
1940,0.000000000000,0.000000,0.000100000000,IA,R,RED,red
1940,0.099518852037,0.099519,0.099518852037,IA,D,BLUE,blue
1940,0.044074936442,0.044075,0.044174936442,IA,D,BLUE,blue
1940,0.000000000000,0.000000,0.000100000000,ID,D,BLUE,blue
1940,0.099518852037,0.099519,0.099518852037,ID,D,BLUE,blue
1940,-0.090526772350,-0.090527,-0.090626772350,ID,D,BLUE,blue
1940,0.000000000000,0.000000,0.000100000000,IL,D,BLUE,blue
1940,0.099518852037,0.099519,0.099518852037,IL,D,BLUE,blue
1940,-0.024346984958,-0.024347,-0.024446984958,IL,D,BLUE,blue
1940,0.000000000000,0.000000,0.000100000000,IN,R,RED,red
1940,0.099518852037,0.099519,0.099518852037,IN,D,BLUE,blue
1940,0.014249357873,0.014249,0.014349357873,IN,D,BLUE,blue
1940,0.000000000000,0.000000,0.000100000000,KS,R,RED,red
1940,0.099518852037,0.099519,0.099518852037,KS,R,RED,red
1940,0.144652370054,0.144652,0.144752370054,KS,D,BLUE,blue
1940,0.000000000000,0.000000,0.000100000000,KY,D,BLUE,blue
1940,0.099518852037,0.099519,0.099518852037,KY,D,BLUE,blue
1940,-0.151369550225,-0.151370,-0.151469550225,KY,D,BLUE,blue
1940,0.000000000000,0.000000,0.000100000000,LA,D,BLUE,blue
1940,0.099518852037,0.099519,0.099518852037,LA,D,BLUE,blue
1940,0.000000000000,0.000000,0.000100000000,MA,D,BLUE,blue
1940,0.099518852037,0.099519,0.099518852037,MA,D,BLUE,blue
1940,-0.067499986433,-0.067500,-0.067599986433,MA,D,BLUE,blue
1940,0.000000000000,0.000000,0.000100000000,MD,D,BLUE,blue
1940,0.099518852037,0.099519,0.099518852037,MD,D,BLUE,blue
1940,-0.174229719883,-0.174230,-0.174329719883,MD,D,BLUE,blue
1940,0.000000000000,0.000000,0.000100000000,ME-AL,R,RED,red
1940,0.099518852037,0.099519,0.099518852037,ME-AL,D,BLUE,blue
1940,0.023291983543,0.023292,0.023391983543,ME-AL,D,BLUE,blue
1940,0.000000000000,0.000000,0.000100000000,MI,R,RED,red
1940,0.099518852037,0.099519,0.099518852037,MI,D,BLUE,blue
1940,0.003320343118,0.003320,0.003420343118,MI,D,BLUE,blue
1940,0.000000000000,0.000000,0.000100000000,MN,D,BLUE,blue
1940,0.099518852037,0.099519,0.099518852037,MN,D,BLUE,blue
1940,-0.038301198541,-0.038301,-0.038401198541,MN,D,BLUE,blue
1940,0.000000000000,0.000000,0.000100000000,MO,D,BLUE,blue
1940,0.099518852037,0.099519,0.099518852037,MO,D,BLUE,blue
1940,-0.047698978420,-0.047699,-0.047798978420,MO,D,BLUE,blue
1940,0.000000000000,0.000000,0.000100000000,MS,D,BLUE,blue
1940,0.099518852037,0.099519,0.099518852037,MS,D,BLUE,blue
1940,0.000000000000,0.000000,0.000100000000,MT,D,BLUE,blue
1940,0.099518852037,0.099519,0.099518852037,MT,D,BLUE,blue
1940,-0.186058989886,-0.186059,-0.186158989886,MT,D,BLUE,blue
1940,0.000000000000,0.000000,0.000100000000,NC,D,BLUE,blue
1940,0.099518852037,0.099519,0.099518852037,NC,D,BLUE,blue
1940,-0.480621116200,-0.480621,-0.480721116200,NC,D,BLUE,blue
1940,0.000000000000,0.000000,0.000100000000,ND,R,RED,red
1940,0.099518852037,0.099519,0.099518852037,ND,R,RED,red
1940,0.108820229721,0.108820,0.108920229721,ND,D,BLUE,blue
1940,0.000000000000,0.000000,0.000100000000,NE-AL,R,RED,red
1940,0.099518852037,0.099519,0.099518852037,NE-AL,R,RED,red
1940,0.143736259454,0.143736,0.143836259454,NE-AL,D,BLUE,blue
1940,0.000000000000,0.000000,0.000100000000,NH,D,BLUE,blue
1940,0.099518852037,0.099519,0.099518852037,NH,D,BLUE,blue
1940,-0.064417060645,-0.064417,-0.064517060645,NH,D,BLUE,blue
1940,0.000000000000,0.000000,0.000100000000,NJ,D,BLUE,blue
1940,0.099518852037,0.099519,0.099518852037,NJ,D,BLUE,blue
1940,-0.036231127932,-0.036231,-0.036331127932,NJ,D,BLUE,blue
1940,0.000000000000,0.000000,0.000100000000,NM,D,BLUE,blue
1940,0.099518852037,0.099519,0.099518852037,NM,D,BLUE,blue
1940,-0.133058311233,-0.133058,-0.133158311233,NM,D,BLUE,blue
1940,0.000000000000,0.000000,0.000100000000,NV,D,BLUE,blue
1940,0.099518852037,0.099519,0.099518852037,NV,D,BLUE,blue
1940,-0.201527062098,-0.201527,-0.201627062098,NV,D,BLUE,blue
1940,0.000000000000,0.000000,0.000100000000,NY,D,BLUE,blue
1940,0.099518852037,0.099519,0.099518852037,NY,D,BLUE,blue
1940,-0.035616374011,-0.035616,-0.035716374011,NY,D,BLUE,blue
1940,0.000000000000,0.000000,0.000100000000,OH,D,BLUE,blue
1940,0.099518852037,0.099519,0.099518852037,OH,D,BLUE,blue
1940,-0.044087313158,-0.044087,-0.044187313158,OH,D,BLUE,blue
1940,0.000000000000,0.000000,0.000100000000,OK,D,BLUE,blue
1940,0.099518852037,0.099519,0.099518852037,OK,D,BLUE,blue
1940,-0.151826649819,-0.151827,-0.151926649819,OK,D,BLUE,blue
1940,0.000000000000,0.000000,0.000100000000,OR,D,BLUE,blue
1940,0.099518852037,0.099519,0.099518852037,OR,D,BLUE,blue
1940,-0.080749729865,-0.080750,-0.080849729865,OR,D,BLUE,blue
1940,0.000000000000,0.000000,0.000100000000,PA,D,BLUE,blue
1940,0.099518852037,0.099519,0.099518852037,PA,D,BLUE,blue
1940,-0.068940112006,-0.068940,-0.069040112006,PA,D,BLUE,blue
1940,0.000000000000,0.000000,0.000100000000,RI,D,BLUE,blue
1940,0.099518852037,0.099519,0.099518852037,RI,D,BLUE,blue
1940,-0.135541868547,-0.135542,-0.135641868547,RI,D,BLUE,blue
1940,0.000000000000,0.000000,0.000100000000,SC,D,BLUE,blue
1940,0.099518852037,0.099519,0.099518852037,SC,D,BLUE,blue
1940,0.000000000000,0.000000,0.000100000000,SD,R,RED,red
1940,0.099518852037,0.099519,0.099518852037,SD,R,RED,red
1940,0.148180930982,0.148181,0.148280930982,SD,D,BLUE,blue
1940,0.000000000000,0.000000,0.000100000000,TN,D,BLUE,blue
1940,0.099518852037,0.099519,0.099518852037,TN,D,BLUE,blue
1940,-0.348967050034,-0.348967,-0.349067050034,TN,D,BLUE,blue
1940,0.000000000000,0.000000,0.000100000000,TX,D,BLUE,blue
1940,0.099518852037,0.099519,0.099518852037,TX,D,BLUE,blue
1940,0.000000000000,0.000000,0.000100000000,UT,D,BLUE,blue
1940,0.099518852037,0.099519,0.099518852037,UT,D,BLUE,blue
1940,-0.246655825421,-0.246656,-0.246755825421,UT,D,BLUE,blue
1940,0.000000000000,0.000000,0.000100000000,VA,D,BLUE,blue
1940,0.099518852037,0.099519,0.099518852037,VA,D,BLUE,blue
1940,-0.365249403503,-0.365249,-0.365349403503,VA,D,BLUE,blue
1940,0.000000000000,0.000000,0.000100000000,VT,R,RED,red
1940,0.099518852037,0.099519,0.099518852037,VT,D,BLUE,blue
1940,0.098572646824,0.098573,0.098672646824,VT,D,BLUE,blue
1940,0.000000000000,0.000000,0.000100000000,WA,D,BLUE,blue
1940,0.099518852037,0.099519,0.099518852037,WA,D,BLUE,blue
1940,-0.176387225021,-0.176387,-0.176487225021,WA,D,BLUE,blue
1940,0.000000000000,0.000000,0.000100000000,WI,D,BLUE,blue
1940,0.099518852037,0.099519,0.099518852037,WI,D,BLUE,blue
1940,-0.018224545756,-0.018225,-0.018324545756,WI,D,BLUE,blue
1940,0.000000000000,0.000000,0.000100000000,WV,D,BLUE,blue
1940,0.099518852037,0.099519,0.099518852037,WV,D,BLUE,blue
1940,-0.141978352126,-0.141978,-0.142078352126,WV,D,BLUE,blue
1940,0.000000000000,0.000000,0.000100000000,WY,D,BLUE,blue
1940,0.099518852037,0.099519,0.099518852037,WY,D,BLUE,blue
1940,-0.059283677833,-0.059284,-0.059383677833,WY,D,BLUE,blue
1944,0.000000000000,0.000000,0.000100000000,AL,D,BLUE,blue
1944,0.074931368767,0.074931,0.074931368767,AL,D,BLUE,blue
1944,0.000000000000,0.000000,0.000100000000,AR,D,BLUE,blue
1944,0.074931368767,0.074931,0.074931368767,AR,D,BLUE,blue
1944,-0.401091315495,-0.401091,-0.401191315495,AR,D,BLUE,blue
1944,0.000000000000,0.000000,0.000100000000,AZ,D,BLUE,blue
1944,0.074931368767,0.074931,0.074931368767,AZ,D,BLUE,blue
1944,-0.179018265835,-0.179018,-0.179118265835,AZ,D,BLUE,blue
1944,0.000000000000,0.000000,0.000100000000,CA,D,BLUE,blue
1944,0.074931368767,0.074931,0.074931368767,CA,D,BLUE,blue
1944,-0.135079774204,-0.135080,-0.135179774204,CA,D,BLUE,blue
1944,0.000000000000,0.000000,0.000100000000,CO,R,RED,red
1944,0.074931368767,0.074931,0.074931368767,CO,D,BLUE,blue
1944,0.068113551627,0.068114,0.068213551627,CO,D,BLUE,blue
1944,0.000000000000,0.000000,0.000100000000,CT,D,BLUE,blue
1944,0.074931368767,0.074931,0.074931368767,CT,D,BLUE,blue
1944,-0.053629250352,-0.053629,-0.053729250352,CT,D,BLUE,blue
1944,0.000000000000,0.000000,0.000100000000,DE,D,BLUE,blue
1944,0.074931368767,0.074931,0.074931368767,DE,D,BLUE,blue
1944,-0.091088935155,-0.091089,-0.091188935155,DE,D,BLUE,blue
1944,0.000000000000,0.000000,0.000100000000,FL,D,BLUE,blue
1944,0.074931368767,0.074931,0.074931368767,FL,D,BLUE,blue
1944,-0.406475863670,-0.406476,-0.406575863670,FL,D,BLUE,blue
1944,0.000000000000,0.000000,0.000100000000,GA,D,BLUE,blue
1944,0.074931368767,0.074931,0.074931368767,GA,D,BLUE,blue
1944,0.000000000000,0.000000,0.000100000000,IA,R,RED,red
1944,0.074931368767,0.074931,0.074931368767,IA,D,BLUE,blue
1944,0.045022843457,0.045023,0.045122843457,IA,D,BLUE,blue
1944,0.000000000000,0.000000,0.000100000000,ID,D,BLUE,blue
1944,0.074931368767,0.074931,0.074931368767,ID,D,BLUE,blue
1944,-0.034859663692,-0.034860,-0.034959663692,ID,D,BLUE,blue
1944,0.000000000000,0.000000,0.000100000000,IL,D,BLUE,blue
1944,0.074931368767,0.074931,0.074931368767,IL,D,BLUE,blue
1944,-0.034728166893,-0.034728,-0.034828166893,IL,D,BLUE,blue
1944,0.000000000000,0.000000,0.000100000000,IN,R,RED,red
1944,0.074931368767,0.074931,0.074931368767,IN,D,BLUE,blue
1944,0.056508886179,0.056509,0.056608886179,IN,D,BLUE,blue
1944,0.000000000000,0.000000,0.000100000000,KS,R,RED,red
1944,0.074931368767,0.074931,0.074931368767,KS,R,RED,red
1944,0.210742787990,0.210743,0.210842787990,KS,D,BLUE,blue
1944,0.000000000000,0.000000,0.000100000000,KY,D,BLUE,blue
1944,0.074931368767,0.074931,0.074931368767,KY,D,BLUE,blue
1944,-0.092336744934,-0.092337,-0.092436744934,KY,D,BLUE,blue
1944,0.000000000000,0.000000,0.000100000000,LA,D,BLUE,blue
1944,0.074931368767,0.074931,0.074931368767,LA,D,BLUE,blue
1944,0.000000000000,0.000000,0.000100000000,MA,D,BLUE,blue
1944,0.074931368767,0.074931,0.074931368767,MA,D,BLUE,blue
1944,-0.058115996358,-0.058116,-0.058215996358,MA,D,BLUE,blue
1944,0.000000000000,0.000000,0.000100000000,MD,D,BLUE,blue
1944,0.074931368767,0.074931,0.074931368767,MD,D,BLUE,blue
1944,-0.037047263571,-0.037047,-0.037147263571,MD,D,BLUE,blue
1944,0.000000000000,0.000000,0.000100000000,ME-AL,R,RED,red
1944,0.074931368767,0.074931,0.074931368767,ME-AL,D,BLUE,blue
1944,0.049942645074,0.049943,0.050042645074,ME-AL,D,BLUE,blue
1944,0.000000000000,0.000000,0.000100000000,MI,D,BLUE,blue
1944,0.074931368767,0.074931,0.074931368767,MI,D,BLUE,blue
1944,-0.010192166507,-0.010192,-0.010292166507,MI,D,BLUE,blue
1944,0.000000000000,0.000000,0.000100000000,MN,D,BLUE,blue
1944,0.074931368767,0.074931,0.074931368767,MN,D,BLUE,blue
1944,-0.055483243879,-0.055483,-0.055583243879,MN,D,BLUE,blue
1944,0.000000000000,0.000000,0.000100000000,MO,D,BLUE,blue
1944,0.074931368767,0.074931,0.074931368767,MO,D,BLUE,blue
1944,-0.029431329230,-0.029431,-0.029531329230,MO,D,BLUE,blue
1944,0.000000000000,0.000000,0.000100000000,MS,D,BLUE,blue
1944,0.074931368767,0.074931,0.074931368767,MS,D,BLUE,blue
1944,0.000000000000,0.000000,0.000100000000,MT,D,BLUE,blue
1944,0.074931368767,0.074931,0.074931368767,MT,D,BLUE,blue
1944,-0.093525596200,-0.093526,-0.093625596200,MT,D,BLUE,blue
1944,0.000000000000,0.000000,0.000100000000,NC,D,BLUE,blue
1944,0.074931368767,0.074931,0.074931368767,NC,D,BLUE,blue
1944,-0.334251676672,-0.334252,-0.334351676672,NC,D,BLUE,blue
1944,0.000000000000,0.000000,0.000100000000,ND,R,RED,red
1944,0.074931368767,0.074931,0.074931368767,ND,R,RED,red
1944,0.083530528544,0.083531,0.083630528544,ND,D,BLUE,blue
1944,0.000000000000,0.000000,0.000100000000,NE-AL,R,RED,red
1944,0.074931368767,0.074931,0.074931368767,NE-AL,R,RED,red
1944,0.171602802925,0.171603,0.171702802925,NE-AL,D,BLUE,blue
1944,0.000000000000,0.000000,0.000100000000,NH,D,BLUE,blue
1944,0.074931368767,0.074931,0.074931368767,NH,D,BLUE,blue
1944,-0.042447468699,-0.042447,-0.042547468699,NH,D,BLUE,blue
1944,0.000000000000,0.000000,0.000100000000,NJ,D,BLUE,blue
1944,0.074931368767,0.074931,0.074931368767,NJ,D,BLUE,blue
1944,-0.013514373694,-0.013514,-0.013614373694,NJ,D,BLUE,blue
1944,0.000000000000,0.000000,0.000100000000,NM,D,BLUE,blue
1944,0.074931368767,0.074931,0.074931368767,NM,D,BLUE,blue
1944,-0.070297257349,-0.070297,-0.070397257349,NM,D,BLUE,blue
1944,0.000000000000,0.000000,0.000100000000,NV,D,BLUE,blue
1944,0.074931368767,0.074931,0.074931368767,NV,D,BLUE,blue
1944,-0.092414352620,-0.092414,-0.092514352620,NV,D,BLUE,blue
1944,0.000000000000,0.000000,0.000100000000,NY,D,BLUE,blue
1944,0.074931368767,0.074931,0.074931368767,NY,D,BLUE,blue
1944,-0.050118968653,-0.050119,-0.050218968653,NY,D,BLUE,blue
1944,0.000000000000,0.000000,0.000100000000,OH,R,RED,red
1944,0.074931368767,0.074931,0.074931368767,OH,D,BLUE,blue
1944,0.003656769813,0.003657,0.003756769813,OH,D,BLUE,blue
1944,0.000000000000,0.000000,0.000100000000,OK,D,BLUE,blue
1944,0.074931368767,0.074931,0.074931368767,OK,D,BLUE,blue
1944,-0.113646427800,-0.113646,-0.113746427800,OK,D,BLUE,blue
1944,0.000000000000,0.000000,0.000100000000,OR,D,BLUE,blue
1944,0.074931368767,0.074931,0.074931368767,OR,D,BLUE,blue
1944,-0.048464324467,-0.048464,-0.048564324467,OR,D,BLUE,blue
1944,0.000000000000,0.000000,0.000100000000,PA,D,BLUE,blue
1944,0.074931368767,0.074931,0.074931368767,PA,D,BLUE,blue
1944,-0.027781489003,-0.027781,-0.027881489003,PA,D,BLUE,blue
1944,0.000000000000,0.000000,0.000100000000,RI,D,BLUE,blue
1944,0.074931368767,0.074931,0.074931368767,RI,D,BLUE,blue
1944,-0.173314933373,-0.173315,-0.173414933373,RI,D,BLUE,blue
1944,0.000000000000,0.000000,0.000100000000,SC,D,BLUE,blue
1944,0.074931368767,0.074931,0.074931368767,SC,D,BLUE,blue
1944,0.000000000000,0.000000,0.000100000000,SD,R,RED,red
1944,0.074931368767,0.074931,0.074931368767,SD,R,RED,red
1944,0.166557507024,0.166558,0.166657507024,SD,D,BLUE,blue
1944,0.000000000000,0.000000,0.000100000000,TN,D,BLUE,blue
1944,0.074931368767,0.074931,0.074931368767,TN,D,BLUE,blue
1944,-0.212253178041,-0.212253,-0.212353178041,TN,D,BLUE,blue
1944,0.000000000000,0.000000,0.000100000000,TX,D,BLUE,blue
1944,0.074931368767,0.074931,0.074931368767,TX,D,BLUE,blue
1944,0.000000000000,0.000000,0.000100000000,UT,D,BLUE,blue
1944,0.074931368767,0.074931,0.074931368767,UT,D,BLUE,blue
1944,-0.210201394174,-0.210201,-0.210301394174,UT,D,BLUE,blue
1944,0.000000000000,0.000000,0.000100000000,VA,D,BLUE,blue
1944,0.074931368767,0.074931,0.074931368767,VA,D,BLUE,blue
1944,-0.249772835502,-0.249773,-0.249872835502,VA,D,BLUE,blue
1944,0.000000000000,0.000000,0.000100000000,VT,R,RED,red
1944,0.074931368767,0.074931,0.074931368767,VT,R,RED,red
1944,0.141248075558,0.141248,0.141348075558,VT,D,BLUE,blue
1944,0.000000000000,0.000000,0.000100000000,WA,D,BLUE,blue
1944,0.074931368767,0.074931,0.074931368767,WA,D,BLUE,blue
1944,-0.146071365178,-0.146071,-0.146171365178,WA,D,BLUE,blue
1944,0.000000000000,0.000000,0.000100000000,WI,R,RED,red
1944,0.074931368767,0.074931,0.074931368767,WI,D,BLUE,blue
1944,0.018010651517,0.018011,0.018110651517,WI,D,BLUE,blue
1944,0.000000000000,0.000000,0.000100000000,WV,D,BLUE,blue
1944,0.074931368767,0.074931,0.074931368767,WV,D,BLUE,blue
1944,-0.097761865634,-0.097762,-0.097861865634,WV,D,BLUE,blue
1944,0.000000000000,0.000000,0.000100000000,WY,R,RED,red
1944,0.074931368767,0.074931,0.074931368767,WY,D,BLUE,blue
1944,0.024689165187,0.024689,0.024789165187,WY,D,BLUE,blue
1948,0.000000000000,0.000000,0.000100000000,AL,D,BLUE,blue
1948,0.044823557538,0.044824,0.044823557538,AL,D,BLUE,blue
1948,0.000000000000,0.000000,0.000100000000,AL,D,BLUE,blue
1948,0.000000000000,0.000000,0.000100000000,AR,D,BLUE,blue
1948,0.044823557538,0.044824,0.044823557538,AR,D,BLUE,blue
1948,-0.407052273430,-0.407052,-0.407152273430,AR,D,BLUE,blue
1948,0.000000000000,0.000000,0.000100000000,AZ,D,BLUE,blue
1948,0.044823557538,0.044824,0.044823557538,AZ,D,BLUE,blue
1948,-0.099703498715,-0.099703,-0.099803498715,AZ,D,BLUE,blue
1948,0.000000000000,0.000000,0.000100000000,CA,D,BLUE,blue
1948,0.044823557538,0.044824,0.044823557538,CA,D,BLUE,blue
1948,-0.004442330273,-0.004442,-0.004542330273,CA,D,BLUE,blue
1948,0.000000000000,0.000000,0.000100000000,CO,D,BLUE,blue
1948,0.044823557538,0.044824,0.044823557538,CO,D,BLUE,blue
1948,-0.053517119306,-0.053517,-0.053617119306,CO,D,BLUE,blue
1948,0.000000000000,0.000000,0.000100000000,CT,R,RED,red
1948,0.044823557538,0.044824,0.044823557538,CT,D,BLUE,blue
1948,0.016362994302,0.016363,0.016462994302,CT,D,BLUE,blue
1948,0.000000000000,0.000000,0.000100000000,DE,R,RED,red
1948,0.044823557538,0.044824,0.044823557538,DE,D,BLUE,blue
1948,0.012763081259,0.012763,0.012863081259,DE,D,BLUE,blue
1948,0.000000000000,0.000000,0.000100000000,FL,D,BLUE,blue
1948,0.044823557538,0.044824,0.044823557538,FL,D,BLUE,blue
1948,-0.151837726762,-0.151838,-0.151937726762,FL,D,BLUE,blue
1948,0.000000000000,0.000000,0.000100000000,GA,D,BLUE,blue
1948,0.044823557538,0.044824,0.044823557538,GA,D,BLUE,blue
1948,-0.424952956797,-0.424953,-0.425052956797,GA,D,BLUE,blue
1948,0.000000000000,0.000000,0.000100000000,IA,D,BLUE,blue
1948,0.044823557538,0.044824,0.044823557538,IA,D,BLUE,blue
1948,-0.027316751809,-0.027317,-0.027416751809,IA,D,BLUE,blue
1948,0.000000000000,0.000000,0.000100000000,ID,D,BLUE,blue
1948,0.044823557538,0.044824,0.044823557538,ID,D,BLUE,blue
1948,-0.027260539252,-0.027261,-0.027360539252,ID,D,BLUE,blue
1948,0.000000000000,0.000000,0.000100000000,IL,D,BLUE,blue
1948,0.044823557538,0.044824,0.044823557538,IL,D,BLUE,blue
1948,-0.008436649577,-0.008437,-0.008536649577,IL,D,BLUE,blue
1948,0.000000000000,0.000000,0.000100000000,IN,R,RED,red
1948,0.044823557538,0.044824,0.044823557538,IN,D,BLUE,blue
1948,0.007997758744,0.007998,0.008097758744,IN,D,BLUE,blue
1948,0.000000000000,0.000000,0.000100000000,KS,R,RED,red
1948,0.044823557538,0.044824,0.044823557538,KS,R,RED,red
1948,0.090181651304,0.090182,0.090281651304,KS,D,BLUE,blue
1948,0.000000000000,0.000000,0.000100000000,KY,D,BLUE,blue
1948,0.044823557538,0.044824,0.044823557538,KY,D,BLUE,blue
1948,-0.152610197676,-0.152610,-0.152710197676,KY,D,BLUE,blue
1948,0.000000000000,0.000000,0.000100000000,LA,T,YELLOW,yellow
1948,0.044823557538,0.044824,0.044823557538,LA,T,YELLOW,yellow
1948,0.326399830906,0.326400,0.326499830906,LA,D,BLUE,blue
1948,0.000000000000,0.000000,0.000100000000,MA,D,BLUE,blue
1948,0.044823557538,0.044824,0.044823557538,MA,D,BLUE,blue
1948,-0.115045658915,-0.115046,-0.115145658915,MA,D,BLUE,blue
1948,0.000000000000,0.000000,0.000100000000,MD,R,RED,red
1948,0.044823557538,0.044824,0.044823557538,MD,D,BLUE,blue
1948,0.013897291092,0.013897,0.013997291092,MD,D,BLUE,blue
1948,0.000000000000,0.000000,0.000100000000,ME-AL,R,RED,red
1948,0.044823557538,0.044824,0.044823557538,ME-AL,R,RED,red
1948,0.144712542534,0.144713,0.144812542534,ME-AL,D,BLUE,blue
1948,0.000000000000,0.000000,0.000100000000,MI,R,RED,red
1948,0.044823557538,0.044824,0.044823557538,MI,D,BLUE,blue
1948,0.016660433284,0.016660,0.016760433284,MI,D,BLUE,blue
1948,0.000000000000,0.000000,0.000100000000,MN,D,BLUE,blue
1948,0.044823557538,0.044824,0.044823557538,MN,D,BLUE,blue
1948,-0.172697995258,-0.172698,-0.172797995258,MN,D,BLUE,blue
1948,0.000000000000,0.000000,0.000100000000,MO,D,BLUE,blue
1948,0.044823557538,0.044824,0.044823557538,MO,D,BLUE,blue
1948,-0.166141738269,-0.166142,-0.166241738269,MO,D,BLUE,blue
1948,0.000000000000,0.000000,0.000100000000,MS,T,YELLOW,yellow
1948,0.044823557538,0.044824,0.044823557538,MS,T,YELLOW,yellow
1948,0.000000000000,0.000000,0.000100000000,MT,D,BLUE,blue
1948,0.044823557538,0.044824,0.044823557538,MT,D,BLUE,blue
1948,-0.099434630236,-0.099435,-0.099534630236,MT,D,BLUE,blue
1948,0.000000000000,0.000000,0.000100000000,NC,D,BLUE,blue
1948,0.044823557538,0.044824,0.044823557538,NC,D,BLUE,blue
1948,-0.253407127573,-0.253407,-0.253507127573,NC,D,BLUE,blue
1948,0.000000000000,0.000000,0.000100000000,ND,R,RED,red
1948,0.044823557538,0.044824,0.044823557538,ND,R,RED,red
1948,0.087565015676,0.087565,0.087665015676,ND,D,BLUE,blue
1948,0.000000000000,0.000000,0.000100000000,NE-AL,R,RED,red
1948,0.044823557538,0.044824,0.044823557538,NE-AL,R,RED,red
1948,0.083055180595,0.083055,0.083155180595,NE-AL,D,BLUE,blue
1948,0.000000000000,0.000000,0.000100000000,NH,R,RED,red
1948,0.044823557538,0.044824,0.044823557538,NH,R,RED,red
1948,0.057483581058,0.057484,0.057583581058,NH,D,BLUE,blue
1948,0.000000000000,0.000000,0.000100000000,NJ,R,RED,red
1948,0.044823557538,0.044824,0.044823557538,NJ,D,BLUE,blue
1948,0.043942848496,0.043943,0.044042848496,NJ,D,BLUE,blue
1948,0.000000000000,0.000000,0.000100000000,NM,D,BLUE,blue
1948,0.044823557538,0.044824,0.044823557538,NM,D,BLUE,blue
1948,-0.134505487456,-0.134505,-0.134605487456,NM,D,BLUE,blue
1948,0.000000000000,0.000000,0.000100000000,NV,D,BLUE,blue
1948,0.044823557538,0.044824,0.044823557538,NV,D,BLUE,blue
1948,-0.031134794018,-0.031135,-0.031234794018,NV,D,BLUE,blue
1948,0.000000000000,0.000000,0.000100000000,NY,R,RED,red
1948,0.044823557538,0.044824,0.044823557538,NY,D,BLUE,blue
1948,0.009868168112,0.009868,0.009968168112,NY,D,BLUE,blue
1948,0.000000000000,0.000000,0.000100000000,OH,D,BLUE,blue
1948,0.044823557538,0.044824,0.044823557538,OH,D,BLUE,blue
1948,-0.002420581791,-0.002421,-0.002520581791,OH,D,BLUE,blue
1948,0.000000000000,0.000000,0.000100000000,OK,D,BLUE,blue
1948,0.044823557538,0.044824,0.044823557538,OK,D,BLUE,blue
1948,-0.254940763499,-0.254941,-0.255040763499,OK,D,BLUE,blue
1948,0.000000000000,0.000000,0.000100000000,OR,R,RED,red
1948,0.044823557538,0.044824,0.044823557538,OR,D,BLUE,blue
1948,0.033882231720,0.033882,0.033982231720,OR,D,BLUE,blue
1948,0.000000000000,0.000000,0.000100000000,PA,R,RED,red
1948,0.044823557538,0.044824,0.044823557538,PA,D,BLUE,blue
1948,0.040097741776,0.040098,0.040197741776,PA,D,BLUE,blue
1948,0.000000000000,0.000000,0.000100000000,RI,D,BLUE,blue
1948,0.044823557538,0.044824,0.044823557538,RI,D,BLUE,blue
1948,-0.161576676371,-0.161577,-0.161676676371,RI,D,BLUE,blue
1948,0.000000000000,0.000000,0.000100000000,SC,T,YELLOW,yellow
1948,0.044823557538,0.044824,0.044823557538,SC,T,YELLOW,yellow
1948,0.000000000000,0.000000,0.000100000000,SD,R,RED,red
1948,0.044823557538,0.044824,0.044823557538,SD,R,RED,red
1948,0.047971851822,0.047972,0.048071851822,SD,D,BLUE,blue
1948,0.000000000000,0.000000,0.000100000000,TN,D,BLUE,blue
1948,0.044823557538,0.044824,0.044823557538,TN,D,BLUE,blue
1948,-0.122642349482,-0.122642,-0.122742349482,TN,D,BLUE,blue
1948,0.000000000000,0.000000,0.000100000000,TX,D,BLUE,blue
1948,0.044823557538,0.044824,0.044823557538,TX,D,BLUE,blue
1948,-0.416755430038,-0.416755,-0.416855430038,TX,D,BLUE,blue
1948,0.000000000000,0.000000,0.000100000000,UT,D,BLUE,blue
1948,0.044823557538,0.044824,0.044823557538,UT,D,BLUE,blue
1948,-0.089571307070,-0.089571,-0.089671307070,UT,D,BLUE,blue
1948,0.000000000000,0.000000,0.000100000000,VA,D,BLUE,blue
1948,0.044823557538,0.044824,0.044823557538,VA,D,BLUE,blue
1948,-0.068492758601,-0.068493,-0.068592758601,VA,D,BLUE,blue
1948,0.000000000000,0.000000,0.000100000000,VT,R,RED,red
1948,0.044823557538,0.044824,0.044823557538,VT,R,RED,red
1948,0.246138010407,0.246138,0.246238010407,VT,D,BLUE,blue
1948,0.000000000000,0.000000,0.000100000000,WA,D,BLUE,blue
1948,0.044823557538,0.044824,0.044823557538,WA,D,BLUE,blue
1948,-0.098279092713,-0.098279,-0.098379092713,WA,D,BLUE,blue
1948,0.000000000000,0.000000,0.000100000000,WI,D,BLUE,blue
1948,0.044823557538,0.044824,0.044823557538,WI,D,BLUE,blue
1948,-0.044134555138,-0.044135,-0.044234555138,WI,D,BLUE,blue
1948,0.000000000000,0.000000,0.000100000000,WV,D,BLUE,blue
1948,0.044823557538,0.044824,0.044823557538,WV,D,BLUE,blue
1948,-0.150834056761,-0.150834,-0.150934056761,WV,D,BLUE,blue
1948,0.000000000000,0.000000,0.000100000000,WY,D,BLUE,blue
1948,0.044823557538,0.044824,0.044823557538,WY,D,BLUE,blue
1948,-0.043450825733,-0.043451,-0.043550825733,WY,D,BLUE,blue
1952,0.000000000000,0.000000,0.000100000000,AL,D,BLUE,blue
1952,-0.108505721164,-0.108506,-0.108505721164,AL,D,BLUE,blue
1952,-0.295325260490,-0.295325,-0.295425260490,AL,D,BLUE,blue
1952,0.000000000000,0.000000,0.000100000000,AR,D,BLUE,blue
1952,-0.108505721164,-0.108506,-0.108505721164,AR,D,BLUE,blue
1952,-0.121405632411,-0.121406,-0.121505632411,AR,D,BLUE,blue
1952,0.000000000000,0.000000,0.000100000000,AZ,R,RED,red
1952,-0.108505721164,-0.108506,-0.108505721164,AZ,R,RED,red
1952,0.166995433089,0.166995,0.167095433089,AZ,D,BLUE,blue
1952,0.000000000000,0.000000,0.000100000000,CA,R,RED,red
1952,-0.108505721164,-0.108506,-0.108505721164,CA,R,RED,red
1952,0.145638116498,0.145638,0.145738116498,CA,D,BLUE,blue
1952,0.000000000000,0.000000,0.000100000000,CO,R,RED,red
1952,-0.108505721164,-0.108506,-0.108505721164,CO,R,RED,red
1952,0.213104841589,0.213105,0.213204841589,CO,D,BLUE,blue
1952,0.000000000000,0.000000,0.000100000000,CT,R,RED,red
1952,-0.108505721164,-0.108506,-0.108505721164,CT,R,RED,red
1952,0.117933907126,0.117934,0.118033907126,CT,D,BLUE,blue
1952,0.000000000000,0.000000,0.000100000000,DE,R,RED,red
1952,-0.108505721164,-0.108506,-0.108505721164,DE,R,RED,red
1952,0.038753052722,0.038753,0.038853052722,DE,D,BLUE,blue
1952,0.000000000000,0.000000,0.000100000000,FL,R,RED,red
1952,-0.108505721164,-0.108506,-0.108505721164,FL,R,RED,red
1952,0.100153941478,0.100154,0.100253941478,FL,D,BLUE,blue
1952,0.000000000000,0.000000,0.000100000000,GA,D,BLUE,blue
1952,-0.108505721164,-0.108506,-0.108505721164,GA,D,BLUE,blue
1952,-0.393172949804,-0.393173,-0.393272949804,GA,D,BLUE,blue
1952,0.000000000000,0.000000,0.000100000000,IA,R,RED,red
1952,-0.108505721164,-0.108506,-0.108505721164,IA,R,RED,red
1952,0.281683957650,0.281684,0.281783957650,IA,D,BLUE,blue
1952,0.000000000000,0.000000,0.000100000000,ID,R,RED,red
1952,-0.108505721164,-0.108506,-0.108505721164,ID,R,RED,red
1952,0.309979690911,0.309980,0.310079690911,ID,D,BLUE,blue
1952,0.000000000000,0.000000,0.000100000000,IL,R,RED,red
1952,-0.108505721164,-0.108506,-0.108505721164,IL,R,RED,red
1952,0.098951408350,0.098951,0.099051408350,IL,D,BLUE,blue
1952,0.000000000000,0.000000,0.000100000000,IN,R,RED,red
1952,-0.108505721164,-0.108506,-0.108505721164,IN,R,RED,red
1952,0.171188421362,0.171188,0.171288421362,IN,D,BLUE,blue
1952,0.000000000000,0.000000,0.000100000000,KS,R,RED,red
1952,-0.108505721164,-0.108506,-0.108505721164,KS,R,RED,red
1952,0.382748285474,0.382748,0.382848285474,KS,D,BLUE,blue
1952,0.000000000000,0.000000,0.000100000000,KY,D,BLUE,blue
1952,-0.108505721164,-0.108506,-0.108505721164,KY,R,RED,red
1952,-0.000704829492,-0.000705,-0.000804829492,KY,D,BLUE,blue
1952,0.000000000000,0.000000,0.000100000000,LA,D,BLUE,blue
1952,-0.108505721164,-0.108506,-0.108505721164,LA,R,RED,red
1952,-0.058442952855,-0.058443,-0.058542952855,LA,D,BLUE,blue
1952,0.000000000000,0.000000,0.000100000000,MA,R,RED,red
1952,-0.108505721164,-0.108506,-0.108505721164,MA,R,RED,red
1952,0.087606014606,0.087606,0.087706014606,MA,D,BLUE,blue
1952,0.000000000000,0.000000,0.000100000000,MD,R,RED,red
1952,-0.108505721164,-0.108506,-0.108505721164,MD,R,RED,red
1952,0.115386320856,0.115386,0.115486320856,MD,D,BLUE,blue
1952,0.000000000000,0.000000,0.000100000000,ME-AL,R,RED,red
1952,-0.108505721164,-0.108506,-0.108505721164,ME-AL,R,RED,red
1952,0.322772935819,0.322773,0.322872935819,ME-AL,D,BLUE,blue
1952,0.000000000000,0.000000,0.000100000000,MI,R,RED,red
1952,-0.108505721164,-0.108506,-0.108505721164,MI,R,RED,red
1952,0.114654797841,0.114655,0.114754797841,MI,D,BLUE,blue
1952,0.000000000000,0.000000,0.000100000000,MN,R,RED,red
1952,-0.108505721164,-0.108506,-0.108505721164,MN,R,RED,red
1952,0.112181882633,0.112182,0.112281882633,MN,D,BLUE,blue
1952,0.000000000000,0.000000,0.000100000000,MO,R,RED,red
1952,-0.108505721164,-0.108506,-0.108505721164,MO,R,RED,red
1952,0.015643779115,0.015644,0.015743779115,MO,D,BLUE,blue
1952,0.000000000000,0.000000,0.000100000000,MS,D,BLUE,blue
1952,-0.108505721164,-0.108506,-0.108505721164,MS,D,BLUE,blue
1952,-0.208733171764,-0.208733,-0.208833171764,MS,D,BLUE,blue
1952,0.000000000000,0.000000,0.000100000000,MT,R,RED,red
1952,-0.108505721164,-0.108506,-0.108505721164,MT,R,RED,red
1952,0.193108886684,0.193109,0.193208886684,MT,D,BLUE,blue
1952,0.000000000000,0.000000,0.000100000000,NC,D,BLUE,blue
1952,-0.108505721164,-0.108506,-0.108505721164,NC,R,RED,red
1952,-0.078202343692,-0.078202,-0.078302343692,NC,D,BLUE,blue
1952,0.000000000000,0.000000,0.000100000000,ND,R,RED,red
1952,-0.108505721164,-0.108506,-0.108505721164,ND,R,RED,red
1952,0.425792312505,0.425792,0.425892312505,ND,D,BLUE,blue
1952,0.000000000000,0.000000,0.000100000000,NE-AL,R,RED,red
1952,-0.108505721164,-0.108506,-0.108505721164,NE-AL,R,RED,red
1952,0.383075812748,0.383076,0.383175812748,NE-AL,D,BLUE,blue
1952,0.000000000000,0.000000,0.000100000000,NH,R,RED,red
1952,-0.108505721164,-0.108506,-0.108505721164,NH,R,RED,red
1952,0.218442938267,0.218443,0.218542938267,NH,D,BLUE,blue
1952,0.000000000000,0.000000,0.000100000000,NJ,R,RED,red
1952,-0.108505721164,-0.108506,-0.108505721164,NJ,R,RED,red
1952,0.148255008981,0.148255,0.148355008981,NJ,D,BLUE,blue
1952,0.000000000000,0.000000,0.000100000000,NM,R,RED,red
1952,-0.108505721164,-0.108506,-0.108505721164,NM,R,RED,red
1952,0.111098538188,0.111099,0.111198538188,NM,D,BLUE,blue
1952,0.000000000000,0.000000,0.000100000000,NV,R,RED,red
1952,-0.108505721164,-0.108506,-0.108505721164,NV,R,RED,red
1952,0.228908626354,0.228909,0.229008626354,NV,D,BLUE,blue
1952,0.000000000000,0.000000,0.000100000000,NY,R,RED,red
1952,-0.108505721164,-0.108506,-0.108505721164,NY,R,RED,red
1952,0.118993451540,0.118993,0.119093451540,NY,D,BLUE,blue
1952,0.000000000000,0.000000,0.000100000000,OH,R,RED,red
1952,-0.108505721164,-0.108506,-0.108505721164,OH,R,RED,red
1952,0.135113941522,0.135114,0.135213941522,OH,D,BLUE,blue
1952,0.000000000000,0.000000,0.000100000000,OK,R,RED,red
1952,-0.108505721164,-0.108506,-0.108505721164,OK,R,RED,red
1952,0.091788691906,0.091789,0.091888691906,OK,D,BLUE,blue
1952,0.000000000000,0.000000,0.000100000000,OR,R,RED,red
1952,-0.108505721164,-0.108506,-0.108505721164,OR,R,RED,red
1952,0.216148557173,0.216149,0.216248557173,OR,D,BLUE,blue
1952,0.000000000000,0.000000,0.000100000000,PA,R,RED,red
1952,-0.108505721164,-0.108506,-0.108505721164,PA,R,RED,red
1952,0.058834713791,0.058835,0.058934713791,PA,D,BLUE,blue
1952,0.000000000000,0.000000,0.000100000000,RI,R,RED,red
1952,-0.108505721164,-0.108506,-0.108505721164,RI,R,RED,red
1952,0.018436759647,0.018437,0.018536759647,RI,D,BLUE,blue
1952,0.000000000000,0.000000,0.000100000000,SC,D,BLUE,blue
1952,-0.108505721164,-0.108506,-0.108505721164,SC,R,RED,red
1952,-0.014430378262,-0.014430,-0.014530378262,SC,D,BLUE,blue
1952,0.000000000000,0.000000,0.000100000000,SD,R,RED,red
1952,-0.108505721164,-0.108506,-0.108505721164,SD,R,RED,red
1952,0.385448700740,0.385449,0.385548700740,SD,D,BLUE,blue
1952,0.000000000000,0.000000,0.000100000000,TN,R,RED,red
1952,-0.108505721164,-0.108506,-0.108505721164,TN,R,RED,red
1952,0.002730370073,0.002730,0.002830370073,TN,D,BLUE,blue
1952,0.000000000000,0.000000,0.000100000000,TX,R,RED,red
1952,-0.108505721164,-0.108506,-0.108505721164,TX,R,RED,red
1952,0.064380287349,0.064380,0.064480287349,TX,D,BLUE,blue
1952,0.000000000000,0.000000,0.000100000000,UT,R,RED,red
1952,-0.108505721164,-0.108506,-0.108505721164,UT,R,RED,red
1952,0.178501854021,0.178502,0.178601854021,UT,D,BLUE,blue
1952,0.000000000000,0.000000,0.000100000000,VA,R,RED,red
1952,-0.108505721164,-0.108506,-0.108505721164,VA,R,RED,red
1952,0.129677951359,0.129678,0.129777951359,VA,D,BLUE,blue
1952,0.000000000000,0.000000,0.000100000000,VT,R,RED,red
1952,-0.108505721164,-0.108506,-0.108505721164,VT,R,RED,red
1952,0.432165254596,0.432165,0.432265254596,VT,D,BLUE,blue
1952,0.000000000000,0.000000,0.000100000000,WA,R,RED,red
1952,-0.108505721164,-0.108506,-0.108505721164,WA,R,RED,red
1952,0.096364586092,0.096365,0.096464586092,WA,D,BLUE,blue
1952,0.000000000000,0.000000,0.000100000000,WI,R,RED,red
1952,-0.108505721164,-0.108506,-0.108505721164,WI,R,RED,red
1952,0.222455937339,0.222456,0.222555937339,WI,D,BLUE,blue
1952,0.000000000000,0.000000,0.000100000000,WV,D,BLUE,blue
1952,-0.108505721164,-0.108506,-0.108505721164,WV,R,RED,red
1952,-0.038472986029,-0.038473,-0.038572986029,WV,D,BLUE,blue
1952,0.000000000000,0.000000,0.000100000000,WY,R,RED,red
1952,-0.108505721164,-0.108506,-0.108505721164,WY,R,RED,red
1952,0.256191441459,0.256191,0.256291441459,WY,D,BLUE,blue
1956,0.000000000000,0.000000,0.000100000000,AL,D,BLUE,blue
1956,-0.153996247040,-0.153996,-0.153996247040,AL,D,BLUE,blue
1956,-0.171372448784,-0.171372,-0.171472448784,AL,D,BLUE,blue
1956,0.000000000000,0.000000,0.000100000000,AR,D,BLUE,blue
1956,-0.153996247040,-0.153996,-0.153996247040,AR,R,RED,red
1956,-0.066384305855,-0.066384,-0.066484305855,AR,D,BLUE,blue
1956,0.000000000000,0.000000,0.000100000000,AZ,R,RED,red
1956,-0.153996247040,-0.153996,-0.153996247040,AZ,R,RED,red
1956,0.220937165070,0.220937,0.221037165070,AZ,D,BLUE,blue
1956,0.000000000000,0.000000,0.000100000000,CA,R,RED,red
1956,-0.153996247040,-0.153996,-0.153996247040,CA,R,RED,red
1956,0.111140421725,0.111140,0.111240421725,CA,D,BLUE,blue
1956,0.000000000000,0.000000,0.000100000000,CO,R,RED,red
1956,-0.153996247040,-0.153996,-0.153996247040,CO,R,RED,red
1956,0.196783466099,0.196783,0.196883466099,CO,D,BLUE,blue
1956,0.000000000000,0.000000,0.000100000000,CT,R,RED,red
1956,-0.153996247040,-0.153996,-0.153996247040,CT,R,RED,red
1956,0.274596932651,0.274597,0.274696932651,CT,D,BLUE,blue
1956,0.000000000000,0.000000,0.000100000000,DE,R,RED,red
1956,-0.153996247040,-0.153996,-0.153996247040,DE,R,RED,red
1956,0.104703687889,0.104704,0.104803687889,DE,D,BLUE,blue
1956,0.000000000000,0.000000,0.000100000000,FL,R,RED,red
1956,-0.153996247040,-0.153996,-0.153996247040,FL,R,RED,red
1956,0.145414598566,0.145415,0.145514598566,FL,D,BLUE,blue
1956,0.000000000000,0.000000,0.000100000000,GA,D,BLUE,blue
1956,-0.153996247040,-0.153996,-0.153996247040,GA,D,BLUE,blue
1956,-0.338279978296,-0.338280,-0.338379978296,GA,D,BLUE,blue
1956,0.000000000000,0.000000,0.000100000000,IA,R,RED,red
1956,-0.153996247040,-0.153996,-0.153996247040,IA,R,RED,red
1956,0.184137071873,0.184137,0.184237071873,IA,D,BLUE,blue
1956,0.000000000000,0.000000,0.000100000000,ID,R,RED,red
1956,-0.153996247040,-0.153996,-0.153996247040,ID,R,RED,red
1956,0.223858836803,0.223859,0.223958836803,ID,D,BLUE,blue
1956,0.000000000000,0.000000,0.000100000000,IL,R,RED,red
1956,-0.153996247040,-0.153996,-0.153996247040,IL,R,RED,red
1956,0.192322832904,0.192323,0.192422832904,IL,D,BLUE,blue
1956,0.000000000000,0.000000,0.000100000000,IN,R,RED,red
1956,-0.153996247040,-0.153996,-0.153996247040,IN,R,RED,red
1956,0.202016401238,0.202016,0.202116401238,IN,D,BLUE,blue
1956,0.000000000000,0.000000,0.000100000000,KS,R,RED,red
1956,-0.153996247040,-0.153996,-0.153996247040,KS,R,RED,red
1956,0.312338454683,0.312338,0.312438454683,KS,D,BLUE,blue
1956,0.000000000000,0.000000,0.000100000000,KY,R,RED,red
1956,-0.153996247040,-0.153996,-0.153996247040,KY,R,RED,red
1956,0.090850774100,0.090851,0.090950774100,KY,D,BLUE,blue
1956,0.000000000000,0.000000,0.000100000000,LA,R,RED,red
1956,-0.153996247040,-0.153996,-0.153996247040,LA,R,RED,red
1956,0.137755366419,0.137755,0.137855366419,LA,D,BLUE,blue
1956,0.000000000000,0.000000,0.000100000000,MA,R,RED,red
1956,-0.153996247040,-0.153996,-0.153996247040,MA,R,RED,red
1956,0.189485145024,0.189485,0.189585145024,MA,D,BLUE,blue
1956,0.000000000000,0.000000,0.000100000000,MD,R,RED,red
1956,-0.153996247040,-0.153996,-0.153996247040,MD,R,RED,red
1956,0.200702310610,0.200702,0.200802310610,MD,D,BLUE,blue
1956,0.000000000000,0.000000,0.000100000000,ME-AL,R,RED,red
1956,-0.153996247040,-0.153996,-0.153996247040,ME-AL,R,RED,red
1956,0.417308774943,0.417309,0.417408774943,ME-AL,D,BLUE,blue
1956,0.000000000000,0.000000,0.000100000000,MI,R,RED,red
1956,-0.153996247040,-0.153996,-0.153996247040,MI,R,RED,red
1956,0.114836122303,0.114836,0.114936122303,MI,D,BLUE,blue
1956,0.000000000000,0.000000,0.000100000000,MN,R,RED,red
1956,-0.153996247040,-0.153996,-0.153996247040,MN,R,RED,red
1956,0.075952701669,0.075953,0.076052701669,MN,D,BLUE,blue
1956,0.000000000000,0.000000,0.000100000000,MO,D,BLUE,blue
1956,-0.153996247040,-0.153996,-0.153996247040,MO,R,RED,red
1956,-0.002174005573,-0.002174,-0.002274005573,MO,D,BLUE,blue
1956,0.000000000000,0.000000,0.000100000000,MS,D,BLUE,blue
1956,-0.153996247040,-0.153996,-0.153996247040,MS,D,BLUE,blue
1956,-0.337752721147,-0.337753,-0.337852721147,MS,D,BLUE,blue
1956,0.000000000000,0.000000,0.000100000000,MT,R,RED,red
1956,-0.153996247040,-0.153996,-0.153996247040,MT,R,RED,red
1956,0.142695937250,0.142696,0.142795937250,MT,D,BLUE,blue
1956,0.000000000000,0.000000,0.000100000000,NC,D,BLUE,blue
1956,-0.153996247040,-0.153996,-0.153996247040,NC,R,RED,red
1956,-0.013270509750,-0.013271,-0.013370509750,NC,D,BLUE,blue
1956,0.000000000000,0.000000,0.000100000000,ND,R,RED,red
1956,-0.153996247040,-0.153996,-0.153996247040,ND,R,RED,red
1956,0.236323334291,0.236323,0.236423334291,ND,D,BLUE,blue
1956,0.000000000000,0.000000,0.000100000000,NE-AL,R,RED,red
1956,-0.153996247040,-0.153996,-0.153996247040,NE-AL,R,RED,red
1956,0.310288545008,0.310289,0.310388545008,NE-AL,D,BLUE,blue
1956,0.000000000000,0.000000,0.000100000000,NH,R,RED,red
1956,-0.153996247040,-0.153996,-0.153996247040,NH,R,RED,red
1956,0.322685153973,0.322685,0.322785153973,NH,D,BLUE,blue
1956,0.000000000000,0.000000,0.000100000000,NJ,R,RED,red
1956,-0.153996247040,-0.153996,-0.153996247040,NJ,R,RED,red
1956,0.304553131813,0.304553,0.304653131813,NJ,D,BLUE,blue
1956,0.000000000000,0.000000,0.000100000000,NM,R,RED,red
1956,-0.153996247040,-0.153996,-0.153996247040,NM,R,RED,red
1956,0.160243535518,0.160244,0.160343535518,NM,D,BLUE,blue
1956,0.000000000000,0.000000,0.000100000000,NV,R,RED,red
1956,-0.153996247040,-0.153996,-0.153996247040,NV,R,RED,red
1956,0.159366629089,0.159367,0.159466629089,NV,D,BLUE,blue
1956,0.000000000000,0.000000,0.000100000000,NY,R,RED,red
1956,-0.153996247040,-0.153996,-0.153996247040,NY,R,RED,red
1956,0.224093571769,0.224094,0.224193571769,NY,D,BLUE,blue
1956,0.000000000000,0.000000,0.000100000000,OH,R,RED,red
1956,-0.153996247040,-0.153996,-0.153996247040,OH,R,RED,red
1956,0.222284196296,0.222284,0.222384196296,OH,D,BLUE,blue
1956,0.000000000000,0.000000,0.000100000000,OK,R,RED,red
1956,-0.153996247040,-0.153996,-0.153996247040,OK,R,RED,red
1956,0.102621748996,0.102622,0.102721748996,OK,D,BLUE,blue
1956,0.000000000000,0.000000,0.000100000000,OR,R,RED,red
1956,-0.153996247040,-0.153996,-0.153996247040,OR,R,RED,red
1956,0.104933815663,0.104934,0.105033815663,OR,D,BLUE,blue
1956,0.000000000000,0.000000,0.000100000000,PA,R,RED,red
1956,-0.153996247040,-0.153996,-0.153996247040,PA,R,RED,red
1956,0.131865531389,0.131866,0.131965531389,PA,D,BLUE,blue
1956,0.000000000000,0.000000,0.000100000000,RI,R,RED,red
1956,-0.153996247040,-0.153996,-0.153996247040,RI,R,RED,red
1956,0.165188810431,0.165189,0.165288810431,RI,D,BLUE,blue
1956,0.000000000000,0.000000,0.000100000000,SC,D,BLUE,blue
1956,-0.153996247040,-0.153996,-0.153996247040,SC,D,BLUE,blue
1956,-0.201847742554,-0.201848,-0.201947742554,SC,D,BLUE,blue
1956,0.000000000000,0.000000,0.000100000000,SD,R,RED,red
1956,-0.153996247040,-0.153996,-0.153996247040,SD,R,RED,red
1956,0.167704019302,0.167704,0.167804019302,SD,D,BLUE,blue
1956,0.000000000000,0.000000,0.000100000000,TN,R,RED,red
1956,-0.153996247040,-0.153996,-0.153996247040,TN,R,RED,red
1956,0.006153901836,0.006154,0.006253901836,TN,D,BLUE,blue
1956,0.000000000000,0.000000,0.000100000000,TX,R,RED,red
1956,-0.153996247040,-0.153996,-0.153996247040,TX,R,RED,red
1956,0.112838620436,0.112839,0.112938620436,TX,D,BLUE,blue
1956,0.000000000000,0.000000,0.000100000000,UT,R,RED,red
1956,-0.153996247040,-0.153996,-0.153996247040,UT,R,RED,red
1956,0.291222922499,0.291223,0.291322922499,UT,D,BLUE,blue
1956,0.000000000000,0.000000,0.000100000000,VA,R,RED,red
1956,-0.153996247040,-0.153996,-0.153996247040,VA,R,RED,red
1956,0.170061234022,0.170061,0.170161234022,VA,D,BLUE,blue
1956,0.000000000000,0.000000,0.000100000000,VT,R,RED,red
1956,-0.153996247040,-0.153996,-0.153996247040,VT,R,RED,red
1956,0.443468995542,0.443469,0.443568995542,VT,D,BLUE,blue
1956,0.000000000000,0.000000,0.000100000000,WA,R,RED,red
1956,-0.153996247040,-0.153996,-0.153996247040,WA,R,RED,red
1956,0.084654558346,0.084655,0.084754558346,WA,D,BLUE,blue
1956,0.000000000000,0.000000,0.000100000000,WI,R,RED,red
1956,-0.153996247040,-0.153996,-0.153996247040,WI,R,RED,red
1956,0.237382929242,0.237383,0.237482929242,WI,D,BLUE,blue
1956,0.000000000000,0.000000,0.000100000000,WV,R,RED,red
1956,-0.153996247040,-0.153996,-0.153996247040,WV,R,RED,red
1956,0.081560509899,0.081561,0.081660509899,WV,D,BLUE,blue
1956,0.000000000000,0.000000,0.000100000000,WY,R,RED,red
1956,-0.153996247040,-0.153996,-0.153996247040,WY,R,RED,red
1956,0.201559692895,0.201560,0.201659692895,WY,D,BLUE,blue
1960,0.000000000000,0.000000,0.000100000000,AK,R,RED,red
1960,0.001639153445,0.001639,0.001639153445,AK,R,RED,red
1960,0.018827556697,0.018828,0.018927556697,AK,D,BLUE,blue
1960,0.000000000000,0.000000,0.000100000000,AL,T,YELLOW,yellow
1960,0.001639153445,0.001639,0.001639153445,AL,T,YELLOW,yellow
1960,0.013056408136,0.013056,0.013156408136,AL,D,BLUE,blue
1960,-0.195537148400,-0.195537,-0.195637148400,AL,T,YELLOW,yellow
1960,0.000000000000,0.000000,0.000100000000,AR,D,BLUE,blue
1960,0.001639153445,0.001639,0.001639153445,AR,D,BLUE,blue
1960,-0.071272715392,-0.071273,-0.071372715392,AR,D,BLUE,blue
1960,0.000000000000,0.000000,0.000100000000,AZ,R,RED,red
1960,0.001639153445,0.001639,0.001639153445,AZ,R,RED,red
1960,0.111570901225,0.111571,0.111670901225,AZ,D,BLUE,blue
1960,0.000000000000,0.000000,0.000100000000,CA,R,RED,red
1960,0.001639153445,0.001639,0.001639153445,CA,R,RED,red
1960,0.005474920918,0.005475,0.005574920918,CA,D,BLUE,blue
1960,0.000000000000,0.000000,0.000100000000,CO,R,RED,red
1960,0.001639153445,0.001639,0.001639153445,CO,R,RED,red
1960,0.097267761047,0.097268,0.097367761047,CO,D,BLUE,blue
1960,0.000000000000,0.000000,0.000100000000,CT,D,BLUE,blue
1960,0.001639153445,0.001639,0.001639153445,CT,D,BLUE,blue
1960,-0.074612207382,-0.074612,-0.074712207382,CT,D,BLUE,blue
1960,0.000000000000,0.000000,0.000100000000,DE,D,BLUE,blue
1960,0.001639153445,0.001639,0.001639153445,DE,D,BLUE,blue
1960,-0.016356268717,-0.016356,-0.016456268717,DE,D,BLUE,blue
1960,0.000000000000,0.000000,0.000100000000,FL,R,RED,red
1960,0.001639153445,0.001639,0.001639153445,FL,R,RED,red
1960,0.030291883827,0.030292,0.030391883827,FL,D,BLUE,blue
1960,0.000000000000,0.000000,0.000100000000,GA,D,BLUE,blue
1960,0.001639153445,0.001639,0.001639153445,GA,D,BLUE,blue
1960,-0.251130089494,-0.251130,-0.251230089494,GA,D,BLUE,blue
1960,0.000000000000,0.000000,0.000100000000,HI,D,BLUE,blue
1960,0.001639153445,0.001639,0.001639153445,HI,D,BLUE,blue
1960,-0.000622614439,-0.000623,-0.000722614439,HI,D,BLUE,blue
1960,0.000000000000,0.000000,0.000100000000,IA,R,RED,red
1960,0.001639153445,0.001639,0.001639153445,IA,R,RED,red
1960,0.134883538361,0.134884,0.134983538361,IA,D,BLUE,blue
1960,0.000000000000,0.000000,0.000100000000,ID,R,RED,red
1960,0.001639153445,0.001639,0.001639153445,ID,R,RED,red
1960,0.075699783658,0.075700,0.075799783658,ID,D,BLUE,blue
1960,0.000000000000,0.000000,0.000100000000,IL,D,BLUE,blue
1960,0.001639153445,0.001639,0.001639153445,IL,D,BLUE,blue
1960,-0.001861937874,-0.001862,-0.001961937874,IL,D,BLUE,blue
1960,0.000000000000,0.000000,0.000100000000,IN,R,RED,red
1960,0.001639153445,0.001639,0.001639153445,IN,R,RED,red
1960,0.104320582946,0.104321,0.104420582946,IN,D,BLUE,blue
1960,0.000000000000,0.000000,0.000100000000,KS,R,RED,red
1960,0.001639153445,0.001639,0.001639153445,KS,R,RED,red
1960,0.213453556913,0.213454,0.213553556913,KS,D,BLUE,blue
1960,0.000000000000,0.000000,0.000100000000,KY,R,RED,red
1960,0.001639153445,0.001639,0.001639153445,KY,R,RED,red
1960,0.071813898558,0.071814,0.071913898558,KY,D,BLUE,blue
1960,0.000000000000,0.000000,0.000100000000,LA,D,BLUE,blue
1960,0.001639153445,0.001639,0.001639153445,LA,D,BLUE,blue
1960,-0.218295537393,-0.218296,-0.218395537393,LA,D,BLUE,blue
1960,0.000000000000,0.000000,0.000100000000,MA,D,BLUE,blue
1960,0.001639153445,0.001639,0.001639153445,MA,D,BLUE,blue
1960,-0.206692907009,-0.206693,-0.206792907009,MA,D,BLUE,blue
1960,0.000000000000,0.000000,0.000100000000,MD,D,BLUE,blue
1960,0.001639153445,0.001639,0.001639153445,MD,D,BLUE,blue
1960,-0.072269931558,-0.072270,-0.072369931558,MD,D,BLUE,blue
1960,0.000000000000,0.000000,0.000100000000,ME-AL,R,RED,red
1960,0.001639153445,0.001639,0.001639153445,ME-AL,R,RED,red
1960,0.140952231920,0.140952,0.141052231920,ME-AL,D,BLUE,blue
1960,0.000000000000,0.000000,0.000100000000,MI,D,BLUE,blue
1960,0.001639153445,0.001639,0.001639153445,MI,D,BLUE,blue
1960,-0.020144377937,-0.020144,-0.020244377937,MI,D,BLUE,blue
1960,0.000000000000,0.000000,0.000100000000,MN,D,BLUE,blue
1960,0.001639153445,0.001639,0.001639153445,MN,D,BLUE,blue
1960,-0.014279905077,-0.014280,-0.014379905077,MN,D,BLUE,blue
1960,0.000000000000,0.000000,0.000100000000,MO,D,BLUE,blue
1960,0.001639153445,0.001639,0.001639153445,MO,D,BLUE,blue
1960,-0.005159163823,-0.005159,-0.005259163823,MO,D,BLUE,blue
1960,0.000000000000,0.000000,0.000100000000,MS,T,YELLOW,yellow
1960,0.001639153445,0.001639,0.001639153445,MS,T,YELLOW,yellow
1960,0.052895821525,0.052896,0.052995821525,MS,D,BLUE,blue
1960,-0.286325631936,-0.286326,-0.286425631936,MS,T,YELLOW,yellow
1960,0.000000000000,0.000000,0.000100000000,MT,R,RED,red
1960,0.001639153445,0.001639,0.001639153445,MT,R,RED,red
1960,0.025037917134,0.025038,0.025137917134,MT,D,BLUE,blue
1960,0.000000000000,0.000000,0.000100000000,NC,D,BLUE,blue
1960,0.001639153445,0.001639,0.001639153445,NC,D,BLUE,blue
1960,-0.042172918025,-0.042173,-0.042272918025,NC,D,BLUE,blue
1960,0.000000000000,0.000000,0.000100000000,ND,R,RED,red
1960,0.001639153445,0.001639,0.001639153445,ND,R,RED,red
1960,0.108992892314,0.108993,0.109092892314,ND,D,BLUE,blue
1960,0.000000000000,0.000000,0.000100000000,NE-AL,R,RED,red
1960,0.001639153445,0.001639,0.001639153445,NE-AL,R,RED,red
1960,0.241416093754,0.241416,0.241516093754,NE-AL,D,BLUE,blue
1960,0.000000000000,0.000000,0.000100000000,NH,R,RED,red
1960,0.001639153445,0.001639,0.001639153445,NH,R,RED,red
1960,0.068355868421,0.068356,0.068455868421,NH,D,BLUE,blue
1960,0.000000000000,0.000000,0.000100000000,NJ,D,BLUE,blue
1960,0.001639153445,0.001639,0.001639153445,NJ,D,BLUE,blue
1960,-0.007966143440,-0.007966,-0.008066143440,NJ,D,BLUE,blue
1960,0.000000000000,0.000000,0.000100000000,NM,D,BLUE,blue
1960,0.001639153445,0.001639,0.001639153445,NM,D,BLUE,blue
1960,-0.007373668866,-0.007374,-0.007473668866,NM,D,BLUE,blue
1960,0.000000000000,0.000000,0.000100000000,NV,D,BLUE,blue
1960,0.001639153445,0.001639,0.001639153445,NV,D,BLUE,blue
1960,-0.023241071345,-0.023241,-0.023341071345,NV,D,BLUE,blue
1960,0.000000000000,0.000000,0.000100000000,NY,D,BLUE,blue
1960,0.001639153445,0.001639,0.001639153445,NY,D,BLUE,blue
1960,-0.052621292404,-0.052621,-0.052721292404,NY,D,BLUE,blue
1960,0.000000000000,0.000000,0.000100000000,OH,R,RED,red
1960,0.001639153445,0.001639,0.001639153445,OH,R,RED,red
1960,0.065682907566,0.065683,0.065782907566,OH,D,BLUE,blue
1960,0.000000000000,0.000000,0.000100000000,OK,R,RED,red
1960,0.001639153445,0.001639,0.001639153445,OK,R,RED,red
1960,0.180399712119,0.180400,0.180499712119,OK,D,BLUE,blue
1960,0.000000000000,0.000000,0.000100000000,OR,R,RED,red
1960,0.001639153445,0.001639,0.001639153445,OR,R,RED,red
1960,0.052365920036,0.052366,0.052465920036,OR,D,BLUE,blue
1960,0.000000000000,0.000000,0.000100000000,PA,D,BLUE,blue
1960,0.001639153445,0.001639,0.001639153445,PA,D,BLUE,blue
1960,-0.023234804229,-0.023235,-0.023334804229,PA,D,BLUE,blue
1960,0.000000000000,0.000000,0.000100000000,RI,D,BLUE,blue
1960,0.001639153445,0.001639,0.001639153445,RI,D,BLUE,blue
1960,-0.272553540385,-0.272554,-0.272653540385,RI,D,BLUE,blue
1960,0.000000000000,0.000000,0.000100000000,SC,D,BLUE,blue
1960,0.001639153445,0.001639,0.001639153445,SC,D,BLUE,blue
1960,-0.024751220622,-0.024751,-0.024851220622,SC,D,BLUE,blue
1960,0.000000000000,0.000000,0.000100000000,SD,R,RED,red
1960,0.001639153445,0.001639,0.001639153445,SD,R,RED,red
1960,0.164271241521,0.164271,0.164371241521,SD,D,BLUE,blue
1960,0.000000000000,0.000000,0.000100000000,TN,R,RED,red
1960,0.001639153445,0.001639,0.001639153445,TN,R,RED,red
1960,0.071424768395,0.071425,0.071524768395,TN,D,BLUE,blue
1960,0.000000000000,0.000000,0.000100000000,TX,D,BLUE,blue
1960,0.001639153445,0.001639,0.001639153445,TX,D,BLUE,blue
1960,-0.020015282872,-0.020015,-0.020115282872,TX,D,BLUE,blue
1960,0.000000000000,0.000000,0.000100000000,UT,R,RED,red
1960,0.001639153445,0.001639,0.001639153445,UT,R,RED,red
1960,0.096376121203,0.096376,0.096476121203,UT,D,BLUE,blue
1960,0.000000000000,0.000000,0.000100000000,VA,R,RED,red
1960,0.001639153445,0.001639,0.001639153445,VA,R,RED,red
1960,0.054694477535,0.054694,0.054794477535,VA,D,BLUE,blue
1960,0.000000000000,0.000000,0.000100000000,VT,R,RED,red
1960,0.001639153445,0.001639,0.001639153445,VT,R,RED,red
1960,0.172987736368,0.172988,0.173087736368,VT,D,BLUE,blue
1960,0.000000000000,0.000000,0.000100000000,WA,R,RED,red
1960,0.001639153445,0.001639,0.001639153445,WA,R,RED,red
1960,0.024142780282,0.024143,0.024242780282,WA,D,BLUE,blue
1960,0.000000000000,0.000000,0.000100000000,WI,R,RED,red
1960,0.001639153445,0.001639,0.001639153445,WI,R,RED,red
1960,0.037227846915,0.037228,0.037327846915,WI,D,BLUE,blue
1960,0.000000000000,0.000000,0.000100000000,WV,D,BLUE,blue
1960,0.001639153445,0.001639,0.001639153445,WV,D,BLUE,blue
1960,-0.054657482087,-0.054657,-0.054757482087,WV,D,BLUE,blue
1960,0.000000000000,0.000000,0.000100000000,WY,R,RED,red
1960,0.001639153445,0.001639,0.001639153445,WY,R,RED,red
1960,0.100296912958,0.100297,0.100396912958,WY,D,BLUE,blue
1964,0.000000000000,0.000000,0.000100000000,AK,D,BLUE,blue
1964,0.225833671648,0.225834,0.225833671648,AK,D,BLUE,blue
1964,-0.318158164707,-0.318158,-0.318258164707,AK,D,BLUE,blue
1964,0.000000000000,0.000000,0.000100000000,AL,R,RED,red
1964,0.225833671648,0.225834,0.225833671648,AL,R,RED,red
1964,0.389020566324,0.389021,0.389120566324,AL,D,BLUE,blue
1964,0.000000000000,0.000000,0.000100000000,AR,D,BLUE,blue
1964,0.225833671648,0.225834,0.225833671648,AR,D,BLUE,blue
1964,-0.126569787983,-0.126570,-0.126669787983,AR,D,BLUE,blue
1964,0.000000000000,0.000000,0.000100000000,AZ,R,RED,red
1964,0.225833671648,0.225834,0.225833671648,AZ,D,BLUE,blue
1964,0.009946544086,0.009947,0.010046544086,AZ,D,BLUE,blue
1964,0.000000000000,0.000000,0.000100000000,CA,D,BLUE,blue
1964,0.225833671648,0.225834,0.225833671648,CA,D,BLUE,blue
1964,-0.183174388523,-0.183174,-0.183274388523,CA,D,BLUE,blue
1964,0.000000000000,0.000000,0.000100000000,CO,D,BLUE,blue
1964,0.225833671648,0.225834,0.225833671648,CO,D,BLUE,blue
1964,-0.230708146608,-0.230708,-0.230808146608,CO,D,BLUE,blue
1964,0.000000000000,0.000000,0.000100000000,CT,D,BLUE,blue
1964,0.225833671648,0.225834,0.225833671648,CT,D,BLUE,blue
1964,-0.357197487563,-0.357197,-0.357297487563,CT,D,BLUE,blue
1964,0.000000000000,0.000000,0.000100000000,DC,D,BLUE,blue
1964,0.225833671648,0.225834,0.225833671648,DC,D,BLUE,blue
1964,0.000000000000,0.000000,0.000100000000,DE,D,BLUE,blue
1964,0.225833671648,0.225834,0.225833671648,DE,D,BLUE,blue
1964,-0.221666997814,-0.221667,-0.221766997814,DE,D,BLUE,blue
1964,0.000000000000,0.000000,0.000100000000,FL,D,BLUE,blue
1964,0.225833671648,0.225834,0.225833671648,FL,D,BLUE,blue
1964,-0.022970847369,-0.022971,-0.023070847369,FL,D,BLUE,blue
1964,0.000000000000,0.000000,0.000100000000,GA,R,RED,red
1964,0.225833671648,0.225834,0.225833671648,GA,D,BLUE,blue
1964,0.082527893440,0.082528,0.082627893440,GA,D,BLUE,blue
1964,0.000000000000,0.000000,0.000100000000,HI,D,BLUE,blue
1964,0.225833671648,0.225834,0.225833671648,HI,D,BLUE,blue
1964,0.000000000000,0.000000,0.000100000000,IA,D,BLUE,blue
1964,0.225833671648,0.225834,0.225833671648,IA,D,BLUE,blue
1964,-0.239656102501,-0.239656,-0.239756102501,IA,D,BLUE,blue
1964,0.000000000000,0.000000,0.000100000000,ID,D,BLUE,blue
1964,0.225833671648,0.225834,0.225833671648,ID,D,BLUE,blue
1964,-0.018336484578,-0.018336,-0.018436484578,ID,D,BLUE,blue
1964,0.000000000000,0.000000,0.000100000000,IL,D,BLUE,blue
1964,0.225833671648,0.225834,0.225833671648,IL,D,BLUE,blue
1964,-0.189435917566,-0.189436,-0.189535917566,IL,D,BLUE,blue
1964,0.000000000000,0.000000,0.000100000000,IN,D,BLUE,blue
1964,0.225833671648,0.225834,0.225833671648,IN,D,BLUE,blue
1964,-0.124177306816,-0.124177,-0.124277306816,IN,D,BLUE,blue
1964,0.000000000000,0.000000,0.000100000000,KS,D,BLUE,blue
1964,0.225833671648,0.225834,0.225833671648,KS,D,BLUE,blue
1964,-0.090277316380,-0.090277,-0.090377316380,KS,D,BLUE,blue
1964,0.000000000000,0.000000,0.000100000000,KY,D,BLUE,blue
1964,0.225833671648,0.225834,0.225833671648,KY,D,BLUE,blue
1964,-0.283606330149,-0.283606,-0.283706330149,KY,D,BLUE,blue
1964,0.000000000000,0.000000,0.000100000000,LA,R,RED,red
1964,0.225833671648,0.225834,0.225833671648,LA,D,BLUE,blue
1964,0.136291369005,0.136291,0.136391369005,LA,D,BLUE,blue
1964,0.000000000000,0.000000,0.000100000000,MA,D,BLUE,blue
1964,0.225833671648,0.225834,0.225833671648,MA,D,BLUE,blue
1964,0.000000000000,0.000000,0.000100000000,MD,D,BLUE,blue
1964,0.225833671648,0.225834,0.225833671648,MD,D,BLUE,blue
1964,-0.309386747542,-0.309387,-0.309486747542,MD,D,BLUE,blue
1964,0.000000000000,0.000000,0.000100000000,ME-AL,D,BLUE,blue
1964,0.225833671648,0.225834,0.225833671648,ME-AL,D,BLUE,blue
1964,-0.376587333856,-0.376587,-0.376687333856,ME-AL,D,BLUE,blue
1964,0.000000000000,0.000000,0.000100000000,MI,D,BLUE,blue
1964,0.225833671648,0.225834,0.225833671648,MI,D,BLUE,blue
1964,-0.336068910700,-0.336069,-0.336168910700,MI,D,BLUE,blue
1964,0.000000000000,0.000000,0.000100000000,MN,D,BLUE,blue
1964,0.225833671648,0.225834,0.225833671648,MN,D,BLUE,blue
1964,-0.277583498342,-0.277583,-0.277683498342,MN,D,BLUE,blue
1964,0.000000000000,0.000000,0.000100000000,MO,D,BLUE,blue
1964,0.225833671648,0.225834,0.225833671648,MO,D,BLUE,blue
1964,-0.280991749176,-0.280992,-0.281091749176,MO,D,BLUE,blue
1964,0.000000000000,0.000000,0.000100000000,MS,R,RED,red
1964,0.225833671648,0.225834,0.225833671648,MS,R,RED,red
1964,0.000000000000,0.000000,0.000100000000,MT,D,BLUE,blue
1964,0.225833671648,0.225834,0.225833671648,MT,D,BLUE,blue
1964,-0.183807801082,-0.183808,-0.183907801082,MT,D,BLUE,blue
1964,0.000000000000,0.000000,0.000100000000,NC,D,BLUE,blue
1964,0.225833671648,0.225834,0.225833671648,NC,D,BLUE,blue
1964,-0.123015502641,-0.123016,-0.123115502641,NC,D,BLUE,blue
1964,0.000000000000,0.000000,0.000100000000,ND,D,BLUE,blue
1964,0.225833671648,0.225834,0.225833671648,ND,D,BLUE,blue
1964,-0.160908552609,-0.160909,-0.161008552609,ND,D,BLUE,blue
1964,0.000000000000,0.000000,0.000100000000,NE-AL,D,BLUE,blue
1964,0.225833671648,0.225834,0.225833671648,NE-AL,D,BLUE,blue
1964,-0.052143784002,-0.052144,-0.052243784002,NE-AL,D,BLUE,blue
1964,0.000000000000,0.000000,0.000100000000,NH,D,BLUE,blue
1964,0.225833671648,0.225834,0.225833671648,NH,D,BLUE,blue
1964,-0.277809596207,-0.277810,-0.277909596207,NH,D,BLUE,blue
1964,0.000000000000,0.000000,0.000100000000,NJ,D,BLUE,blue
1964,0.225833671648,0.225834,0.225833671648,NJ,D,BLUE,blue
1964,-0.317492456363,-0.317492,-0.317592456363,NJ,D,BLUE,blue
1964,0.000000000000,0.000000,0.000100000000,NM,D,BLUE,blue
1964,0.225833671648,0.225834,0.225833671648,NM,D,BLUE,blue
1964,-0.189792897151,-0.189793,-0.189892897151,NM,D,BLUE,blue
1964,0.000000000000,0.000000,0.000100000000,NV,D,BLUE,blue
1964,0.225833671648,0.225834,0.225833671648,NV,D,BLUE,blue
1964,-0.171634682832,-0.171635,-0.171734682832,NV,D,BLUE,blue
1964,0.000000000000,0.000000,0.000100000000,NY,D,BLUE,blue
1964,0.225833671648,0.225834,0.225833671648,NY,D,BLUE,blue
1964,-0.372535781742,-0.372536,-0.372635781742,NY,D,BLUE,blue
1964,0.000000000000,0.000000,0.000100000000,OH,D,BLUE,blue
1964,0.225833671648,0.225834,0.225833671648,OH,D,BLUE,blue
1964,-0.258859980711,-0.258860,-0.258959980711,OH,D,BLUE,blue
1964,0.000000000000,0.000000,0.000100000000,OK,D,BLUE,blue
1964,0.225833671648,0.225834,0.225833671648,OK,D,BLUE,blue
1964,-0.114926664801,-0.114927,-0.115026664801,OK,D,BLUE,blue
1964,0.000000000000,0.000000,0.000100000000,OR,D,BLUE,blue
1964,0.225833671648,0.225834,0.225833671648,OR,D,BLUE,blue
1964,-0.277548788320,-0.277549,-0.277648788320,OR,D,BLUE,blue
1964,0.000000000000,0.000000,0.000100000000,PA,D,BLUE,blue
1964,0.225833671648,0.225834,0.225833671648,PA,D,BLUE,blue
1964,-0.302175134624,-0.302175,-0.302275134624,PA,D,BLUE,blue
1964,0.000000000000,0.000000,0.000100000000,RI,D,BLUE,blue
1964,0.225833671648,0.225834,0.225833671648,RI,D,BLUE,blue
1964,0.000000000000,0.000000,0.000100000000,SC,R,RED,red
1964,0.225833671648,0.225834,0.225833671648,SC,D,BLUE,blue
1964,0.177888390033,0.177888,0.177988390033,SC,D,BLUE,blue
1964,0.000000000000,0.000000,0.000100000000,SD,D,BLUE,blue
1964,0.225833671648,0.225834,0.225833671648,SD,D,BLUE,blue
1964,-0.112248309555,-0.112248,-0.112348309555,SD,D,BLUE,blue
1964,0.000000000000,0.000000,0.000100000000,TN,D,BLUE,blue
1964,0.225833671648,0.225834,0.225833671648,TN,D,BLUE,blue
1964,-0.110129324286,-0.110129,-0.110229324286,TN,D,BLUE,blue
1964,0.000000000000,0.000000,0.000100000000,TX,D,BLUE,blue
1964,0.225833671648,0.225834,0.225833671648,TX,D,BLUE,blue
1964,-0.268241224816,-0.268241,-0.268341224816,TX,D,BLUE,blue
1964,0.000000000000,0.000000,0.000100000000,UT,D,BLUE,blue
1964,0.225833671648,0.225834,0.225833671648,UT,D,BLUE,blue
1964,-0.097289600560,-0.097290,-0.097389600560,UT,D,BLUE,blue
1964,0.000000000000,0.000000,0.000100000000,VA,D,BLUE,blue
1964,0.225833671648,0.225834,0.225833671648,VA,D,BLUE,blue
1964,-0.073593426636,-0.073593,-0.073693426636,VA,D,BLUE,blue
1964,0.000000000000,0.000000,0.000100000000,VT,D,BLUE,blue
1964,0.225833671648,0.225834,0.225833671648,VT,D,BLUE,blue
1964,-0.326110283342,-0.326110,-0.326210283342,VT,D,BLUE,blue
1964,0.000000000000,0.000000,0.000100000000,WA,D,BLUE,blue
1964,0.225833671648,0.225834,0.225833671648,WA,D,BLUE,blue
1964,-0.245928667457,-0.245929,-0.246028667457,WA,D,BLUE,blue
1964,0.000000000000,0.000000,0.000100000000,WI,D,BLUE,blue
1964,0.225833671648,0.225834,0.225833671648,WI,D,BLUE,blue
1964,-0.243483477803,-0.243483,-0.243583477803,WI,D,BLUE,blue
1964,0.000000000000,0.000000,0.000100000000,WV,D,BLUE,blue
1964,0.225833671648,0.225834,0.225833671648,WV,D,BLUE,blue
1964,-0.358736932478,-0.358737,-0.358836932478,WV,D,BLUE,blue
1964,0.000000000000,0.000000,0.000100000000,WY,D,BLUE,blue
1964,0.225833671648,0.225834,0.225833671648,WY,D,BLUE,blue
1964,-0.131169595560,-0.131170,-0.131269595560,WY,D,BLUE,blue
1968,0.000000000000,0.000000,0.000100000000,AK,R,RED,red
1968,-0.006993770683,-0.006994,-0.006993770683,AK,R,RED,red
1968,0.026362377311,0.026362,0.026462377311,AK,D,BLUE,blue
1968,0.000000000000,0.000000,0.000100000000,AL,T,YELLOW,yellow
1968,-0.006993770683,-0.006994,-0.006993770683,AL,T,YELLOW,yellow
1968,0.000000000000,0.000000,0.000100000000,AR,T,YELLOW,yellow
1968,-0.006993770683,-0.006994,-0.006993770683,AR,T,YELLOW,yellow
1968,0.166426614610,0.166427,0.166526614610,AR,D,BLUE,blue
1968,-0.152774815860,-0.152775,-0.152874815860,AR,T,YELLOW,yellow
1968,0.000000000000,0.000000,0.000100000000,AZ,R,RED,red
1968,-0.006993770683,-0.006994,-0.006993770683,AZ,R,RED,red
1968,0.197576272857,0.197576,0.197676272857,AZ,D,BLUE,blue
1968,0.000000000000,0.000000,0.000100000000,CA,R,RED,red
1968,-0.006993770683,-0.006994,-0.006993770683,CA,R,RED,red
1968,0.030799602901,0.030800,0.030899602901,CA,D,BLUE,blue
1968,0.000000000000,0.000000,0.000100000000,CO,R,RED,red
1968,-0.006993770683,-0.006994,-0.006993770683,CO,R,RED,red
1968,0.091433791215,0.091434,0.091533791215,CO,D,BLUE,blue
1968,0.000000000000,0.000000,0.000100000000,CT,D,BLUE,blue
1968,-0.006993770683,-0.006994,-0.006993770683,CT,D,BLUE,blue
1968,-0.051614669902,-0.051615,-0.051714669902,CT,D,BLUE,blue
1968,0.000000000000,0.000000,0.000100000000,DC,D,BLUE,blue
1968,-0.006993770683,-0.006994,-0.006993770683,DC,D,BLUE,blue
1968,0.000000000000,0.000000,0.000100000000,DE,R,RED,red
1968,-0.006993770683,-0.006994,-0.006993770683,DE,R,RED,red
1968,0.035080026310,0.035080,0.035180026310,DE,D,BLUE,blue
1968,0.000000000000,0.000000,0.000100000000,FL,R,RED,red
1968,-0.006993770683,-0.006994,-0.006993770683,FL,R,RED,red
1968,0.095991187514,0.095991,0.096091187514,FL,D,BLUE,blue
1968,0.000000000000,0.000000,0.000100000000,GA,T,YELLOW,yellow
1968,-0.006993770683,-0.006994,-0.006993770683,GA,T,YELLOW,yellow
1968,0.321707540635,0.321708,0.321807540635,GA,D,BLUE,blue
1968,-0.248649487389,-0.248649,-0.248749487389,GA,T,YELLOW,yellow
1968,0.000000000000,0.000000,0.000100000000,HI,D,BLUE,blue
1968,-0.006993770683,-0.006994,-0.006993770683,HI,D,BLUE,blue
1968,-0.211241310992,-0.211241,-0.211341310992,HI,D,BLUE,blue
1968,0.000000000000,0.000000,0.000100000000,IA,R,RED,red
1968,-0.006993770683,-0.006994,-0.006993770683,IA,R,RED,red
1968,0.121931004486,0.121931,0.122031004486,IA,D,BLUE,blue
1968,0.000000000000,0.000000,0.000100000000,ID,R,RED,red
1968,-0.006993770683,-0.006994,-0.006993770683,ID,R,RED,red
1968,0.261333937764,0.261334,0.261433937764,ID,D,BLUE,blue
1968,0.000000000000,0.000000,0.000100000000,IL,R,RED,red
1968,-0.006993770683,-0.006994,-0.006993770683,IL,R,RED,red
1968,0.029213708364,0.029214,0.029313708364,IL,D,BLUE,blue
1968,0.000000000000,0.000000,0.000100000000,IN,R,RED,red
1968,-0.006993770683,-0.006994,-0.006993770683,IN,R,RED,red
1968,0.123011098622,0.123011,0.123111098622,IN,D,BLUE,blue
1968,0.000000000000,0.000000,0.000100000000,KS,R,RED,red
1968,-0.006993770683,-0.006994,-0.006993770683,KS,R,RED,red
1968,0.201284855457,0.201285,0.201384855457,KS,D,BLUE,blue
1968,0.000000000000,0.000000,0.000100000000,KY,R,RED,red
1968,-0.006993770683,-0.006994,-0.006993770683,KY,R,RED,red
1968,0.061436149307,0.061436,0.061536149307,KY,D,BLUE,blue
1968,0.000000000000,0.000000,0.000100000000,LA,T,YELLOW,yellow
1968,-0.006993770683,-0.006994,-0.006993770683,LA,T,YELLOW,yellow
1968,0.402177775753,0.402178,0.402277775753,LA,D,BLUE,blue
1968,-0.497088705636,-0.497089,-0.497188705636,LA,T,YELLOW,yellow
1968,0.000000000000,0.000000,0.000100000000,MA,D,BLUE,blue
1968,-0.006993770683,-0.006994,-0.006993770683,MA,D,BLUE,blue
1968,-0.301221570733,-0.301222,-0.301321570733,MA,D,BLUE,blue
1968,0.000000000000,0.000000,0.000100000000,MD,D,BLUE,blue
1968,-0.006993770683,-0.006994,-0.006993770683,MD,D,BLUE,blue
1968,-0.016448873274,-0.016449,-0.016548873274,MD,D,BLUE,blue
1968,0.000000000000,0.000000,0.000100000000,ME-AL,D,BLUE,blue
1968,-0.006993770683,-0.006994,-0.006993770683,ME-AL,D,BLUE,blue
1968,-0.122304904616,-0.122305,-0.122404904616,ME-AL,D,BLUE,blue
1968,0.000000000000,0.000000,0.000100000000,MI,D,BLUE,blue
1968,-0.006993770683,-0.006994,-0.006993770683,MI,D,BLUE,blue
1968,-0.067271682420,-0.067272,-0.067371682420,MI,D,BLUE,blue
1968,0.000000000000,0.000000,0.000100000000,MN,D,BLUE,blue
1968,-0.006993770683,-0.006994,-0.006993770683,MN,D,BLUE,blue
1968,-0.125334432896,-0.125334,-0.125434432896,MN,D,BLUE,blue
1968,0.000000000000,0.000000,0.000100000000,MO,R,RED,red
1968,-0.006993770683,-0.006994,-0.006993770683,MO,R,RED,red
1968,0.011322452255,0.011322,0.011422452255,MO,D,BLUE,blue
1968,0.000000000000,0.000000,0.000100000000,MS,T,YELLOW,yellow
1968,-0.006993770683,-0.006994,-0.006993770683,MS,T,YELLOW,yellow
1968,0.000000000000,0.000000,0.000100000000,MT,R,RED,red
1968,-0.006993770683,-0.006994,-0.006993770683,MT,R,RED,red
1968,0.090078861824,0.090079,0.090178861824,MT,D,BLUE,blue
1968,0.000000000000,0.000000,0.000100000000,NC,R,RED,red
1968,-0.006993770683,-0.006994,-0.006993770683,NC,R,RED,red
1968,0.102727382105,0.102727,0.102827382105,NC,D,BLUE,blue
1968,0.000000000000,0.000000,0.000100000000,ND,R,RED,red
1968,-0.006993770683,-0.006994,-0.006993770683,ND,R,RED,red
1968,0.177100394543,0.177100,0.177200394543,ND,D,BLUE,blue
1968,0.000000000000,0.000000,0.000100000000,NE-AL,R,RED,red
1968,-0.006993770683,-0.006994,-0.006993770683,NE-AL,R,RED,red
1968,0.280113104008,0.280113,0.280213104008,NE-AL,D,BLUE,blue
1968,0.000000000000,0.000000,0.000100000000,NH,R,RED,red
1968,-0.006993770683,-0.006994,-0.006993770683,NH,R,RED,red
1968,0.081783261240,0.081783,0.081883261240,NH,D,BLUE,blue
1968,0.000000000000,0.000000,0.000100000000,NJ,R,RED,red
1968,-0.006993770683,-0.006994,-0.006993770683,NJ,R,RED,red
1968,0.021305246757,0.021305,0.021405246757,NJ,D,BLUE,blue
1968,0.000000000000,0.000000,0.000100000000,NM,R,RED,red
1968,-0.006993770683,-0.006994,-0.006993770683,NM,R,RED,red
1968,0.121030551728,0.121031,0.121130551728,NM,D,BLUE,blue
1968,0.000000000000,0.000000,0.000100000000,NV,R,RED,red
1968,-0.006993770683,-0.006994,-0.006993770683,NV,R,RED,red
1968,0.081637681723,0.081638,0.081737681723,NV,D,BLUE,blue
1968,0.000000000000,0.000000,0.000100000000,NY,D,BLUE,blue
1968,-0.006993770683,-0.006994,-0.006993770683,NY,D,BLUE,blue
1968,-0.054570603585,-0.054571,-0.054670603585,NY,D,BLUE,blue
1968,0.000000000000,0.000000,0.000100000000,OH,R,RED,red
1968,-0.006993770683,-0.006994,-0.006993770683,OH,R,RED,red
1968,0.022837095152,0.022837,0.022937095152,OH,D,BLUE,blue
1968,0.000000000000,0.000000,0.000100000000,OK,R,RED,red
1968,-0.006993770683,-0.006994,-0.006993770683,OK,R,RED,red
1968,0.156972958988,0.156973,0.157072958988,OK,D,BLUE,blue
1968,0.000000000000,0.000000,0.000100000000,OR,R,RED,red
1968,-0.006993770683,-0.006994,-0.006993770683,OR,R,RED,red
1968,0.060475438678,0.060475,0.060575438678,OR,D,BLUE,blue
1968,0.000000000000,0.000000,0.000100000000,PA,D,BLUE,blue
1968,-0.006993770683,-0.006994,-0.006993770683,PA,D,BLUE,blue
1968,-0.035676193910,-0.035676,-0.035776193910,PA,D,BLUE,blue
1968,0.000000000000,0.000000,0.000100000000,RI,D,BLUE,blue
1968,-0.006993770683,-0.006994,-0.006993770683,RI,D,BLUE,blue
1968,-0.322490909091,-0.322491,-0.322590909091,RI,D,BLUE,blue
1968,0.000000000000,0.000000,0.000100000000,SC,R,RED,red
1968,-0.006993770683,-0.006994,-0.006993770683,SC,R,RED,red
1968,0.084823878306,0.084824,0.084923878306,SC,D,BLUE,blue
1968,0.000000000000,0.000000,0.000100000000,SD,R,RED,red
1968,-0.006993770683,-0.006994,-0.006993770683,SD,R,RED,red
1968,0.113125035554,0.113125,0.113225035554,SD,D,BLUE,blue
1968,0.000000000000,0.000000,0.000100000000,TN,R,RED,red
1968,-0.006993770683,-0.006994,-0.006993770683,TN,R,RED,red
1968,0.117824761316,0.117825,0.117924761316,TN,D,BLUE,blue
1968,0.076564711196,0.076565,0.076664711196,TN,T,YELLOW,yellow
1968,0.000000000000,0.000000,0.000100000000,TX,D,BLUE,blue
1968,-0.006993770683,-0.006994,-0.006993770683,TX,D,BLUE,blue
1968,-0.012651790638,-0.012652,-0.012751790638,TX,D,BLUE,blue
1968,0.000000000000,0.000000,0.000100000000,UT,R,RED,red
1968,-0.006993770683,-0.006994,-0.006993770683,UT,R,RED,red
1968,0.194200696693,0.194201,0.194300696693,UT,D,BLUE,blue
1968,0.000000000000,0.000000,0.000100000000,VA,R,RED,red
1968,-0.006993770683,-0.006994,-0.006993770683,VA,R,RED,red
1968,0.108654409027,0.108654,0.108754409027,VA,D,BLUE,blue
1968,0.000000000000,0.000000,0.000100000000,VT,R,RED,red
1968,-0.006993770683,-0.006994,-0.006993770683,VT,R,RED,red
1968,0.092234393200,0.092234,0.092334393200,VT,D,BLUE,blue
1968,0.000000000000,0.000000,0.000100000000,WA,D,BLUE,blue
1968,-0.006993770683,-0.006994,-0.006993770683,WA,D,BLUE,blue
1968,-0.021105114619,-0.021105,-0.021205114619,WA,D,BLUE,blue
1968,0.000000000000,0.000000,0.000100000000,WI,R,RED,red
1968,-0.006993770683,-0.006994,-0.006993770683,WI,R,RED,red
1968,0.036175953481,0.036176,0.036275953481,WI,D,BLUE,blue
1968,0.000000000000,0.000000,0.000100000000,WV,D,BLUE,blue
1968,-0.006993770683,-0.006994,-0.006993770683,WV,D,BLUE,blue
1968,-0.088219929303,-0.088220,-0.088319929303,WV,D,BLUE,blue
1968,0.000000000000,0.000000,0.000100000000,WY,R,RED,red
1968,-0.006993770683,-0.006994,-0.006993770683,WY,R,RED,red
1968,0.202460595102,0.202461,0.202560595102,WY,D,BLUE,blue
1972,0.000000000000,0.000000,0.000100000000,AK,R,RED,red
1972,-0.231471004197,-0.231471,-0.231471004197,AK,R,RED,red
1972,0.235058129155,0.235058,0.235158129155,AK,D,BLUE,blue
1972,0.000000000000,0.000000,0.000100000000,AL,R,RED,red
1972,-0.231471004197,-0.231471,-0.231471004197,AL,R,RED,red
1972,0.468920865169,0.468921,0.469020865169,AL,D,BLUE,blue
1972,0.000000000000,0.000000,0.000100000000,AR,R,RED,red
1972,-0.231471004197,-0.231471,-0.231471004197,AR,R,RED,red
1972,0.381140896697,0.381141,0.381240896697,AR,D,BLUE,blue
1972,0.000000000000,0.000000,0.000100000000,AZ,R,RED,red
1972,-0.231471004197,-0.231471,-0.231471004197,AZ,R,RED,red
1972,0.312579092738,0.312579,0.312679092738,AZ,D,BLUE,blue
1972,0.000000000000,0.000000,0.000100000000,CA,R,RED,red
1972,-0.231471004197,-0.231471,-0.231471004197,CA,R,RED,red
1972,0.134592205273,0.134592,0.134692205273,CA,D,BLUE,blue
1972,0.000000000000,0.000000,0.000100000000,CO,R,RED,red
1972,-0.231471004197,-0.231471,-0.231471004197,CO,R,RED,red
1972,0.280127353011,0.280127,0.280227353011,CO,D,BLUE,blue
1972,0.000000000000,0.000000,0.000100000000,CT,R,RED,red
1972,-0.231471004197,-0.231471,-0.231471004197,CT,R,RED,red
1972,0.184403121630,0.184403,0.184503121630,CT,D,BLUE,blue
1972,0.000000000000,0.000000,0.000100000000,DC,D,BLUE,blue
1972,-0.231471004197,-0.231471,-0.231471004197,DC,D,BLUE,blue
1972,0.000000000000,0.000000,0.000100000000,DE,R,RED,red
1972,-0.231471004197,-0.231471,-0.231471004197,DE,R,RED,red
1972,0.204122012942,0.204122,0.204222012942,DE,D,BLUE,blue
1972,0.000000000000,0.000000,0.000100000000,FL,R,RED,red
1972,-0.231471004197,-0.231471,-0.231471004197,FL,R,RED,red
1972,0.441160337447,0.441160,0.441260337447,FL,D,BLUE,blue
1972,0.000000000000,0.000000,0.000100000000,GA,R,RED,red
1972,-0.231471004197,-0.231471,-0.231471004197,GA,R,RED,red
1972,0.000000000000,0.000000,0.000100000000,HI,R,RED,red
1972,-0.231471004197,-0.231471,-0.231471004197,HI,R,RED,red
1972,0.249583755744,0.249584,0.249683755744,HI,D,BLUE,blue
1972,0.000000000000,0.000000,0.000100000000,IA,R,RED,red
1972,-0.231471004197,-0.231471,-0.231471004197,IA,R,RED,red
1972,0.171297383894,0.171297,0.171397383894,IA,D,BLUE,blue
1972,0.000000000000,0.000000,0.000100000000,ID,R,RED,red
1972,-0.231471004197,-0.231471,-0.231471004197,ID,R,RED,red
1972,0.381978162182,0.381978,0.382078162182,ID,D,BLUE,blue
1972,0.000000000000,0.000000,0.000100000000,IL,R,RED,red
1972,-0.231471004197,-0.231471,-0.231471004197,IL,R,RED,red
1972,0.185192313067,0.185192,0.185292313067,IL,D,BLUE,blue
1972,0.000000000000,0.000000,0.000100000000,IN,R,RED,red
1972,-0.231471004197,-0.231471,-0.231471004197,IN,R,RED,red
1972,0.327723592574,0.327724,0.327823592574,IN,D,BLUE,blue
1972,0.000000000000,0.000000,0.000100000000,KS,R,RED,red
1972,-0.231471004197,-0.231471,-0.231471004197,KS,R,RED,red
1972,0.381537940934,0.381538,0.381637940934,KS,D,BLUE,blue
1972,0.000000000000,0.000000,0.000100000000,KY,R,RED,red
1972,-0.231471004197,-0.231471,-0.231471004197,KY,R,RED,red
1972,0.285983406073,0.285983,0.286083406073,KY,D,BLUE,blue
1972,0.000000000000,0.000000,0.000100000000,LA,R,RED,red
1972,-0.231471004197,-0.231471,-0.231471004197,LA,R,RED,red
1972,0.369675061413,0.369675,0.369775061413,LA,D,BLUE,blue
1972,0.000000000000,0.000000,0.000100000000,MA,D,BLUE,blue
1972,-0.231471004197,-0.231471,-0.231471004197,MA,R,RED,red
1972,-0.089664041491,-0.089664,-0.089764041491,MA,D,BLUE,blue
1972,0.000000000000,0.000000,0.000100000000,MD,R,RED,red
1972,-0.231471004197,-0.231471,-0.231471004197,MD,R,RED,red
1972,0.238972619537,0.238973,0.239072619537,MD,D,BLUE,blue
1972,0.000000000000,0.000000,0.000100000000,ME-01,R,RED,red
1972,-0.231471004197,-0.231471,-0.231471004197,ME-01,R,RED,red
1972,0.228477061556,0.228477,0.228577061556,ME-01,D,BLUE,blue
1972,0.000000000000,0.000000,0.000100000000,ME-02,R,RED,red
1972,-0.231471004197,-0.231471,-0.231471004197,ME-02,R,RED,red
1972,0.231670361407,0.231670,0.231770361407,ME-02,D,BLUE,blue
1972,0.000000000000,0.000000,0.000100000000,ME-AL,R,RED,red
1972,-0.231471004197,-0.231471,-0.231471004197,ME-AL,R,RED,red
1972,0.229764349787,0.229764,0.229864349787,ME-AL,D,BLUE,blue
1972,0.000000000000,0.000000,0.000100000000,MI,R,RED,red
1972,-0.231471004197,-0.231471,-0.231471004197,MI,R,RED,red
1972,0.143908088788,0.143908,0.144008088788,MI,D,BLUE,blue
1972,0.000000000000,0.000000,0.000100000000,MN,R,RED,red
1972,-0.231471004197,-0.231471,-0.231471004197,MN,R,RED,red
1972,0.055075870495,0.055076,0.055175870495,MN,D,BLUE,blue
1972,0.000000000000,0.000000,0.000100000000,MO,R,RED,red
1972,-0.231471004197,-0.231471,-0.231471004197,MO,R,RED,red
1972,0.245886702339,0.245887,0.245986702339,MO,D,BLUE,blue
1972,0.000000000000,0.000000,0.000100000000,MS,R,RED,red
1972,-0.231471004197,-0.231471,-0.231471004197,MS,R,RED,red
1972,0.000000000000,0.000000,0.000100000000,MT,R,RED,red
1972,-0.231471004197,-0.231471,-0.231471004197,MT,R,RED,red
1972,0.200813594330,0.200814,0.200913594330,MT,D,BLUE,blue
1972,0.000000000000,0.000000,0.000100000000,NC,R,RED,red
1972,-0.231471004197,-0.231471,-0.231471004197,NC,R,RED,red
1972,0.405754728660,0.405755,0.405854728660,NC,D,BLUE,blue
1972,0.000000000000,0.000000,0.000100000000,ND,R,RED,red
1972,-0.231471004197,-0.231471,-0.231471004197,ND,R,RED,red
1972,0.262821106968,0.262821,0.262921106968,ND,D,BLUE,blue
1972,0.000000000000,0.000000,0.000100000000,NE-AL,R,RED,red
1972,-0.231471004197,-0.231471,-0.231471004197,NE-AL,R,RED,red
1972,0.410049471706,0.410049,0.410149471706,NE-AL,D,BLUE,blue
1972,0.000000000000,0.000000,0.000100000000,NH,R,RED,red
1972,-0.231471004197,-0.231471,-0.231471004197,NH,R,RED,red
1972,0.291236473036,0.291236,0.291336473036,NH,D,BLUE,blue
1972,0.000000000000,0.000000,0.000100000000,NJ,R,RED,red
1972,-0.231471004197,-0.231471,-0.231471004197,NJ,R,RED,red
1972,0.247992729284,0.247993,0.248092729284,NJ,D,BLUE,blue
1972,0.000000000000,0.000000,0.000100000000,NM,R,RED,red
1972,-0.231471004197,-0.231471,-0.231471004197,NM,R,RED,red
1972,0.244919428603,0.244919,0.245019428603,NM,D,BLUE,blue
1972,0.000000000000,0.000000,0.000100000000,NV,R,RED,red
1972,-0.231471004197,-0.231471,-0.231471004197,NV,R,RED,red
1972,0.273615527656,0.273616,0.273715527656,NV,D,BLUE,blue
1972,0.000000000000,0.000000,0.000100000000,NY,R,RED,red
1972,-0.231471004197,-0.231471,-0.231471004197,NY,R,RED,red
1972,0.173376636977,0.173377,0.173476636977,NY,D,BLUE,blue
1972,0.000000000000,0.000000,0.000100000000,OH,R,RED,red
1972,-0.231471004197,-0.231471,-0.231471004197,OH,R,RED,red
1972,0.215624890867,0.215625,0.215724890867,OH,D,BLUE,blue
1972,0.000000000000,0.000000,0.000100000000,OK,R,RED,red
1972,-0.231471004197,-0.231471,-0.231471004197,OK,R,RED,red
1972,0.497017186135,0.497017,0.497117186135,OK,D,BLUE,blue
1972,0.000000000000,0.000000,0.000100000000,OR,R,RED,red
1972,-0.231471004197,-0.231471,-0.231471004197,OR,R,RED,red
1972,0.101219251982,0.101219,0.101319251982,OR,D,BLUE,blue
1972,0.000000000000,0.000000,0.000100000000,PA,R,RED,red
1972,-0.231471004197,-0.231471,-0.231471004197,PA,R,RED,red
1972,0.199814681938,0.199815,0.199914681938,PA,D,BLUE,blue
1972,0.000000000000,0.000000,0.000100000000,RI,R,RED,red
1972,-0.231471004197,-0.231471,-0.231471004197,RI,R,RED,red
1972,0.061898760967,0.061899,0.061998760967,RI,D,BLUE,blue
1972,0.000000000000,0.000000,0.000100000000,SC,R,RED,red
1972,-0.231471004197,-0.231471,-0.231471004197,SC,R,RED,red
1972,0.426560748215,0.426561,0.426660748215,SC,D,BLUE,blue
1972,0.000000000000,0.000000,0.000100000000,SD,R,RED,red
1972,-0.231471004197,-0.231471,-0.231471004197,SD,R,RED,red
1972,0.086303531057,0.086304,0.086403531057,SD,D,BLUE,blue
1972,0.000000000000,0.000000,0.000100000000,TN,R,RED,red
1972,-0.231471004197,-0.231471,-0.231471004197,TN,R,RED,red
1972,0.379504521380,0.379505,0.379604521380,TN,D,BLUE,blue
1972,0.000000000000,0.000000,0.000100000000,TX,R,RED,red
1972,-0.231471004197,-0.231471,-0.231471004197,TX,R,RED,red
1972,0.329599558155,0.329600,0.329699558155,TX,D,BLUE,blue
1972,0.000000000000,0.000000,0.000100000000,UT,R,RED,red
1972,-0.231471004197,-0.231471,-0.231471004197,UT,R,RED,red
1972,0.412474188883,0.412474,0.412574188883,UT,D,BLUE,blue
1972,0.000000000000,0.000000,0.000100000000,VA,R,RED,red
1972,-0.231471004197,-0.231471,-0.231471004197,VA,R,RED,red
1972,0.377212651311,0.377213,0.377312651311,VA,D,BLUE,blue
1972,0.000000000000,0.000000,0.000100000000,VT,R,RED,red
1972,-0.231471004197,-0.231471,-0.231471004197,VT,R,RED,red
1972,0.261972644653,0.261973,0.262072644653,VT,D,BLUE,blue
1972,0.000000000000,0.000000,0.000100000000,WA,R,RED,red
1972,-0.231471004197,-0.231471,-0.231471004197,WA,R,RED,red
1972,0.182752522866,0.182753,0.182852522866,WA,D,BLUE,blue
1972,0.000000000000,0.000000,0.000100000000,WI,R,RED,red
1972,-0.231471004197,-0.231471,-0.231471004197,WI,R,RED,red
1972,0.096744005311,0.096744,0.096844005311,WI,D,BLUE,blue
1972,0.000000000000,0.000000,0.000100000000,WV,R,RED,red
1972,-0.231471004197,-0.231471,-0.231471004197,WV,R,RED,red
1972,0.272205236366,0.272205,0.272305236366,WV,D,BLUE,blue
1972,0.000000000000,0.000000,0.000100000000,WY,R,RED,red
1972,-0.231471004197,-0.231471,-0.231471004197,WY,R,RED,red
1972,0.385422820636,0.385423,0.385522820636,WY,D,BLUE,blue
1976,0.000000000000,0.000000,0.000100000000,AK,R,RED,red
1976,0.020645336659,0.020645,0.020645336659,AK,R,RED,red
1976,0.222514444786,0.222514,0.222614444786,AK,D,BLUE,blue
1976,0.000000000000,0.000000,0.000100000000,AL,D,BLUE,blue
1976,0.020645336659,0.020645,0.020645336659,AL,D,BLUE,blue
1976,-0.131123980217,-0.131124,-0.131223980217,AL,D,BLUE,blue
1976,0.000000000000,0.000000,0.000100000000,AR,D,BLUE,blue
1976,0.020645336659,0.020645,0.020645336659,AR,D,BLUE,blue
1976,-0.300054848219,-0.300055,-0.300154848219,AR,D,BLUE,blue
1976,0.000000000000,0.000000,0.000100000000,AZ,R,RED,red
1976,0.020645336659,0.020645,0.020645336659,AZ,R,RED,red
1976,0.165661575912,0.165662,0.165761575912,AZ,D,BLUE,blue
1976,0.000000000000,0.000000,0.000100000000,CA,R,RED,red
1976,0.020645336659,0.020645,0.020645336659,CA,D,BLUE,blue
1976,0.017790506993,0.017791,0.017890506993,CA,D,BLUE,blue
1976,0.000000000000,0.000000,0.000100000000,CO,R,RED,red
1976,0.020645336659,0.020645,0.020645336659,CO,R,RED,red
1976,0.114707228977,0.114707,0.114807228977,CO,D,BLUE,blue
1976,0.000000000000,0.000000,0.000100000000,CT,R,RED,red
1976,0.020645336659,0.020645,0.020645336659,CT,R,RED,red
1976,0.051657370183,0.051657,0.051757370183,CT,D,BLUE,blue
1976,0.000000000000,0.000000,0.000100000000,DC,D,BLUE,blue
1976,0.020645336659,0.020645,0.020645336659,DC,D,BLUE,blue
1976,0.000000000000,0.000000,0.000100000000,DE,D,BLUE,blue
1976,0.020645336659,0.020645,0.020645336659,DE,D,BLUE,blue
1976,-0.054127055471,-0.054127,-0.054227055471,DE,D,BLUE,blue
1976,0.000000000000,0.000000,0.000100000000,FL,D,BLUE,blue
1976,0.020645336659,0.020645,0.020645336659,FL,D,BLUE,blue
1976,-0.052836717470,-0.052837,-0.052936717470,FL,D,BLUE,blue
1976,0.000000000000,0.000000,0.000100000000,GA,D,BLUE,blue
1976,0.020645336659,0.020645,0.020645336659,GA,D,BLUE,blue
1976,-0.337771847644,-0.337772,-0.337871847644,GA,D,BLUE,blue
1976,0.000000000000,0.000000,0.000100000000,HI,D,BLUE,blue
1976,0.020645336659,0.020645,0.020645336659,HI,D,BLUE,blue
1976,-0.025307156515,-0.025307,-0.025407156515,HI,D,BLUE,blue
1976,0.000000000000,0.000000,0.000100000000,IA,R,RED,red
1976,0.020645336659,0.020645,0.020645336659,IA,D,BLUE,blue
1976,0.010108605760,0.010109,0.010208605760,IA,D,BLUE,blue
1976,0.000000000000,0.000000,0.000100000000,ID,R,RED,red
1976,0.020645336659,0.020645,0.020645336659,ID,R,RED,red
1976,0.227617237455,0.227617,0.227717237455,ID,D,BLUE,blue
1976,0.000000000000,0.000000,0.000100000000,IL,R,RED,red
1976,0.020645336659,0.020645,0.020645336659,IL,D,BLUE,blue
1976,0.019702752778,0.019703,0.019802752778,IL,D,BLUE,blue
1976,0.000000000000,0.000000,0.000100000000,IN,R,RED,red
1976,0.020645336659,0.020645,0.020645336659,IN,R,RED,red
1976,0.076223606781,0.076224,0.076323606781,IN,D,BLUE,blue
1976,0.000000000000,0.000000,0.000100000000,KS,R,RED,red
1976,0.020645336659,0.020645,0.020645336659,KS,R,RED,red
1976,0.075514305550,0.075514,0.075614305550,KS,D,BLUE,blue
1976,0.000000000000,0.000000,0.000100000000,KY,D,BLUE,blue
1976,0.020645336659,0.020645,0.020645336659,KY,D,BLUE,blue
1976,-0.071855009930,-0.071855,-0.071955009930,KY,D,BLUE,blue
1976,0.000000000000,0.000000,0.000100000000,LA,D,BLUE,blue
1976,0.020645336659,0.020645,0.020645336659,LA,D,BLUE,blue
1976,-0.057819731720,-0.057820,-0.057919731720,LA,D,BLUE,blue
1976,0.000000000000,0.000000,0.000100000000,MA,D,BLUE,blue
1976,0.020645336659,0.020645,0.020645336659,MA,D,BLUE,blue
1976,-0.156698750999,-0.156699,-0.156798750999,MA,D,BLUE,blue
1976,0.000000000000,0.000000,0.000100000000,MD,D,BLUE,blue
1976,0.020645336659,0.020645,0.020645336659,MD,D,BLUE,blue
1976,-0.060708398469,-0.060708,-0.060808398469,MD,D,BLUE,blue
1976,0.000000000000,0.000000,0.000100000000,ME-01,R,RED,red
1976,0.020645336659,0.020645,0.020645336659,ME-01,D,BLUE,blue
1976,0.013650311032,0.013650,0.013750311032,ME-01,D,BLUE,blue
1976,0.000000000000,0.000000,0.000100000000,ME-02,R,RED,red
1976,0.020645336659,0.020645,0.020645336659,ME-02,D,BLUE,blue
1976,0.002844271545,0.002844,0.002944271545,ME-02,D,BLUE,blue
1976,0.000000000000,0.000000,0.000100000000,ME-AL,R,RED,red
1976,0.020645336659,0.020645,0.020645336659,ME-AL,D,BLUE,blue
1976,0.008362858231,0.008363,0.008462858231,ME-AL,D,BLUE,blue
1976,0.000000000000,0.000000,0.000100000000,MI,R,RED,red
1976,0.020645336659,0.020645,0.020645336659,MI,R,RED,red
1976,0.053924886466,0.053925,0.054024886466,MI,D,BLUE,blue
1976,0.000000000000,0.000000,0.000100000000,MN,D,BLUE,blue
1976,0.020645336659,0.020645,0.020645336659,MN,D,BLUE,blue
1976,-0.128745581254,-0.128746,-0.128845581254,MN,D,BLUE,blue
1976,0.000000000000,0.000000,0.000100000000,MO,D,BLUE,blue
1976,0.020645336659,0.020645,0.020645336659,MO,D,BLUE,blue
1976,-0.036314496314,-0.036314,-0.036414496314,MO,D,BLUE,blue
1976,0.000000000000,0.000000,0.000100000000,MS,D,BLUE,blue
1976,0.020645336659,0.020645,0.020645336659,MS,D,BLUE,blue
1976,-0.018798741811,-0.018799,-0.018898741811,MS,D,BLUE,blue
1976,0.000000000000,0.000000,0.000100000000,MT,R,RED,red
1976,0.020645336659,0.020645,0.020645336659,MT,R,RED,red
1976,0.074357991568,0.074358,0.074457991568,MT,D,BLUE,blue
1976,0.000000000000,0.000000,0.000100000000,NC,D,BLUE,blue
1976,0.020645336659,0.020645,0.020645336659,NC,D,BLUE,blue
1976,-0.110497846721,-0.110498,-0.110597846721,NC,D,BLUE,blue
1976,0.000000000000,0.000000,0.000100000000,ND,R,RED,red
1976,0.020645336659,0.020645,0.020645336659,ND,R,RED,red
1976,0.058540394623,0.058540,0.058640394623,ND,D,BLUE,blue
1976,0.000000000000,0.000000,0.000100000000,NE-AL,R,RED,red
1976,0.020645336659,0.020645,0.020645336659,NE-AL,R,RED,red
1976,0.207371459415,0.207371,0.207471459415,NE-AL,D,BLUE,blue
1976,0.000000000000,0.000000,0.000100000000,NH,R,RED,red
1976,0.020645336659,0.020645,0.020645336659,NH,R,RED,red
1976,0.112773763464,0.112774,0.112873763464,NH,D,BLUE,blue
1976,0.000000000000,0.000000,0.000100000000,NJ,R,RED,red
1976,0.020645336659,0.020645,0.020645336659,NJ,R,RED,red
1976,0.021574259107,0.021574,0.021674259107,NJ,D,BLUE,blue
1976,0.000000000000,0.000000,0.000100000000,NM,R,RED,red
1976,0.020645336659,0.020645,0.020645336659,NM,R,RED,red
1976,0.024654936508,0.024655,0.024754936508,NM,D,BLUE,blue
1976,0.000000000000,0.000000,0.000100000000,NV,R,RED,red
1976,0.020645336659,0.020645,0.020645336659,NV,R,RED,red
1976,0.043561394123,0.043561,0.043661394123,NV,D,BLUE,blue
1976,0.000000000000,0.000000,0.000100000000,NY,D,BLUE,blue
1976,0.020645336659,0.020645,0.020645336659,NY,D,BLUE,blue
1976,-0.044253952929,-0.044254,-0.044353952929,NY,D,BLUE,blue
1976,0.000000000000,0.000000,0.000100000000,OH,D,BLUE,blue
1976,0.020645336659,0.020645,0.020645336659,OH,D,BLUE,blue
1976,-0.002703390888,-0.002703,-0.002803390888,OH,D,BLUE,blue
1976,0.000000000000,0.000000,0.000100000000,OK,R,RED,red
1976,0.020645336659,0.020645,0.020645336659,OK,D,BLUE,blue
1976,0.012145559949,0.012146,0.012245559949,OK,D,BLUE,blue
1976,0.000000000000,0.000000,0.000100000000,OR,R,RED,red
1976,0.020645336659,0.020645,0.020645336659,OR,D,BLUE,blue
1976,0.001663307039,0.001663,0.001763307039,OR,D,BLUE,blue
1976,0.000000000000,0.000000,0.000100000000,PA,D,BLUE,blue
1976,0.020645336659,0.020645,0.020645336659,PA,D,BLUE,blue
1976,-0.026634640376,-0.026635,-0.026734640376,PA,D,BLUE,blue
1976,0.000000000000,0.000000,0.000100000000,RI,D,BLUE,blue
1976,0.020645336659,0.020645,0.020645336659,RI,D,BLUE,blue
1976,-0.112817082958,-0.112817,-0.112917082958,RI,D,BLUE,blue
1976,0.000000000000,0.000000,0.000100000000,SC,D,BLUE,blue
1976,0.020645336659,0.020645,0.020645336659,SC,D,BLUE,blue
1976,-0.130433319960,-0.130433,-0.130533319960,SC,D,BLUE,blue
1976,0.000000000000,0.000000,0.000100000000,SD,R,RED,red
1976,0.020645336659,0.020645,0.020645336659,SD,D,BLUE,blue
1976,0.014756649971,0.014757,0.014856649971,SD,D,BLUE,blue
1976,0.000000000000,0.000000,0.000100000000,TN,D,BLUE,blue
1976,0.020645336659,0.020645,0.020645336659,TN,D,BLUE,blue
1976,-0.129989853327,-0.129990,-0.130089853327,TN,D,BLUE,blue
1976,0.000000000000,0.000000,0.000100000000,TX,D,BLUE,blue
1976,0.020645336659,0.020645,0.020645336659,TX,D,BLUE,blue
1976,-0.031685332883,-0.031685,-0.031785332883,TX,D,BLUE,blue
1976,0.000000000000,0.000000,0.000100000000,UT,R,RED,red
1976,0.020645336659,0.020645,0.020645336659,UT,R,RED,red
1976,0.287876156231,0.287876,0.287976156231,UT,D,BLUE,blue
1976,0.000000000000,0.000000,0.000100000000,VA,R,RED,red
1976,0.020645336659,0.020645,0.020645336659,VA,D,BLUE,blue
1976,0.013351057749,0.013351,0.013451057749,VA,D,BLUE,blue
1976,0.000000000000,0.000000,0.000100000000,VT,R,RED,red
1976,0.020645336659,0.020645,0.020645336659,VT,R,RED,red
1976,0.112006600836,0.112007,0.112106600836,VT,D,BLUE,blue
1976,0.000000000000,0.000000,0.000100000000,WA,R,RED,red
1976,0.020645336659,0.020645,0.020645336659,WA,R,RED,red
1976,0.038834895284,0.038835,0.038934895284,WA,D,BLUE,blue
1976,0.000000000000,0.000000,0.000100000000,WI,D,BLUE,blue
1976,0.020645336659,0.020645,0.020645336659,WI,D,BLUE,blue
1976,-0.016772662725,-0.016773,-0.016872662725,WI,D,BLUE,blue
1976,0.000000000000,0.000000,0.000100000000,WV,D,BLUE,blue
1976,0.020645336659,0.020645,0.020645336659,WV,D,BLUE,blue
1976,-0.161393627593,-0.161394,-0.161493627593,WV,D,BLUE,blue
1976,0.000000000000,0.000000,0.000100000000,WY,R,RED,red
1976,0.020645336659,0.020645,0.020645336659,WY,R,RED,red
1976,0.194943169825,0.194943,0.195043169825,WY,D,BLUE,blue
1980,0.000000000000,0.000000,0.000100000000,AK,R,RED,red
1980,-0.097366158270,-0.097366,-0.097366158270,AK,R,RED,red
1980,0.279402947395,0.279403,0.279502947395,AK,D,BLUE,blue
1980,0.000000000000,0.000000,0.000100000000,AL,R,RED,red
1980,-0.097366158270,-0.097366,-0.097366158270,AL,R,RED,red
1980,0.013012610950,0.013013,0.013112610950,AL,D,BLUE,blue
1980,0.000000000000,0.000000,0.000100000000,AR,R,RED,red
1980,-0.097366158270,-0.097366,-0.097366158270,AR,R,RED,red
1980,0.006116416064,0.006116,0.006216416064,AR,D,BLUE,blue
1980,0.000000000000,0.000000,0.000100000000,AZ,R,RED,red
1980,-0.097366158270,-0.097366,-0.097366158270,AZ,R,RED,red
1980,0.323641647930,0.323642,0.323741647930,AZ,D,BLUE,blue
1980,0.000000000000,0.000000,0.000100000000,CA,R,RED,red
1980,-0.097366158270,-0.097366,-0.097366158270,CA,R,RED,red
1980,0.167833518864,0.167834,0.167933518864,CA,D,BLUE,blue
1980,0.000000000000,0.000000,0.000100000000,CO,R,RED,red
1980,-0.097366158270,-0.097366,-0.097366158270,CO,R,RED,red
1980,0.240026510978,0.240027,0.240126510978,CO,D,BLUE,blue
1980,0.000000000000,0.000000,0.000100000000,CT,R,RED,red
1980,-0.097366158270,-0.097366,-0.097366158270,CT,R,RED,red
1980,0.096337513377,0.096338,0.096437513377,CT,D,BLUE,blue
1980,0.000000000000,0.000000,0.000100000000,DC,D,BLUE,blue
1980,-0.097366158270,-0.097366,-0.097366158270,DC,D,BLUE,blue
1980,0.000000000000,0.000000,0.000100000000,DE,R,RED,red
1980,-0.097366158270,-0.097366,-0.097366158270,DE,R,RED,red
1980,0.023329429536,0.023329,0.023429429536,DE,D,BLUE,blue
1980,0.000000000000,0.000000,0.000100000000,FL,R,RED,red
1980,-0.097366158270,-0.097366,-0.097366158270,FL,R,RED,red
1980,0.170184859016,0.170185,0.170284859016,FL,D,BLUE,blue
1980,0.000000000000,0.000000,0.000100000000,GA,D,BLUE,blue
1980,-0.097366158270,-0.097366,-0.097366158270,GA,D,BLUE,blue
1980,-0.148087566128,-0.148088,-0.148187566128,GA,D,BLUE,blue
1980,0.000000000000,0.000000,0.000100000000,HI,D,BLUE,blue
1980,-0.097366158270,-0.097366,-0.097366158270,HI,R,RED,red
1980,-0.019014992400,-0.019015,-0.019114992400,HI,D,BLUE,blue
1980,0.000000000000,0.000000,0.000100000000,IA,R,RED,red
1980,-0.097366158270,-0.097366,-0.097366158270,IA,R,RED,red
1980,0.127008388349,0.127008,0.127108388349,IA,D,BLUE,blue
1980,0.000000000000,0.000000,0.000100000000,ID,R,RED,red
1980,-0.097366158270,-0.097366,-0.097366158270,ID,R,RED,red
1980,0.412652509767,0.412653,0.412752509767,ID,D,BLUE,blue
1980,0.000000000000,0.000000,0.000100000000,IL,R,RED,red
1980,-0.097366158270,-0.097366,-0.097366158270,IL,R,RED,red
1980,0.079296447097,0.079296,0.079396447097,IL,D,BLUE,blue
1980,0.000000000000,0.000000,0.000100000000,IN,R,RED,red
1980,-0.097366158270,-0.097366,-0.097366158270,IN,R,RED,red
1980,0.183520492339,0.183520,0.183620492339,IN,D,BLUE,blue
1980,0.000000000000,0.000000,0.000100000000,KS,R,RED,red
1980,-0.097366158270,-0.097366,-0.097366158270,KS,R,RED,red
1980,0.245624850096,0.245625,0.245724850096,KS,D,BLUE,blue
1980,0.000000000000,0.000000,0.000100000000,KY,R,RED,red
1980,-0.097366158270,-0.097366,-0.097366158270,KY,R,RED,red
1980,0.014565585300,0.014566,0.014665585300,KY,D,BLUE,blue
1980,0.000000000000,0.000000,0.000100000000,LA,R,RED,red
1980,-0.097366158270,-0.097366,-0.097366158270,LA,R,RED,red
1980,0.054501156212,0.054501,0.054601156212,LA,D,BLUE,blue
1980,0.000000000000,0.000000,0.000100000000,MA,R,RED,red
1980,-0.097366158270,-0.097366,-0.097366158270,MA,R,RED,red
1980,0.001516857360,0.001517,0.001616857360,MA,D,BLUE,blue
1980,0.000000000000,0.000000,0.000100000000,MD,D,BLUE,blue
1980,-0.097366158270,-0.097366,-0.097366158270,MD,R,RED,red
1980,-0.029571644457,-0.029572,-0.029671644457,MD,D,BLUE,blue
1980,0.000000000000,0.000000,0.000100000000,ME-01,R,RED,red
1980,-0.097366158270,-0.097366,-0.097366158270,ME-01,R,RED,red
1980,0.031520220107,0.031520,0.031620220107,ME-01,D,BLUE,blue
1980,0.000000000000,0.000000,0.000100000000,ME-02,R,RED,red
1980,-0.097366158270,-0.097366,-0.097366158270,ME-02,R,RED,red
1980,0.037332963658,0.037333,0.037432963658,ME-02,D,BLUE,blue
1980,0.000000000000,0.000000,0.000100000000,ME-AL,R,RED,red
1980,-0.097366158270,-0.097366,-0.097366158270,ME-AL,R,RED,red
1980,0.033551875582,0.033552,0.033651875582,ME-AL,D,BLUE,blue
1980,0.000000000000,0.000000,0.000100000000,MI,R,RED,red
1980,-0.097366158270,-0.097366,-0.097366158270,MI,R,RED,red
1980,0.064887683916,0.064888,0.064987683916,MI,D,BLUE,blue
1980,0.000000000000,0.000000,0.000100000000,MN,D,BLUE,blue
1980,-0.097366158270,-0.097366,-0.097366158270,MN,R,RED,red
1980,-0.039441936536,-0.039442,-0.039541936536,MN,D,BLUE,blue
1980,0.000000000000,0.000000,0.000100000000,MO,R,RED,red
1980,-0.097366158270,-0.097366,-0.097366158270,MO,R,RED,red
1980,0.068100469373,0.068100,0.068200469373,MO,D,BLUE,blue
1980,0.000000000000,0.000000,0.000100000000,MS,R,RED,red
1980,-0.097366158270,-0.097366,-0.097366158270,MS,R,RED,red
1980,0.013228473483,0.013228,0.013328473483,MS,D,BLUE,blue
1980,0.000000000000,0.000000,0.000100000000,MT,R,RED,red
1980,-0.097366158270,-0.097366,-0.097366158270,MT,R,RED,red
1980,0.243938761155,0.243939,0.244038761155,MT,D,BLUE,blue
1980,0.000000000000,0.000000,0.000100000000,NC,R,RED,red
1980,-0.097366158270,-0.097366,-0.097366158270,NC,R,RED,red
1980,0.021221198244,0.021221,0.021321198244,NC,D,BLUE,blue
1980,0.000000000000,0.000000,0.000100000000,ND,R,RED,red
1980,-0.097366158270,-0.097366,-0.097366158270,ND,R,RED,red
1980,0.379731051750,0.379731,0.379831051750,ND,D,BLUE,blue
1980,0.000000000000,0.000000,0.000100000000,NE-AL,R,RED,red
1980,-0.097366158270,-0.097366,-0.097366158270,NE-AL,R,RED,red
1980,0.394919903753,0.394920,0.395019903753,NE-AL,D,BLUE,blue
1980,0.000000000000,0.000000,0.000100000000,NH,R,RED,red
1980,-0.097366158270,-0.097366,-0.097366158270,NH,R,RED,red
1980,0.293857536087,0.293858,0.293957536087,NH,D,BLUE,blue
1980,0.000000000000,0.000000,0.000100000000,NJ,R,RED,red
1980,-0.097366158270,-0.097366,-0.097366158270,NJ,R,RED,red
1980,0.134151677396,0.134152,0.134251677396,NJ,D,BLUE,blue
1980,0.000000000000,0.000000,0.000100000000,NM,R,RED,red
1980,-0.097366158270,-0.097366,-0.097366158270,NM,R,RED,red
1980,0.181819975144,0.181820,0.181919975144,NM,D,BLUE,blue
1980,0.000000000000,0.000000,0.000100000000,NV,R,RED,red
1980,-0.097366158270,-0.097366,-0.097366158270,NV,R,RED,red
1980,0.356419307340,0.356419,0.356519307340,NV,D,BLUE,blue
1980,0.000000000000,0.000000,0.000100000000,NY,R,RED,red
1980,-0.097366158270,-0.097366,-0.097366158270,NY,R,RED,red
1980,0.026678505937,0.026679,0.026778505937,NY,D,BLUE,blue
1980,0.000000000000,0.000000,0.000100000000,OH,R,RED,red
1980,-0.097366158270,-0.097366,-0.097366158270,OH,R,RED,red
1980,0.106016127078,0.106016,0.106116127078,OH,D,BLUE,blue
1980,0.000000000000,0.000000,0.000100000000,OK,R,RED,red
1980,-0.097366158270,-0.097366,-0.097366158270,OK,R,RED,red
1980,0.255320481374,0.255320,0.255420481374,OK,D,BLUE,blue
1980,0.000000000000,0.000000,0.000100000000,OR,R,RED,red
1980,-0.097366158270,-0.097366,-0.097366158270,OR,R,RED,red
1980,0.096616550263,0.096617,0.096716550263,OR,D,BLUE,blue
1980,0.000000000000,0.000000,0.000100000000,PA,R,RED,red
1980,-0.097366158270,-0.097366,-0.097366158270,PA,R,RED,red
1980,0.071102034177,0.071102,0.071202034177,PA,D,BLUE,blue
1980,0.000000000000,0.000000,0.000100000000,RI,D,BLUE,blue
1980,-0.097366158270,-0.097366,-0.097366158270,RI,D,BLUE,blue
1980,-0.104666980715,-0.104667,-0.104766980715,RI,D,BLUE,blue
1980,0.000000000000,0.000000,0.000100000000,SC,R,RED,red
1980,-0.097366158270,-0.097366,-0.097366158270,SC,R,RED,red
1980,0.015332278001,0.015332,0.015432278001,SC,D,BLUE,blue
1980,0.000000000000,0.000000,0.000100000000,SD,R,RED,red
1980,-0.097366158270,-0.097366,-0.097366158270,SD,R,RED,red
1980,0.288334253882,0.288334,0.288434253882,SD,D,BLUE,blue
1980,0.000000000000,0.000000,0.000100000000,TN,R,RED,red
1980,-0.097366158270,-0.097366,-0.097366158270,TN,R,RED,red
1980,0.002911692268,0.002912,0.003011692268,TN,D,BLUE,blue
1980,0.000000000000,0.000000,0.000100000000,TX,R,RED,red
1980,-0.097366158270,-0.097366,-0.097366158270,TX,R,RED,red
1980,0.138619180705,0.138619,0.138719180705,TX,D,BLUE,blue
1980,0.000000000000,0.000000,0.000100000000,UT,R,RED,red
1980,-0.097366158270,-0.097366,-0.097366158270,UT,R,RED,red
1980,0.000000000000,0.000000,0.000100000000,VA,R,RED,red
1980,-0.097366158270,-0.097366,-0.097366158270,VA,R,RED,red
1980,0.127240583227,0.127241,0.127340583227,VA,D,BLUE,blue
1980,0.000000000000,0.000000,0.000100000000,VT,R,RED,red
1980,-0.097366158270,-0.097366,-0.097366158270,VT,R,RED,red
1980,0.059599356494,0.059599,0.059699356494,VT,D,BLUE,blue
1980,0.000000000000,0.000000,0.000100000000,WA,R,RED,red
1980,-0.097366158270,-0.097366,-0.097366158270,WA,R,RED,red
1980,0.123422716102,0.123423,0.123522716102,WA,D,BLUE,blue
1980,0.000000000000,0.000000,0.000100000000,WI,R,RED,red
1980,-0.097366158270,-0.097366,-0.097366158270,WI,R,RED,red
1980,0.047184589620,0.047185,0.047284589620,WI,D,BLUE,blue
1980,0.000000000000,0.000000,0.000100000000,WV,D,BLUE,blue
1980,-0.097366158270,-0.097366,-0.097366158270,WV,R,RED,red
1980,-0.045079739466,-0.045080,-0.045179739466,WV,D,BLUE,blue
1980,0.000000000000,0.000000,0.000100000000,WY,R,RED,red
1980,-0.097366158270,-0.097366,-0.097366158270,WY,R,RED,red
1980,0.346737365106,0.346737,0.346837365106,WY,D,BLUE,blue
1984,0.000000000000,0.000000,0.000100000000,AK,R,RED,red
1984,-0.182164393551,-0.182164,-0.182164393551,AK,R,RED,red
1984,0.367862045712,0.367862,0.367962045712,AK,D,BLUE,blue
1984,0.000000000000,0.000000,0.000100000000,AL,R,RED,red
1984,-0.182164393551,-0.182164,-0.182164393551,AL,R,RED,red
1984,0.222617122825,0.222617,0.222717122825,AL,D,BLUE,blue
1984,0.000000000000,0.000000,0.000100000000,AR,R,RED,red
1984,-0.182164393551,-0.182164,-0.182164393551,AR,R,RED,red
1984,0.221762403240,0.221762,0.221862403240,AR,D,BLUE,blue
1984,0.000000000000,0.000000,0.000100000000,AZ,R,RED,red
1984,-0.182164393551,-0.182164,-0.182164393551,AZ,R,RED,red
1984,0.338788396886,0.338788,0.338888396886,AZ,D,BLUE,blue
1984,0.000000000000,0.000000,0.000100000000,CA,R,RED,red
1984,-0.182164393551,-0.182164,-0.182164393551,CA,R,RED,red
1984,0.162485141377,0.162485,0.162585141377,CA,D,BLUE,blue
1984,0.000000000000,0.000000,0.000100000000,CO,R,RED,red
1984,-0.182164393551,-0.182164,-0.182164393551,CO,R,RED,red
1984,0.283193902026,0.283194,0.283293902026,CO,D,BLUE,blue
1984,0.000000000000,0.000000,0.000100000000,CT,R,RED,red
1984,-0.182164393551,-0.182164,-0.182164393551,CT,R,RED,red
1984,0.219019701411,0.219020,0.219119701411,CT,D,BLUE,blue
1984,0.000000000000,0.000000,0.000100000000,DC,D,BLUE,blue
1984,-0.182164393551,-0.182164,-0.182164393551,DC,D,BLUE,blue
1984,0.000000000000,0.000000,0.000100000000,DE,R,RED,red
1984,-0.182164393551,-0.182164,-0.182164393551,DE,R,RED,red
1984,0.198505727260,0.198506,0.198605727260,DE,D,BLUE,blue
1984,0.000000000000,0.000000,0.000100000000,FL,R,RED,red
1984,-0.182164393551,-0.182164,-0.182164393551,FL,R,RED,red
1984,0.306583340730,0.306583,0.306683340730,FL,D,BLUE,blue
1984,0.000000000000,0.000000,0.000100000000,GA,R,RED,red
1984,-0.182164393551,-0.182164,-0.182164393551,GA,R,RED,red
1984,0.203871081075,0.203871,0.203971081075,GA,D,BLUE,blue
1984,0.000000000000,0.000000,0.000100000000,HI,R,RED,red
1984,-0.182164393551,-0.182164,-0.182164393551,HI,R,RED,red
1984,0.112837431442,0.112837,0.112937431442,HI,D,BLUE,blue
1984,0.000000000000,0.000000,0.000100000000,IA,R,RED,red
1984,-0.182164393551,-0.182164,-0.182164393551,IA,R,RED,red
1984,0.073850303643,0.073850,0.073950303643,IA,D,BLUE,blue
1984,0.000000000000,0.000000,0.000100000000,ID,R,RED,red
1984,-0.182164393551,-0.182164,-0.182164393551,ID,R,RED,red
1984,0.459724573385,0.459725,0.459824573385,ID,D,BLUE,blue
1984,0.000000000000,0.000000,0.000100000000,IL,R,RED,red
1984,-0.182164393551,-0.182164,-0.182164393551,IL,R,RED,red
1984,0.128780383342,0.128780,0.128880383342,IL,D,BLUE,blue
1984,0.000000000000,0.000000,0.000100000000,IN,R,RED,red
1984,-0.182164393551,-0.182164,-0.182164393551,IN,R,RED,red
1984,0.239916007969,0.239916,0.240016007969,IN,D,BLUE,blue
1984,0.000000000000,0.000000,0.000100000000,KS,R,RED,red
1984,-0.182164393551,-0.182164,-0.182164393551,KS,R,RED,red
1984,0.336741712990,0.336742,0.336841712990,KS,D,BLUE,blue
1984,0.000000000000,0.000000,0.000100000000,KY,R,RED,red
1984,-0.182164393551,-0.182164,-0.182164393551,KY,R,RED,red
1984,0.206640685142,0.206641,0.206740685142,KY,D,BLUE,blue
1984,0.000000000000,0.000000,0.000100000000,LA,R,RED,red
1984,-0.182164393551,-0.182164,-0.182164393551,LA,R,RED,red
1984,0.225983142941,0.225983,0.226083142941,LA,D,BLUE,blue
1984,0.000000000000,0.000000,0.000100000000,MA,R,RED,red
1984,-0.182164393551,-0.182164,-0.182164393551,MA,R,RED,red
1984,0.027869236122,0.027869,0.027969236122,MA,D,BLUE,blue
1984,0.000000000000,0.000000,0.000100000000,MD,R,RED,red
1984,-0.182164393551,-0.182164,-0.182164393551,MD,R,RED,red
1984,0.054886617303,0.054887,0.054986617303,MD,D,BLUE,blue
1984,0.000000000000,0.000000,0.000100000000,ME-01,R,RED,red
1984,-0.182164393551,-0.182164,-0.182164393551,ME-01,R,RED,red
1984,0.198080034958,0.198080,0.198180034958,ME-01,D,BLUE,blue
1984,0.000000000000,0.000000,0.000100000000,ME-02,R,RED,red
1984,-0.182164393551,-0.182164,-0.182164393551,ME-02,R,RED,red
1984,0.247829270844,0.247829,0.247929270844,ME-02,D,BLUE,blue
1984,0.000000000000,0.000000,0.000100000000,ME-AL,R,RED,red
1984,-0.182164393551,-0.182164,-0.182164393551,ME-AL,R,RED,red
1984,0.220530277830,0.220530,0.220630277830,ME-AL,D,BLUE,blue
1984,0.000000000000,0.000000,0.000100000000,MI,R,RED,red
1984,-0.182164393551,-0.182164,-0.182164393551,MI,R,RED,red
1984,0.189899512265,0.189900,0.189999512265,MI,D,BLUE,blue
1984,0.000000000000,0.000000,0.000100000000,MN,D,BLUE,blue
1984,-0.182164393551,-0.182164,-0.182164393551,MN,R,RED,red
1984,-0.001804313754,-0.001804,-0.001904313754,MN,D,BLUE,blue
1984,0.000000000000,0.000000,0.000100000000,MO,R,RED,red
1984,-0.182164393551,-0.182164,-0.182164393551,MO,R,RED,red
1984,0.200495013358,0.200495,0.200595013358,MO,D,BLUE,blue
1984,0.000000000000,0.000000,0.000100000000,MS,R,RED,red
1984,-0.182164393551,-0.182164,-0.182164393551,MS,R,RED,red
1984,0.243870400939,0.243870,0.243970400939,MS,D,BLUE,blue
1984,0.000000000000,0.000000,0.000100000000,MT,R,RED,red
1984,-0.182164393551,-0.182164,-0.182164393551,MT,R,RED,red
1984,0.222979002386,0.222979,0.223079002386,MT,D,BLUE,blue
1984,0.000000000000,0.000000,0.000100000000,NC,R,RED,red
1984,-0.182164393551,-0.182164,-0.182164393551,NC,R,RED,red
1984,0.240049352728,0.240049,0.240149352728,NC,D,BLUE,blue
1984,0.000000000000,0.000000,0.000100000000,ND,R,RED,red
1984,-0.182164393551,-0.182164,-0.182164393551,ND,R,RED,red
1984,0.310407772898,0.310408,0.310507772898,ND,D,BLUE,blue
1984,0.000000000000,0.000000,0.000100000000,NE-AL,R,RED,red
1984,-0.182164393551,-0.182164,-0.182164393551,NE-AL,R,RED,red
1984,0.417408639912,0.417409,0.417508639912,NE-AL,D,BLUE,blue
1984,0.000000000000,0.000000,0.000100000000,NH,R,RED,red
1984,-0.182164393551,-0.182164,-0.182164393551,NH,R,RED,red
1984,0.377052299244,0.377052,0.377152299244,NH,D,BLUE,blue
1984,0.000000000000,0.000000,0.000100000000,NJ,R,RED,red
1984,-0.182164393551,-0.182164,-0.182164393551,NJ,R,RED,red
1984,0.208929717931,0.208930,0.209029717931,NJ,D,BLUE,blue
1984,0.000000000000,0.000000,0.000100000000,NM,R,RED,red
1984,-0.182164393551,-0.182164,-0.182164393551,NM,R,RED,red
1984,0.204778661275,0.204779,0.204878661275,NM,D,BLUE,blue
1984,0.000000000000,0.000000,0.000100000000,NV,R,RED,red
1984,-0.182164393551,-0.182164,-0.182164393551,NV,R,RED,red
1984,0.338772861892,0.338773,0.338872861892,NV,D,BLUE,blue
1984,0.000000000000,0.000000,0.000100000000,NY,R,RED,red
1984,-0.182164393551,-0.182164,-0.182164393551,NY,R,RED,red
1984,0.080089498605,0.080089,0.080189498605,NY,D,BLUE,blue
1984,0.000000000000,0.000000,0.000100000000,OH,R,RED,red
1984,-0.182164393551,-0.182164,-0.182164393551,OH,R,RED,red
1984,0.187597070027,0.187597,0.187697070027,OH,D,BLUE,blue
1984,0.000000000000,0.000000,0.000100000000,OK,R,RED,red
1984,-0.182164393551,-0.182164,-0.182164393551,OK,R,RED,red
1984,0.379437052233,0.379437,0.379537052233,OK,D,BLUE,blue
1984,0.000000000000,0.000000,0.000100000000,OR,R,RED,red
1984,-0.182164393551,-0.182164,-0.182164393551,OR,R,RED,red
1984,0.121661406557,0.121661,0.121761406557,OR,D,BLUE,blue
1984,0.000000000000,0.000000,0.000100000000,PA,R,RED,red
1984,-0.182164393551,-0.182164,-0.182164393551,PA,R,RED,red
1984,0.073518912556,0.073519,0.073618912556,PA,D,BLUE,blue
1984,0.000000000000,0.000000,0.000100000000,RI,R,RED,red
1984,-0.182164393551,-0.182164,-0.182164393551,RI,R,RED,red
1984,0.036478177407,0.036478,0.036578177407,RI,D,BLUE,blue
1984,0.000000000000,0.000000,0.000100000000,SC,R,RED,red
1984,-0.182164393551,-0.182164,-0.182164393551,SC,R,RED,red
1984,0.279873830714,0.279874,0.279973830714,SC,D,BLUE,blue
1984,0.000000000000,0.000000,0.000100000000,SD,R,RED,red
1984,-0.182164393551,-0.182164,-0.182164393551,SD,R,RED,red
1984,0.264745947204,0.264746,0.264845947204,SD,D,BLUE,blue
1984,0.000000000000,0.000000,0.000100000000,TN,R,RED,red
1984,-0.182164393551,-0.182164,-0.182164393551,TN,R,RED,red
1984,0.162674730563,0.162675,0.162774730563,TN,D,BLUE,blue
1984,0.000000000000,0.000000,0.000100000000,TX,R,RED,red
1984,-0.182164393551,-0.182164,-0.182164393551,TX,R,RED,red
1984,0.274966647034,0.274967,0.275066647034,TX,D,BLUE,blue
1984,0.000000000000,0.000000,0.000100000000,UT,R,RED,red
1984,-0.182164393551,-0.182164,-0.182164393551,UT,R,RED,red
1984,0.498265719695,0.498266,0.498365719695,UT,D,BLUE,blue
1984,0.000000000000,0.000000,0.000100000000,VA,R,RED,red
1984,-0.182164393551,-0.182164,-0.182164393551,VA,R,RED,red
1984,0.251942225856,0.251942,0.252042225856,VA,D,BLUE,blue
1984,0.000000000000,0.000000,0.000100000000,VT,R,RED,red
1984,-0.182164393551,-0.182164,-0.182164393551,VT,R,RED,red
1984,0.171106876250,0.171107,0.171206876250,VT,D,BLUE,blue
1984,0.000000000000,0.000000,0.000100000000,WA,R,RED,red
1984,-0.182164393551,-0.182164,-0.182164393551,WA,R,RED,red
1984,0.129686662314,0.129687,0.129786662314,WA,D,BLUE,blue
1984,0.000000000000,0.000000,0.000100000000,WI,R,RED,red
1984,-0.182164393551,-0.182164,-0.182164393551,WI,R,RED,red
1984,0.091750240505,0.091750,0.091850240505,WI,D,BLUE,blue
1984,0.000000000000,0.000000,0.000100000000,WV,R,RED,red
1984,-0.182164393551,-0.182164,-0.182164393551,WV,R,RED,red
1984,0.105142835396,0.105143,0.105242835396,WV,D,BLUE,blue
1984,0.000000000000,0.000000,0.000100000000,WY,R,RED,red
1984,-0.182164393551,-0.182164,-0.182164393551,WY,R,RED,red
1984,0.422669446679,0.422669,0.422769446679,WY,D,BLUE,blue
1988,0.000000000000,0.000000,0.000100000000,AK,R,RED,red
1988,-0.077265628707,-0.077266,-0.077265628707,AK,R,RED,red
1988,0.233199744148,0.233200,0.233299744148,AK,D,BLUE,blue
1988,0.000000000000,0.000000,0.000100000000,AL,R,RED,red
1988,-0.077265628707,-0.077266,-0.077265628707,AL,R,RED,red
1988,0.193017506290,0.193018,0.193117506290,AL,D,BLUE,blue
1988,0.000000000000,0.000000,0.000100000000,AR,R,RED,red
1988,-0.077265628707,-0.077266,-0.077265628707,AR,R,RED,red
1988,0.141761040329,0.141761,0.141861040329,AR,D,BLUE,blue
1988,0.000000000000,0.000000,0.000100000000,AZ,R,RED,red
1988,-0.077265628707,-0.077266,-0.077265628707,AZ,R,RED,red
1988,0.212063935256,0.212064,0.212163935256,AZ,D,BLUE,blue
1988,0.000000000000,0.000000,0.000100000000,CA,R,RED,red
1988,-0.077265628707,-0.077266,-0.077265628707,CA,R,RED,red
1988,0.035671256907,0.035671,0.035771256907,CA,D,BLUE,blue
1988,0.000000000000,0.000000,0.000100000000,CO,R,RED,red
1988,-0.077265628707,-0.077266,-0.077265628707,CO,R,RED,red
1988,0.077764840126,0.077765,0.077864840126,CO,D,BLUE,blue
1988,0.000000000000,0.000000,0.000100000000,CT,R,RED,red
1988,-0.077265628707,-0.077266,-0.077265628707,CT,R,RED,red
1988,0.051030418583,0.051030,0.051130418583,CT,D,BLUE,blue
1988,0.000000000000,0.000000,0.000100000000,DC,D,BLUE,blue
1988,-0.077265628707,-0.077266,-0.077265628707,DC,D,BLUE,blue
1988,0.000000000000,0.000000,0.000100000000,DE,R,RED,red
1988,-0.077265628707,-0.077266,-0.077265628707,DE,R,RED,red
1988,0.124022073624,0.124022,0.124122073624,DE,D,BLUE,blue
1988,0.000000000000,0.000000,0.000100000000,FL,R,RED,red
1988,-0.077265628707,-0.077266,-0.077265628707,FL,R,RED,red
1988,0.223643421573,0.223643,0.223743421573,FL,D,BLUE,blue
1988,0.000000000000,0.000000,0.000100000000,GA,R,RED,red
1988,-0.077265628707,-0.077266,-0.077265628707,GA,R,RED,red
1988,0.202544438992,0.202544,0.202644438992,GA,D,BLUE,blue
1988,0.000000000000,0.000000,0.000100000000,HI,D,BLUE,blue
1988,-0.077265628707,-0.077266,-0.077265628707,HI,D,BLUE,blue
1988,-0.095183955358,-0.095184,-0.095283955358,HI,D,BLUE,blue
1988,0.000000000000,0.000000,0.000100000000,IA,D,BLUE,blue
1988,-0.077265628707,-0.077266,-0.077265628707,IA,D,BLUE,blue
1988,-0.102154511943,-0.102155,-0.102254511943,IA,D,BLUE,blue
1988,0.000000000000,0.000000,0.000100000000,ID,R,RED,red
1988,-0.077265628707,-0.077266,-0.077265628707,ID,R,RED,red
1988,0.260678097064,0.260678,0.260778097064,ID,D,BLUE,blue
1988,0.000000000000,0.000000,0.000100000000,IL,R,RED,red
1988,-0.077265628707,-0.077266,-0.077265628707,IL,R,RED,red
1988,0.020837135237,0.020837,0.020937135237,IL,D,BLUE,blue
1988,0.000000000000,0.000000,0.000100000000,IN,R,RED,red
1988,-0.077265628707,-0.077266,-0.077265628707,IN,R,RED,red
1988,0.201565879884,0.201566,0.201665879884,IN,D,BLUE,blue
1988,0.000000000000,0.000000,0.000100000000,KS,R,RED,red
1988,-0.077265628707,-0.077266,-0.077265628707,KS,R,RED,red
1988,0.132333511909,0.132334,0.132433511909,KS,D,BLUE,blue
1988,0.000000000000,0.000000,0.000100000000,KY,R,RED,red
1988,-0.077265628707,-0.077266,-0.077265628707,KY,R,RED,red
1988,0.116378844280,0.116379,0.116478844280,KY,D,BLUE,blue
1988,0.000000000000,0.000000,0.000100000000,LA,R,RED,red
1988,-0.077265628707,-0.077266,-0.077265628707,LA,R,RED,red
1988,0.091770554268,0.091771,0.091870554268,LA,D,BLUE,blue
1988,0.000000000000,0.000000,0.000100000000,MA,D,BLUE,blue
1988,-0.077265628707,-0.077266,-0.077265628707,MA,D,BLUE,blue
1988,-0.078532971489,-0.078533,-0.078632971489,MA,D,BLUE,blue
1988,0.000000000000,0.000000,0.000100000000,MD,R,RED,red
1988,-0.077265628707,-0.077266,-0.077265628707,MD,R,RED,red
1988,0.029085523560,0.029086,0.029185523560,MD,D,BLUE,blue
1988,0.000000000000,0.000000,0.000100000000,ME-01,R,RED,red
1988,-0.077265628707,-0.077266,-0.077265628707,ME-01,R,RED,red
1988,0.127223091520,0.127223,0.127323091520,ME-01,D,BLUE,blue
1988,0.000000000000,0.000000,0.000100000000,ME-02,R,RED,red
1988,-0.077265628707,-0.077266,-0.077265628707,ME-02,R,RED,red
1988,0.101258338993,0.101258,0.101358338993,ME-02,D,BLUE,blue
1988,0.000000000000,0.000000,0.000100000000,ME-AL,R,RED,red
1988,-0.077265628707,-0.077266,-0.077265628707,ME-AL,R,RED,red
1988,0.114518904213,0.114519,0.114618904213,ME-AL,D,BLUE,blue
1988,0.000000000000,0.000000,0.000100000000,MI,R,RED,red
1988,-0.077265628707,-0.077266,-0.077265628707,MI,R,RED,red
1988,0.078956154305,0.078956,0.079056154305,MI,D,BLUE,blue
1988,0.000000000000,0.000000,0.000100000000,MN,D,BLUE,blue
1988,-0.077265628707,-0.077266,-0.077265628707,MN,R,RED,red
1988,-0.070171071018,-0.070171,-0.070271071018,MN,D,BLUE,blue
1988,0.000000000000,0.000000,0.000100000000,MO,R,RED,red
1988,-0.077265628707,-0.077266,-0.077265628707,MO,R,RED,red
1988,0.039811238909,0.039811,0.039911238909,MO,D,BLUE,blue
1988,0.000000000000,0.000000,0.000100000000,MS,R,RED,red
1988,-0.077265628707,-0.077266,-0.077265628707,MS,R,RED,red
1988,0.208226922032,0.208227,0.208326922032,MS,D,BLUE,blue
1988,0.000000000000,0.000000,0.000100000000,MT,R,RED,red
1988,-0.077265628707,-0.077266,-0.077265628707,MT,R,RED,red
1988,0.058729906966,0.058730,0.058829906966,MT,D,BLUE,blue
1988,0.000000000000,0.000000,0.000100000000,NC,R,RED,red
1988,-0.077265628707,-0.077266,-0.077265628707,NC,R,RED,red
1988,0.162619883151,0.162620,0.162719883151,NC,D,BLUE,blue
1988,0.000000000000,0.000000,0.000100000000,ND,R,RED,red
1988,-0.077265628707,-0.077266,-0.077265628707,ND,R,RED,red
1988,0.130592307770,0.130592,0.130692307770,ND,D,BLUE,blue
1988,0.000000000000,0.000000,0.000100000000,NE-AL,R,RED,red
1988,-0.077265628707,-0.077266,-0.077265628707,NE-AL,R,RED,red
1988,0.209551430314,0.209551,0.209651430314,NE-AL,D,BLUE,blue
1988,0.000000000000,0.000000,0.000100000000,NH,R,RED,red
1988,-0.077265628707,-0.077266,-0.077265628707,NH,R,RED,red
1988,0.261563731202,0.261564,0.261663731202,NH,D,BLUE,blue
1988,0.000000000000,0.000000,0.000100000000,NJ,R,RED,red
1988,-0.077265628707,-0.077266,-0.077265628707,NJ,R,RED,red
1988,0.136419670836,0.136420,0.136519670836,NJ,D,BLUE,blue
1988,0.000000000000,0.000000,0.000100000000,NM,R,RED,red
1988,-0.077265628707,-0.077266,-0.077265628707,NM,R,RED,red
1988,0.049577296192,0.049577,0.049677296192,NM,D,BLUE,blue
1988,0.000000000000,0.000000,0.000100000000,NV,R,RED,red
1988,-0.077265628707,-0.077266,-0.077265628707,NV,R,RED,red
1988,0.209394201681,0.209394,0.209494201681,NV,D,BLUE,blue
1988,0.000000000000,0.000000,0.000100000000,NY,D,BLUE,blue
1988,-0.077265628707,-0.077266,-0.077265628707,NY,R,RED,red
1988,-0.041015109742,-0.041015,-0.041115109742,NY,D,BLUE,blue
1988,0.000000000000,0.000000,0.000100000000,OH,R,RED,red
1988,-0.077265628707,-0.077266,-0.077265628707,OH,R,RED,red
1988,0.108546352401,0.108546,0.108646352401,OH,D,BLUE,blue
1988,0.000000000000,0.000000,0.000100000000,OK,R,RED,red
1988,-0.077265628707,-0.077266,-0.077265628707,OK,R,RED,red
1988,0.166471397976,0.166471,0.166571397976,OK,D,BLUE,blue
1988,0.000000000000,0.000000,0.000100000000,OR,D,BLUE,blue
1988,-0.077265628707,-0.077266,-0.077265628707,OR,R,RED,red
1988,-0.046667454443,-0.046667,-0.046767454443,OR,D,BLUE,blue
1988,0.000000000000,0.000000,0.000100000000,PA,R,RED,red
1988,-0.077265628707,-0.077266,-0.077265628707,PA,R,RED,red
1988,0.023178391143,0.023178,0.023278391143,PA,D,BLUE,blue
1988,0.000000000000,0.000000,0.000100000000,RI,D,BLUE,blue
1988,-0.077265628707,-0.077266,-0.077265628707,RI,D,BLUE,blue
1988,-0.117053037418,-0.117053,-0.117153037418,RI,D,BLUE,blue
1988,0.000000000000,0.000000,0.000100000000,SC,R,RED,red
1988,-0.077265628707,-0.077266,-0.077265628707,SC,R,RED,red
1988,0.239236153017,0.239236,0.239336153017,SC,D,BLUE,blue
1988,0.000000000000,0.000000,0.000100000000,SD,R,RED,red
1988,-0.077265628707,-0.077266,-0.077265628707,SD,R,RED,red
1988,0.063436328840,0.063436,0.063536328840,SD,D,BLUE,blue
1988,0.000000000000,0.000000,0.000100000000,TN,R,RED,red
1988,-0.077265628707,-0.077266,-0.077265628707,TN,R,RED,red
1988,0.163446294882,0.163446,0.163546294882,TN,D,BLUE,blue
1988,0.000000000000,0.000000,0.000100000000,TX,R,RED,red
1988,-0.077265628707,-0.077266,-0.077265628707,TX,R,RED,red
1988,0.126041887383,0.126042,0.126141887383,TX,D,BLUE,blue
1988,0.000000000000,0.000000,0.000100000000,UT,R,RED,red
1988,-0.077265628707,-0.077266,-0.077265628707,UT,R,RED,red
1988,0.341725295514,0.341725,0.341825295514,UT,D,BLUE,blue
1988,0.000000000000,0.000000,0.000100000000,VA,R,RED,red
1988,-0.077265628707,-0.077266,-0.077265628707,VA,R,RED,red
1988,0.205037942443,0.205038,0.205137942443,VA,D,BLUE,blue
1988,0.000000000000,0.000000,0.000100000000,VT,R,RED,red
1988,-0.077265628707,-0.077266,-0.077265628707,VT,R,RED,red
1988,0.035161692002,0.035162,0.035261692002,VT,D,BLUE,blue
1988,0.000000000000,0.000000,0.000100000000,WA,D,BLUE,blue
1988,-0.077265628707,-0.077266,-0.077265628707,WA,R,RED,red
1988,-0.015912586657,-0.015913,-0.016012586657,WA,D,BLUE,blue
1988,0.000000000000,0.000000,0.000100000000,WI,D,BLUE,blue
1988,-0.077265628707,-0.077266,-0.077265628707,WI,R,RED,red
1988,-0.036181196637,-0.036181,-0.036281196637,WI,D,BLUE,blue
1988,0.000000000000,0.000000,0.000100000000,WV,D,BLUE,blue
1988,-0.077265628707,-0.077266,-0.077265628707,WV,R,RED,red
1988,-0.047375599064,-0.047376,-0.047475599064,WV,D,BLUE,blue
1988,0.000000000000,0.000000,0.000100000000,WY,R,RED,red
1988,-0.077265628707,-0.077266,-0.077265628707,WY,R,RED,red
1988,0.225170064174,0.225170,0.225270064174,WY,D,BLUE,blue
1992,0.000000000000,0.000000,0.000100000000,AK,R,RED,red
1992,0.055592547493,0.055593,0.055592547493,AK,R,RED,red
1992,0.091703867608,0.091704,0.091803867608,AK,D,BLUE,blue
1992,0.000000000000,0.000000,0.000100000000,AL,R,RED,red
1992,0.055592547493,0.055593,0.055592547493,AL,R,RED,red
1992,0.067653400945,0.067653,0.067753400945,AL,D,BLUE,blue
1992,0.000000000000,0.000000,0.000100000000,AR,D,BLUE,blue
1992,0.055592547493,0.055593,0.055592547493,AR,D,BLUE,blue
1992,-0.177245535437,-0.177246,-0.177345535437,AR,D,BLUE,blue
1992,0.000000000000,0.000000,0.000100000000,AZ,R,RED,red
1992,0.055592547493,0.055593,0.055592547493,AZ,D,BLUE,blue
1992,0.019526891844,0.019527,0.019626891844,AZ,D,BLUE,blue
1992,0.000000000000,0.000000,0.000100000000,CA,D,BLUE,blue
1992,0.055592547493,0.055593,0.055592547493,CA,D,BLUE,blue
1992,-0.133919184644,-0.133919,-0.134019184644,CA,D,BLUE,blue
1992,0.000000000000,0.000000,0.000100000000,CO,D,BLUE,blue
1992,0.055592547493,0.055593,0.055592547493,CO,D,BLUE,blue
1992,-0.042589760257,-0.042590,-0.042689760257,CO,D,BLUE,blue
1992,0.000000000000,0.000000,0.000100000000,CT,D,BLUE,blue
1992,0.055592547493,0.055593,0.055592547493,CT,D,BLUE,blue
1992,-0.064346310040,-0.064346,-0.064446310040,CT,D,BLUE,blue
1992,0.000000000000,0.000000,0.000100000000,DC,D,BLUE,blue
1992,0.055592547493,0.055593,0.055592547493,DC,D,BLUE,blue
1992,0.000000000000,0.000000,0.000100000000,DE,D,BLUE,blue
1992,0.055592547493,0.055593,0.055592547493,DE,D,BLUE,blue
1992,-0.081943845238,-0.081944,-0.082043845238,DE,D,BLUE,blue
1992,0.000000000000,0.000000,0.000100000000,FL,R,RED,red
1992,0.055592547493,0.055593,0.055592547493,FL,D,BLUE,blue
1992,0.018913170124,0.018913,0.019013170124,FL,D,BLUE,blue
1992,0.000000000000,0.000000,0.000100000000,GA,D,BLUE,blue
1992,0.055592547493,0.055593,0.055592547493,GA,D,BLUE,blue
1992,-0.005908341860,-0.005908,-0.006008341860,GA,D,BLUE,blue
1992,0.000000000000,0.000000,0.000100000000,HI,D,BLUE,blue
1992,0.055592547493,0.055593,0.055592547493,HI,D,BLUE,blue
1992,-0.113957118565,-0.113957,-0.114057118565,HI,D,BLUE,blue
1992,0.000000000000,0.000000,0.000100000000,IA,D,BLUE,blue
1992,0.055592547493,0.055593,0.055592547493,IA,D,BLUE,blue
1992,-0.060136999144,-0.060137,-0.060236999144,IA,D,BLUE,blue
1992,0.000000000000,0.000000,0.000100000000,ID,R,RED,red
1992,0.055592547493,0.055593,0.055592547493,ID,R,RED,red
1992,0.136125871631,0.136126,0.136225871631,ID,D,BLUE,blue
1992,0.000000000000,0.000000,0.000100000000,IL,D,BLUE,blue
1992,0.055592547493,0.055593,0.055592547493,IL,D,BLUE,blue
1992,-0.142422106877,-0.142422,-0.142522106877,IL,D,BLUE,blue
1992,0.000000000000,0.000000,0.000100000000,IN,R,RED,red
1992,0.055592547493,0.055593,0.055592547493,IN,R,RED,red
1992,0.061128744843,0.061129,0.061228744843,IN,D,BLUE,blue
1992,0.000000000000,0.000000,0.000100000000,KS,R,RED,red
1992,0.055592547493,0.055593,0.055592547493,KS,D,BLUE,blue
1992,0.051430304622,0.051430,0.051530304622,KS,D,BLUE,blue
1992,0.000000000000,0.000000,0.000100000000,KY,D,BLUE,blue
1992,0.055592547493,0.055593,0.055592547493,KY,D,BLUE,blue
1992,-0.032102619064,-0.032103,-0.032202619064,KY,D,BLUE,blue
1992,0.000000000000,0.000000,0.000100000000,LA,D,BLUE,blue
1992,0.055592547493,0.055593,0.055592547493,LA,D,BLUE,blue
1992,-0.046136433341,-0.046136,-0.046236433341,LA,D,BLUE,blue
1992,0.000000000000,0.000000,0.000100000000,MA,D,BLUE,blue
1992,0.055592547493,0.055593,0.055592547493,MA,D,BLUE,blue
1992,-0.185170229703,-0.185170,-0.185270229703,MA,D,BLUE,blue
1992,0.000000000000,0.000000,0.000100000000,MD,D,BLUE,blue
1992,0.055592547493,0.055593,0.055592547493,MD,D,BLUE,blue
1992,-0.141798729097,-0.141799,-0.141898729097,MD,D,BLUE,blue
1992,0.000000000000,0.000000,0.000100000000,ME-01,D,BLUE,blue
1992,0.055592547493,0.055593,0.055592547493,ME-01,D,BLUE,blue
1992,-0.081090741128,-0.081091,-0.081190741128,ME-01,D,BLUE,blue
1992,0.000000000000,0.000000,0.000100000000,ME-02,D,BLUE,blue
1992,0.055592547493,0.055593,0.055592547493,ME-02,D,BLUE,blue
1992,-0.087602387007,-0.087602,-0.087702387007,ME-02,D,BLUE,blue
1992,0.000000000000,0.000000,0.000100000000,ME-AL,D,BLUE,blue
1992,0.055592547493,0.055593,0.055592547493,ME-AL,D,BLUE,blue
1992,-0.083761712674,-0.083762,-0.083861712674,ME-AL,D,BLUE,blue
1992,0.000000000000,0.000000,0.000100000000,MI,D,BLUE,blue
1992,0.055592547493,0.055593,0.055592547493,MI,D,BLUE,blue
1992,-0.073980395693,-0.073980,-0.074080395693,MI,D,BLUE,blue
1992,0.000000000000,0.000000,0.000100000000,MN,D,BLUE,blue
1992,0.055592547493,0.055593,0.055592547493,MN,D,BLUE,blue
1992,-0.116338230803,-0.116338,-0.116438230803,MN,D,BLUE,blue
1992,0.000000000000,0.000000,0.000100000000,MO,D,BLUE,blue
1992,0.055592547493,0.055593,0.055592547493,MO,D,BLUE,blue
1992,-0.101487519679,-0.101488,-0.101587519679,MO,D,BLUE,blue
1992,0.000000000000,0.000000,0.000100000000,MS,R,RED,red
1992,0.055592547493,0.055593,0.055592547493,MS,R,RED,red
1992,0.089158305264,0.089158,0.089258305264,MS,D,BLUE,blue
1992,0.000000000000,0.000000,0.000100000000,MT,D,BLUE,blue
1992,0.055592547493,0.055593,0.055592547493,MT,D,BLUE,blue
1992,-0.025084569093,-0.025085,-0.025184569093,MT,D,BLUE,blue
1992,0.000000000000,0.000000,0.000100000000,NC,R,RED,red
1992,0.055592547493,0.055593,0.055592547493,NC,D,BLUE,blue
1992,0.007894404349,0.007894,0.007994404349,NC,D,BLUE,blue
1992,0.000000000000,0.000000,0.000100000000,ND,R,RED,red
1992,0.055592547493,0.055593,0.055592547493,ND,R,RED,red
1992,0.120324664999,0.120325,0.120424664999,ND,D,BLUE,blue
1992,0.000000000000,0.000000,0.000100000000,NE-01,R,RED,red
1992,0.055592547493,0.055593,0.055592547493,NE-01,R,RED,red
1992,0.106498056516,0.106498,0.106598056516,NE-01,D,BLUE,blue
1992,0.000000000000,0.000000,0.000100000000,NE-02,R,RED,red
1992,0.055592547493,0.055593,0.055592547493,NE-02,R,RED,red
1992,0.150667936178,0.150668,0.150767936178,NE-02,D,BLUE,blue
1992,0.000000000000,0.000000,0.000100000000,NE-03,R,RED,red
1992,0.055592547493,0.055593,0.055592547493,NE-03,R,RED,red
1992,0.261480583915,0.261481,0.261580583915,NE-03,D,BLUE,blue
1992,0.000000000000,0.000000,0.000100000000,NE-AL,R,RED,red
1992,0.055592547493,0.055593,0.055592547493,NE-AL,R,RED,red
1992,0.171790775657,0.171791,0.171890775657,NE-AL,D,BLUE,blue
1992,0.000000000000,0.000000,0.000100000000,NH,D,BLUE,blue
1992,0.055592547493,0.055593,0.055592547493,NH,D,BLUE,blue
1992,-0.012187119501,-0.012187,-0.012287119501,NH,D,BLUE,blue
1992,0.000000000000,0.000000,0.000100000000,NJ,D,BLUE,blue
1992,0.055592547493,0.055593,0.055592547493,NJ,D,BLUE,blue
1992,-0.023729256602,-0.023729,-0.023829256602,NJ,D,BLUE,blue
1992,0.000000000000,0.000000,0.000100000000,NM,D,BLUE,blue
1992,0.055592547493,0.055593,0.055592547493,NM,D,BLUE,blue
1992,-0.085603856937,-0.085604,-0.085703856937,NM,D,BLUE,blue
1992,0.000000000000,0.000000,0.000100000000,NV,D,BLUE,blue
1992,0.055592547493,0.055593,0.055592547493,NV,D,BLUE,blue
1992,-0.026307577451,-0.026308,-0.026407577451,NV,D,BLUE,blue
1992,0.000000000000,0.000000,0.000100000000,NY,D,BLUE,blue
1992,0.055592547493,0.055593,0.055592547493,NY,D,BLUE,blue
1992,-0.158482982295,-0.158483,-0.158582982295,NY,D,BLUE,blue
1992,0.000000000000,0.000000,0.000100000000,OH,D,BLUE,blue
1992,0.055592547493,0.055593,0.055592547493,OH,D,BLUE,blue
1992,-0.018346692405,-0.018347,-0.018446692405,OH,D,BLUE,blue
1992,0.000000000000,0.000000,0.000100000000,OK,R,RED,red
1992,0.055592547493,0.055593,0.055592547493,OK,R,RED,red
1992,0.086210108325,0.086210,0.086310108325,OK,D,BLUE,blue
1992,0.000000000000,0.000000,0.000100000000,OR,D,BLUE,blue
1992,0.055592547493,0.055593,0.055592547493,OR,D,BLUE,blue
1992,-0.099516423351,-0.099516,-0.099616423351,OR,D,BLUE,blue
1992,0.000000000000,0.000000,0.000100000000,PA,D,BLUE,blue
1992,0.055592547493,0.055593,0.055592547493,PA,D,BLUE,blue
1992,-0.090189543551,-0.090190,-0.090289543551,PA,D,BLUE,blue
1992,0.000000000000,0.000000,0.000100000000,RI,D,BLUE,blue
1992,0.055592547493,0.055593,0.055592547493,RI,D,BLUE,blue
1992,-0.180165300191,-0.180165,-0.180265300191,RI,D,BLUE,blue
1992,0.000000000000,0.000000,0.000100000000,SC,R,RED,red
1992,0.055592547493,0.055593,0.055592547493,SC,R,RED,red
1992,0.081489230595,0.081489,0.081589230595,SC,D,BLUE,blue
1992,0.000000000000,0.000000,0.000100000000,SD,R,RED,red
1992,0.055592547493,0.055593,0.055592547493,SD,D,BLUE,blue
1992,0.035181737615,0.035182,0.035281737615,SD,D,BLUE,blue
1992,0.000000000000,0.000000,0.000100000000,TN,D,BLUE,blue
1992,0.055592547493,0.055593,0.055592547493,TN,D,BLUE,blue
1992,-0.046514290556,-0.046514,-0.046614290556,TN,D,BLUE,blue
1992,0.000000000000,0.000000,0.000100000000,TX,R,RED,red
1992,0.055592547493,0.055593,0.055592547493,TX,D,BLUE,blue
1992,0.034815627774,0.034816,0.034915627774,TX,D,BLUE,blue
1992,0.000000000000,0.000000,0.000100000000,UT,R,RED,red
1992,0.055592547493,0.055593,0.055592547493,UT,R,RED,red
1992,0.187101057932,0.187101,0.187201057932,UT,D,BLUE,blue
1992,0.000000000000,0.000000,0.000100000000,VA,R,RED,red
1992,0.055592547493,0.055593,0.055592547493,VA,D,BLUE,blue
1992,0.043720846613,0.043721,0.043820846613,VA,D,BLUE,blue
1992,0.000000000000,0.000000,0.000100000000,VT,D,BLUE,blue
1992,0.055592547493,0.055593,0.055592547493,VT,D,BLUE,blue
1992,-0.156954929393,-0.156955,-0.157054929393,VT,D,BLUE,blue
1992,0.000000000000,0.000000,0.000100000000,WA,D,BLUE,blue
1992,0.055592547493,0.055593,0.055592547493,WA,D,BLUE,blue
1992,-0.114413423837,-0.114413,-0.114513423837,WA,D,BLUE,blue
1992,0.000000000000,0.000000,0.000100000000,WI,D,BLUE,blue
1992,0.055592547493,0.055593,0.055592547493,WI,D,BLUE,blue
1992,-0.043542487616,-0.043542,-0.043642487616,WI,D,BLUE,blue
1992,0.000000000000,0.000000,0.000100000000,WV,D,BLUE,blue
1992,0.055592547493,0.055593,0.055592547493,WV,D,BLUE,blue
1992,-0.130217924546,-0.130218,-0.130317924546,WV,D,BLUE,blue
1992,0.000000000000,0.000000,0.000100000000,WY,R,RED,red
1992,0.055592547493,0.055593,0.055592547493,WY,R,RED,red
1992,0.055771311202,0.055771,0.055871311202,WY,D,BLUE,blue
1996,0.000000000000,0.000000,0.000100000000,AK,R,RED,red
1996,0.085208128614,0.085208,0.085208128614,AK,R,RED,red
1996,0.175341445245,0.175341,0.175441445245,AK,D,BLUE,blue
1996,0.000000000000,0.000000,0.000100000000,AL,R,RED,red
1996,0.085208128614,0.085208,0.085208128614,AL,D,BLUE,blue
1996,0.069657555093,0.069658,0.069757555093,AL,D,BLUE,blue
1996,0.000000000000,0.000000,0.000100000000,AR,D,BLUE,blue
1996,0.085208128614,0.085208,0.085208128614,AR,D,BLUE,blue
1996,-0.169355914876,-0.169356,-0.169455914876,AR,D,BLUE,blue
1996,0.000000000000,0.000000,0.000100000000,AZ,D,BLUE,blue
1996,0.085208128614,0.085208,0.085208128614,AZ,D,BLUE,blue
1996,-0.022226494494,-0.022226,-0.022326494494,AZ,D,BLUE,blue
1996,0.000000000000,0.000000,0.000100000000,CA,D,BLUE,blue
1996,0.085208128614,0.085208,0.085208128614,CA,D,BLUE,blue
1996,-0.128894362225,-0.128894,-0.128994362225,CA,D,BLUE,blue
1996,0.000000000000,0.000000,0.000100000000,CO,R,RED,red
1996,0.085208128614,0.085208,0.085208128614,CO,D,BLUE,blue
1996,0.013699573179,0.013700,0.013799573179,CO,D,BLUE,blue
1996,0.000000000000,0.000000,0.000100000000,CT,D,BLUE,blue
1996,0.085208128614,0.085208,0.085208128614,CT,D,BLUE,blue
1996,-0.181407769849,-0.181408,-0.181507769849,CT,D,BLUE,blue
1996,0.000000000000,0.000000,0.000100000000,DC,D,BLUE,blue
1996,0.085208128614,0.085208,0.085208128614,DC,D,BLUE,blue
1996,0.000000000000,0.000000,0.000100000000,DE,D,BLUE,blue
1996,0.085208128614,0.085208,0.085208128614,DE,D,BLUE,blue
1996,-0.152459894035,-0.152460,-0.152559894035,DE,D,BLUE,blue
1996,0.000000000000,0.000000,0.000100000000,FL,D,BLUE,blue
1996,0.085208128614,0.085208,0.085208128614,FL,D,BLUE,blue
1996,-0.057003345153,-0.057003,-0.057103345153,FL,D,BLUE,blue
1996,0.000000000000,0.000000,0.000100000000,GA,R,RED,red
1996,0.085208128614,0.085208,0.085208128614,GA,D,BLUE,blue
1996,0.011741264189,0.011741,0.011841264189,GA,D,BLUE,blue
1996,0.000000000000,0.000000,0.000100000000,HI,D,BLUE,blue
1996,0.085208128614,0.085208,0.085208128614,HI,D,BLUE,blue
1996,-0.252885149395,-0.252885,-0.252985149395,HI,D,BLUE,blue
1996,0.000000000000,0.000000,0.000100000000,IA,D,BLUE,blue
1996,0.085208128614,0.085208,0.085208128614,IA,D,BLUE,blue
1996,-0.103408625894,-0.103409,-0.103508625894,IA,D,BLUE,blue
1996,0.000000000000,0.000000,0.000100000000,ID,R,RED,red
1996,0.085208128614,0.085208,0.085208128614,ID,R,RED,red
1996,0.185374166953,0.185374,0.185474166953,ID,D,BLUE,blue
1996,0.000000000000,0.000000,0.000100000000,IL,D,BLUE,blue
1996,0.085208128614,0.085208,0.085208128614,IL,D,BLUE,blue
1996,-0.175053248476,-0.175053,-0.175153248476,IL,D,BLUE,blue
1996,0.000000000000,0.000000,0.000100000000,IN,R,RED,red
1996,0.085208128614,0.085208,0.085208128614,IN,D,BLUE,blue
1996,0.055841677427,0.055842,0.055941677427,IN,D,BLUE,blue
1996,0.000000000000,0.000000,0.000100000000,KS,R,RED,red
1996,0.085208128614,0.085208,0.085208128614,KS,R,RED,red
1996,0.182059015173,0.182059,0.182159015173,KS,D,BLUE,blue
1996,0.000000000000,0.000000,0.000100000000,KY,D,BLUE,blue
1996,0.085208128614,0.085208,0.085208128614,KY,D,BLUE,blue
1996,-0.009599570248,-0.009600,-0.009699570248,KY,D,BLUE,blue
1996,0.000000000000,0.000000,0.000100000000,LA,D,BLUE,blue
1996,0.085208128614,0.085208,0.085208128614,LA,D,BLUE,blue
1996,-0.120659163131,-0.120659,-0.120759163131,LA,D,BLUE,blue
1996,0.000000000000,0.000000,0.000100000000,MA,D,BLUE,blue
1996,0.085208128614,0.085208,0.085208128614,MA,D,BLUE,blue
1996,-0.333878549085,-0.333879,-0.333978549085,MA,D,BLUE,blue
1996,0.000000000000,0.000000,0.000100000000,MD,D,BLUE,blue
1996,0.085208128614,0.085208,0.085208128614,MD,D,BLUE,blue
1996,-0.159852768591,-0.159853,-0.159952768591,MD,D,BLUE,blue
1996,0.000000000000,0.000000,0.000100000000,ME-01,D,BLUE,blue
1996,0.085208128614,0.085208,0.085208128614,ME-01,D,BLUE,blue
1996,-0.202452691559,-0.202453,-0.202552691559,ME-01,D,BLUE,blue
1996,0.000000000000,0.000000,0.000100000000,ME-02,D,BLUE,blue
1996,0.085208128614,0.085208,0.085208128614,ME-02,D,BLUE,blue
1996,-0.215419563953,-0.215420,-0.215519563953,ME-02,D,BLUE,blue
1996,0.000000000000,0.000000,0.000100000000,ME-AL,D,BLUE,blue
1996,0.085208128614,0.085208,0.085208128614,ME-AL,D,BLUE,blue
1996,-0.208632820430,-0.208633,-0.208732820430,ME-AL,D,BLUE,blue
1996,0.000000000000,0.000000,0.000100000000,MI,D,BLUE,blue
1996,0.085208128614,0.085208,0.085208128614,MI,D,BLUE,blue
1996,-0.132102262394,-0.132102,-0.132202262394,MI,D,BLUE,blue
1996,0.000000000000,0.000000,0.000100000000,MN,D,BLUE,blue
1996,0.085208128614,0.085208,0.085208128614,MN,D,BLUE,blue
1996,-0.161431881203,-0.161432,-0.161531881203,MN,D,BLUE,blue
1996,0.000000000000,0.000000,0.000100000000,MO,D,BLUE,blue
1996,0.085208128614,0.085208,0.085208128614,MO,D,BLUE,blue
1996,-0.062981884234,-0.062982,-0.063081884234,MO,D,BLUE,blue
1996,0.000000000000,0.000000,0.000100000000,MS,R,RED,red
1996,0.085208128614,0.085208,0.085208128614,MS,D,BLUE,blue
1996,0.051256520898,0.051257,0.051356520898,MS,D,BLUE,blue
1996,0.000000000000,0.000000,0.000100000000,MT,R,RED,red
1996,0.085208128614,0.085208,0.085208128614,MT,D,BLUE,blue
1996,0.028802168634,0.028802,0.028902168634,MT,D,BLUE,blue
1996,0.000000000000,0.000000,0.000100000000,NC,R,RED,red
1996,0.085208128614,0.085208,0.085208128614,NC,D,BLUE,blue
1996,0.046938815259,0.046939,0.047038815259,NC,D,BLUE,blue
1996,0.000000000000,0.000000,0.000100000000,ND,R,RED,red
1996,0.085208128614,0.085208,0.085208128614,ND,D,BLUE,blue
1996,0.068109049551,0.068109,0.068209049551,ND,D,BLUE,blue
1996,0.000000000000,0.000000,0.000100000000,NE-01,R,RED,red
1996,0.085208128614,0.085208,0.085208128614,NE-01,R,RED,red
1996,0.116558850345,0.116559,0.116658850345,NE-01,D,BLUE,blue
1996,0.000000000000,0.000000,0.000100000000,NE-02,R,RED,red
1996,0.085208128614,0.085208,0.085208128614,NE-02,R,RED,red
1996,0.144731878200,0.144732,0.144831878200,NE-02,D,BLUE,blue
1996,0.000000000000,0.000000,0.000100000000,NE-03,R,RED,red
1996,0.085208128614,0.085208,0.085208128614,NE-03,R,RED,red
1996,0.301361256545,0.301361,0.301461256545,NE-03,D,BLUE,blue
1996,0.000000000000,0.000000,0.000100000000,NE-AL,R,RED,red
1996,0.085208128614,0.085208,0.085208128614,NE-AL,R,RED,red
1996,0.187043392898,0.187043,0.187143392898,NE-AL,D,BLUE,blue
1996,0.000000000000,0.000000,0.000100000000,NH,D,BLUE,blue
1996,0.085208128614,0.085208,0.085208128614,NH,D,BLUE,blue
1996,-0.099528221566,-0.099528,-0.099628221566,NH,D,BLUE,blue
1996,0.000000000000,0.000000,0.000100000000,NJ,D,BLUE,blue
1996,0.085208128614,0.085208,0.085208128614,NJ,D,BLUE,blue
1996,-0.178571347292,-0.178571,-0.178671347292,NJ,D,BLUE,blue
1996,0.000000000000,0.000000,0.000100000000,NM,D,BLUE,blue
1996,0.085208128614,0.085208,0.085208128614,NM,D,BLUE,blue
1996,-0.073270823667,-0.073271,-0.073370823667,NM,D,BLUE,blue
1996,0.000000000000,0.000000,0.000100000000,NV,D,BLUE,blue
1996,0.085208128614,0.085208,0.085208128614,NV,D,BLUE,blue
1996,-0.010187839640,-0.010188,-0.010287839640,NV,D,BLUE,blue
1996,0.000000000000,0.000000,0.000100000000,NY,D,BLUE,blue
1996,0.085208128614,0.085208,0.085208128614,NY,D,BLUE,blue
1996,-0.288576278287,-0.288576,-0.288676278287,NY,D,BLUE,blue
1996,0.000000000000,0.000000,0.000100000000,OH,D,BLUE,blue
1996,0.085208128614,0.085208,0.085208128614,OH,D,BLUE,blue
1996,-0.063588752201,-0.063589,-0.063688752201,OH,D,BLUE,blue
1996,0.000000000000,0.000000,0.000100000000,OK,R,RED,red
1996,0.085208128614,0.085208,0.085208128614,OK,D,BLUE,blue
1996,0.078071587859,0.078072,0.078171587859,OK,D,BLUE,blue
1996,0.000000000000,0.000000,0.000100000000,OR,D,BLUE,blue
1996,0.085208128614,0.085208,0.085208128614,OR,D,BLUE,blue
1996,-0.080920479619,-0.080920,-0.081020479619,OR,D,BLUE,blue
1996,0.000000000000,0.000000,0.000100000000,PA,D,BLUE,blue
1996,0.085208128614,0.085208,0.085208128614,PA,D,BLUE,blue
1996,-0.092019339041,-0.092019,-0.092119339041,PA,D,BLUE,blue
1996,0.000000000000,0.000000,0.000100000000,RI,D,BLUE,blue
1996,0.085208128614,0.085208,0.085208128614,RI,D,BLUE,blue
1996,-0.328906642342,-0.328907,-0.329006642342,RI,D,BLUE,blue
1996,0.000000000000,0.000000,0.000100000000,SC,R,RED,red
1996,0.085208128614,0.085208,0.085208128614,SC,D,BLUE,blue
1996,0.058327378311,0.058327,0.058427378311,SC,D,BLUE,blue
1996,0.000000000000,0.000000,0.000100000000,SD,R,RED,red
1996,0.085208128614,0.085208,0.085208128614,SD,D,BLUE,blue
1996,0.034617356235,0.034617,0.034717356235,SD,D,BLUE,blue
1996,0.000000000000,0.000000,0.000100000000,TN,D,BLUE,blue
1996,0.085208128614,0.085208,0.085208128614,TN,D,BLUE,blue
1996,-0.024083142170,-0.024083,-0.024183142170,TN,D,BLUE,blue
1996,0.000000000000,0.000000,0.000100000000,TX,R,RED,red
1996,0.085208128614,0.085208,0.085208128614,TX,D,BLUE,blue
1996,0.049269697080,0.049270,0.049369697080,TX,D,BLUE,blue
1996,0.000000000000,0.000000,0.000100000000,UT,R,RED,red
1996,0.085208128614,0.085208,0.085208128614,UT,R,RED,red
1996,0.210745024631,0.210745,0.210845024631,UT,D,BLUE,blue
1996,0.000000000000,0.000000,0.000100000000,VA,R,RED,red
1996,0.085208128614,0.085208,0.085208128614,VA,D,BLUE,blue
1996,0.019568475595,0.019568,0.019668475595,VA,D,BLUE,blue
1996,0.000000000000,0.000000,0.000100000000,VT,D,BLUE,blue
1996,0.085208128614,0.085208,0.085208128614,VT,D,BLUE,blue
1996,-0.222643538957,-0.222644,-0.222743538957,VT,D,BLUE,blue
1996,0.000000000000,0.000000,0.000100000000,WA,D,BLUE,blue
1996,0.085208128614,0.085208,0.085208128614,WA,D,BLUE,blue
1996,-0.125391055343,-0.125391,-0.125491055343,WA,D,BLUE,blue
1996,0.000000000000,0.000000,0.000100000000,WI,D,BLUE,blue
1996,0.085208128614,0.085208,0.085208128614,WI,D,BLUE,blue
1996,-0.103335399052,-0.103335,-0.103435399052,WI,D,BLUE,blue
1996,0.000000000000,0.000000,0.000100000000,WV,D,BLUE,blue
1996,0.085208128614,0.085208,0.085208128614,WV,D,BLUE,blue
1996,-0.147481613113,-0.147482,-0.147581613113,WV,D,BLUE,blue
1996,0.000000000000,0.000000,0.000100000000,WY,R,RED,red
1996,0.085208128614,0.085208,0.085208128614,WY,R,RED,red
1996,0.129762585610,0.129763,0.129862585610,WY,D,BLUE,blue
2000,0.000000000000,0.000000,0.000100000000,AK,R,RED,red
2000,0.005160044438,0.005160,0.005160044438,AK,R,RED,red
2000,0.309546154924,0.309546,0.309646154924,AK,D,BLUE,blue
2000,0.000000000000,0.000000,0.000100000000,AL,R,RED,red
2000,0.005160044438,0.005160,0.005160044438,AL,R,RED,red
2000,0.149172524054,0.149173,0.149272524054,AL,D,BLUE,blue
2000,0.000000000000,0.000000,0.000100000000,AR,R,RED,red
2000,0.005160044438,0.005160,0.005160044438,AR,R,RED,red
2000,0.054429414362,0.054429,0.054529414362,AR,D,BLUE,blue
2000,0.000000000000,0.000000,0.000100000000,AZ,R,RED,red
2000,0.005160044438,0.005160,0.005160044438,AZ,R,RED,red
2000,0.062865531430,0.062866,0.062965531430,AZ,D,BLUE,blue
2000,0.000000000000,0.000000,0.000100000000,CA,D,BLUE,blue
2000,0.005160044438,0.005160,0.005160044438,CA,D,BLUE,blue
2000,-0.117982034417,-0.117982,-0.118082034417,CA,D,BLUE,blue
2000,0.000000000000,0.000000,0.000100000000,CO,R,RED,red
2000,0.005160044438,0.005160,0.005160044438,CO,R,RED,red
2000,0.083567057624,0.083567,0.083667057624,CO,D,BLUE,blue
2000,0.000000000000,0.000000,0.000100000000,CT,D,BLUE,blue
2000,0.005160044438,0.005160,0.005160044438,CT,D,BLUE,blue
2000,-0.174660249054,-0.174660,-0.174760249054,CT,D,BLUE,blue
2000,0.000000000000,0.000000,0.000100000000,DC,D,BLUE,blue
2000,0.005160044438,0.005160,0.005160044438,DC,D,BLUE,blue
2000,0.000000000000,0.000000,0.000100000000,DE,D,BLUE,blue
2000,0.005160044438,0.005160,0.005160044438,DE,D,BLUE,blue
2000,-0.130577311658,-0.130577,-0.130677311658,DE,D,BLUE,blue
2000,0.000000000000,0.000000,0.000100000000,FL,R,RED,red
2000,0.005160044438,0.005160,0.005160044438,FL,D,BLUE,blue
2000,0.000090053680,0.000090,0.000190053680,FL,D,BLUE,blue
2000,0.000000000000,0.000000,0.000100000000,GA,R,RED,red
2000,0.005160044438,0.005160,0.005160044438,GA,R,RED,red
2000,0.116870583995,0.116871,0.116970583995,GA,D,BLUE,blue
2000,0.000000000000,0.000000,0.000100000000,HI,D,BLUE,blue
2000,0.005160044438,0.005160,0.005160044438,HI,D,BLUE,blue
2000,-0.183287992151,-0.183288,-0.183387992151,HI,D,BLUE,blue
2000,0.000000000000,0.000000,0.000100000000,IA,D,BLUE,blue
2000,0.005160044438,0.005160,0.005160044438,IA,D,BLUE,blue
2000,-0.003149982175,-0.003150,-0.003249982175,IA,D,BLUE,blue
2000,0.000000000000,0.000000,0.000100000000,ID,R,RED,red
2000,0.005160044438,0.005160,0.005160044438,ID,R,RED,red
2000,0.395318377819,0.395318,0.395418377819,ID,D,BLUE,blue
2000,0.000000000000,0.000000,0.000100000000,IL,D,BLUE,blue
2000,0.005160044438,0.005160,0.005160044438,IL,D,BLUE,blue
2000,-0.120116032418,-0.120116,-0.120216032418,IL,D,BLUE,blue
2000,0.000000000000,0.000000,0.000100000000,IN,R,RED,red
2000,0.005160044438,0.005160,0.005160044438,IN,R,RED,red
2000,0.156347786707,0.156348,0.156447786707,IN,D,BLUE,blue
2000,0.000000000000,0.000000,0.000100000000,KS,R,RED,red
2000,0.005160044438,0.005160,0.005160044438,KS,R,RED,red
2000,0.208032321785,0.208032,0.208132321785,KS,D,BLUE,blue
2000,0.000000000000,0.000000,0.000100000000,KY,R,RED,red
2000,0.005160044438,0.005160,0.005160044438,KY,R,RED,red
2000,0.151273129485,0.151273,0.151373129485,KY,D,BLUE,blue
2000,0.000000000000,0.000000,0.000100000000,LA,R,RED,red
2000,0.005160044438,0.005160,0.005160044438,LA,R,RED,red
2000,0.076757307199,0.076757,0.076857307199,LA,D,BLUE,blue
2000,0.000000000000,0.000000,0.000100000000,MA,D,BLUE,blue
2000,0.005160044438,0.005160,0.005160044438,MA,D,BLUE,blue
2000,-0.273026033450,-0.273026,-0.273126033450,MA,D,BLUE,blue
2000,0.000000000000,0.000000,0.000100000000,MD,D,BLUE,blue
2000,0.005160044438,0.005160,0.005160044438,MD,D,BLUE,blue
2000,-0.163904358473,-0.163904,-0.164004358473,MD,D,BLUE,blue
2000,0.000000000000,0.000000,0.000100000000,ME-01,D,BLUE,blue
2000,0.005160044438,0.005160,0.005160044438,ME-01,D,BLUE,blue
2000,-0.079309129362,-0.079309,-0.079409129362,ME-01,D,BLUE,blue
2000,0.000000000000,0.000000,0.000100000000,ME-02,D,BLUE,blue
2000,0.005160044438,0.005160,0.005160044438,ME-02,D,BLUE,blue
2000,-0.018688132706,-0.018688,-0.018788132706,ME-02,D,BLUE,blue
2000,0.000000000000,0.000000,0.000100000000,ME-AL,D,BLUE,blue
2000,0.005160044438,0.005160,0.005160044438,ME-AL,D,BLUE,blue
2000,-0.051141654790,-0.051142,-0.051241654790,ME-AL,D,BLUE,blue
2000,0.000000000000,0.000000,0.000100000000,MI,D,BLUE,blue
2000,0.005160044438,0.005160,0.005160044438,MI,D,BLUE,blue
2000,-0.051335841386,-0.051336,-0.051435841386,MI,D,BLUE,blue
2000,0.000000000000,0.000000,0.000100000000,MN,D,BLUE,blue
2000,0.005160044438,0.005160,0.005160044438,MN,D,BLUE,blue
2000,-0.024032214083,-0.024032,-0.024132214083,MN,D,BLUE,blue
2000,0.000000000000,0.000000,0.000100000000,MO,R,RED,red
2000,0.005160044438,0.005160,0.005160044438,MO,R,RED,red
2000,0.033385426113,0.033385,0.033485426113,MO,D,BLUE,blue
2000,0.000000000000,0.000000,0.000100000000,MS,R,RED,red
2000,0.005160044438,0.005160,0.005160044438,MS,R,RED,red
2000,0.169214149493,0.169214,0.169314149493,MS,D,BLUE,blue
2000,0.000000000000,0.000000,0.000100000000,MT,R,RED,red
2000,0.005160044438,0.005160,0.005160044438,MT,R,RED,red
2000,0.250736623382,0.250737,0.250836623382,MT,D,BLUE,blue
2000,0.000000000000,0.000000,0.000100000000,NC,R,RED,red
2000,0.005160044438,0.005160,0.005160044438,NC,R,RED,red
2000,0.128284915614,0.128285,0.128384915614,NC,D,BLUE,blue
2000,0.000000000000,0.000000,0.000100000000,ND,R,RED,red
2000,0.005160044438,0.005160,0.005160044438,ND,R,RED,red
2000,0.276032415631,0.276032,0.276132415631,ND,D,BLUE,blue
2000,0.000000000000,0.000000,0.000100000000,NE-01,R,RED,red
2000,0.005160044438,0.005160,0.005160044438,NE-01,R,RED,red
2000,0.229796341670,0.229796,0.229896341670,NE-01,D,BLUE,blue
2000,0.000000000000,0.000000,0.000100000000,NE-02,R,RED,red
2000,0.005160044438,0.005160,0.005160044438,NE-02,R,RED,red
2000,0.184016414732,0.184016,0.184116414732,NE-02,D,BLUE,blue
2000,0.000000000000,0.000000,0.000100000000,NE-03,R,RED,red
2000,0.005160044438,0.005160,0.005160044438,NE-03,R,RED,red
2000,0.464122437317,0.464122,0.464222437317,NE-03,D,BLUE,blue
2000,0.000000000000,0.000000,0.000100000000,NE-AL,R,RED,red
2000,0.005160044438,0.005160,0.005160044438,NE-AL,R,RED,red
2000,0.289923230213,0.289923,0.290023230213,NE-AL,D,BLUE,blue
2000,0.000000000000,0.000000,0.000100000000,NH,R,RED,red
2000,0.005160044438,0.005160,0.005160044438,NH,R,RED,red
2000,0.012671306897,0.012671,0.012771306897,NH,D,BLUE,blue
2000,0.000000000000,0.000000,0.000100000000,NJ,D,BLUE,blue
2000,0.005160044438,0.005160,0.005160044438,NJ,D,BLUE,blue
2000,-0.158343650560,-0.158344,-0.158443650560,NJ,D,BLUE,blue
2000,0.000000000000,0.000000,0.000100000000,NM,D,BLUE,blue
2000,0.005160044438,0.005160,0.005160044438,NM,D,BLUE,blue
2000,-0.000611421555,-0.000611,-0.000711421555,NM,D,BLUE,blue
2000,0.000000000000,0.000000,0.000100000000,NV,R,RED,red
2000,0.005160044438,0.005160,0.005160044438,NV,R,RED,red
2000,0.035464801222,0.035465,0.035564801222,NV,D,BLUE,blue
2000,0.000000000000,0.000000,0.000100000000,NY,D,BLUE,blue
2000,0.005160044438,0.005160,0.005160044438,NY,D,BLUE,blue
2000,-0.249827506571,-0.249828,-0.249927506571,NY,D,BLUE,blue
2000,0.000000000000,0.000000,0.000100000000,OH,R,RED,red
2000,0.005160044438,0.005160,0.005160044438,OH,R,RED,red
2000,0.035069707363,0.035070,0.035169707363,OH,D,BLUE,blue
2000,0.000000000000,0.000000,0.000100000000,OK,R,RED,red
2000,0.005160044438,0.005160,0.005160044438,OK,R,RED,red
2000,0.218809475389,0.218809,0.218909475389,OK,D,BLUE,blue
2000,0.000000000000,0.000000,0.000100000000,OR,D,BLUE,blue
2000,0.005160044438,0.005160,0.005160044438,OR,D,BLUE,blue
2000,-0.004410131111,-0.004410,-0.004510131111,OR,D,BLUE,blue
2000,0.000000000000,0.000000,0.000100000000,PA,D,BLUE,blue
2000,0.005160044438,0.005160,0.005160044438,PA,D,BLUE,blue
2000,-0.041692456462,-0.041692,-0.041792456462,PA,D,BLUE,blue
2000,0.000000000000,0.000000,0.000100000000,RI,D,BLUE,blue
2000,0.005160044438,0.005160,0.005160044438,RI,D,BLUE,blue
2000,-0.290759009758,-0.290759,-0.290859009758,RI,D,BLUE,blue
2000,0.000000000000,0.000000,0.000100000000,SC,R,RED,red
2000,0.005160044438,0.005160,0.005160044438,SC,R,RED,red
2000,0.159378961856,0.159379,0.159478961856,SC,D,BLUE,blue
2000,0.000000000000,0.000000,0.000100000000,SD,R,RED,red
2000,0.005160044438,0.005160,0.005160044438,SD,R,RED,red
2000,0.227325472936,0.227325,0.227425472936,SD,D,BLUE,blue
2000,0.000000000000,0.000000,0.000100000000,TN,R,RED,red
2000,0.005160044438,0.005160,0.005160044438,TN,R,RED,red
2000,0.038642584630,0.038643,0.038742584630,TN,D,BLUE,blue
2000,0.000000000000,0.000000,0.000100000000,TX,R,RED,red
2000,0.005160044438,0.005160,0.005160044438,TX,R,RED,red
2000,0.213166413765,0.213166,0.213266413765,TX,D,BLUE,blue
2000,0.000000000000,0.000000,0.000100000000,UT,R,RED,red
2000,0.005160044438,0.005160,0.005160044438,UT,R,RED,red
2000,0.404854207698,0.404854,0.404954207698,UT,D,BLUE,blue
2000,0.000000000000,0.000000,0.000100000000,VA,R,RED,red
2000,0.005160044438,0.005160,0.005160044438,VA,R,RED,red
2000,0.080381186422,0.080381,0.080481186422,VA,D,BLUE,blue
2000,0.000000000000,0.000000,0.000100000000,VT,D,BLUE,blue
2000,0.005160044438,0.005160,0.005160044438,VT,D,BLUE,blue
2000,-0.099375484187,-0.099375,-0.099475484187,VT,D,BLUE,blue
2000,0.000000000000,0.000000,0.000100000000,WA,D,BLUE,blue
2000,0.005160044438,0.005160,0.005160044438,WA,D,BLUE,blue
2000,-0.055795673693,-0.055796,-0.055895673693,WA,D,BLUE,blue
2000,0.000000000000,0.000000,0.000100000000,WI,D,BLUE,blue
2000,0.005160044438,0.005160,0.005160044438,WI,D,BLUE,blue
2000,-0.002196561465,-0.002197,-0.002296561465,WI,D,BLUE,blue
2000,0.000000000000,0.000000,0.000100000000,WV,R,RED,red
2000,0.005160044438,0.005160,0.005160044438,WV,R,RED,red
2000,0.063225555604,0.063226,0.063325555604,WV,D,BLUE,blue
2000,0.000000000000,0.000000,0.000100000000,WY,R,RED,red
2000,0.005160044438,0.005160,0.005160044438,WY,R,RED,red
2000,0.400575220631,0.400575,0.400675220631,WY,D,BLUE,blue
2004,0.000000000000,0.000000,0.000100000000,AK,R,RED,red
2004,-0.024631208458,-0.024631,-0.024631208458,AK,R,RED,red
2004,0.255484680004,0.255485,0.255584680004,AK,D,BLUE,blue
2004,0.000000000000,0.000000,0.000100000000,AL,R,RED,red
2004,-0.024631208458,-0.024631,-0.024631208458,AL,R,RED,red
2004,0.256158250104,0.256158,0.256258250104,AL,D,BLUE,blue
2004,0.000000000000,0.000000,0.000100000000,AR,R,RED,red
2004,-0.024631208458,-0.024631,-0.024631208458,AR,R,RED,red
2004,0.097583286332,0.097583,0.097683286332,AR,D,BLUE,blue
2004,0.000000000000,0.000000,0.000100000000,AZ,R,RED,red
2004,-0.024631208458,-0.024631,-0.024631208458,AZ,R,RED,red
2004,0.104726011572,0.104726,0.104826011572,AZ,D,BLUE,blue
2004,0.000000000000,0.000000,0.000100000000,CA,D,BLUE,blue
2004,-0.024631208458,-0.024631,-0.024631208458,CA,D,BLUE,blue
2004,-0.099474619405,-0.099475,-0.099574619405,CA,D,BLUE,blue
2004,0.000000000000,0.000000,0.000100000000,CO,R,RED,red
2004,-0.024631208458,-0.024631,-0.024631208458,CO,R,RED,red
2004,0.046717175273,0.046717,0.046817175273,CO,D,BLUE,blue
2004,0.000000000000,0.000000,0.000100000000,CT,D,BLUE,blue
2004,-0.024631208458,-0.024631,-0.024631208458,CT,D,BLUE,blue
2004,-0.103664310612,-0.103664,-0.103764310612,CT,D,BLUE,blue
2004,0.000000000000,0.000000,0.000100000000,DC,D,BLUE,blue
2004,-0.024631208458,-0.024631,-0.024631208458,DC,D,BLUE,blue
2004,0.000000000000,0.000000,0.000100000000,DE,D,BLUE,blue
2004,-0.024631208458,-0.024631,-0.024631208458,DE,D,BLUE,blue
2004,-0.075940190304,-0.075940,-0.076040190304,DE,D,BLUE,blue
2004,0.000000000000,0.000000,0.000100000000,FL,R,RED,red
2004,-0.024631208458,-0.024631,-0.024631208458,FL,R,RED,red
2004,0.050064062046,0.050064,0.050164062046,FL,D,BLUE,blue
2004,0.000000000000,0.000000,0.000100000000,GA,R,RED,red
2004,-0.024631208458,-0.024631,-0.024631208458,GA,R,RED,red
2004,0.165998107136,0.165998,0.166098107136,GA,D,BLUE,blue
2004,0.000000000000,0.000000,0.000100000000,HI,D,BLUE,blue
2004,-0.024631208458,-0.024631,-0.024631208458,HI,D,BLUE,blue
2004,-0.087449564465,-0.087450,-0.087549564465,HI,D,BLUE,blue
2004,0.000000000000,0.000000,0.000100000000,IA,R,RED,red
2004,-0.024631208458,-0.024631,-0.024631208458,IA,R,RED,red
2004,0.006675258211,0.006675,0.006775258211,IA,D,BLUE,blue
2004,0.000000000000,0.000000,0.000100000000,ID,R,RED,red
2004,-0.024631208458,-0.024631,-0.024631208458,ID,R,RED,red
2004,0.381215044941,0.381215,0.381315044941,ID,D,BLUE,blue
2004,0.000000000000,0.000000,0.000100000000,IL,D,BLUE,blue
2004,-0.024631208458,-0.024631,-0.024631208458,IL,D,BLUE,blue
2004,-0.103445333827,-0.103445,-0.103545333827,IL,D,BLUE,blue
2004,0.000000000000,0.000000,0.000100000000,IN,R,RED,red
2004,-0.024631208458,-0.024631,-0.024631208458,IN,R,RED,red
2004,0.206817903713,0.206818,0.206917903713,IN,D,BLUE,blue
2004,0.000000000000,0.000000,0.000100000000,KS,R,RED,red
2004,-0.024631208458,-0.024631,-0.024631208458,KS,R,RED,red
2004,0.253808863100,0.253809,0.253908863100,KS,D,BLUE,blue
2004,0.000000000000,0.000000,0.000100000000,KY,R,RED,red
2004,-0.024631208458,-0.024631,-0.024631208458,KY,R,RED,red
2004,0.198624408508,0.198624,0.198724408508,KY,D,BLUE,blue
2004,0.000000000000,0.000000,0.000100000000,LA,R,RED,red
2004,-0.024631208458,-0.024631,-0.024631208458,LA,R,RED,red
2004,0.145061566379,0.145062,0.145161566379,LA,D,BLUE,blue
2004,0.000000000000,0.000000,0.000100000000,MA,D,BLUE,blue
2004,-0.024631208458,-0.024631,-0.024631208458,MA,D,BLUE,blue
2004,-0.251577399715,-0.251577,-0.251677399715,MA,D,BLUE,blue
2004,0.000000000000,0.000000,0.000100000000,MD,D,BLUE,blue
2004,-0.024631208458,-0.024631,-0.024631208458,MD,D,BLUE,blue
2004,-0.129799662962,-0.129800,-0.129899662962,MD,D,BLUE,blue
2004,0.000000000000,0.000000,0.000100000000,ME-01,D,BLUE,blue
2004,-0.024631208458,-0.024631,-0.024631208458,ME-01,D,BLUE,blue
2004,-0.119354721222,-0.119355,-0.119454721222,ME-01,D,BLUE,blue
2004,0.000000000000,0.000000,0.000100000000,ME-02,D,BLUE,blue
2004,-0.024631208458,-0.024631,-0.024631208458,ME-02,D,BLUE,blue
2004,-0.058261962756,-0.058262,-0.058361962756,ME-02,D,BLUE,blue
2004,0.000000000000,0.000000,0.000100000000,ME-AL,D,BLUE,blue
2004,-0.024631208458,-0.024631,-0.024631208458,ME-AL,D,BLUE,blue
2004,-0.089963982547,-0.089964,-0.090063982547,ME-AL,D,BLUE,blue
2004,0.000000000000,0.000000,0.000100000000,MI,D,BLUE,blue
2004,-0.024631208458,-0.024631,-0.024631208458,MI,D,BLUE,blue
2004,-0.034186481712,-0.034186,-0.034286481712,MI,D,BLUE,blue
2004,0.000000000000,0.000000,0.000100000000,MN,D,BLUE,blue
2004,-0.024631208458,-0.024631,-0.024631208458,MN,D,BLUE,blue
2004,-0.034761508945,-0.034762,-0.034861508945,MN,D,BLUE,blue
2004,0.000000000000,0.000000,0.000100000000,MO,R,RED,red
2004,-0.024631208458,-0.024631,-0.024631208458,MO,R,RED,red
2004,0.071957454224,0.071957,0.072057454224,MO,D,BLUE,blue
2004,0.000000000000,0.000000,0.000100000000,MS,R,RED,red
2004,-0.024631208458,-0.024631,-0.024631208458,MS,R,RED,red
2004,0.196925734174,0.196926,0.197025734174,MS,D,BLUE,blue
2004,0.000000000000,0.000000,0.000100000000,MT,R,RED,red
2004,-0.024631208458,-0.024631,-0.024631208458,MT,R,RED,red
2004,0.205026140816,0.205026,0.205126140816,MT,D,BLUE,blue
2004,0.000000000000,0.000000,0.000100000000,NC,R,RED,red
2004,-0.024631208458,-0.024631,-0.024631208458,NC,R,RED,red
2004,0.124340511173,0.124341,0.124440511173,NC,D,BLUE,blue
2004,0.000000000000,0.000000,0.000100000000,ND,R,RED,red
2004,-0.024631208458,-0.024631,-0.024631208458,ND,R,RED,red
2004,0.273625224960,0.273625,0.273725224960,ND,D,BLUE,blue
2004,0.000000000000,0.000000,0.000100000000,NE-01,R,RED,red
2004,-0.024631208458,-0.024631,-0.024631208458,NE-01,R,RED,red
2004,0.272727609713,0.272728,0.272827609713,NE-01,D,BLUE,blue
2004,0.000000000000,0.000000,0.000100000000,NE-02,R,RED,red
2004,-0.024631208458,-0.024631,-0.024631208458,NE-02,R,RED,red
2004,0.217228538137,0.217229,0.217328538137,NE-02,D,BLUE,blue
2004,0.000000000000,0.000000,0.000100000000,NE-03,R,RED,red
2004,-0.024631208458,-0.024631,-0.024631208458,NE-03,R,RED,red
2004,0.000000000000,0.000000,0.000100000000,NE-AL,R,RED,red
2004,-0.024631208458,-0.024631,-0.024631208458,NE-AL,R,RED,red
2004,0.332164803787,0.332165,0.332264803787,NE-AL,D,BLUE,blue
2004,0.000000000000,0.000000,0.000100000000,NH,D,BLUE,blue
2004,-0.024631208458,-0.024631,-0.024631208458,NH,R,RED,red
2004,-0.013683753899,-0.013684,-0.013783753899,NH,D,BLUE,blue
2004,0.000000000000,0.000000,0.000100000000,NJ,D,BLUE,blue
2004,-0.024631208458,-0.024631,-0.024631208458,NJ,D,BLUE,blue
2004,-0.066845973257,-0.066846,-0.066945973257,NJ,D,BLUE,blue
2004,0.000000000000,0.000000,0.000100000000,NM,R,RED,red
2004,-0.024631208458,-0.024631,-0.024631208458,NM,R,RED,red
2004,0.007917451184,0.007917,0.008017451184,NM,D,BLUE,blue
2004,0.000000000000,0.000000,0.000100000000,NV,R,RED,red
2004,-0.024631208458,-0.024631,-0.024631208458,NV,R,RED,red
2004,0.025916510264,0.025917,0.026016510264,NV,D,BLUE,blue
2004,0.000000000000,0.000000,0.000100000000,NY,D,BLUE,blue
2004,-0.024631208458,-0.024631,-0.024631208458,NY,D,BLUE,blue
2004,-0.182885457465,-0.182885,-0.182985457465,NY,D,BLUE,blue
2004,0.000000000000,0.000000,0.000100000000,OH,R,RED,red
2004,-0.024631208458,-0.024631,-0.024631208458,OH,R,RED,red
2004,0.021073727573,0.021074,0.021173727573,OH,D,BLUE,blue
2004,0.000000000000,0.000000,0.000100000000,OK,R,RED,red
2004,-0.024631208458,-0.024631,-0.024631208458,OK,R,RED,red
2004,0.311408033295,0.311408,0.311508033295,OK,D,BLUE,blue
2004,0.000000000000,0.000000,0.000100000000,OR,D,BLUE,blue
2004,-0.024631208458,-0.024631,-0.024631208458,OR,D,BLUE,blue
2004,-0.041557462998,-0.041557,-0.041657462998,OR,D,BLUE,blue
2004,0.000000000000,0.000000,0.000100000000,PA,D,BLUE,blue
2004,-0.024631208458,-0.024631,-0.024631208458,PA,D,BLUE,blue
2004,-0.025001429911,-0.025001,-0.025101429911,PA,D,BLUE,blue
2004,0.000000000000,0.000000,0.000100000000,RI,D,BLUE,blue
2004,-0.024631208458,-0.024631,-0.024631208458,RI,D,BLUE,blue
2004,-0.207531329066,-0.207531,-0.207631329066,RI,D,BLUE,blue
2004,0.000000000000,0.000000,0.000100000000,SC,R,RED,red
2004,-0.024631208458,-0.024631,-0.024631208458,SC,R,RED,red
2004,0.170779425491,0.170779,0.170879425491,SC,D,BLUE,blue
2004,0.000000000000,0.000000,0.000100000000,SD,R,RED,red
2004,-0.024631208458,-0.024631,-0.024631208458,SD,R,RED,red
2004,0.214674858004,0.214675,0.214774858004,SD,D,BLUE,blue
2004,0.000000000000,0.000000,0.000100000000,TN,R,RED,red
2004,-0.024631208458,-0.024631,-0.024631208458,TN,R,RED,red
2004,0.142737983826,0.142738,0.142837983826,TN,D,BLUE,blue
2004,0.000000000000,0.000000,0.000100000000,TX,R,RED,red
2004,-0.024631208458,-0.024631,-0.024631208458,TX,R,RED,red
2004,0.228615129477,0.228615,0.228715129477,TX,D,BLUE,blue
2004,0.000000000000,0.000000,0.000100000000,UT,R,RED,red
2004,-0.024631208458,-0.024631,-0.024631208458,UT,R,RED,red
2004,0.455403063446,0.455403,0.455503063446,UT,D,BLUE,blue
2004,0.000000000000,0.000000,0.000100000000,VA,R,RED,red
2004,-0.024631208458,-0.024631,-0.024631208458,VA,R,RED,red
2004,0.081984650292,0.081985,0.082084650292,VA,D,BLUE,blue
2004,0.000000000000,0.000000,0.000100000000,VT,D,BLUE,blue
2004,-0.024631208458,-0.024631,-0.024631208458,VT,D,BLUE,blue
2004,-0.201361472132,-0.201361,-0.201461472132,VT,D,BLUE,blue
2004,0.000000000000,0.000000,0.000100000000,WA,D,BLUE,blue
2004,-0.024631208458,-0.024631,-0.024631208458,WA,D,BLUE,blue
2004,-0.071808663194,-0.071809,-0.071908663194,WA,D,BLUE,blue
2004,0.000000000000,0.000000,0.000100000000,WI,D,BLUE,blue
2004,-0.024631208458,-0.024631,-0.024631208458,WI,R,RED,red
2004,-0.003798456260,-0.003798,-0.003898456260,WI,D,BLUE,blue
2004,0.000000000000,0.000000,0.000100000000,WV,R,RED,red
2004,-0.024631208458,-0.024631,-0.024631208458,WV,R,RED,red
2004,0.128639598247,0.128640,0.128739598247,WV,D,BLUE,blue
2004,0.000000000000,0.000000,0.000100000000,WY,R,RED,red
2004,-0.024631208458,-0.024631,-0.024631208458,WY,R,RED,red
2004,0.397871239134,0.397871,0.397971239134,WY,D,BLUE,blue
2008,0.000000000000,0.000000,0.000100000000,AK,R,RED,red
2008,0.072728011416,0.072728,0.072728011416,AK,R,RED,red
2008,0.215351459394,0.215351,0.215451459394,AK,D,BLUE,blue
2008,0.000000000000,0.000000,0.000100000000,AL,R,RED,red
2008,0.072728011416,0.072728,0.072728011416,AL,R,RED,red
2008,0.215764787346,0.215765,0.215864787346,AL,D,BLUE,blue
2008,0.000000000000,0.000000,0.000100000000,AR,R,RED,red
2008,0.072728011416,0.072728,0.072728011416,AR,R,RED,red
2008,0.198512447348,0.198512,0.198612447348,AR,D,BLUE,blue
2008,0.000000000000,0.000000,0.000100000000,AZ,R,RED,red
2008,0.072728011416,0.072728,0.072728011416,AZ,R,RED,red
2008,0.085199969479,0.085200,0.085299969479,AZ,D,BLUE,blue
2008,0.000000000000,0.000000,0.000100000000,CA,D,BLUE,blue
2008,0.072728011416,0.072728,0.072728011416,CA,D,BLUE,blue
2008,-0.240577795147,-0.240578,-0.240677795147,CA,D,BLUE,blue
2008,0.000000000000,0.000000,0.000100000000,CO,D,BLUE,blue
2008,0.072728011416,0.072728,0.072728011416,CO,D,BLUE,blue
2008,-0.089530461027,-0.089530,-0.089630461027,CO,D,BLUE,blue
2008,0.000000000000,0.000000,0.000100000000,CT,D,BLUE,blue
2008,0.072728011416,0.072728,0.072728011416,CT,D,BLUE,blue
2008,-0.223672984588,-0.223673,-0.223772984588,CT,D,BLUE,blue
2008,0.000000000000,0.000000,0.000100000000,DC,D,BLUE,blue
2008,0.072728011416,0.072728,0.072728011416,DC,D,BLUE,blue
2008,0.000000000000,0.000000,0.000100000000,DE,D,BLUE,blue
2008,0.072728011416,0.072728,0.072728011416,DE,D,BLUE,blue
2008,-0.249956354325,-0.249956,-0.250056354325,DE,D,BLUE,blue
2008,0.000000000000,0.000000,0.000100000000,FL,D,BLUE,blue
2008,0.072728011416,0.072728,0.072728011416,FL,D,BLUE,blue
2008,-0.028179861047,-0.028180,-0.028279861047,FL,D,BLUE,blue
2008,0.000000000000,0.000000,0.000100000000,GA,R,RED,red
2008,0.072728011416,0.072728,0.072728011416,GA,D,BLUE,blue
2008,0.052143388969,0.052143,0.052243388969,GA,D,BLUE,blue
2008,0.000000000000,0.000000,0.000100000000,HI,D,BLUE,blue
2008,0.072728011416,0.072728,0.072728011416,HI,D,BLUE,blue
2008,-0.452644366446,-0.452644,-0.452744366446,HI,D,BLUE,blue
2008,0.000000000000,0.000000,0.000100000000,IA,D,BLUE,blue
2008,0.072728011416,0.072728,0.072728011416,IA,D,BLUE,blue
2008,-0.095347607186,-0.095348,-0.095447607186,IA,D,BLUE,blue
2008,0.000000000000,0.000000,0.000100000000,ID,R,RED,red
2008,0.072728011416,0.072728,0.072728011416,ID,R,RED,red
2008,0.254261038402,0.254261,0.254361038402,ID,D,BLUE,blue
2008,0.000000000000,0.000000,0.000100000000,IL,D,BLUE,blue
2008,0.072728011416,0.072728,0.072728011416,IL,D,BLUE,blue
2008,-0.251371919779,-0.251372,-0.251471919779,IL,D,BLUE,blue
2008,0.000000000000,0.000000,0.000100000000,IN,D,BLUE,blue
2008,0.072728011416,0.072728,0.072728011416,IN,D,BLUE,blue
2008,-0.010320044608,-0.010320,-0.010420044608,IN,D,BLUE,blue
2008,0.000000000000,0.000000,0.000100000000,KS,R,RED,red
2008,0.072728011416,0.072728,0.072728011416,KS,R,RED,red
2008,0.149602871495,0.149603,0.149702871495,KS,D,BLUE,blue
2008,0.000000000000,0.000000,0.000100000000,KY,R,RED,red
2008,0.072728011416,0.072728,0.072728011416,KY,R,RED,red
2008,0.162309073589,0.162309,0.162409073589,KY,D,BLUE,blue
2008,0.000000000000,0.000000,0.000100000000,LA,R,RED,red
2008,0.072728011416,0.072728,0.072728011416,LA,R,RED,red
2008,0.186298075084,0.186298,0.186398075084,LA,D,BLUE,blue
2008,0.000000000000,0.000000,0.000100000000,MA,D,BLUE,blue
2008,0.072728011416,0.072728,0.072728011416,MA,D,BLUE,blue
2008,-0.258113233268,-0.258113,-0.258213233268,MA,D,BLUE,blue
2008,0.000000000000,0.000000,0.000100000000,MD,D,BLUE,blue
2008,0.072728011416,0.072728,0.072728011416,MD,D,BLUE,blue
2008,-0.254448251175,-0.254448,-0.254548251175,MD,D,BLUE,blue
2008,0.000000000000,0.000000,0.000100000000,ME-01,D,BLUE,blue
2008,0.072728011416,0.072728,0.072728011416,ME-01,D,BLUE,blue
2008,-0.228193605230,-0.228194,-0.228293605230,ME-01,D,BLUE,blue
2008,0.000000000000,0.000000,0.000100000000,ME-02,D,BLUE,blue
2008,0.072728011416,0.072728,0.072728011416,ME-02,D,BLUE,blue
2008,-0.112531903078,-0.112532,-0.112631903078,ME-02,D,BLUE,blue
2008,0.000000000000,0.000000,0.000100000000,ME-AL,D,BLUE,blue
2008,0.072728011416,0.072728,0.072728011416,ME-AL,D,BLUE,blue
2008,-0.173217189601,-0.173217,-0.173317189601,ME-AL,D,BLUE,blue
2008,0.000000000000,0.000000,0.000100000000,MI,D,BLUE,blue
2008,0.072728011416,0.072728,0.072728011416,MI,D,BLUE,blue
2008,-0.164729817428,-0.164730,-0.164829817428,MI,D,BLUE,blue
2008,0.000000000000,0.000000,0.000100000000,MN,D,BLUE,blue
2008,0.072728011416,0.072728,0.072728011416,MN,D,BLUE,blue
2008,-0.102373616541,-0.102374,-0.102473616541,MN,D,BLUE,blue
2008,0.000000000000,0.000000,0.000100000000,MO,R,RED,red
2008,0.072728011416,0.072728,0.072728011416,MO,D,BLUE,blue
2008,0.001334265462,0.001334,0.001434265462,MO,D,BLUE,blue
2008,0.000000000000,0.000000,0.000100000000,MS,R,RED,red
2008,0.072728011416,0.072728,0.072728011416,MS,R,RED,red
2008,0.131746345548,0.131746,0.131846345548,MS,D,BLUE,blue
2008,0.000000000000,0.000000,0.000100000000,MT,R,RED,red
2008,0.072728011416,0.072728,0.072728011416,MT,D,BLUE,blue
2008,0.022630949904,0.022631,0.022730949904,MT,D,BLUE,blue
2008,0.000000000000,0.000000,0.000100000000,NC,D,BLUE,blue
2008,0.072728011416,0.072728,0.072728011416,NC,D,BLUE,blue
2008,-0.003288725103,-0.003289,-0.003388725103,NC,D,BLUE,blue
2008,0.000000000000,0.000000,0.000100000000,ND,R,RED,red
2008,0.072728011416,0.072728,0.072728011416,ND,R,RED,red
2008,0.086295602629,0.086296,0.086395602629,ND,D,BLUE,blue
2008,0.000000000000,0.000000,0.000100000000,NE-01,R,RED,red
2008,0.072728011416,0.072728,0.072728011416,NE-01,R,RED,red
2008,0.097731595915,0.097732,0.097831595915,NE-01,D,BLUE,blue
2008,0.000000000000,0.000000,0.000100000000,NE-02,D,BLUE,blue
2008,0.072728011416,0.072728,0.072728011416,NE-02,D,BLUE,blue
2008,-0.012130636516,-0.012131,-0.012230636516,NE-02,D,BLUE,blue
2008,0.000000000000,0.000000,0.000100000000,NE-03,R,RED,red
2008,0.072728011416,0.072728,0.072728011416,NE-03,R,RED,red
2008,0.390132202868,0.390132,0.390232202868,NE-03,D,BLUE,blue
2008,0.000000000000,0.000000,0.000100000000,NE-AL,R,RED,red
2008,0.072728011416,0.072728,0.072728011416,NE-AL,R,RED,red
2008,0.149335875929,0.149336,0.149435875929,NE-AL,D,BLUE,blue
2008,0.000000000000,0.000000,0.000100000000,NH,D,BLUE,blue
2008,0.072728011416,0.072728,0.072728011416,NH,D,BLUE,blue
2008,-0.096054685852,-0.096055,-0.096154685852,NH,D,BLUE,blue
2008,0.000000000000,0.000000,0.000100000000,NJ,D,BLUE,blue
2008,0.072728011416,0.072728,0.072728011416,NJ,D,BLUE,blue
2008,-0.155682032926,-0.155682,-0.155782032926,NJ,D,BLUE,blue
2008,0.000000000000,0.000000,0.000100000000,NM,D,BLUE,blue
2008,0.072728011416,0.072728,0.072728011416,NM,D,BLUE,blue
2008,-0.151284454285,-0.151284,-0.151384454285,NM,D,BLUE,blue
2008,0.000000000000,0.000000,0.000100000000,NV,D,BLUE,blue
2008,0.072728011416,0.072728,0.072728011416,NV,D,BLUE,blue
2008,-0.124925608153,-0.124926,-0.125025608153,NV,D,BLUE,blue
2008,0.000000000000,0.000000,0.000100000000,NY,D,BLUE,blue
2008,0.072728011416,0.072728,0.072728011416,NY,D,BLUE,blue
2008,-0.268576433945,-0.268576,-0.268676433945,NY,D,BLUE,blue
2008,0.000000000000,0.000000,0.000100000000,OH,D,BLUE,blue
2008,0.072728011416,0.072728,0.072728011416,OH,D,BLUE,blue
2008,-0.045936916973,-0.045937,-0.046036916973,OH,D,BLUE,blue
2008,0.000000000000,0.000000,0.000100000000,OK,R,RED,red
2008,0.072728011416,0.072728,0.072728011416,OK,R,RED,red
2008,0.312901622454,0.312902,0.313001622454,OK,D,BLUE,blue
2008,0.000000000000,0.000000,0.000100000000,OR,D,BLUE,blue
2008,0.072728011416,0.072728,0.072728011416,OR,D,BLUE,blue
2008,-0.163478245646,-0.163478,-0.163578245646,OR,D,BLUE,blue
2008,0.000000000000,0.000000,0.000100000000,PA,D,BLUE,blue
2008,0.072728011416,0.072728,0.072728011416,PA,D,BLUE,blue
2008,-0.103184755321,-0.103185,-0.103284755321,PA,D,BLUE,blue
2008,0.000000000000,0.000000,0.000100000000,RI,D,BLUE,blue
2008,0.072728011416,0.072728,0.072728011416,RI,D,BLUE,blue
2008,-0.278061581377,-0.278062,-0.278161581377,RI,D,BLUE,blue
2008,0.000000000000,0.000000,0.000100000000,SC,R,RED,red
2008,0.072728011416,0.072728,0.072728011416,SC,R,RED,red
2008,0.089770839613,0.089771,0.089870839613,SC,D,BLUE,blue
2008,0.000000000000,0.000000,0.000100000000,SD,R,RED,red
2008,0.072728011416,0.072728,0.072728011416,SD,R,RED,red
2008,0.084115452582,0.084115,0.084215452582,SD,D,BLUE,blue
2008,0.000000000000,0.000000,0.000100000000,TN,R,RED,red
2008,0.072728011416,0.072728,0.072728011416,TN,R,RED,red
2008,0.150684162202,0.150684,0.150784162202,TN,D,BLUE,blue
2008,0.000000000000,0.000000,0.000100000000,TX,R,RED,red
2008,0.072728011416,0.072728,0.072728011416,TX,R,RED,red
2008,0.117692390064,0.117692,0.117792390064,TX,D,BLUE,blue
2008,0.000000000000,0.000000,0.000100000000,UT,R,RED,red
2008,0.072728011416,0.072728,0.072728011416,UT,R,RED,red
2008,0.281781240484,0.281781,0.281881240484,UT,D,BLUE,blue
2008,0.000000000000,0.000000,0.000100000000,VA,D,BLUE,blue
2008,0.072728011416,0.072728,0.072728011416,VA,D,BLUE,blue
2008,-0.062989691829,-0.062990,-0.063089691829,VA,D,BLUE,blue
2008,0.000000000000,0.000000,0.000100000000,VT,D,BLUE,blue
2008,0.072728011416,0.072728,0.072728011416,VT,D,BLUE,blue
2008,-0.370064544711,-0.370065,-0.370164544711,VT,D,BLUE,blue
2008,0.000000000000,0.000000,0.000100000000,WA,D,BLUE,blue
2008,0.072728011416,0.072728,0.072728011416,WA,D,BLUE,blue
2008,-0.171765872715,-0.171766,-0.171865872715,WA,D,BLUE,blue
2008,0.000000000000,0.000000,0.000100000000,WI,D,BLUE,blue
2008,0.072728011416,0.072728,0.072728011416,WI,D,BLUE,blue
2008,-0.139041240296,-0.139041,-0.139141240296,WI,D,BLUE,blue
2008,0.000000000000,0.000000,0.000100000000,WV,R,RED,red
2008,0.072728011416,0.072728,0.072728011416,WV,R,RED,red
2008,0.131205927247,0.131206,0.131305927247,WV,D,BLUE,blue
2008,0.000000000000,0.000000,0.000100000000,WY,R,RED,red
2008,0.072728011416,0.072728,0.072728011416,WY,R,RED,red
2008,0.322353902096,0.322354,0.322453902096,WY,D,BLUE,blue
2012,0.000000000000,0.000000,0.000100000000,AK,R,RED,red
2012,0.038596856144,0.038597,0.038596856144,AK,R,RED,red
2012,0.139889182848,0.139889,0.139989182848,AK,D,BLUE,blue
2012,0.000000000000,0.000000,0.000100000000,AL,R,RED,red
2012,0.038596856144,0.038597,0.038596856144,AL,R,RED,red
2012,0.221867892311,0.221868,0.221967892311,AL,D,BLUE,blue
2012,0.000000000000,0.000000,0.000100000000,AR,R,RED,red
2012,0.038596856144,0.038597,0.038596856144,AR,R,RED,red
2012,0.236879457824,0.236879,0.236979457824,AR,D,BLUE,blue
2012,0.000000000000,0.000000,0.000100000000,AZ,R,RED,red
2012,0.038596856144,0.038597,0.038596856144,AZ,R,RED,red
2012,0.090647662242,0.090648,0.090747662242,AZ,D,BLUE,blue
2012,0.000000000000,0.000000,0.000100000000,CA,D,BLUE,blue
2012,0.038596856144,0.038597,0.038596856144,CA,D,BLUE,blue
2012,-0.231185806210,-0.231186,-0.231285806210,CA,D,BLUE,blue
2012,0.000000000000,0.000000,0.000100000000,CO,D,BLUE,blue
2012,0.038596856144,0.038597,0.038596856144,CO,D,BLUE,blue
2012,-0.053651696544,-0.053652,-0.053751696544,CO,D,BLUE,blue
2012,0.000000000000,0.000000,0.000100000000,CT,D,BLUE,blue
2012,0.038596856144,0.038597,0.038596856144,CT,D,BLUE,blue
2012,-0.173314902243,-0.173315,-0.173414902243,CT,D,BLUE,blue
2012,0.000000000000,0.000000,0.000100000000,DC,D,BLUE,blue
2012,0.038596856144,0.038597,0.038596856144,DC,D,BLUE,blue
2012,0.000000000000,0.000000,0.000100000000,DE,D,BLUE,blue
2012,0.038596856144,0.038597,0.038596856144,DE,D,BLUE,blue
2012,-0.186267427843,-0.186267,-0.186367427843,DE,D,BLUE,blue
2012,0.000000000000,0.000000,0.000100000000,FL,D,BLUE,blue
2012,0.038596856144,0.038597,0.038596856144,FL,D,BLUE,blue
2012,-0.008768873067,-0.008769,-0.008868873067,FL,D,BLUE,blue
2012,0.000000000000,0.000000,0.000100000000,GA,R,RED,red
2012,0.038596856144,0.038597,0.038596856144,GA,R,RED,red
2012,0.078168485019,0.078168,0.078268485019,GA,D,BLUE,blue
2012,0.000000000000,0.000000,0.000100000000,HI,D,BLUE,blue
2012,0.038596856144,0.038597,0.038596856144,HI,D,BLUE,blue
2012,-0.427062988702,-0.427063,-0.427162988702,HI,D,BLUE,blue
2012,0.000000000000,0.000000,0.000100000000,IA,D,BLUE,blue
2012,0.038596856144,0.038597,0.038596856144,IA,D,BLUE,blue
2012,-0.058101480236,-0.058101,-0.058201480236,IA,D,BLUE,blue
2012,0.000000000000,0.000000,0.000100000000,ID,R,RED,red
2012,0.038596856144,0.038597,0.038596856144,ID,R,RED,red
2012,0.319074499367,0.319074,0.319174499367,ID,D,BLUE,blue
2012,0.000000000000,0.000000,0.000100000000,IL,D,BLUE,blue
2012,0.038596856144,0.038597,0.038596856144,IL,D,BLUE,blue
2012,-0.168693940917,-0.168694,-0.168793940917,IL,D,BLUE,blue
2012,0.000000000000,0.000000,0.000100000000,IN,R,RED,red
2012,0.038596856144,0.038597,0.038596856144,IN,R,RED,red
2012,0.101982294762,0.101982,0.102082294762,IN,D,BLUE,blue
2012,0.000000000000,0.000000,0.000100000000,KS,R,RED,red
2012,0.038596856144,0.038597,0.038596856144,KS,R,RED,red
2012,0.217167498153,0.217167,0.217267498153,KS,D,BLUE,blue
2012,0.000000000000,0.000000,0.000100000000,KY,R,RED,red
2012,0.038596856144,0.038597,0.038596856144,KY,R,RED,red
2012,0.226918137649,0.226918,0.227018137649,KY,D,BLUE,blue
2012,0.000000000000,0.000000,0.000100000000,LA,R,RED,red
2012,0.038596856144,0.038597,0.038596856144,LA,R,RED,red
2012,0.172071121052,0.172071,0.172171121052,LA,D,BLUE,blue
2012,0.000000000000,0.000000,0.000100000000,MA,D,BLUE,blue
2012,0.038596856144,0.038597,0.038596856144,MA,D,BLUE,blue
2012,-0.231385704820,-0.231386,-0.231485704820,MA,D,BLUE,blue
2012,0.000000000000,0.000000,0.000100000000,MD,D,BLUE,blue
2012,0.038596856144,0.038597,0.038596856144,MD,D,BLUE,blue
2012,-0.260764584404,-0.260765,-0.260864584404,MD,D,BLUE,blue
2012,0.000000000000,0.000000,0.000100000000,ME-01,D,BLUE,blue
2012,0.038596856144,0.038597,0.038596856144,ME-01,D,BLUE,blue
2012,-0.213926109519,-0.213926,-0.214026109519,ME-01,D,BLUE,blue
2012,0.000000000000,0.000000,0.000100000000,ME-02,D,BLUE,blue
2012,0.038596856144,0.038597,0.038596856144,ME-02,D,BLUE,blue
2012,-0.085606110176,-0.085606,-0.085706110176,ME-02,D,BLUE,blue
2012,0.000000000000,0.000000,0.000100000000,ME-AL,D,BLUE,blue
2012,0.038596856144,0.038597,0.038596856144,ME-AL,D,BLUE,blue
2012,-0.152878656160,-0.152879,-0.152978656160,ME-AL,D,BLUE,blue
2012,0.000000000000,0.000000,0.000100000000,MI,D,BLUE,blue
2012,0.038596856144,0.038597,0.038596856144,MI,D,BLUE,blue
2012,-0.094972881831,-0.094973,-0.095072881831,MI,D,BLUE,blue
2012,0.000000000000,0.000000,0.000100000000,MN,D,BLUE,blue
2012,0.038596856144,0.038597,0.038596856144,MN,D,BLUE,blue
2012,-0.076941020466,-0.076941,-0.077041020466,MN,D,BLUE,blue
2012,0.000000000000,0.000000,0.000100000000,MO,R,RED,red
2012,0.038596856144,0.038597,0.038596856144,MO,R,RED,red
2012,0.093802575904,0.093803,0.093902575904,MO,D,BLUE,blue
2012,0.000000000000,0.000000,0.000100000000,MS,R,RED,red
2012,0.038596856144,0.038597,0.038596856144,MS,R,RED,red
2012,0.114964871996,0.114965,0.115064871996,MS,D,BLUE,blue
2012,0.000000000000,0.000000,0.000100000000,MT,R,RED,red
2012,0.038596856144,0.038597,0.038596856144,MT,R,RED,red
2012,0.136533980101,0.136534,0.136633980101,MT,D,BLUE,blue
2012,0.000000000000,0.000000,0.000100000000,NC,R,RED,red
2012,0.038596856144,0.038597,0.038596856144,NC,D,BLUE,blue
2012,0.020420955251,0.020421,0.020520955251,NC,D,BLUE,blue
2012,0.000000000000,0.000000,0.000100000000,ND,R,RED,red
2012,0.038596856144,0.038597,0.038596856144,ND,R,RED,red
2012,0.196313389766,0.196313,0.196413389766,ND,D,BLUE,blue
2012,0.000000000000,0.000000,0.000100000000,NE-01,R,RED,red
2012,0.038596856144,0.038597,0.038596856144,NE-01,R,RED,red
2012,0.165987941612,0.165988,0.166087941612,NE-01,D,BLUE,blue
2012,0.000000000000,0.000000,0.000100000000,NE-02,R,RED,red
2012,0.038596856144,0.038597,0.038596856144,NE-02,R,RED,red
2012,0.071560059537,0.071560,0.071660059537,NE-02,D,BLUE,blue
2012,0.000000000000,0.000000,0.000100000000,NE-03,R,RED,red
2012,0.038596856144,0.038597,0.038596856144,NE-03,R,RED,red
2012,0.424179181631,0.424179,0.424279181631,NE-03,D,BLUE,blue
2012,0.000000000000,0.000000,0.000100000000,NE-AL,R,RED,red
2012,0.038596856144,0.038597,0.038596856144,NE-AL,R,RED,red
2012,0.217758777611,0.217759,0.217858777611,NE-AL,D,BLUE,blue
2012,0.000000000000,0.000000,0.000100000000,NH,D,BLUE,blue
2012,0.038596856144,0.038597,0.038596856144,NH,D,BLUE,blue
2012,-0.055758876580,-0.055759,-0.055858876580,NH,D,BLUE,blue
2012,0.000000000000,0.000000,0.000100000000,NJ,D,BLUE,blue
2012,0.038596856144,0.038597,0.038596856144,NJ,D,BLUE,blue
2012,-0.177879411871,-0.177879,-0.177979411871,NJ,D,BLUE,blue
2012,0.000000000000,0.000000,0.000100000000,NM,D,BLUE,blue
2012,0.038596856144,0.038597,0.038596856144,NM,D,BLUE,blue
2012,-0.101494338814,-0.101494,-0.101594338814,NM,D,BLUE,blue
2012,0.000000000000,0.000000,0.000100000000,NV,D,BLUE,blue
2012,0.038596856144,0.038597,0.038596856144,NV,D,BLUE,blue
2012,-0.066809338291,-0.066809,-0.066909338291,NV,D,BLUE,blue
2012,0.000000000000,0.000000,0.000100000000,NY,D,BLUE,blue
2012,0.038596856144,0.038597,0.038596856144,NY,D,BLUE,blue
2012,-0.281777319221,-0.281777,-0.281877319221,NY,D,BLUE,blue
2012,0.000000000000,0.000000,0.000100000000,OH,D,BLUE,blue
2012,0.038596856144,0.038597,0.038596856144,OH,D,BLUE,blue
2012,-0.029793327070,-0.029793,-0.029893327070,OH,D,BLUE,blue
2012,0.000000000000,0.000000,0.000100000000,OK,R,RED,red
2012,0.038596856144,0.038597,0.038596856144,OK,R,RED,red
2012,0.335446394860,0.335446,0.335546394860,OK,D,BLUE,blue
2012,0.000000000000,0.000000,0.000100000000,OR,D,BLUE,blue
2012,0.038596856144,0.038597,0.038596856144,OR,D,BLUE,blue
2012,-0.120894554763,-0.120895,-0.120994554763,OR,D,BLUE,blue
2012,0.000000000000,0.000000,0.000100000000,PA,D,BLUE,blue
2012,0.038596856144,0.038597,0.038596856144,PA,D,BLUE,blue
2012,-0.053850846503,-0.053851,-0.053950846503,PA,D,BLUE,blue
2012,0.000000000000,0.000000,0.000100000000,RI,D,BLUE,blue
2012,0.038596856144,0.038597,0.038596856144,RI,D,BLUE,blue
2012,-0.274572972924,-0.274573,-0.274672972924,RI,D,BLUE,blue
2012,0.000000000000,0.000000,0.000100000000,SC,R,RED,red
2012,0.038596856144,0.038597,0.038596856144,SC,R,RED,red
2012,0.104730978485,0.104731,0.104830978485,SC,D,BLUE,blue
2012,0.000000000000,0.000000,0.000100000000,SD,R,RED,red
2012,0.038596856144,0.038597,0.038596856144,SD,R,RED,red
2012,0.180231711172,0.180232,0.180331711172,SD,D,BLUE,blue
2012,0.000000000000,0.000000,0.000100000000,TN,R,RED,red
2012,0.038596856144,0.038597,0.038596856144,TN,R,RED,red
2012,0.204028997261,0.204029,0.204128997261,TN,D,BLUE,blue
2012,0.000000000000,0.000000,0.000100000000,TX,R,RED,red
2012,0.038596856144,0.038597,0.038596856144,TX,R,RED,red
2012,0.157836191843,0.157836,0.157936191843,TX,D,BLUE,blue
2012,0.000000000000,0.000000,0.000100000000,UT,R,RED,red
2012,0.038596856144,0.038597,0.038596856144,UT,R,RED,red
2012,0.480408672747,0.480409,0.480508672747,UT,D,BLUE,blue
2012,0.000000000000,0.000000,0.000100000000,VA,D,BLUE,blue
2012,0.038596856144,0.038597,0.038596856144,VA,D,BLUE,blue
2012,-0.038733538998,-0.038734,-0.038833538998,VA,D,BLUE,blue
2012,0.000000000000,0.000000,0.000100000000,VT,D,BLUE,blue
2012,0.038596856144,0.038597,0.038596856144,VT,D,BLUE,blue
2012,-0.355979150657,-0.355979,-0.356079150657,VT,D,BLUE,blue
2012,0.000000000000,0.000000,0.000100000000,WA,D,BLUE,blue
2012,0.038596856144,0.038597,0.038596856144,WA,D,BLUE,blue
2012,-0.148687768676,-0.148688,-0.148787768676,WA,D,BLUE,blue
2012,0.000000000000,0.000000,0.000100000000,WI,D,BLUE,blue
2012,0.038596856144,0.038597,0.038596856144,WI,D,BLUE,blue
2012,-0.069422708782,-0.069423,-0.069522708782,WI,D,BLUE,blue
2012,0.000000000000,0.000000,0.000100000000,WV,R,RED,red
2012,0.038596856144,0.038597,0.038596856144,WV,R,RED,red
2012,0.267565382630,0.267565,0.267665382630,WV,D,BLUE,blue
2012,0.000000000000,0.000000,0.000100000000,WY,R,RED,red
2012,0.038596856144,0.038597,0.038596856144,WY,R,RED,red
2012,0.408237339447,0.408237,0.408337339447,WY,D,BLUE,blue
2016,0.000000000000,0.000000,0.000100000000,AK,R,RED,red
2016,0.020990027185,0.020990,0.020990027185,AK,R,RED,red
2016,0.147306407874,0.147306,0.147406407874,AK,D,BLUE,blue
2016,0.000000000000,0.000000,0.000100000000,AL,R,RED,red
2016,0.020990027185,0.020990,0.020990027185,AL,R,RED,red
2016,0.277251466064,0.277251,0.277351466064,AL,D,BLUE,blue
2016,0.000000000000,0.000000,0.000100000000,AR,R,RED,red
2016,0.020990027185,0.020990,0.020990027185,AR,R,RED,red
2016,0.269200018396,0.269200,0.269300018396,AR,D,BLUE,blue
2016,0.000000000000,0.000000,0.000100000000,AZ,R,RED,red
2016,0.020990027185,0.020990,0.020990027185,AZ,R,RED,red
2016,0.035455946276,0.035456,0.035555946276,AZ,D,BLUE,blue
2016,0.000000000000,0.000000,0.000100000000,CA,D,BLUE,blue
2016,0.020990027185,0.020990,0.020990027185,CA,D,BLUE,blue
2016,-0.301092930661,-0.301093,-0.301192930661,CA,D,BLUE,blue
2016,0.000000000000,0.000000,0.000100000000,CO,D,BLUE,blue
2016,0.020990027185,0.020990,0.020990027185,CO,D,BLUE,blue
2016,-0.049055353715,-0.049055,-0.049155353715,CO,D,BLUE,blue
2016,0.000000000000,0.000000,0.000100000000,CT,D,BLUE,blue
2016,0.020990027185,0.020990,0.020990027185,CT,D,BLUE,blue
2016,-0.136393867179,-0.136394,-0.136493867179,CT,D,BLUE,blue
2016,0.000000000000,0.000000,0.000100000000,DC,D,BLUE,blue
2016,0.020990027185,0.020990,0.020990027185,DC,D,BLUE,blue
2016,0.000000000000,0.000000,0.000100000000,DE,D,BLUE,blue
2016,0.020990027185,0.020990,0.020990027185,DE,D,BLUE,blue
2016,-0.113732329309,-0.113732,-0.113832329309,DE,D,BLUE,blue
2016,0.000000000000,0.000000,0.000100000000,FL,R,RED,red
2016,0.020990027185,0.020990,0.020990027185,FL,D,BLUE,blue
2016,0.011986256108,0.011986,0.012086256108,FL,D,BLUE,blue
2016,0.000000000000,0.000000,0.000100000000,GA,R,RED,red
2016,0.020990027185,0.020990,0.020990027185,GA,R,RED,red
2016,0.051313426974,0.051313,0.051413426974,GA,D,BLUE,blue
2016,0.000000000000,0.000000,0.000100000000,HI,D,BLUE,blue
2016,0.020990027185,0.020990,0.020990027185,HI,D,BLUE,blue
2016,-0.321828147257,-0.321828,-0.321928147257,HI,D,BLUE,blue
2016,0.000000000000,0.000000,0.000100000000,IA,R,RED,red
2016,0.020990027185,0.020990,0.020990027185,IA,R,RED,red
2016,0.094068380511,0.094068,0.094168380511,IA,D,BLUE,blue
2016,0.000000000000,0.000000,0.000100000000,ID,R,RED,red
2016,0.020990027185,0.020990,0.020990027185,ID,R,RED,red
2016,0.317694185482,0.317694,0.317794185482,ID,D,BLUE,blue
2016,0.000000000000,0.000000,0.000100000000,IL,D,BLUE,blue
2016,0.020990027185,0.020990,0.020990027185,IL,D,BLUE,blue
2016,-0.170636136250,-0.170636,-0.170736136250,IL,D,BLUE,blue
2016,0.000000000000,0.000000,0.000100000000,IN,R,RED,red
2016,0.020990027185,0.020990,0.020990027185,IN,R,RED,red
2016,0.191651937617,0.191652,0.191751937617,IN,D,BLUE,blue
2016,0.000000000000,0.000000,0.000100000000,KS,R,RED,red
2016,0.020990027185,0.020990,0.020990027185,KS,R,RED,red
2016,0.206022110736,0.206022,0.206122110736,KS,D,BLUE,blue
2016,0.000000000000,0.000000,0.000100000000,KY,R,RED,red
2016,0.020990027185,0.020990,0.020990027185,KY,R,RED,red
2016,0.298374502183,0.298375,0.298474502183,KY,D,BLUE,blue
2016,0.000000000000,0.000000,0.000100000000,LA,R,RED,red
2016,0.020990027185,0.020990,0.020990027185,LA,R,RED,red
2016,0.196391185551,0.196391,0.196491185551,LA,D,BLUE,blue
2016,0.000000000000,0.000000,0.000100000000,MA,D,BLUE,blue
2016,0.020990027185,0.020990,0.020990027185,MA,D,BLUE,blue
2016,-0.271967064516,-0.271967,-0.272067064516,MA,D,BLUE,blue
2016,0.000000000000,0.000000,0.000100000000,MD,D,BLUE,blue
2016,0.020990027185,0.020990,0.020990027185,MD,D,BLUE,blue
2016,-0.264164395066,-0.264164,-0.264264395066,MD,D,BLUE,blue
2016,0.000000000000,0.000000,0.000100000000,ME-01,D,BLUE,blue
2016,0.020990027185,0.020990,0.020990027185,ME-01,D,BLUE,blue
2016,-0.148074323725,-0.148074,-0.148174323725,ME-01,D,BLUE,blue
2016,0.000000000000,0.000000,0.000100000000,ME-02,R,RED,red
2016,0.020990027185,0.020990,0.020990027185,ME-02,R,RED,red
2016,0.102881589968,0.102882,0.102981589968,ME-02,D,BLUE,blue
2016,0.000000000000,0.000000,0.000100000000,ME-AL,D,BLUE,blue
2016,0.020990027185,0.020990,0.020990027185,ME-AL,D,BLUE,blue
2016,-0.029604493487,-0.029604,-0.029704493487,ME-AL,D,BLUE,blue
2016,0.000000000000,0.000000,0.000100000000,MI,R,RED,red
2016,0.020990027185,0.020990,0.020990027185,MI,D,BLUE,blue
2016,0.002230332691,0.002230,0.002330332691,MI,D,BLUE,blue
2016,0.000000000000,0.000000,0.000100000000,MN,D,BLUE,blue
2016,0.020990027185,0.020990,0.020990027185,MN,D,BLUE,blue
2016,-0.015201304803,-0.015201,-0.015301304803,MN,D,BLUE,blue
2016,0.000000000000,0.000000,0.000100000000,MO,R,RED,red
2016,0.020990027185,0.020990,0.020990027185,MO,R,RED,red
2016,0.186371170029,0.186371,0.186471170029,MO,D,BLUE,blue
2016,0.000000000000,0.000000,0.000100000000,MS,R,RED,red
2016,0.020990027185,0.020990,0.020990027185,MS,R,RED,red
2016,0.178262498171,0.178262,0.178362498171,MS,D,BLUE,blue
2016,0.000000000000,0.000000,0.000100000000,MT,R,RED,red
2016,0.020990027185,0.020990,0.020990027185,MT,R,RED,red
2016,0.204227321094,0.204227,0.204327321094,MT,D,BLUE,blue
2016,0.000000000000,0.000000,0.000100000000,NC,R,RED,red
2016,0.020990027185,0.020990,0.020990027185,NC,R,RED,red
2016,0.036552285280,0.036552,0.036652285280,NC,D,BLUE,blue
2016,0.000000000000,0.000000,0.000100000000,ND,R,RED,red
2016,0.020990027185,0.020990,0.020990027185,ND,R,RED,red
2016,0.357288883726,0.357289,0.357388883726,ND,D,BLUE,blue
2016,0.000000000000,0.000000,0.000100000000,NE-01,R,RED,red
2016,0.020990027185,0.020990,0.020990027185,NE-01,R,RED,red
2016,0.207233882793,0.207234,0.207333882793,NE-01,D,BLUE,blue
2016,0.000000000000,0.000000,0.000100000000,NE-02,R,RED,red
2016,0.020990027185,0.020990,0.020990027185,NE-02,R,RED,red
2016,0.022401261657,0.022401,0.022501261657,NE-02,D,BLUE,blue
2016,0.000000000000,0.000000,0.000100000000,NE-03,R,RED,red
2016,0.020990027185,0.020990,0.020990027185,NE-03,R,RED,red
2016,0.000000000000,0.000000,0.000100000000,NE-AL,R,RED,red
2016,0.020990027185,0.020990,0.020990027185,NE-AL,R,RED,red
2016,0.250485947500,0.250486,0.250585947500,NE-AL,D,BLUE,blue
2016,0.000000000000,0.000000,0.000100000000,NH,D,BLUE,blue
2016,0.020990027185,0.020990,0.020990027185,NH,D,BLUE,blue
2016,-0.003675956877,-0.003676,-0.003775956877,NH,D,BLUE,blue
2016,0.000000000000,0.000000,0.000100000000,NJ,D,BLUE,blue
2016,0.020990027185,0.020990,0.020990027185,NJ,D,BLUE,blue
2016,-0.141026977997,-0.141027,-0.141126977997,NJ,D,BLUE,blue
2016,0.000000000000,0.000000,0.000100000000,NM,D,BLUE,blue
2016,0.020990027185,0.020990,0.020990027185,NM,D,BLUE,blue
2016,-0.082131328454,-0.082131,-0.082231328454,NM,D,BLUE,blue
2016,0.000000000000,0.000000,0.000100000000,NV,D,BLUE,blue
2016,0.020990027185,0.020990,0.020990027185,NV,D,BLUE,blue
2016,-0.024171283605,-0.024171,-0.024271283605,NV,D,BLUE,blue
2016,0.000000000000,0.000000,0.000100000000,NY,D,BLUE,blue
2016,0.020990027185,0.020990,0.020990027185,NY,D,BLUE,blue
2016,-0.224904561357,-0.224905,-0.225004561357,NY,D,BLUE,blue
2016,0.000000000000,0.000000,0.000100000000,OH,R,RED,red
2016,0.020990027185,0.020990,0.020990027185,OH,R,RED,red
2016,0.081295743991,0.081296,0.081395743991,OH,D,BLUE,blue
2016,0.000000000000,0.000000,0.000100000000,OK,R,RED,red
2016,0.020990027185,0.020990,0.020990027185,OK,R,RED,red
2016,0.363911845351,0.363912,0.364011845351,OK,D,BLUE,blue
2016,0.000000000000,0.000000,0.000100000000,OR,D,BLUE,blue
2016,0.020990027185,0.020990,0.020990027185,OR,D,BLUE,blue
2016,-0.109778168184,-0.109778,-0.109878168184,OR,D,BLUE,blue
2016,0.000000000000,0.000000,0.000100000000,PA,R,RED,red
2016,0.020990027185,0.020990,0.020990027185,PA,D,BLUE,blue
2016,0.007183871226,0.007184,0.007283871226,PA,D,BLUE,blue
2016,0.000000000000,0.000000,0.000100000000,RI,D,BLUE,blue
2016,0.020990027185,0.020990,0.020990027185,RI,D,BLUE,blue
2016,-0.155085490710,-0.155085,-0.155185490710,RI,D,BLUE,blue
2016,0.000000000000,0.000000,0.000100000000,SC,R,RED,red
2016,0.020990027185,0.020990,0.020990027185,SC,R,RED,red
2016,0.142659128960,0.142659,0.142759128960,SC,D,BLUE,blue
2016,0.000000000000,0.000000,0.000100000000,SD,R,RED,red
2016,0.020990027185,0.020990,0.020990027185,SD,R,RED,red
2016,0.297933222190,0.297933,0.298033222190,SD,D,BLUE,blue
2016,0.000000000000,0.000000,0.000100000000,TN,R,RED,red
2016,0.020990027185,0.020990,0.020990027185,TN,R,RED,red
2016,0.260057008956,0.260057,0.260157008956,TN,D,BLUE,blue
2016,0.000000000000,0.000000,0.000100000000,TX,R,RED,red
2016,0.020990027185,0.020990,0.020990027185,TX,R,RED,red
2016,0.089994275983,0.089994,0.090094275983,TX,D,BLUE,blue
2016,0.000000000000,0.000000,0.000100000000,UT,R,RED,red
2016,0.020990027185,0.020990,0.020990027185,UT,R,RED,red
2016,0.180793332332,0.180793,0.180893332332,UT,D,BLUE,blue
2016,0.000000000000,0.000000,0.000100000000,VA,D,BLUE,blue
2016,0.020990027185,0.020990,0.020990027185,VA,D,BLUE,blue
2016,-0.053211953629,-0.053212,-0.053311953629,VA,D,BLUE,blue
2016,0.000000000000,0.000000,0.000100000000,VT,D,BLUE,blue
2016,0.020990027185,0.020990,0.020990027185,VT,D,BLUE,blue
2016,-0.264083512396,-0.264084,-0.264183512396,VT,D,BLUE,blue
2016,0.000000000000,0.000000,0.000100000000,WA,D,BLUE,blue
2016,0.020990027185,0.020990,0.020990027185,WA,D,BLUE,blue
2016,-0.157059998752,-0.157060,-0.157159998752,WA,D,BLUE,blue
2016,0.000000000000,0.000000,0.000100000000,WI,R,RED,red
2016,0.020990027185,0.020990,0.020990027185,WI,D,BLUE,blue
2016,0.007643431951,0.007643,0.007743431951,WI,D,BLUE,blue
2016,0.000000000000,0.000000,0.000100000000,WV,R,RED,red
2016,0.020990027185,0.020990,0.020990027185,WV,R,RED,red
2016,0.420726936283,0.420727,0.420826936283,WV,D,BLUE,blue
2016,0.000000000000,0.000000,0.000100000000,WY,R,RED,red
2016,0.020990027185,0.020990,0.020990027185,WY,R,RED,red
2016,0.462952757290,0.462953,0.463052757290,WY,D,BLUE,blue
2020,0.000000000000,0.000000,0.000100000000,AK,R,RED,red
2020,0.044559379173,0.044559,0.044559379173,AK,R,RED,red
2020,0.100611909994,0.100612,0.100711909994,AK,D,BLUE,blue
2020,0.000000000000,0.000000,0.000100000000,AL,R,RED,red
2020,0.044559379173,0.044559,0.044559379173,AL,R,RED,red
2020,0.254616529547,0.254617,0.254716529547,AL,D,BLUE,blue
2020,0.000000000000,0.000000,0.000100000000,AR,R,RED,red
2020,0.044559379173,0.044559,0.044559379173,AR,R,RED,red
2020,0.276206679031,0.276207,0.276306679031,AR,D,BLUE,blue
2020,0.000000000000,0.000000,0.000100000000,AZ,D,BLUE,blue
2020,0.044559379173,0.044559,0.044559379173,AZ,D,BLUE,blue
2020,-0.003087095839,-0.003087,-0.003187095839,AZ,D,BLUE,blue
2020,0.000000000000,0.000000,0.000100000000,CA,D,BLUE,blue
2020,0.044559379173,0.044559,0.044559379173,CA,D,BLUE,blue
2020,-0.291641059162,-0.291641,-0.291741059162,CA,D,BLUE,blue
2020,0.000000000000,0.000000,0.000100000000,CO,D,BLUE,blue
2020,0.044559379173,0.044559,0.044559379173,CO,D,BLUE,blue
2020,-0.135016180634,-0.135016,-0.135116180634,CO,D,BLUE,blue
2020,0.000000000000,0.000000,0.000100000000,CT,D,BLUE,blue
2020,0.044559379173,0.044559,0.044559379173,CT,D,BLUE,blue
2020,-0.200736132274,-0.200736,-0.200836132274,CT,D,BLUE,blue
2020,0.000000000000,0.000000,0.000100000000,DC,D,BLUE,blue
2020,0.044559379173,0.044559,0.044559379173,DC,D,BLUE,blue
2020,0.000000000000,0.000000,0.000100000000,DE,D,BLUE,blue
2020,0.044559379173,0.044559,0.044559379173,DE,D,BLUE,blue
2020,-0.189681290225,-0.189681,-0.189781290225,DE,D,BLUE,blue
2020,0.000000000000,0.000000,0.000100000000,FL,R,RED,red
2020,0.044559379173,0.044559,0.044559379173,FL,D,BLUE,blue
2020,0.033583688971,0.033584,0.033683688971,FL,D,BLUE,blue
2020,0.000000000000,0.000000,0.000100000000,GA,D,BLUE,blue
2020,0.044559379173,0.044559,0.044559379173,GA,D,BLUE,blue
2020,-0.002355818847,-0.002356,-0.002455818847,GA,D,BLUE,blue
2020,0.000000000000,0.000000,0.000100000000,HI,D,BLUE,blue
2020,0.044559379173,0.044559,0.044559379173,HI,D,BLUE,blue
2020,-0.294647752968,-0.294648,-0.294747752968,HI,D,BLUE,blue
2020,0.000000000000,0.000000,0.000100000000,IA,R,RED,red
2020,0.044559379173,0.044559,0.044559379173,IA,R,RED,red
2020,0.081976093978,0.081976,0.082076093978,IA,D,BLUE,blue
2020,0.000000000000,0.000000,0.000100000000,ID,R,RED,red
2020,0.044559379173,0.044559,0.044559379173,ID,R,RED,red
2020,0.307739989446,0.307740,0.307839989446,ID,D,BLUE,blue
2020,0.000000000000,0.000000,0.000100000000,IL,D,BLUE,blue
2020,0.044559379173,0.044559,0.044559379173,IL,D,BLUE,blue
2020,-0.169881917430,-0.169882,-0.169981917430,IL,D,BLUE,blue
2020,0.000000000000,0.000000,0.000100000000,IN,R,RED,red
2020,0.044559379173,0.044559,0.044559379173,IN,R,RED,red
2020,0.160674335110,0.160674,0.160774335110,IN,D,BLUE,blue
2020,0.000000000000,0.000000,0.000100000000,KS,R,RED,red
2020,0.044559379173,0.044559,0.044559379173,KS,R,RED,red
2020,0.146350108371,0.146350,0.146450108371,KS,D,BLUE,blue
2020,0.000000000000,0.000000,0.000100000000,KY,R,RED,red
2020,0.044559379173,0.044559,0.044559379173,KY,R,RED,red
2020,0.259350570581,0.259351,0.259450570581,KY,D,BLUE,blue
2020,0.000000000000,0.000000,0.000100000000,LA,R,RED,red
2020,0.044559379173,0.044559,0.044559379173,LA,R,RED,red
2020,0.186094256125,0.186094,0.186194256125,LA,D,BLUE,blue
2020,0.000000000000,0.000000,0.000100000000,MA,D,BLUE,blue
2020,0.044559379173,0.044559,0.044559379173,MA,D,BLUE,blue
2020,-0.334581519755,-0.334582,-0.334681519755,MA,D,BLUE,blue
2020,0.000000000000,0.000000,0.000100000000,MD,D,BLUE,blue
2020,0.044559379173,0.044559,0.044559379173,MD,D,BLUE,blue
2020,-0.332103732923,-0.332104,-0.332203732923,MD,D,BLUE,blue
2020,0.000000000000,0.000000,0.000100000000,ME-01,D,BLUE,blue
2020,0.044559379173,0.044559,0.044559379173,ME-01,D,BLUE,blue
2020,-0.230937099424,-0.230937,-0.231037099424,ME-01,D,BLUE,blue
2020,0.000000000000,0.000000,0.000100000000,ME-02,R,RED,red
2020,0.044559379173,0.044559,0.044559379173,ME-02,R,RED,red
2020,0.074388400129,0.074388,0.074488400129,ME-02,D,BLUE,blue
2020,0.000000000000,0.000000,0.000100000000,ME-AL,D,BLUE,blue
2020,0.044559379173,0.044559,0.044559379173,ME-AL,D,BLUE,blue
2020,-0.090712065614,-0.090712,-0.090812065614,ME-AL,D,BLUE,blue
2020,0.000000000000,0.000000,0.000100000000,MI,D,BLUE,blue
2020,0.044559379173,0.044559,0.044559379173,MI,D,BLUE,blue
2020,-0.027835275997,-0.027835,-0.027935275997,MI,D,BLUE,blue
2020,0.000000000000,0.000000,0.000100000000,MN,D,BLUE,blue
2020,0.044559379173,0.044559,0.044559379173,MN,D,BLUE,blue
2020,-0.071101569006,-0.071102,-0.071201569006,MN,D,BLUE,blue
2020,0.000000000000,0.000000,0.000100000000,MO,R,RED,red
2020,0.044559379173,0.044559,0.044559379173,MO,R,RED,red
2020,0.153908740427,0.153909,0.154008740427,MO,D,BLUE,blue
2020,0.000000000000,0.000000,0.000100000000,MS,R,RED,red
2020,0.044559379173,0.044559,0.044559379173,MS,R,RED,red
2020,0.165453481194,0.165453,0.165553481194,MS,D,BLUE,blue
2020,0.000000000000,0.000000,0.000100000000,MT,R,RED,red
2020,0.044559379173,0.044559,0.044559379173,MT,R,RED,red
2020,0.163690998784,0.163691,0.163790998784,MT,D,BLUE,blue
2020,0.000000000000,0.000000,0.000100000000,NC,R,RED,red
2020,0.044559379173,0.044559,0.044559379173,NC,D,BLUE,blue
2020,0.013481564233,0.013482,0.013581564233,NC,D,BLUE,blue
2020,0.000000000000,0.000000,0.000100000000,ND,R,RED,red
2020,0.044559379173,0.044559,0.044559379173,ND,R,RED,red
2020,0.333428170508,0.333428,0.333528170508,ND,D,BLUE,blue
2020,0.000000000000,0.000000,0.000100000000,NE-01,R,RED,red
2020,0.044559379173,0.044559,0.044559379173,NE-01,R,RED,red
2020,0.149211211423,0.149211,0.149311211423,NE-01,D,BLUE,blue
2020,0.000000000000,0.000000,0.000100000000,NE-02,D,BLUE,blue
2020,0.044559379173,0.044559,0.044559379173,NE-02,D,BLUE,blue
2020,-0.065037419112,-0.065037,-0.065137419112,NE-02,D,BLUE,blue
2020,0.000000000000,0.000000,0.000100000000,NE-03,R,RED,red
2020,0.044559379173,0.044559,0.044559379173,NE-03,R,RED,red
2020,0.000000000000,0.000000,0.000100000000,NE-AL,R,RED,red
2020,0.044559379173,0.044559,0.044559379173,NE-AL,R,RED,red
2020,0.190575323903,0.190575,0.190675323903,NE-AL,D,BLUE,blue
2020,0.000000000000,0.000000,0.000100000000,NH,D,BLUE,blue
2020,0.044559379173,0.044559,0.044559379173,NH,D,BLUE,blue
2020,-0.073525964240,-0.073526,-0.073625964240,NH,D,BLUE,blue
2020,0.000000000000,0.000000,0.000100000000,NJ,D,BLUE,blue
2020,0.044559379173,0.044559,0.044559379173,NJ,D,BLUE,blue
2020,-0.159378800591,-0.159379,-0.159478800591,NJ,D,BLUE,blue
2020,0.000000000000,0.000000,0.000100000000,NM,D,BLUE,blue
2020,0.044559379173,0.044559,0.044559379173,NM,D,BLUE,blue
2020,-0.107926166034,-0.107926,-0.108026166034,NM,D,BLUE,blue
2020,0.000000000000,0.000000,0.000100000000,NV,D,BLUE,blue
2020,0.044559379173,0.044559,0.044559379173,NV,D,BLUE,blue
2020,-0.023905346327,-0.023905,-0.024005346327,NV,D,BLUE,blue
2020,0.000000000000,0.000000,0.000100000000,NY,D,BLUE,blue
2020,0.044559379173,0.044559,0.044559379173,NY,D,BLUE,blue
2020,-0.231277840039,-0.231278,-0.231377840039,NY,D,BLUE,blue
2020,0.000000000000,0.000000,0.000100000000,OH,R,RED,red
2020,0.044559379173,0.044559,0.044559379173,OH,R,RED,red
2020,0.080319617602,0.080320,0.080419617602,OH,D,BLUE,blue
2020,0.000000000000,0.000000,0.000100000000,OK,R,RED,red
2020,0.044559379173,0.044559,0.044559379173,OK,R,RED,red
2020,0.330870975121,0.330871,0.330970975121,OK,D,BLUE,blue
2020,0.000000000000,0.000000,0.000100000000,OR,D,BLUE,blue
2020,0.044559379173,0.044559,0.044559379173,OR,D,BLUE,blue
2020,-0.160860726077,-0.160861,-0.160960726077,OR,D,BLUE,blue
2020,0.000000000000,0.000000,0.000100000000,PA,D,BLUE,blue
2020,0.044559379173,0.044559,0.044559379173,PA,D,BLUE,blue
2020,-0.011612408635,-0.011612,-0.011712408635,PA,D,BLUE,blue
2020,0.000000000000,0.000000,0.000100000000,RI,D,BLUE,blue
2020,0.044559379173,0.044559,0.044559379173,RI,D,BLUE,blue
2020,-0.207749967649,-0.207750,-0.207849967649,RI,D,BLUE,blue
2020,0.000000000000,0.000000,0.000100000000,SC,R,RED,red
2020,0.044559379173,0.044559,0.044559379173,SC,R,RED,red
2020,0.116802058147,0.116802,0.116902058147,SC,D,BLUE,blue
2020,0.000000000000,0.000000,0.000100000000,SD,R,RED,red
2020,0.044559379173,0.044559,0.044559379173,SD,R,RED,red
2020,0.261641375361,0.261641,0.261741375361,SD,D,BLUE,blue
2020,0.000000000000,0.000000,0.000100000000,TN,R,RED,red
2020,0.044559379173,0.044559,0.044559379173,TN,R,RED,red
2020,0.232088598953,0.232089,0.232188598953,TN,D,BLUE,blue
2020,0.000000000000,0.000000,0.000100000000,TX,R,RED,red
2020,0.044559379173,0.044559,0.044559379173,TX,R,RED,red
2020,0.055785936897,0.055786,0.055885936897,TX,D,BLUE,blue
2020,0.000000000000,0.000000,0.000100000000,UT,R,RED,red
2020,0.044559379173,0.044559,0.044559379173,UT,R,RED,red
2020,0.204837904466,0.204838,0.204937904466,UT,D,BLUE,blue
2020,0.000000000000,0.000000,0.000100000000,VA,D,BLUE,blue
2020,0.044559379173,0.044559,0.044559379173,VA,D,BLUE,blue
2020,-0.101140135105,-0.101140,-0.101240135105,VA,D,BLUE,blue
2020,0.000000000000,0.000000,0.000100000000,VT,D,BLUE,blue
2020,0.044559379173,0.044559,0.044559379173,VT,D,BLUE,blue
2020,-0.354126522747,-0.354127,-0.354226522747,VT,D,BLUE,blue
2020,0.000000000000,0.000000,0.000100000000,WA,D,BLUE,blue
2020,0.044559379173,0.044559,0.044559379173,WA,D,BLUE,blue
2020,-0.192033233920,-0.192033,-0.192133233920,WA,D,BLUE,blue
2020,0.000000000000,0.000000,0.000100000000,WI,D,BLUE,blue
2020,0.044559379173,0.044559,0.044559379173,WI,D,BLUE,blue
2020,-0.006270995418,-0.006271,-0.006370995418,WI,D,BLUE,blue
2020,0.000000000000,0.000000,0.000100000000,WV,R,RED,red
2020,0.044559379173,0.044559,0.044559379173,WV,R,RED,red
2020,0.389311603549,0.389312,0.389411603549,WV,D,BLUE,blue
2020,0.000000000000,0.000000,0.000100000000,WY,R,RED,red
2020,0.044559379173,0.044559,0.044559379173,WY,R,RED,red
2020,0.433826531534,0.433827,0.433926531534,WY,D,BLUE,blue
2024,0.000000000000,0.000000,0.000100000000,AK,R,RED,red
2024,-0.014719092972,-0.014719,-0.014719092972,AK,R,RED,red
2024,0.131386818146,0.131387,0.131486818146,AK,D,BLUE,blue
2024,0.000000000000,0.000000,0.000100000000,AL,R,RED,red
2024,-0.014719092972,-0.014719,-0.014719092972,AL,R,RED,red
2024,0.304713719985,0.304714,0.304813719985,AL,D,BLUE,blue
2024,0.000000000000,0.000000,0.000100000000,AR,R,RED,red
2024,-0.014719092972,-0.014719,-0.014719092972,AR,R,RED,red
2024,0.306369622788,0.306370,0.306469622788,AR,D,BLUE,blue
2024,0.000000000000,0.000000,0.000100000000,AZ,R,RED,red
2024,-0.014719092972,-0.014719,-0.014719092972,AZ,R,RED,red
2024,0.055272301227,0.055272,0.055372301227,AZ,D,BLUE,blue
2024,0.000000000000,0.000000,0.000100000000,CA,D,BLUE,blue
2024,-0.014719092972,-0.014719,-0.014719092972,CA,D,BLUE,blue
2024,-0.201348021411,-0.201348,-0.201448021411,CA,D,BLUE,blue
2024,0.000000000000,0.000000,0.000100000000,CO,D,BLUE,blue
2024,-0.014719092972,-0.014719,-0.014719092972,CO,D,BLUE,blue
2024,-0.109848421969,-0.109848,-0.109948421969,CO,D,BLUE,blue
2024,0.000000000000,0.000000,0.000100000000,CT,D,BLUE,blue
2024,-0.014719092972,-0.014719,-0.014719092972,CT,D,BLUE,blue
2024,-0.145044655801,-0.145045,-0.145144655801,CT,D,BLUE,blue
2024,0.000000000000,0.000000,0.000100000000,DC,D,BLUE,blue
2024,-0.014719092972,-0.014719,-0.014719092972,DC,D,BLUE,blue
2024,0.000000000000,0.000000,0.000100000000,DE,D,BLUE,blue
2024,-0.014719092972,-0.014719,-0.014719092972,DE,D,BLUE,blue
2024,-0.147017422092,-0.147017,-0.147117422092,DE,D,BLUE,blue
2024,0.000000000000,0.000000,0.000100000000,FL,R,RED,red
2024,-0.014719092972,-0.014719,-0.014719092972,FL,R,RED,red
2024,0.131000503775,0.131001,0.131100503775,FL,D,BLUE,blue
2024,0.000000000000,0.000000,0.000100000000,GA,R,RED,red
2024,-0.014719092972,-0.014719,-0.014719092972,GA,R,RED,red
2024,0.021920030928,0.021920,0.022020030928,GA,D,BLUE,blue
2024,0.000000000000,0.000000,0.000100000000,HI,D,BLUE,blue
2024,-0.014719092972,-0.014719,-0.014719092972,HI,D,BLUE,blue
2024,-0.231048517421,-0.231049,-0.231148517421,HI,D,BLUE,blue
2024,0.000000000000,0.000000,0.000100000000,IA,R,RED,red
2024,-0.014719092972,-0.014719,-0.014719092972,IA,R,RED,red
2024,0.132095105157,0.132095,0.132195105157,IA,D,BLUE,blue
2024,0.000000000000,0.000000,0.000100000000,ID,R,RED,red
2024,-0.014719092972,-0.014719,-0.014719092972,ID,R,RED,red
2024,0.364920662456,0.364921,0.365020662456,ID,D,BLUE,blue
2024,0.000000000000,0.000000,0.000100000000,IL,D,BLUE,blue
2024,-0.014719092972,-0.014719,-0.014719092972,IL,D,BLUE,blue
2024,-0.108956190943,-0.108956,-0.109056190943,IL,D,BLUE,blue
2024,0.000000000000,0.000000,0.000100000000,IN,R,RED,red
2024,-0.014719092972,-0.014719,-0.014719092972,IN,R,RED,red
2024,0.189582987846,0.189583,0.189682987846,IN,D,BLUE,blue
2024,0.000000000000,0.000000,0.000100000000,KS,R,RED,red
2024,-0.014719092972,-0.014719,-0.014719092972,KS,R,RED,red
2024,0.161155807775,0.161156,0.161255807775,KS,D,BLUE,blue
2024,0.000000000000,0.000000,0.000100000000,KY,R,RED,red
2024,-0.014719092972,-0.014719,-0.014719092972,KY,R,RED,red
2024,0.305346753240,0.305347,0.305446753240,KY,D,BLUE,blue
2024,0.000000000000,0.000000,0.000100000000,LA,R,RED,red
2024,-0.014719092972,-0.014719,-0.014719092972,LA,R,RED,red
2024,0.220050075362,0.220050,0.220150075362,LA,D,BLUE,blue
2024,0.000000000000,0.000000,0.000100000000,MA,D,BLUE,blue
2024,-0.014719092972,-0.014719,-0.014719092972,MA,D,BLUE,blue
2024,-0.251957009133,-0.251957,-0.252057009133,MA,D,BLUE,blue
2024,0.000000000000,0.000000,0.000100000000,MD,D,BLUE,blue
2024,-0.014719092972,-0.014719,-0.014719092972,MD,D,BLUE,blue
2024,-0.285362636234,-0.285363,-0.285462636234,MD,D,BLUE,blue
2024,0.000000000000,0.000000,0.000100000000,ME-01,D,BLUE,blue
2024,-0.014719092972,-0.014719,-0.014719092972,ME-01,D,BLUE,blue
2024,-0.215925885790,-0.215926,-0.216025885790,ME-01,D,BLUE,blue
2024,0.000000000000,0.000000,0.000100000000,ME-02,R,RED,red
2024,-0.014719092972,-0.014719,-0.014719092972,ME-02,R,RED,red
2024,0.090462850734,0.090463,0.090562850734,ME-02,D,BLUE,blue
2024,0.000000000000,0.000000,0.000100000000,ME-AL,D,BLUE,blue
2024,-0.014719092972,-0.014719,-0.014719092972,ME-AL,D,BLUE,blue
2024,-0.069373026613,-0.069373,-0.069473026613,ME-AL,D,BLUE,blue
2024,0.000000000000,0.000000,0.000100000000,MI,R,RED,red
2024,-0.014719092972,-0.014719,-0.014719092972,MI,R,RED,red
2024,0.014142014404,0.014142,0.014242014404,MI,D,BLUE,blue
2024,0.000000000000,0.000000,0.000100000000,MN,D,BLUE,blue
2024,-0.014719092972,-0.014719,-0.014719092972,MN,D,BLUE,blue
2024,-0.042394096966,-0.042394,-0.042494096966,MN,D,BLUE,blue
2024,0.000000000000,0.000000,0.000100000000,MO,R,RED,red
2024,-0.014719092972,-0.014719,-0.014719092972,MO,R,RED,red
2024,0.184082405694,0.184082,0.184182405694,MO,D,BLUE,blue
2024,0.000000000000,0.000000,0.000100000000,MS,R,RED,red
2024,-0.014719092972,-0.014719,-0.014719092972,MS,R,RED,red
2024,0.228887759689,0.228888,0.228987759689,MS,D,BLUE,blue
2024,0.000000000000,0.000000,0.000100000000,MT,R,RED,red
2024,-0.014719092972,-0.014719,-0.014719092972,MT,R,RED,red
2024,0.199295179025,0.199295,0.199395179025,MT,D,BLUE,blue
2024,0.000000000000,0.000000,0.000100000000,NC,R,RED,red
2024,-0.014719092972,-0.014719,-0.014719092972,NC,R,RED,red
2024,0.032118524529,0.032119,0.032218524529,NC,D,BLUE,blue
2024,0.000000000000,0.000000,0.000100000000,ND,R,RED,red
2024,-0.014719092972,-0.014719,-0.014719092972,ND,R,RED,red
2024,0.364460621206,0.364461,0.364560621206,ND,D,BLUE,blue
2024,0.000000000000,0.000000,0.000100000000,NE-01,R,RED,red
2024,-0.014719092972,-0.014719,-0.014719092972,NE-01,R,RED,red
2024,0.129649524975,0.129650,0.129749524975,NE-01,D,BLUE,blue
2024,0.000000000000,0.000000,0.000100000000,NE-02,D,BLUE,blue
2024,-0.014719092972,-0.014719,-0.014719092972,NE-02,D,BLUE,blue
2024,-0.045931849137,-0.045932,-0.046031849137,NE-02,D,BLUE,blue
2024,0.000000000000,0.000000,0.000100000000,NE-03,R,RED,red
2024,-0.014719092972,-0.014719,-0.014719092972,NE-03,R,RED,red
2024,0.000000000000,0.000000,0.000100000000,NE-AL,R,RED,red
2024,-0.014719092972,-0.014719,-0.014719092972,NE-AL,R,RED,red
2024,0.204604791941,0.204605,0.204704791941,NE-AL,D,BLUE,blue
2024,0.000000000000,0.000000,0.000100000000,NH,D,BLUE,blue
2024,-0.014719092972,-0.014719,-0.014719092972,NH,D,BLUE,blue
2024,-0.027796303267,-0.027796,-0.027896303267,NH,D,BLUE,blue
2024,0.000000000000,0.000000,0.000100000000,NJ,D,BLUE,blue
2024,-0.014719092972,-0.014719,-0.014719092972,NJ,D,BLUE,blue
2024,-0.059095308029,-0.059095,-0.059195308029,NJ,D,BLUE,blue
2024,0.000000000000,0.000000,0.000100000000,NM,D,BLUE,blue
2024,-0.014719092972,-0.014719,-0.014719092972,NM,D,BLUE,blue
2024,-0.060007385724,-0.060007,-0.060107385724,NM,D,BLUE,blue
2024,0.000000000000,0.000000,0.000100000000,NV,R,RED,red
2024,-0.014719092972,-0.014719,-0.014719092972,NV,R,RED,red
2024,0.030985156650,0.030985,0.031085156650,NV,D,BLUE,blue
2024,0.000000000000,0.000000,0.000100000000,NY,D,BLUE,blue
2024,-0.014719092972,-0.014719,-0.014719092972,NY,D,BLUE,blue
2024,-0.125905794799,-0.125906,-0.126005794799,NY,D,BLUE,blue
2024,0.000000000000,0.000000,0.000100000000,OH,R,RED,red
2024,-0.014719092972,-0.014719,-0.014719092972,OH,R,RED,red
2024,0.112073640709,0.112074,0.112173640709,OH,D,BLUE,blue
2024,0.000000000000,0.000000,0.000100000000,OK,R,RED,red
2024,-0.014719092972,-0.014719,-0.014719092972,OK,R,RED,red
2024,0.342627538592,0.342628,0.342727538592,OK,D,BLUE,blue
2024,0.000000000000,0.000000,0.000100000000,OR,D,BLUE,blue
2024,-0.014719092972,-0.014719,-0.014719092972,OR,D,BLUE,blue
2024,-0.143070172195,-0.143070,-0.143170172195,OR,D,BLUE,blue
2024,0.000000000000,0.000000,0.000100000000,PA,R,RED,red
2024,-0.014719092972,-0.014719,-0.014719092972,PA,R,RED,red
2024,0.017037904258,0.017038,0.017137904258,PA,D,BLUE,blue
2024,0.000000000000,0.000000,0.000100000000,RI,D,BLUE,blue
2024,-0.014719092972,-0.014719,-0.014719092972,RI,D,BLUE,blue
2024,-0.137810536322,-0.137811,-0.137910536322,RI,D,BLUE,blue
2024,0.000000000000,0.000000,0.000100000000,SC,R,RED,red
2024,-0.014719092972,-0.014719,-0.014719092972,SC,R,RED,red
2024,0.178677388213,0.178677,0.178777388213,SC,D,BLUE,blue
2024,0.000000000000,0.000000,0.000100000000,SD,R,RED,red
2024,-0.014719092972,-0.014719,-0.014719092972,SD,R,RED,red
2024,0.291945854957,0.291946,0.292045854957,SD,D,BLUE,blue
2024,0.000000000000,0.000000,0.000100000000,TN,R,RED,red
2024,-0.014719092972,-0.014719,-0.014719092972,TN,R,RED,red
2024,0.297198837315,0.297199,0.297298837315,TN,D,BLUE,blue
2024,0.000000000000,0.000000,0.000100000000,TX,R,RED,red
2024,-0.014719092972,-0.014719,-0.014719092972,TX,R,RED,red
2024,0.136833050099,0.136833,0.136933050099,TX,D,BLUE,blue
2024,0.000000000000,0.000000,0.000100000000,UT,R,RED,red
2024,-0.014719092972,-0.014719,-0.014719092972,UT,R,RED,red
2024,0.215823510206,0.215824,0.215923510206,UT,D,BLUE,blue
2024,0.000000000000,0.000000,0.000100000000,VA,D,BLUE,blue
2024,-0.014719092972,-0.014719,-0.014719092972,VA,D,BLUE,blue
2024,-0.057770396905,-0.057770,-0.057870396905,VA,D,BLUE,blue
2024,0.000000000000,0.000000,0.000100000000,VT,D,BLUE,blue
2024,-0.014719092972,-0.014719,-0.014719092972,VT,D,BLUE,blue
2024,-0.315075983564,-0.315076,-0.315175983564,VT,D,BLUE,blue
2024,0.000000000000,0.000000,0.000100000000,WA,D,BLUE,blue
2024,-0.014719092972,-0.014719,-0.014719092972,WA,D,BLUE,blue
2024,-0.182181888329,-0.182182,-0.182281888329,WA,D,BLUE,blue
2024,0.000000000000,0.000000,0.000100000000,WI,R,RED,red
2024,-0.014719092972,-0.014719,-0.014719092972,WI,R,RED,red
2024,0.008588286369,0.008588,0.008688286369,WI,D,BLUE,blue
2024,0.000000000000,0.000000,0.000100000000,WV,R,RED,red
2024,-0.014719092972,-0.014719,-0.014719092972,WV,R,RED,red
2024,0.418639569253,0.418640,0.418739569253,WV,D,BLUE,blue
2024,0.000000000000,0.000000,0.000100000000,WY,R,RED,red
2024,-0.014719092972,-0.014719,-0.014719092972,WY,R,RED,red
2024,0.457561476019,0.457561,0.457661476019,WY,D,BLUE,blue
